A_total_imports,A_dangerous_imports_count,A_has_os_import,A_has_subprocess_import,A_has_socket_import,A_functions_defined,A_functions_called_count,A_dangerous_calls_count,A_unique_functions,A_function_density,A_file_operations_count,A_network_operations_count,A_process_spawning_count,A_code_execution_count,A_has_api_abuse,A_dynamic_types_count,A_type_confusion_risk,A_has_dynamic_operations,A_tainted_flows_count,A_sink_locations_count,A_has_tainted_sink,A_cyclomatic_complexity,A_max_nesting_depth,A_lines_of_code,A_complexity_per_line,B_avg_string_entropy,B_max_string_entropy,B_high_entropy_count,B_base64_count,B_hex_string_count,B_unicode_escape_count,B_encoded_payload_count,B_staged_execution_count,B_dynamic_import_count,B_runtime_code_gen_count,B_time_check_count,B_trigger_condition_count,B_obfuscation_method_count,B_has_identifier_obfuscation,B_anti_debug_count,B_anti_vm_count,B_env_check_count,B_total_obfuscation_score,B_total_evasion_score,B_total_logic_bomb_score,C_total_api_calls,C_unique_api_calls,C_max_call_depth,C_api_sequence_score,C_suspicious_sequence_count,C_has_suspicious_sequence,C_control_flow_complexity,C_max_nesting_depth,C_file_and_network,C_crypto_and_network,C_persistence_behavior,C_data_exfil_behavior,identifier,source,package_name,label
3,2,True,True,False,0,30,0,10,0.0,21,0,2,0,True,0,0,False,0,0,False,12,1,109,0.11009174311926606,3.6644968391915818,5.554705639325547,3,0,8,0,0,0,0,0,0,0,0,0,0,0,0,8,0,0,30,10,2,120.0,12,1,11,2,0,0,1,0,aptx-0.2_setup.py,malicious,aptx-0.2,1
0,0,False,False,False,1,1,0,1,0.3333333333333333,0,0,0,0,False,0,0,False,0,0,False,1,0,3,0.3333333333333333,3.180832987205441,3.180832987205441,0,0,0,0,0,0,0,0,0,0,0,0,0,0,0,0,0,0,1,1,1,0.0,0,0,0,0,0,0,0,0,artifact-lab-3-package-b6920ef4-0.1.1_flag.py,malicious,artifact-lab-3-package-b6920ef4-0.1.1,1
7,1,True,False,False,3,12,0,10,0.06818181818181818,0,1,2,0,False,0,0,False,0,0,False,1,0,44,0.022727272727272728,3.946816820747145,4.8201620737022965,1,0,0,0,0,0,0,0,0,0,1,0,0,0,0,1,0,0,12,11,2,0.0,0,0,0,0,1,0,0,0,artifact-lab-3-package-b6920ef4-0.1.1_setup.py,malicious,artifact-lab-3-package-b6920ef4-0.1.1,1
0,0,False,False,False,1,1,0,1,0.3333333333333333,0,0,0,0,False,0,0,False,0,0,False,1,0,3,0.3333333333333333,3.180832987205441,3.180832987205441,0,0,0,0,0,0,0,0,0,0,0,0,0,0,0,0,0,0,1,1,1,0.0,0,0,0,0,0,0,0,0,artifact-lab-3-package-e90915e1-0.1.3_flag.py,malicious,artifact-lab-3-package-e90915e1-0.1.3,1
6,1,True,False,False,4,11,0,9,0.09090909090909091,0,0,3,0,False,0,0,False,0,0,False,1,0,44,0.022727272727272728,3.9982246749211368,5.268884391699705,1,1,0,0,0,0,0,0,0,0,3,0,0,0,0,4,0,0,11,10,2,0.0,0,0,0,0,0,0,0,0,artifact-lab-3-package-e90915e1-0.1.3_setup.py,malicious,artifact-lab-3-package-e90915e1-0.1.3,1
3,3,True,True,True,1,11,0,7,0.034482758620689655,0,2,1,0,False,0,0,False,0,0,False,2,0,29,0.06896551724137931,3.1728334459018543,3.4992275471326932,0,0,0,0,0,0,0,0,0,0,0,1,0,0,0,0,0,0,11,7,2,0.0,0,0,1,1,0,0,0,0,artifact_lab_3_package_392c6acd-0.1.24_main.py,malicious,artifact,1
1,0,False,False,False,0,4,0,4,0.0,2,0,0,0,False,0,0,False,0,0,False,1,1,16,0.0625,3.677656630819504,3.80871969734407,0,0,0,0,0,0,0,0,0,0,0,0,0,0,0,0,0,0,4,4,2,0.0,0,0,0,1,0,0,0,0,artifact_lab_3_package_392c6acd-0.1.24_setup.py,malicious,artifact,1
1,0,False,False,False,0,0,0,0,0.0,0,0,0,0,False,0,0,False,0,0,False,1,0,3,0.3333333333333333,0.0,0.0,0,0,0,0,0,0,0,0,0,0,0,0,0,0,0,0,0,0,0,0,0,0.0,0,0,0,0,0,0,0,0,artifact_lab_3_package_392c6acd-0.1.24___init__.py,malicious,artifact,1
0,0,False,False,False,0,0,0,0,0.0,0,0,0,0,False,0,0,False,0,0,False,0,0,0,0.0,3.7145050214749005,4.3702248778789405,0,0,0,0,0,0,0,0,0,0,0,0,0,0,0,0,0,0,0,0,0,0.0,0,0,0,0,0,0,0,0,artifact_lab_3_package_7e532784-0.1.7_main.py,malicious,artifact,1
1,0,False,False,False,0,4,0,4,0.0,2,0,0,0,False,0,0,False,0,0,False,1,1,16,0.0625,3.7728200909790224,3.9990466176631063,0,0,0,0,0,0,0,0,0,0,0,0,0,0,0,0,0,0,4,4,2,0.0,0,0,0,1,0,0,0,0,artifact_lab_3_package_7e532784-0.1.7_setup.py,malicious,artifact,1
1,0,False,False,False,0,0,0,0,0.0,0,0,0,0,False,0,0,False,0,0,False,1,0,3,0.3333333333333333,0.0,0.0,0,0,0,0,0,0,0,0,0,0,0,0,0,0,0,0,0,0,0,0,0,0.0,0,0,0,0,0,0,0,0,artifact_lab_3_package_7e532784-0.1.7___init__.py,malicious,artifact,1
6,2,True,False,True,1,6,0,6,0.04,0,1,1,0,False,0,0,False,0,0,False,1,0,25,0.04,3.4470594202769744,3.6424896731661263,0,0,0,0,0,0,0,0,0,1,0,0,0,0,0,0,0,1,6,6,1,0.0,0,0,0,0,0,0,0,0,asptcer-1.0.0_setup.py,malicious,asptcer-1.0.0,1
10,2,True,True,False,4,48,0,29,0.038461538461538464,4,2,2,0,True,0,0,False,0,0,False,6,2,104,0.057692307692307696,3.130346660393271,3.964135513017709,0,0,0,0,1,0,0,0,0,0,2,1,0,0,0,2,0,0,48,31,3,20.0,2,1,5,2,1,1,1,0,auto_scrubber-0.1_setup.py,malicious,auto,1
0,0,False,False,False,1,0,0,0,0.2,0,0,0,0,False,0,0,False,0,0,False,1,0,5,0.2,3.180832987205441,3.180832987205441,0,0,0,0,0,0,0,0,0,0,0,0,0,0,0,0,0,0,0,0,0,0.0,0,0,0,0,0,0,0,0,builderknower-0.1.12_module.py,malicious,builderknower-0.1.12,1
5,1,True,False,False,1,10,0,5,0.0136986301369863,0,0,4,0,False,0,0,False,0,0,False,4,0,73,0.0547945205479452,3.873047895930295,4.755976365300631,2,0,0,0,0,0,0,0,0,0,0,1,0,0,0,0,0,0,10,5,2,0.0,0,0,3,1,0,0,0,0,builderknower-0.1.12_setup.py,malicious,builderknower-0.1.12,1
0,0,False,False,False,1,0,0,0,0.2,0,0,0,0,False,0,0,False,0,0,False,1,0,5,0.2,3.180832987205441,3.180832987205441,0,0,0,0,0,0,0,0,0,0,0,0,0,0,0,0,0,0,0,0,0,0.0,0,0,0,0,0,0,0,0,builderknower2-0.1.30_module.py,malicious,builderknower2-0.1.30,1
5,1,True,False,False,1,20,0,7,0.010526315789473684,0,2,9,0,True,0,0,False,0,0,False,5,0,95,0.05263157894736842,3.7443610240308236,5.340075896029794,6,4,0,0,0,0,0,0,0,1,0,1,0,0,0,4,0,1,20,7,2,0.0,0,0,4,1,0,0,0,0,builderknower2-0.1.30_setup.py,malicious,builderknower2-0.1.30,1
5,1,True,False,False,3,38,0,24,0.06666666666666667,1,0,0,0,False,0,0,False,0,0,False,3,1,45,0.06666666666666667,3.9937020808322448,4.450212064914747,0,0,0,0,0,0,0,0,0,0,8,1,0,0,0,8,0,0,38,27,4,0.0,0,0,2,2,0,0,0,0,cipherbcrypt-1.4_Cipherbcrypt.py,malicious,cipherbcrypt-1.4,1
1,0,False,False,False,2,3,1,3,0.2,0,0,0,1,False,0,1,False,0,0,False,1,0,10,0.1,5.608540242250912,5.608540242250912,1,1,0,0,0,1,0,1,0,0,2,0,0,0,0,4,0,0,3,3,3,0.0,0,0,0,0,0,0,0,0,defca-3.0.0_arithmetics.py,malicious,defca-3.0.0,1
2,2,False,True,True,0,7,0,5,0.0,0,2,1,0,False,0,0,False,0,0,False,3,1,9,0.3333333333333333,4.44636198101505,5.608540242250912,1,1,0,0,0,1,0,0,0,0,0,1,0,0,0,2,0,0,7,5,2,0.0,0,0,2,1,1,0,0,0,defca-3.0.0_test.py,malicious,defca-3.0.0,1
1,0,False,False,False,0,2,0,2,0.0,0,0,0,0,False,0,0,False,0,0,False,1,0,12,0.08333333333333333,3.4385247471422695,4.093646146539447,0,0,0,0,0,0,0,0,0,0,0,0,0,0,0,0,0,0,2,2,2,0.0,0,0,0,0,0,0,0,0,discomusic-0.0.3_setup.py,malicious,discomusic-0.0.3,1
1,0,False,False,False,0,3,0,3,0.0,2,1,0,0,False,0,0,False,0,0,False,1,1,8,0.125,4.048430154877423,4.860933959125812,1,0,0,0,0,0,0,0,0,0,0,0,0,0,0,0,0,0,3,3,1,0.0,0,0,0,1,1,0,0,0,discomusic-0.0.3___init__.py,malicious,discomusic-0.0.3,1
7,1,True,False,False,3,53,0,13,0.01910828025477707,18,1,2,0,True,0,0,False,0,0,False,26,2,157,0.16560509554140126,3.4293335138753283,4.260332600569877,0,0,0,0,0,0,0,0,0,0,1,0,0,0,0,1,0,0,53,14,2,190.0,19,1,25,4,1,0,0,1,fasdghjkhjafsd-0.0.3_setup.py,malicious,fasdghjkhjafsd-0.0.3,1
6,2,True,False,True,1,6,0,6,0.04,0,1,1,0,False,0,0,False,0,0,False,1,0,25,0.04,3.4675857649105266,3.6835423624332306,0,0,0,0,0,0,0,0,0,1,0,0,0,0,0,0,0,1,6,6,1,0.0,0,0,0,0,0,0,0,0,hexmanibm-1.0.4_setup.py,malicious,hexmanibm-1.0.4,1
6,2,True,False,True,1,6,0,6,0.04,0,1,1,0,False,0,0,False,0,0,False,1,0,25,0.04,3.2720156451471034,3.6424896731661263,0,0,0,0,0,0,0,0,0,1,0,0,0,0,0,0,0,1,6,6,1,0.0,0,0,0,0,0,0,0,0,hexteamibm-1.0.4_setup.py,malicious,hexteamibm-1.0.4,1
21,1,False,False,True,17,89,0,54,0.031598513011152414,0,1,0,0,False,16,0,True,0,0,False,39,3,538,0.0724907063197026,3.6803687335880726,4.367457658049051,0,0,0,0,0,0,0,0,0,1,1,1,0,0,0,1,0,1,89,59,2,0.0,0,0,38,4,1,0,0,0,httprequesthub-2.31.4_adapters.py,malicious,httprequesthub-2.31.4,1
0,0,False,False,False,8,10,0,3,0.05063291139240506,0,0,0,0,False,0,0,False,0,0,False,1,1,158,0.006329113924050633,3.124849479339363,3.5511911744656968,0,0,0,0,0,0,0,0,0,0,0,1,0,0,0,0,0,0,10,4,1,0.0,0,0,0,1,0,0,0,0,httprequesthub-2.31.4_api.py,malicious,httprequesthub-2.31.4,1
11,1,True,False,False,19,82,1,44,0.06031746031746032,0,5,0,1,False,14,0,True,0,0,False,31,5,315,0.09841269841269841,3.7738961223215277,4.400548255481788,0,0,0,0,0,0,0,1,0,0,10,1,0,0,0,10,0,0,82,49,4,0.0,0,0,30,5,1,1,0,1,httprequesthub-2.31.4_auth.py,malicious,httprequesthub-2.31.4,1
1,0,False,False,False,0,2,0,2,0.0,0,0,0,0,False,0,0,False,0,0,False,2,1,18,0.1111111111111111,0.0,0.0,0,0,0,0,0,0,0,0,0,0,0,0,0,0,0,0,0,0,2,2,2,0.0,0,0,1,1,0,0,0,0,httprequesthub-2.31.4_certs.py,malicious,httprequesthub-2.31.4,1
4,0,False,False,False,1,1,0,1,0.041666666666666664,0,0,0,0,False,0,0,False,0,0,False,3,0,24,0.125,3.8606132976699414,3.994855709801042,0,0,0,0,0,0,0,0,0,0,0,1,0,0,0,0,0,0,1,1,1,0.0,0,0,2,1,0,0,0,0,httprequesthub-2.31.4_compat.py,malicious,httprequesthub-2.31.4,1
8,0,False,False,False,5,18,0,16,0.0847457627118644,0,0,0,0,False,0,0,False,0,0,False,2,0,59,0.03389830508474576,0.0,0.0,0,0,0,0,0,0,0,0,0,0,0,1,0,0,0,0,0,0,18,17,2,0.0,0,0,1,1,1,0,0,0,httprequesthub-2.31.4_conftest.py,malicious,httprequesthub-2.31.4,1
7,0,False,False,False,49,112,0,52,0.08718861209964412,0,6,0,0,True,8,0,True,0,0,False,54,5,562,0.09608540925266904,3.677126817761272,4.449462721374186,0,0,0,0,0,0,0,0,1,0,0,1,0,0,0,0,0,1,112,69,2,0.0,0,0,53,5,0,0,0,0,httprequesthub-2.31.4_cookies.py,malicious,httprequesthub-2.31.4,1
2,0,False,False,False,2,7,0,4,0.014084507042253521,0,0,0,0,False,1,0,True,0,0,False,2,1,142,0.014084507042253521,3.83100714193024,4.294044975833125,0,0,0,0,0,0,0,0,0,0,0,1,0,0,0,0,0,0,7,6,2,0.0,0,0,1,1,0,0,0,0,httprequesthub-2.31.4_exceptions.py,malicious,httprequesthub-2.31.4,1
11,0,False,False,False,3,15,0,12,0.022222222222222223,0,0,1,0,False,2,0,True,0,0,False,14,4,135,0.1037037037037037,3.368860704871215,4.296968017901888,0,0,0,0,0,0,0,0,0,1,0,1,0,1,0,0,1,1,15,12,3,0.0,0,0,13,4,0,0,0,0,httprequesthub-2.31.4_help.py,malicious,httprequesthub-2.31.4,1
0,0,False,False,False,2,3,0,3,0.058823529411764705,0,1,0,0,False,1,0,True,0,0,False,5,3,34,0.14705882352941177,3.948905215632511,3.948905215632511,0,0,0,0,0,0,0,0,0,0,0,1,0,0,0,0,0,0,3,3,1,0.0,0,0,4,3,0,0,0,0,httprequesthub-2.31.4_hooks.py,malicious,httprequesthub-2.31.4,1
23,0,False,False,False,44,181,0,95,0.04259438528557599,3,4,0,0,True,39,0,True,0,0,False,107,6,1033,0.10358180058083252,3.722153661450489,4.4546361507484775,0,0,0,0,0,1,0,0,0,0,11,1,0,0,0,12,0,0,181,111,2,0.0,0,0,106,6,0,0,0,0,httprequesthub-2.31.4_models.py,malicious,httprequesthub-2.31.4,1
4,0,False,False,False,0,8,1,6,0.0,0,0,0,1,False,0,0,False,0,0,False,7,3,29,0.2413793103448276,3.561561547322088,3.9361804341297555,0,0,0,0,0,0,1,0,0,0,0,0,0,0,0,0,0,0,8,6,1,0.0,0,0,6,3,0,0,0,0,httprequesthub-2.31.4_packages.py,malicious,httprequesthub-2.31.4,1
3,1,False,False,True,12,37,0,28,0.08888888888888889,0,3,0,0,False,0,0,False,0,0,False,13,2,135,0.0962962962962963,3.7327660852634295,3.967861757701885,0,0,0,0,0,0,0,0,0,0,1,1,0,0,0,1,0,0,37,33,2,60.0,6,1,12,2,1,0,0,1,httprequesthub-2.31.4_server.py,malicious,httprequesthub-2.31.4,1
16,1,True,False,False,28,137,0,69,0.03365384615384615,1,10,0,0,True,6,0,True,0,0,False,50,3,832,0.06009615384615385,3.5441636920207933,4.01158543183743,0,0,0,0,0,0,0,0,0,2,1,1,0,0,0,1,0,2,137,90,3,10.0,1,1,49,3,1,0,0,1,httprequesthub-2.31.4_sessions.py,malicious,httprequesthub-2.31.4,1
13,2,True,True,False,6,33,1,22,0.03592814371257485,6,1,6,1,True,0,1,False,0,0,False,5,2,167,0.029940119760479042,3.680879325437081,5.379428604492573,1,1,0,0,0,0,0,1,0,0,4,1,0,0,1,5,1,0,33,25,4,0.0,0,0,4,2,1,0,1,0,httprequesthub-2.31.4_setup.py,malicious,httprequesthub-2.31.4,1
1,0,False,False,False,2,11,0,9,0.015503875968992248,0,0,0,0,False,2,0,True,0,0,False,4,3,129,0.031007751937984496,3.297674901622347,3.961320140211008,0,0,0,0,0,0,0,0,0,0,0,1,0,0,0,0,0,0,11,9,2,0.0,0,0,3,3,0,0,0,0,httprequesthub-2.31.4_status_codes.py,malicious,httprequesthub-2.31.4,1
2,0,False,False,False,14,23,0,14,0.14,0,2,0,0,False,1,0,True,0,0,False,3,1,100,0.03,3.602914569643857,4.120750542731343,0,0,0,0,0,0,0,0,0,0,0,1,0,0,0,0,0,0,23,16,3,0.0,0,0,2,1,0,0,0,0,httprequesthub-2.31.4_structures.py,malicious,httprequesthub-2.31.4,1
2,0,False,False,False,4,6,0,3,0.14285714285714285,0,0,0,0,False,0,0,False,0,0,False,1,1,28,0.03571428571428571,3.650038422760558,4.202393391956838,0,0,0,0,0,0,0,0,0,0,0,0,0,0,0,0,0,0,6,3,2,0.0,0,0,0,1,0,0,0,0,httprequesthub-2.31.4_test_help.py,malicious,httprequesthub-2.31.4,1
2,0,False,False,False,3,3,0,3,0.13043478260869565,0,0,0,0,False,0,0,False,0,0,False,1,0,23,0.043478260869565216,3.572431251322119,3.572431251322119,0,0,0,0,0,0,0,0,0,0,0,1,0,0,0,0,0,0,3,3,1,0.0,0,0,0,0,0,0,0,0,httprequesthub-2.31.4_test_hooks.py,malicious,httprequesthub-2.31.4,1
6,0,False,False,False,22,122,0,25,0.05128205128205128,0,29,0,0,True,2,0,True,0,0,False,4,3,429,0.009324009324009324,3.736956432484527,4.654770074727208,3,0,0,0,0,0,0,0,0,0,4,1,0,0,0,4,0,0,122,30,2,200.0,20,1,3,3,1,0,0,1,httprequesthub-2.31.4_test_lowlevel.py,malicious,httprequesthub-2.31.4,1
1,0,False,False,False,3,0,0,0,0.21428571428571427,0,0,0,0,False,0,0,False,0,0,False,1,0,14,0.07142857142857142,0.0,0.0,0,0,0,0,0,0,0,0,0,0,0,0,0,0,0,0,0,0,0,0,0,0.0,0,0,0,0,0,0,0,0,httprequesthub-2.31.4_test_packages.py,malicious,httprequesthub-2.31.4,1
29,2,True,False,False,259,1078,0,122,0.09256611865618299,20,151,0,0,True,25,0,True,0,0,False,36,3,2798,0.012866333095067906,3.4521954308239624,4.679855984713736,8,1,0,0,0,0,0,0,0,0,14,1,0,0,0,15,0,0,1078,174,4,290.0,29,1,35,3,1,0,0,1,httprequesthub-2.31.4_test_requests.py,malicious,httprequesthub-2.31.4,1
2,0,False,False,False,12,14,0,9,0.1518987341772152,0,1,0,0,False,0,0,False,0,0,False,1,0,79,0.012658227848101266,3.39937963620226,3.9898980954642873,0,0,0,0,0,0,0,0,0,0,0,1,0,0,0,0,0,0,14,9,2,0.0,0,0,0,0,0,0,0,0,httprequesthub-2.31.4_test_structures.py,malicious,httprequesthub-2.31.4,1
6,1,False,False,True,12,60,0,17,0.07228915662650602,0,22,0,0,True,0,0,False,0,0,False,2,2,166,0.012048192771084338,3.4141084220757345,4.022641704963307,0,0,0,0,0,0,0,0,0,0,0,1,0,0,0,0,0,0,60,24,1,10.0,1,1,1,2,1,0,0,1,httprequesthub-2.31.4_test_testserver.py,malicious,httprequesthub-2.31.4,1
17,1,True,False,False,71,193,0,73,0.07659115426105717,10,1,0,0,True,9,0,True,0,0,False,9,3,927,0.009708737864077669,3.5163710715197136,4.745172816906116,6,0,0,0,0,0,0,0,0,1,3,1,0,0,0,3,0,1,191,79,3,0.0,0,0,8,3,0,0,0,0,httprequesthub-2.31.4_test_utils.py,malicious,httprequesthub-2.31.4,1
2,1,True,False,False,1,4,0,4,0.05555555555555555,0,0,0,0,False,0,0,False,0,0,False,3,2,18,0.16666666666666666,0.0,0.0,0,0,0,0,0,0,0,0,0,0,0,1,0,0,0,0,0,0,4,4,1,0.0,0,0,2,2,0,0,0,0,httprequesthub-2.31.4_utils.py,malicious,httprequesthub-2.31.4,1
2,0,False,False,False,2,8,4,4,0.0392156862745098,0,0,0,4,False,2,0,True,0,0,False,3,1,51,0.058823529411764705,3.157347698550092,3.1751231351134614,0,0,0,0,0,0,0,4,0,0,2,1,0,0,0,2,0,0,8,4,1,0.0,0,0,2,1,0,0,0,0,httprequesthub-2.31.4__internal_utils.py,malicious,httprequesthub-2.31.4,1
0,0,False,False,False,0,0,0,0,0.0,0,0,0,0,False,0,0,False,0,0,False,1,0,15,0.06666666666666667,3.3689317813502395,4.03914867190307,0,0,0,0,0,0,0,0,0,0,0,1,0,0,0,0,0,0,0,0,0,0.0,0,0,0,0,0,0,0,0,httprequesthub-2.31.4___version__.py,malicious,httprequesthub-2.31.4,1
6,2,True,False,True,1,7,0,7,0.037037037037037035,0,1,1,0,False,0,0,False,0,0,False,1,0,27,0.037037037037037035,3.814069939955887,4.781700535240758,1,0,0,0,0,0,0,0,0,1,0,0,0,0,0,0,0,1,7,7,2,0.0,0,0,0,0,0,0,0,0,IncapError-7.0.0_setup.py,malicious,IncapError-7.0.0,1
4,2,True,True,False,2,7,0,7,0.05714285714285714,1,2,1,0,False,0,0,False,0,0,False,5,2,35,0.14285714285714285,3.32418642698205,4.36792877308952,0,0,0,0,0,0,0,0,0,0,0,0,0,0,0,0,0,0,7,7,1,0.0,0,0,4,3,0,0,0,0,juphelper-0.1.6_helper.py,malicious,juphelper-0.1.6,1
1,0,False,False,False,0,2,0,2,0.0,0,0,0,0,False,0,0,False,0,0,False,1,0,16,0.0625,3.3709771684320904,3.4187229080665604,0,0,0,0,0,0,0,0,0,0,0,0,0,0,0,0,0,0,2,2,2,0.0,0,0,0,0,0,0,0,0,juphelper-0.1.6_setup.py,malicious,juphelper-0.1.6,1
1,0,False,False,False,0,0,0,0,0.0,0,0,0,0,False,0,0,False,0,0,False,1,0,4,0.25,0.0,0.0,0,0,0,0,0,0,0,0,0,0,0,0,0,0,0,0,0,0,0,0,0,0.0,0,0,0,0,0,0,0,0,juphelper-0.1.6___init__.py,malicious,juphelper-0.1.6,1
4,2,True,True,False,2,7,0,7,0.06060606060606061,1,2,1,0,False,0,0,False,0,0,False,5,2,33,0.15151515151515152,3.328550707659273,4.36792877308952,0,0,0,0,0,0,0,0,0,0,0,0,0,0,0,0,0,0,7,7,1,0.0,0,0,4,3,0,0,0,0,jupiter-helper-0.1_helper.py,malicious,jupiter-helper-0.1,1
1,0,False,False,False,0,2,0,2,0.0,0,0,0,0,False,0,0,False,0,0,False,1,0,16,0.0625,3.3426102032340315,3.5225933661442608,0,0,0,0,0,0,0,0,0,0,0,0,0,0,0,0,0,0,2,2,2,0.0,0,0,0,0,0,0,0,0,jupiter-helper-0.1_setup.py,malicious,jupiter-helper-0.1,1
1,0,False,False,False,0,0,0,0,0.0,0,0,0,0,False,0,0,False,0,0,False,1,0,2,0.5,0.0,0.0,0,0,0,0,0,0,0,0,0,0,0,0,0,0,0,0,0,0,0,0,0,0.0,0,0,0,0,0,0,0,0,jupiter-helper-0.1___init__.py,malicious,jupiter-helper-0.1,1
2,0,False,False,False,20,52,0,9,0.16393442622950818,0,0,0,0,False,0,0,False,0,0,False,3,2,122,0.02459016393442623,3.5181103204411075,4.129947184477476,0,0,0,0,0,0,0,0,0,0,0,1,0,0,0,0,0,0,52,12,3,0.0,0,0,2,2,0,0,0,0,lr_utils_lib-1.0.0_linear_regression.py,malicious,lr,1
11,2,True,True,False,10,41,0,28,0.05434782608695652,3,0,3,0,True,0,0,False,0,0,False,7,3,184,0.03804347826086957,3.8285498265715385,4.902114648336088,3,0,0,0,0,1,0,0,0,1,7,1,0,0,0,8,0,1,39,29,4,0.0,0,0,6,4,0,0,1,0,lr_utils_lib-1.0.0_setup.py,malicious,lr,1
1,0,False,False,False,0,4,0,4,0.0,2,0,0,0,False,0,0,False,0,0,False,1,0,25,0.04,3.8052684006686395,4.134183719779188,0,0,0,0,0,0,0,0,0,0,0,0,0,0,0,0,0,0,4,4,3,0.0,0,0,0,0,0,0,0,0,numberpy-0.1.0_setup.py,malicious,numberpy-0.1.0,1
1,0,False,False,False,0,0,0,0,0.0,0,0,0,0,False,0,0,False,0,0,False,1,0,1,1.0,0.0,0.0,0,0,0,0,0,0,0,0,0,0,0,0,0,0,0,0,0,0,0,0,0,0.0,0,0,0,0,0,0,0,0,numberpy-0.1.0___init__.py,malicious,numberpy-0.1.0,1
1,0,False,False,False,0,2,0,2,0.0,0,0,0,0,False,0,0,False,0,0,False,1,0,22,0.045454545454545456,3.744818196003383,4.206198332810095,0,0,0,0,0,0,0,0,0,0,0,1,0,0,0,0,0,0,2,2,2,0.0,0,0,0,0,0,0,0,0,pipsqlite3liberyV2-1.1.0_setup.py,malicious,pipsqlite3liberyV2-1.1.0,1
3,2,True,True,False,0,11,0,11,0.0,2,0,2,0,False,0,0,False,0,0,False,4,2,32,0.125,4.7050492789357,5.999704009758339,2,0,0,0,0,0,0,0,0,1,0,1,0,0,0,0,0,1,11,11,1,0.0,0,0,3,3,0,0,1,0,pipsqlite3liberyV2-1.1.0___init__.py,malicious,pipsqlite3liberyV2-1.1.0,1
3,1,True,False,False,7,36,0,18,0.09333333333333334,2,3,0,0,False,0,0,False,0,0,False,14,5,75,0.18666666666666668,4.163582434938618,4.906941782652658,2,0,0,0,0,0,0,0,0,0,0,1,0,0,0,0,0,0,36,21,2,40.0,4,1,13,6,1,0,1,1,proxyalhttp-0.1_dsgsfdgdfg.py,malicious,proxyalhttp-0.1,1
1,0,False,False,False,0,2,0,2,0.0,0,0,0,0,False,0,0,False,0,0,False,1,0,18,0.05555555555555555,3.6831776861426517,3.9553113166340124,0,0,0,0,0,0,0,0,0,0,0,0,0,0,0,0,0,0,2,2,2,0.0,0,0,0,0,0,0,0,0,proxyalhttp-0.1_setup.py,malicious,proxyalhttp-0.1,1
1,0,False,False,False,0,0,0,0,0.0,0,0,0,0,False,0,0,False,0,0,False,1,0,1,1.0,0.0,0.0,0,0,0,0,0,0,0,0,0,0,0,0,0,0,0,0,0,0,0,0,0,0.0,0,0,0,0,0,0,0,0,proxyalhttp-0.1___init__.py,malicious,proxyalhttp-0.1,1
1,0,False,False,False,0,2,0,2,0.0,0,0,0,0,False,0,0,False,0,0,False,1,0,14,0.07142857142857142,3.7724337551711136,3.9553113166340124,0,0,0,0,0,0,0,0,0,0,0,0,0,0,0,0,0,0,2,2,2,0.0,0,0,0,0,0,0,0,0,proxyfullscraper-0.1_setup.py,malicious,proxyfullscraper-0.1,1
3,1,True,False,False,6,36,0,18,0.08333333333333333,2,3,0,0,False,0,0,False,0,0,False,14,5,72,0.19444444444444445,4.163582434938618,4.906941782652658,2,0,0,0,0,0,0,0,0,0,0,0,0,0,0,0,0,0,36,21,2,40.0,4,1,13,6,1,0,1,1,proxyfullscraper-0.1___init__.py,malicious,proxyfullscraper-0.1,1
1,0,False,False,False,0,2,0,2,0.0,0,0,0,0,False,0,0,False,0,0,False,1,0,15,0.06666666666666667,3.7729344723790694,3.9553113166340124,0,0,0,0,0,0,0,0,0,0,0,0,0,0,0,0,0,0,2,2,2,0.0,0,0,0,0,0,0,0,0,proxyfullscrapers-0.1_setup.py,malicious,proxyfullscrapers-0.1,1
3,1,True,False,False,7,36,0,18,0.0945945945945946,2,3,0,0,False,0,0,False,0,0,False,14,5,74,0.1891891891891892,4.163582434938618,4.906941782652658,2,0,0,0,0,0,0,0,0,0,0,1,0,0,0,0,0,0,36,21,2,40.0,4,1,13,6,1,0,1,1,proxyfullscrapers-0.1___init__.py,malicious,proxyfullscrapers-0.1,1
4,0,False,False,False,3,7,0,6,0.05357142857142857,2,0,0,0,False,0,0,False,0,0,False,1,1,56,0.017857142857142856,3.541141084430805,3.689534758412825,0,0,0,0,0,0,0,0,0,0,0,1,0,0,0,0,0,0,7,6,1,0.0,0,0,0,1,0,0,0,0,ptmpl-0.2.14_conftest.py,malicious,ptmpl-0.2.14,1
4,0,False,False,False,17,49,0,27,0.053125,0,0,0,0,False,3,0,True,0,0,False,18,2,320,0.05625,4.0229492359426215,4.351825510898201,0,0,0,0,0,0,0,0,0,0,0,1,0,0,0,0,0,0,49,31,3,0.0,0,0,17,2,0,0,0,0,ptmpl-0.2.14_curves.py,malicious,ptmpl-0.2.14,1
4,1,True,False,False,2,10,1,9,0.03508771929824561,3,1,0,0,False,0,0,False,0,0,False,4,1,57,0.07017543859649122,4.1969692128079625,4.47636683851208,0,0,0,0,0,0,0,0,0,0,0,1,0,0,0,0,0,0,10,9,1,0.0,0,0,3,2,1,0,0,0,ptmpl-0.2.14_entry_points.py,malicious,ptmpl-0.2.14,1
3,2,True,True,False,1,10,0,10,0.030303030303030304,3,1,2,0,True,0,0,False,0,0,False,2,1,33,0.06060606060606061,3.558199428058855,4.146636072037954,0,0,0,0,0,0,0,0,0,0,0,1,0,0,0,0,0,0,10,10,2,20.0,2,1,1,1,1,0,1,0,ptmpl-0.2.14_post_install.py,malicious,ptmpl-0.2.14,1
7,3,True,True,False,1,14,1,12,0.009174311926605505,4,1,1,1,True,0,1,False,0,0,False,2,1,109,0.01834862385321101,3.469065429642855,5.775420795490268,2,0,0,0,0,0,0,1,0,0,0,0,0,0,0,0,0,0,14,12,3,0.0,0,0,1,1,1,0,1,0,ptmpl-0.2.14_setup.py,malicious,ptmpl-0.2.14,1
3,0,False,False,False,20,33,0,13,0.11627906976744186,0,0,0,0,False,2,0,True,0,0,False,1,1,172,0.005813953488372093,3.988683987854738,4.171860873964196,0,0,0,0,0,0,0,0,0,0,0,1,0,0,0,0,0,0,33,14,1,0.0,0,0,0,1,0,0,0,0,ptmpl-0.2.14_test_curves.py,malicious,ptmpl-0.2.14,1
0,0,False,False,False,0,0,0,0,0.0,0,0,0,0,False,0,0,False,0,0,False,1,0,7,0.14285714285714285,0.0,0.0,0,0,0,0,0,0,0,0,0,0,0,0,0,0,0,0,0,0,0,0,0,0.0,0,0,0,0,0,0,0,0,ptmpl-0.2.14___init__.py,malicious,ptmpl-0.2.14,1
5,2,True,True,False,4,20,0,13,0.05970149253731343,0,1,2,0,False,0,0,False,0,0,False,11,4,67,0.16417910447761194,3.9867969717197225,4.493149802473811,0,0,0,0,0,0,0,0,0,0,2,1,0,0,0,2,0,0,20,13,2,0.0,0,0,10,4,0,0,0,0,ptmpl-0.2.14___main__.py,malicious,ptmpl-0.2.14,1
0,0,False,False,False,0,0,0,0,0.0,0,0,0,0,False,0,0,False,0,0,False,1,0,16,0.0625,3.7091102321855636,4.407761238355062,0,0,0,0,0,0,0,0,0,0,0,1,0,0,0,0,0,0,0,0,0,0.0,0,0,0,0,0,0,0,0,ptmpl-0.2.14___version__.py,malicious,ptmpl-0.2.14,1
5,1,True,False,False,2,11,0,5,0.038461538461538464,0,2,2,0,False,0,0,False,0,0,False,3,1,52,0.057692307692307696,3.8139677460380854,4.679696116812856,2,0,0,0,0,0,0,0,0,0,0,0,0,0,0,0,0,0,11,6,1,20.0,2,1,2,1,0,0,0,0,puffioner131-99999_setup.py,malicious,puffioner131-99999,1
4,1,True,False,False,1,7,0,6,0.030303030303030304,0,1,1,0,False,0,0,False,0,0,False,2,1,33,0.06060606060606061,3.617692202550248,4.781700535240759,1,0,0,0,0,0,0,0,0,0,0,0,0,0,0,0,0,0,7,6,2,10.0,1,1,1,1,0,0,0,0,puffioner131-9999_setup.py,malicious,puffioner131-9999,1
4,1,True,False,False,1,9,2,9,0.022222222222222223,0,0,1,2,False,0,1,False,0,0,False,2,0,45,0.044444444444444446,4.032582532553431,5.588808474057398,1,1,0,0,0,1,1,1,0,0,1,1,0,0,0,3,0,0,9,9,3,10.0,1,1,1,1,0,0,0,0,pyjous-1.0.2_setup.py,malicious,pyjous-1.0.2,1
4,1,True,False,False,1,9,2,9,0.022222222222222223,0,0,1,2,False,0,1,False,0,0,False,2,0,45,0.044444444444444446,4.0299345030951,5.564976208932409,1,1,0,0,0,1,1,1,0,0,1,1,0,0,0,3,0,0,9,9,3,10.0,1,1,1,1,0,0,0,0,pyspliter-1.0.2_setup.py,malicious,pyspliter-1.0.2,1
6,2,True,False,False,1,6,1,6,0.025,0,0,1,1,False,0,1,False,0,0,False,2,1,40,0.05,4.582700405504513,5.795199169485596,4,0,0,0,0,0,0,1,0,0,1,1,0,0,0,1,0,0,6,6,3,0.0,0,0,1,1,0,0,0,0,PyToich-1.0.0_setup.py,malicious,PyToich-1.0.0,1
4,1,True,False,False,1,9,2,9,0.022222222222222223,0,0,1,2,False,0,1,False,0,0,False,2,0,45,0.044444444444444446,4.026813523099943,5.536887388975989,1,1,0,0,0,1,1,1,0,0,1,1,0,0,0,3,0,0,9,9,3,10.0,1,1,1,1,0,0,0,0,pytoileur-1.0.2_setup.py,malicious,pytoileur-1.0.2,1
4,1,True,False,False,1,9,2,9,0.022222222222222223,0,0,1,2,False,0,1,False,0,0,False,2,0,45,0.044444444444444446,4.03263713572411,5.589299902593504,1,1,0,0,0,1,1,1,0,0,1,1,0,0,0,3,0,0,9,9,3,10.0,1,1,1,1,0,0,0,0,pytypier-1.0.2_setup.py,malicious,pytypier-1.0.2,1
4,1,True,False,False,1,9,2,9,0.022222222222222223,0,0,1,2,False,0,1,False,0,0,False,2,0,45,0.044444444444444446,4.091172239815879,5.589299902593504,1,1,0,0,0,1,1,1,0,0,1,1,0,0,0,3,0,0,9,9,3,10.0,1,1,1,1,0,0,0,0,pyzelf-2.0.1_setup.py,malicious,pyzelf-2.0.1,1
6,2,True,False,True,1,16,0,10,0.024390243902439025,3,2,3,0,True,0,0,False,0,0,False,5,2,41,0.12195121951219512,3.4962619022270474,4.952591032002872,2,0,0,0,0,0,0,0,0,0,0,1,0,0,0,0,0,0,16,10,2,0.0,0,0,4,2,1,0,1,0,requestn-8.0_requestn.py,malicious,requestn-8.0,1
1,0,False,False,False,0,2,0,2,0.0,0,0,0,0,False,0,0,False,0,0,False,1,0,14,0.07142857142857142,3.7687284111437855,3.9553113166340124,0,0,0,0,0,0,0,0,0,0,0,0,0,0,0,0,0,0,2,2,2,0.0,0,0,0,0,0,0,0,0,requestn-8.0_setup.py,malicious,requestn-8.0,1
1,0,False,False,False,0,0,0,0,0.0,0,0,0,0,False,0,0,False,0,0,False,1,0,2,0.5,0.0,0.0,0,0,0,0,0,0,0,0,0,0,0,0,0,0,0,0,0,0,0,0,0,0.0,0,0,0,0,0,0,0,0,requestn-8.0___init__.py,malicious,requestn-8.0,1
7,2,True,False,True,2,14,0,14,0.06060606060606061,3,1,0,0,False,0,0,False,0,0,False,1,1,33,0.030303030303030304,4.024324143427998,4.642826036570306,1,0,0,0,0,0,0,0,0,0,3,1,0,0,0,3,0,0,14,14,4,0.0,0,0,0,1,1,0,0,0,startup_entrypoints-1.0_setup.py,malicious,startup,1
7,2,True,False,True,2,14,0,14,0.06060606060606061,3,1,0,0,False,0,0,False,0,0,False,1,1,33,0.030303030303030304,4.024324143427998,4.642826036570306,1,0,0,0,0,0,0,0,0,0,3,1,0,0,0,3,0,0,14,14,4,0.0,0,0,0,1,1,0,0,0,startup_entrypoints-4.0_setup.py,malicious,startup,1
3,2,True,True,False,0,3,0,3,0.0,0,0,1,0,False,0,0,False,0,0,False,4,1,35,0.11428571428571428,3.946237850419742,4.524196264815891,1,0,0,0,0,0,0,0,0,0,0,0,0,0,0,0,0,0,3,3,1,0.0,0,0,3,2,0,0,0,0,studypong-10.45_setup.py,malicious,studypong-10.45,1
3,2,True,True,False,0,3,0,3,0.0,0,0,1,0,False,0,0,False,0,0,False,4,1,35,0.11428571428571428,3.946237850419742,4.524196264815891,1,0,0,0,0,0,0,0,0,0,0,0,0,0,0,0,0,0,3,3,1,0.0,0,0,3,2,0,0,0,0,studypong-5.66_setup.py,malicious,studypong-5.66,1
3,2,True,True,False,0,3,0,3,0.0,0,0,1,0,False,0,0,False,0,0,False,4,1,35,0.11428571428571428,3.946237850419742,4.524196264815891,1,0,0,0,0,0,0,0,0,0,0,0,0,0,0,0,0,0,3,3,1,0.0,0,0,3,2,0,0,0,0,studypong-8.22_setup.py,malicious,studypong-8.22,1
4,1,True,False,False,3,3,0,3,0.09375,0,0,0,0,False,0,0,False,0,0,False,1,0,32,0.03125,4.265198564190903,4.790242666096234,1,0,0,0,0,0,0,0,0,0,0,0,0,0,0,0,0,0,3,3,2,0.0,0,0,0,0,0,0,0,0,testjson3-0.1_setup.py,malicious,testjson3-0.1,1
3,1,False,True,False,2,12,0,7,0.05405405405405406,2,1,1,0,False,0,0,False,0,0,False,4,2,37,0.10810810810810811,4.045372500222549,4.264989399993134,0,0,0,0,0,0,0,0,0,0,0,1,0,0,0,0,0,0,12,7,1,0.0,0,0,3,2,1,0,0,0,testjson3-0.1___init__.py,malicious,testjson3-0.1,1
4,1,True,False,False,3,3,0,3,0.10714285714285714,0,0,0,0,False,0,0,False,0,0,False,1,0,28,0.03571428571428571,3.7376032366478893,4.750727152770736,1,0,0,0,0,0,0,0,0,0,0,0,0,0,0,0,0,0,3,3,2,0.0,0,0,0,0,0,0,0,0,testjsonn1-0.7_setup.py,malicious,testjsonn1-0.7,1
3,1,False,True,False,2,12,0,7,0.05405405405405406,2,1,1,0,False,0,0,False,0,0,False,4,2,37,0.10810810810810811,4.045372500222549,4.264989399993134,0,0,0,0,0,0,0,0,0,0,0,1,0,0,0,0,0,0,12,7,1,0.0,0,0,3,2,1,0,0,0,testjsonn1-0.7___init__.py,malicious,testjsonn1-0.7,1
4,1,True,False,False,3,3,0,3,0.10714285714285714,0,0,0,0,False,0,0,False,0,0,False,1,0,28,0.03571428571428571,3.7507750744230557,4.790242666096234,1,0,0,0,0,0,0,0,0,0,0,0,0,0,0,0,0,0,3,3,2,0.0,0,0,0,0,0,0,0,0,testjsonn2-0.1_setup.py,malicious,testjsonn2-0.1,1
3,1,False,True,False,2,12,0,7,0.05405405405405406,2,1,1,0,False,0,0,False,0,0,False,4,2,37,0.10810810810810811,4.045372500222549,4.264989399993134,0,0,0,0,0,0,0,0,0,0,0,1,0,0,0,0,0,0,12,7,1,0.0,0,0,3,2,1,0,0,0,testjsonn2-0.1___init__.py,malicious,testjsonn2-0.1,1
6,2,True,False,True,1,6,0,6,0.038461538461538464,0,1,1,0,False,0,0,False,0,0,False,1,0,26,0.038461538461538464,3.497829049721199,3.6168746059562227,0,0,0,0,0,0,0,0,0,1,0,0,0,0,0,0,0,1,6,6,1,0.0,0,0,0,0,0,0,0,0,testkaralpoc45654-1.0.0_setup.py,malicious,testkaralpoc45654-1.0.0,1
1,0,False,False,False,1,8,0,3,0.043478260869565216,0,0,0,0,False,0,0,False,0,0,False,2,1,23,0.08695652173913043,3.9431159989507605,4.115808539574485,0,0,0,0,0,0,0,0,0,0,0,0,0,0,0,0,0,0,8,3,1,0.0,0,0,1,1,0,0,0,0,thesis_uniud_package-1.0.0_main.py,malicious,thesis,1
7,2,True,False,True,2,15,0,15,0.05405405405405406,3,1,0,0,False,0,0,False,0,0,False,1,1,37,0.02702702702702703,3.962240124563357,4.852015211231194,1,0,0,0,0,0,0,0,0,0,3,1,0,0,0,3,0,0,15,15,4,0.0,0,0,0,1,1,0,0,0,thesis_uniud_package-1.0.0_setup.py,malicious,thesis,1
10,0,False,False,False,28,27,0,17,0.0671462829736211,0,0,0,0,False,6,0,True,0,0,False,13,2,417,0.03117505995203837,4.02603560083217,4.454524762997049,0,0,0,0,0,0,0,0,0,0,0,0,0,0,0,0,0,0,27,17,2,0.0,0,0,12,2,0,0,0,0,ucap-3.6.1_acquired_parameter_value.py,malicious,ucap-3.6.1,1
2,0,False,False,False,0,0,0,0,0.0,0,0,0,0,False,0,0,False,0,0,False,1,0,22,0.045454545454545456,3.431955653467714,4.023465189601646,0,0,0,0,0,0,0,0,0,0,0,0,0,0,0,0,0,0,0,0,0,0.0,0,0,0,0,0,0,0,0,ucap-3.6.1_context.py,malicious,ucap-3.6.1,1
10,1,True,False,False,4,47,0,28,0.02857142857142857,1,0,0,0,False,0,0,False,0,0,False,8,3,140,0.05714285714285714,3.5922470023797937,4.307159266931027,0,0,0,0,0,0,0,0,0,0,0,1,0,0,0,0,0,0,47,32,2,0.0,0,0,7,3,0,0,0,0,ucap-3.6.1_converter_tester.py,malicious,ucap-3.6.1,1
5,0,False,False,False,7,11,0,6,0.07777777777777778,0,0,0,0,False,1,0,True,0,0,False,3,1,90,0.03333333333333333,4.076308522548633,4.403055907333275,0,0,0,0,0,0,0,0,0,0,0,0,0,0,0,0,0,0,11,6,2,0.0,0,0,2,1,0,0,0,0,ucap-3.6.1_discrete_function.py,malicious,ucap-3.6.1,1
3,0,False,False,False,3,5,0,5,0.05454545454545454,0,0,0,0,False,0,0,False,0,0,False,1,0,55,0.01818181818181818,0.0,0.0,0,0,0,0,0,0,0,0,0,0,0,0,0,0,0,0,0,0,5,5,2,0.0,0,0,0,0,0,0,0,0,ucap-3.6.1_discrete_function_list.py,malicious,ucap-3.6.1,1
5,0,False,False,False,23,33,0,16,0.03490136570561457,0,1,0,0,False,2,0,True,0,0,False,14,3,659,0.021244309559939303,3.9588875566061,4.5640171205363504,1,0,0,0,0,0,0,0,0,0,0,1,0,0,0,0,0,0,33,17,2,0.0,0,0,13,3,0,0,0,0,ucap-3.6.1_event.py,malicious,ucap-3.6.1,1
4,0,False,False,False,1,10,0,6,0.024390243902439025,0,0,0,0,False,0,0,False,0,0,False,1,0,41,0.024390243902439025,3.5902751391626606,4.004886164091841,0,0,0,0,0,0,0,0,0,0,0,1,0,0,0,0,0,0,10,7,1,0.0,0,0,0,0,0,0,0,0,ucap-3.6.1_event_to_many_converter_template.py,malicious,ucap-3.6.1,1
4,0,False,False,False,1,8,0,6,0.025,0,0,0,0,False,0,0,False,0,0,False,1,0,40,0.025,3.191276851435309,3.4685766296878655,0,0,0,0,0,0,0,0,0,0,0,0,0,0,0,0,0,0,8,6,1,0.0,0,0,0,0,0,0,0,0,ucap-3.6.1_event_to_one_converter_template.py,malicious,ucap-3.6.1,1
6,0,False,False,False,4,3,0,2,0.0425531914893617,0,0,0,0,False,2,0,True,0,0,False,2,1,94,0.02127659574468085,0.0,0.0,0,0,0,0,0,0,0,0,0,0,0,0,0,0,0,0,0,0,3,2,1,0.0,0,0,1,1,0,0,0,0,ucap-3.6.1_fail_safe_parameter_value.py,malicious,ucap-3.6.1,1
3,0,False,False,False,3,13,0,11,0.06,0,0,0,0,False,1,0,True,0,0,False,3,2,50,0.06,4.536388882458134,4.536388882458134,1,0,0,0,0,0,0,0,0,0,0,1,0,0,0,0,0,0,13,11,1,0.0,0,0,2,2,0,0,0,0,ucap-3.6.1_numeric_array_validation.py,malicious,ucap-3.6.1,1
4,0,False,False,False,1,9,0,5,0.02564102564102564,0,0,0,0,False,0,0,False,0,0,False,1,0,39,0.02564102564102564,3.5902751391626606,4.004886164091841,0,0,0,0,0,0,0,0,0,0,0,1,0,0,0,0,0,0,9,6,1,0.0,0,0,0,0,0,0,0,0,ucap-3.6.1_one_to_many_converter_template.py,malicious,ucap-3.6.1,1
4,0,False,False,False,1,7,0,5,0.027777777777777776,0,0,0,0,False,0,0,False,0,0,False,1,0,36,0.027777777777777776,3.191276851435309,3.4685766296878655,0,0,0,0,0,0,0,0,0,0,0,0,0,0,0,0,0,0,7,5,1,0.0,0,0,0,0,0,0,0,0,ucap-3.6.1_one_to_one_converter_template.py,malicious,ucap-3.6.1,1
2,0,False,False,False,0,2,0,2,0.0,0,0,0,0,False,0,0,False,0,0,False,1,0,25,0.04,0.0,0.0,0,0,0,0,0,0,0,0,0,0,0,0,0,0,0,0,0,0,2,2,1,0.0,0,0,0,0,0,0,0,0,ucap-3.6.1_parameter_exception.py,malicious,ucap-3.6.1,1
3,0,False,False,False,2,3,0,3,0.05128205128205128,0,0,0,0,False,0,0,False,0,0,False,3,1,39,0.07692307692307693,4.0221214136823145,4.091568538436148,0,0,0,0,0,0,0,0,0,0,0,0,0,0,0,0,0,0,3,3,1,0.0,0,0,2,1,0,0,0,0,ucap-3.6.1_selectors.py,malicious,ucap-3.6.1,1
9,2,True,False,True,2,26,0,22,0.017241379310344827,5,2,0,0,True,0,0,False,0,0,False,1,1,116,0.008620689655172414,3.6488403011737574,4.852015211231194,1,0,0,0,0,0,0,0,0,0,3,1,0,0,0,3,0,0,26,24,4,20.0,2,1,0,1,1,0,0,0,ucap-3.6.1_setup.py,malicious,ucap-3.6.1,1
4,1,True,False,False,1,23,0,14,0.0196078431372549,2,0,0,0,False,0,0,False,0,0,False,7,4,51,0.13725490196078433,3.1586755314072192,4.63183237120822,1,0,0,0,0,0,0,0,1,0,0,0,0,0,0,0,0,1,23,14,3,0.0,0,0,6,4,0,0,0,0,ucap-3.6.1_template_generator.py,malicious,ucap-3.6.1,1
4,1,True,False,False,1,27,0,14,0.0196078431372549,2,0,0,0,False,0,0,False,0,0,False,7,4,51,0.13725490196078433,3.169986401890821,4.348394345536403,0,0,0,0,0,0,0,0,1,0,0,0,0,0,0,0,0,1,27,14,3,0.0,0,0,6,4,0,0,0,0,ucap-3.6.1_template_printer.py,malicious,ucap-3.6.1,1
6,0,False,False,False,58,330,0,35,0.06643757159221077,0,0,0,0,False,9,0,True,0,0,False,2,2,873,0.002290950744558992,3.2578093319698507,4.667498003922704,2,0,0,0,0,0,0,0,0,0,0,1,0,0,0,0,0,0,328,35,3,0.0,0,0,1,2,0,0,0,0,ucap-3.6.1_test_acquired_parameter_value.py,malicious,ucap-3.6.1,1
3,0,False,False,False,2,2,0,1,0.125,0,0,0,0,False,0,0,False,0,0,False,3,0,16,0.1875,4.2133518858777155,4.237472936455822,0,0,0,0,0,0,0,0,0,0,0,1,0,0,0,0,0,0,2,1,1,0.0,0,0,2,1,0,0,0,0,ucap-3.6.1_test_backward_compatibility.py,malicious,ucap-3.6.1,1
1,0,False,False,False,1,0,0,0,0.038461538461538464,0,0,0,0,False,0,0,False,0,0,False,1,0,26,0.038461538461538464,3.431955653467714,4.023465189601646,0,0,0,0,0,0,0,0,0,0,0,0,0,0,0,0,0,0,0,0,0,0.0,0,0,0,0,0,0,0,0,ucap-3.6.1_test_context.py,malicious,ucap-3.6.1,1
4,0,False,False,False,15,36,0,8,0.09433962264150944,0,0,0,0,False,0,0,False,0,0,False,1,1,159,0.006289308176100629,3.9837256669243324,4.217890196084674,0,0,0,0,0,0,0,0,0,0,0,1,0,0,0,0,0,0,36,9,2,0.0,0,0,0,1,0,0,0,0,ucap-3.6.1_test_discrete_function.py,malicious,ucap-3.6.1,1
2,0,False,False,False,10,45,0,8,0.09090909090909091,0,0,0,0,False,0,0,False,0,0,False,1,1,110,0.00909090909090909,4.569188109227752,4.569188109227752,1,0,0,0,0,0,0,0,0,0,0,1,0,0,0,0,0,0,45,8,1,0.0,0,0,0,1,0,0,0,0,ucap-3.6.1_test_discrete_function_list.py,malicious,ucap-3.6.1,1
8,0,False,False,False,31,129,0,24,0.10508474576271186,0,0,0,0,False,0,0,False,0,0,False,1,1,295,0.003389830508474576,3.2501471872694085,3.8796640049025934,0,0,0,0,0,0,0,0,0,0,0,1,0,0,0,0,0,0,129,25,2,0.0,0,0,0,1,0,0,0,0,ucap-3.6.1_test_event.py,malicious,ucap-3.6.1,1
2,0,False,False,False,2,5,0,2,0.07142857142857142,0,0,0,0,False,0,0,False,0,0,False,1,0,28,0.03571428571428571,0.0,0.0,0,0,0,0,0,0,0,0,0,0,0,0,0,0,0,0,0,0,5,2,1,0.0,0,0,0,0,0,0,0,0,ucap-3.6.1_test_fail_safe_parameter_value.py,malicious,ucap-3.6.1,1
1,0,False,False,False,5,6,0,2,0.11363636363636363,0,0,0,0,False,0,0,False,0,0,False,1,0,44,0.022727272727272728,0.0,0.0,0,0,0,0,0,0,0,0,0,0,0,0,0,0,0,0,0,0,6,2,1,0.0,0,0,0,0,0,0,0,0,ucap-3.6.1_test_parameter_exception.py,malicious,ucap-3.6.1,1
2,0,False,False,False,5,5,0,3,0.18518518518518517,0,0,0,0,False,0,0,False,0,0,False,1,0,27,0.037037037037037035,3.3629018556509385,4.307714802597437,0,0,0,0,0,0,0,0,0,0,0,1,0,0,0,0,0,0,5,3,1,0.0,0,0,0,0,0,0,0,0,ucap-3.6.1_test_selector.py,malicious,ucap-3.6.1,1
0,0,False,False,False,0,0,0,0,0.0,0,0,0,0,False,0,0,False,0,0,False,1,0,5,0.2,0.0,0.0,0,0,0,0,0,0,0,0,0,0,0,0,0,0,0,0,0,0,0,0,0,0.0,0,0,0,0,0,0,0,0,ucap-3.6.1_test_ucap.py,malicious,ucap-3.6.1,1
2,0,False,False,False,5,10,0,4,0.07936507936507936,0,0,0,0,False,0,0,False,0,0,False,1,1,63,0.015873015873015872,3.931128657292552,3.940759832540089,0,0,0,0,0,0,0,0,0,0,0,1,0,0,0,0,0,0,10,4,2,0.0,0,0,0,1,0,0,0,0,ucap-3.6.1_test_value_header.py,malicious,ucap-3.6.1,1
0,0,False,False,False,0,0,0,0,0.0,0,0,0,0,False,0,0,False,0,0,False,1,0,10,0.1,0.0,0.0,0,0,0,0,0,0,0,0,0,0,0,0,0,0,0,0,0,0,0,0,0,0.0,0,0,0,0,0,0,0,0,ucap-3.6.1_ucap_exception.py,malicious,ucap-3.6.1,1
1,0,False,False,False,0,0,0,0,0.0,0,0,0,0,False,0,0,False,0,0,False,1,0,10,0.1,3.4854498439733383,3.960234166750742,0,0,0,0,0,0,0,0,0,0,0,1,0,0,0,0,0,0,0,0,0,0.0,0,0,0,0,0,0,0,0,ucap-3.6.1_update_type.py,malicious,ucap-3.6.1,1
3,0,False,False,False,0,30,0,7,0.0,0,0,0,0,False,0,0,False,0,0,False,1,0,49,0.02040816326530612,0.0,0.0,0,0,0,0,0,0,0,0,0,0,0,0,0,0,0,0,0,0,30,7,2,0.0,0,0,0,0,0,0,0,0,ucap-3.6.1_utils.py,malicious,ucap-3.6.1,1
3,0,False,False,False,3,5,0,5,0.04411764705882353,0,0,0,0,False,2,0,True,0,0,False,3,1,68,0.04411764705882353,4.443432664999014,4.739339154893166,1,0,0,0,0,0,0,0,0,1,0,1,0,0,0,0,0,1,5,5,2,0.0,0,0,2,1,0,0,0,0,ucap-3.6.1_value_header.py,malicious,ucap-3.6.1,1
10,0,False,False,False,5,42,0,11,0.024875621890547265,0,1,0,0,False,2,0,True,0,0,False,5,1,201,0.024875621890547265,3.59038128924489,4.586183358692582,2,0,0,0,0,0,0,0,0,0,0,1,0,0,1,0,1,0,42,11,2,0.0,0,0,4,1,0,0,0,0,ucap-3.6.1_value_type.py,malicious,ucap-3.6.1,1
9,0,False,False,False,6,54,0,15,0.03208556149732621,0,0,0,0,False,23,0,True,0,0,False,31,2,187,0.1657754010695187,4.253281832456542,4.4332080733223185,0,0,0,0,0,0,0,0,0,0,0,1,0,0,0,0,0,0,54,15,2,0.0,0,0,30,2,0,0,0,0,ucap-3.6.1_value_validation.py,malicious,ucap-3.6.1,1
11,0,False,False,False,7,48,0,32,0.022222222222222223,1,4,0,0,False,2,0,True,0,0,False,25,3,315,0.07936507936507936,3.7370831929598207,4.318310593426323,0,0,0,0,0,0,0,0,0,1,0,1,0,0,0,0,0,1,48,32,2,0.0,0,0,24,4,1,0,0,0,urllib7-1.26.12_appengine.py,malicious,urllib7-1.26.12,1
5,0,False,False,False,2,20,0,8,0.025974025974025976,0,1,0,0,False,0,0,False,0,0,False,4,1,77,0.05194805194805195,3.8443160388947746,4.298068512058839,0,0,0,0,0,0,0,0,1,0,0,0,0,0,0,0,0,1,20,8,1,0.0,0,0,3,1,1,0,0,0,urllib7-1.26.12_benchmark.py,malicious,urllib7-1.26.12,1
5,0,False,False,False,1,60,0,15,0.0019230769230769232,0,0,1,0,False,0,0,False,0,0,False,8,1,520,0.015384615384615385,3.8193737899438633,4.341980119507961,0,0,0,0,0,0,0,0,0,1,0,1,0,1,0,0,1,1,60,17,3,0.0,0,0,7,2,0,0,0,0,urllib7-1.26.12_bindings.py,malicious,urllib7-1.26.12,1
5,1,True,False,False,1,9,0,8,0.01098901098901099,0,0,0,0,False,0,0,False,0,0,False,1,0,91,0.01098901098901099,3.321468803164944,3.753269689515107,0,0,0,0,0,0,0,0,0,0,0,1,0,0,0,0,0,0,9,8,3,0.0,0,0,0,0,0,0,0,0,urllib7-1.26.12_conf.py,malicious,urllib7-1.26.12,1
17,1,False,False,True,19,104,0,34,0.06761565836298933,0,0,1,0,False,5,0,True,0,0,False,11,2,281,0.03914590747330961,3.471710014806208,4.0022680844408445,0,0,0,0,0,0,0,0,0,1,0,1,0,1,1,0,2,1,104,36,2,10.0,1,1,10,2,1,0,1,0,urllib7-1.26.12_conftest.py,malicious,urllib7-1.26.12,1
6,1,False,False,True,5,22,0,19,0.03333333333333333,0,3,0,0,False,1,0,True,0,0,False,19,2,150,0.12666666666666668,3.934843869728089,4.108744411015931,0,0,0,0,0,0,0,0,0,1,1,1,0,0,0,1,0,1,22,19,2,10.0,1,1,18,3,1,0,0,0,urllib7-1.26.12_connection.py,malicious,urllib7-1.26.12,1
26,3,False,False,True,26,148,0,84,0.023402340234023402,0,11,0,0,True,17,0,True,0,0,False,71,4,1111,0.0639063906390639,3.676567108124124,4.488664196778505,0,0,0,0,0,0,0,0,0,1,0,1,0,0,0,0,0,1,148,94,4,0.0,0,0,70,5,1,0,0,0,urllib7-1.26.12_connectionpool.py,malicious,urllib7-1.26.12,1
2,0,False,False,False,15,18,0,3,0.046296296296296294,0,0,0,0,False,0,0,False,0,0,False,3,1,324,0.009259259259259259,4.015653830657292,4.44018689161642,0,0,0,0,0,0,0,0,0,0,0,1,0,0,0,0,0,0,18,6,2,0.0,0,0,2,1,0,0,0,0,urllib7-1.26.12_exceptions.py,malicious,urllib7-1.26.12,1
5,0,False,False,False,11,41,1,28,0.04,0,1,0,1,False,4,0,True,0,0,False,19,3,275,0.06909090909090909,3.0969686257858013,3.6368421881310122,0,0,0,0,0,0,0,1,0,0,5,0,0,0,0,5,0,0,41,31,3,0.0,0,0,18,3,0,0,0,0,urllib7-1.26.12_fields.py,malicious,urllib7-1.26.12,1
8,1,True,False,False,4,30,0,17,0.04040404040404041,6,0,0,0,True,5,0,True,0,0,False,10,2,99,0.10101010101010101,3.262373813001073,4.202819531114783,0,0,0,0,0,0,0,0,0,0,1,1,0,0,0,1,0,0,30,18,2,0.0,0,0,9,2,0,0,0,0,urllib7-1.26.12_filepost.py,malicious,urllib7-1.26.12,1
16,0,False,False,False,33,139,0,47,0.0990990990990991,3,20,0,0,True,6,0,True,0,0,False,30,4,333,0.09009009009009009,3.4383474817714883,4.152978358288115,0,0,0,0,0,1,0,0,1,1,12,1,0,0,0,13,0,2,139,61,4,0.0,0,0,29,4,1,0,0,0,urllib7-1.26.12_handlers.py,malicious,urllib7-1.26.12,1
9,1,True,False,False,13,98,1,58,0.032663316582914576,2,0,0,1,False,0,0,False,0,0,False,26,3,398,0.06532663316582915,3.580010088148102,3.948505667902822,0,0,0,0,0,0,0,1,0,0,4,1,0,0,0,4,0,0,98,61,2,0.0,0,0,25,4,0,0,0,0,urllib7-1.26.12_low_level.py,malicious,urllib7-1.26.12,1
2,1,False,False,True,1,8,0,7,0.019230769230769232,0,0,0,0,False,0,0,False,0,0,False,11,2,52,0.21153846153846154,3.790871955768267,3.9015785803191063,0,0,0,0,0,0,0,0,0,0,0,0,0,0,0,0,0,0,8,7,1,0.0,0,0,10,2,0,0,0,0,urllib7-1.26.12_makefile.py,malicious,urllib7-1.26.12,1
5,0,False,False,False,3,36,0,18,0.022900763358778626,2,1,0,0,False,0,0,False,0,0,False,7,2,131,0.05343511450381679,3.4928287133994997,4.344021303503762,0,0,0,0,0,0,0,0,0,0,0,1,0,0,0,0,0,0,36,19,3,0.0,0,0,6,2,1,0,0,0,urllib7-1.26.12_ntlmpool.py,malicious,urllib7-1.26.12,1
13,0,False,False,False,19,87,0,48,0.03531598513011153,0,11,0,0,True,2,0,True,0,0,False,40,3,538,0.07434944237918216,3.3135196434657774,4.392283547037795,0,0,0,0,0,0,0,0,0,0,0,1,0,0,0,0,0,0,87,64,2,0.0,0,0,39,4,1,0,0,0,urllib7-1.26.12_poolmanager.py,malicious,urllib7-1.26.12,1
1,1,False,False,True,2,13,0,9,0.018867924528301886,0,1,0,0,False,3,0,True,0,0,False,7,3,106,0.0660377358490566,3.5594857628949925,3.9939427079182677,0,0,0,0,0,0,0,0,0,0,0,1,0,0,0,0,0,0,13,9,1,0.0,0,0,6,3,0,0,0,0,urllib7-1.26.12_port_helpers.py,malicious,urllib7-1.26.12,1
1,0,False,False,False,2,5,0,5,0.034482758620689655,0,0,0,0,False,1,0,True,0,0,False,5,1,58,0.08620689655172414,3.503258334775645,3.503258334775645,0,0,0,0,0,0,0,0,0,0,0,1,0,0,0,0,0,0,5,5,2,0.0,0,0,4,1,0,0,0,0,urllib7-1.26.12_proxy.py,malicious,urllib7-1.26.12,1
20,3,False,False,True,33,103,0,62,0.06346153846153846,0,3,0,0,False,12,0,True,0,0,False,57,2,520,0.10961538461538461,3.649688904845883,4.612911304315742,2,0,0,0,0,0,0,0,0,1,9,1,0,0,1,9,1,1,103,72,2,20.0,2,1,56,3,1,0,0,1,urllib7-1.26.12_pyopenssl.py,malicious,urllib7-1.26.12,1
4,0,False,False,False,4,4,0,4,0.17391304347826086,0,0,0,0,False,0,0,False,0,0,False,2,1,23,0.08695652173913043,0.0,0.0,0,0,0,0,0,0,0,0,0,0,0,0,0,0,0,0,0,0,4,4,1,0.0,0,0,1,1,0,0,0,0,urllib7-1.26.12_queue.py,malicious,urllib7-1.26.12,1
6,0,False,False,False,3,21,0,14,0.02040816326530612,0,0,0,0,False,6,0,True,0,0,False,17,3,147,0.11564625850340136,3.349478758414963,4.072905595320056,0,0,0,0,0,0,0,0,0,0,4,1,0,0,0,4,0,0,21,14,3,0.0,0,0,16,3,0,0,0,0,urllib7-1.26.12_request.py,malicious,urllib7-1.26.12,1
4,0,False,False,False,3,15,0,11,0.027777777777777776,0,0,0,0,False,7,0,True,0,0,False,11,3,108,0.10185185185185185,3.7144973963073586,4.135564959585625,0,0,0,0,0,0,0,0,0,0,0,1,0,0,0,0,0,0,15,11,3,0.0,0,0,10,3,0,0,0,0,urllib7-1.26.12_response.py,malicious,urllib7-1.26.12,1
10,0,False,False,False,23,81,0,51,0.037037037037037035,0,0,0,0,False,12,0,True,0,0,False,43,6,621,0.06924315619967794,3.9534024753430446,4.877362433062413,10,0,0,0,0,0,0,0,1,1,0,1,0,0,0,0,0,2,80,52,4,0.0,0,0,42,6,1,0,0,0,urllib7-1.26.12_retry.py,malicious,urllib7-1.26.12,1
17,2,False,False,True,41,148,0,83,0.044468546637744036,3,4,0,0,True,7,0,True,0,0,False,76,6,922,0.0824295010845987,3.5427598842175057,4.513269689515109,1,0,0,0,0,0,0,0,0,1,1,1,0,0,0,1,0,1,148,87,2,30.0,3,1,75,6,1,0,0,1,urllib7-1.26.12_securetransport.py,malicious,urllib7-1.26.12,1
19,2,True,False,True,10,57,0,43,0.04405286343612335,0,3,0,0,False,1,0,True,0,0,False,17,2,227,0.07488986784140969,3.531602946048709,4.3556544335997085,0,0,0,0,0,0,0,0,0,1,0,1,0,0,1,0,1,1,57,44,2,20.0,2,1,16,3,1,0,0,0,urllib7-1.26.12_server.py,malicious,urllib7-1.26.12,1
4,1,True,False,False,0,15,1,10,0.0,5,0,0,1,False,0,0,False,0,0,False,5,4,97,0.05154639175257732,3.7913642863813664,4.646612184241243,2,0,0,0,0,0,0,1,0,0,0,1,0,0,0,0,0,0,15,12,3,0.0,0,0,4,4,0,0,0,0,urllib7-1.26.12_setup.py,malicious,urllib7-1.26.12,1
10,0,False,False,False,69,332,2,80,0.06406685236768803,4,3,0,2,True,53,1,True,0,0,False,89,4,1077,0.08263695450324977,3.3126855643030733,4.43843486582502,0,0,0,0,0,0,1,1,0,1,7,1,0,0,1,7,1,1,328,87,2,0.0,0,0,88,4,0,0,1,0,urllib7-1.26.12_six.py,malicious,urllib7-1.26.12,1
1,1,False,False,True,1,15,0,10,0.015625,0,3,0,0,False,1,0,True,0,0,False,10,3,64,0.15625,3.9949317472410346,4.4856264560231365,0,0,0,0,0,0,0,0,0,0,0,1,0,0,0,0,0,0,15,11,1,0.0,0,0,9,4,0,0,0,0,urllib7-1.26.12_socketpair_helper.py,malicious,urllib7-1.26.12,1
12,2,False,False,True,3,17,0,12,0.013824884792626729,0,0,0,0,False,1,0,True,0,0,False,16,4,217,0.07373271889400922,3.558328851670397,4.479330013164123,0,0,0,0,0,0,0,0,0,0,0,1,0,0,0,0,0,0,17,12,2,0.0,0,0,15,4,0,0,0,0,urllib7-1.26.12_socks.py,malicious,urllib7-1.26.12,1
5,1,False,False,True,25,49,0,35,0.11261261261261261,3,2,0,0,False,1,0,True,0,0,False,28,4,222,0.12612612612612611,3.9274820954576115,4.402377086614259,0,0,0,0,0,0,0,0,0,0,0,1,0,0,0,0,0,0,49,37,1,30.0,3,1,27,4,1,0,0,1,urllib7-1.26.12_ssltransport.py,malicious,urllib7-1.26.12,1
20,1,True,False,False,15,66,0,39,0.03024193548387097,1,2,0,0,False,13,0,True,0,0,False,45,3,496,0.0907258064516129,3.6104245084209947,4.488664196778505,0,0,0,0,0,0,0,0,0,2,2,1,0,0,1,2,1,2,66,42,3,10.0,1,1,44,3,1,1,0,0,urllib7-1.26.12_ssl_.py,malicious,urllib7-1.26.12,1
3,0,False,False,False,4,42,1,23,0.025,0,2,0,1,False,1,0,True,0,0,False,25,5,160,0.15625,3.6356568630961004,4.4420997385814935,0,0,0,0,0,0,0,1,0,0,0,0,0,0,1,0,1,0,42,26,3,0.0,0,0,24,5,0,0,0,0,urllib7-1.26.12_ssl_match_hostname.py,malicious,urllib7-1.26.12,1
8,0,False,False,False,19,74,0,39,0.0673758865248227,0,4,0,0,False,3,0,True,0,0,False,15,2,282,0.05319148936170213,3.5366862114915745,3.7216117239699003,0,0,0,0,0,0,0,0,0,0,2,1,0,0,0,2,0,0,74,42,2,70.0,7,1,14,2,1,0,0,1,urllib7-1.26.12_testcase.py,malicious,urllib7-1.26.12,1
5,0,False,False,False,23,107,0,28,0.08712121212121213,0,15,0,0,True,1,0,True,0,0,False,13,2,264,0.04924242424242424,2.955881591231301,4.359377914716119,0,0,0,0,0,0,0,0,0,0,3,1,0,0,0,3,0,0,107,35,3,30.0,3,1,12,2,1,0,0,0,urllib7-1.26.12_test_chunked_transfer.py,malicious,urllib7-1.26.12,1
5,0,False,False,False,41,154,0,34,0.10704960835509138,0,4,0,0,False,0,0,False,0,0,False,11,1,383,0.028720626631853787,3.1508269223619703,4.385956789702442,0,0,0,0,0,0,0,0,0,0,0,1,0,0,0,0,0,0,154,41,3,0.0,0,0,10,1,0,0,0,0,urllib7-1.26.12_test_collections.py,malicious,urllib7-1.26.12,1
5,0,False,False,False,3,13,0,10,0.06666666666666667,0,0,0,0,False,0,0,False,0,0,False,4,2,45,0.08888888888888889,3.8787041303884995,4.757899033864568,1,0,0,0,0,0,0,0,0,0,0,1,0,0,0,0,0,0,13,10,1,0.0,0,0,3,2,0,0,0,0,urllib7-1.26.12_test_compatibility.py,malicious,urllib7-1.26.12,1
4,0,False,False,False,14,33,0,8,0.1,0,0,0,0,False,0,0,False,0,0,False,5,1,140,0.03571428571428571,3.506388828324124,4.07391321234758,0,0,0,0,0,0,0,0,0,0,0,1,0,0,0,0,0,0,33,8,2,0.0,0,0,4,2,0,0,0,0,urllib7-1.26.12_test_connection.py,malicious,urllib7-1.26.12,1
26,2,True,False,True,80,490,0,68,0.05847953216374269,9,29,2,0,True,4,0,True,0,0,False,22,3,1368,0.01608187134502924,3.3958995618373318,4.76273355257368,2,0,0,0,0,1,0,0,1,2,15,1,0,1,0,16,1,3,490,87,2,30.0,3,1,21,4,1,0,1,1,urllib7-1.26.12_test_connectionpool.py,malicious,urllib7-1.26.12,1
4,1,False,False,False,2,26,0,17,0.041666666666666664,0,0,0,0,False,2,0,True,0,0,False,1,0,48,0.020833333333333332,3.2514711282865556,3.3927474104487847,0,0,0,0,0,0,0,0,0,0,0,1,0,0,0,0,0,0,26,17,3,0.0,0,0,0,0,0,0,0,0,urllib7-1.26.12_test_exceptions.py,malicious,urllib7-1.26.12,1
3,0,False,False,False,13,44,0,9,0.1262135922330097,0,0,0,0,False,0,0,False,0,0,False,1,0,103,0.009708737864077669,3.5323832426270503,4.422701585398285,0,0,0,0,0,0,0,0,0,0,0,1,0,0,0,0,0,0,44,12,2,0.0,0,0,0,0,0,0,0,0,urllib7-1.26.12_test_fields.py,malicious,urllib7-1.26.12,1
4,0,False,False,False,8,38,0,11,0.06201550387596899,0,0,0,0,False,0,0,False,0,0,False,3,1,129,0.023255813953488372,3.8024293356210555,4.369201725352881,0,0,0,0,0,0,0,0,0,0,0,1,0,0,0,0,0,0,38,11,4,0.0,0,0,2,1,0,0,0,0,urllib7-1.26.12_test_filepost.py,malicious,urllib7-1.26.12,1
8,0,False,False,False,13,41,0,16,0.07262569832402235,0,1,0,0,False,0,0,False,0,0,False,1,1,179,0.00558659217877095,3.3910101181256445,3.91688908867089,0,0,0,0,0,0,0,0,0,0,0,1,0,0,0,0,0,0,41,18,2,0.0,0,0,0,1,1,0,0,0,urllib7-1.26.12_test_gae_manager.py,malicious,urllib7-1.26.12,1
21,0,False,False,False,52,298,0,63,0.05603448275862069,5,5,0,0,True,19,0,True,0,0,False,24,4,928,0.02586206896551724,3.347155252467884,4.414798567708407,0,0,0,0,0,0,0,0,0,0,3,1,0,0,1,3,1,0,298,72,2,0.0,0,0,23,4,1,1,0,0,urllib7-1.26.12_test_https.py,malicious,urllib7-1.26.12,1
4,0,False,False,False,2,5,0,4,0.06060606060606061,0,0,0,0,False,0,0,False,0,0,False,2,1,33,0.06060606060606061,3.8100810205217313,3.8100810205217313,0,0,0,0,0,0,0,0,0,0,0,1,0,0,0,0,0,0,5,4,1,0.0,0,0,1,2,0,0,0,0,urllib7-1.26.12_test_no_ssl.py,malicious,urllib7-1.26.12,1
9,0,False,False,False,21,112,0,16,0.05398457583547558,0,9,0,0,True,0,0,False,0,0,False,1,2,389,0.002570694087403599,3.218556046563997,4.277613436819113,0,0,0,0,0,1,0,0,0,0,11,1,0,0,0,12,0,0,112,17,3,0.0,0,0,0,2,0,0,0,0,urllib7-1.26.12_test_poolmanager.py,malicious,urllib7-1.26.12,1
6,0,False,False,False,5,38,0,13,0.06097560975609756,0,2,0,0,False,2,0,True,0,0,False,1,2,82,0.012195121951219513,3.5166085886099614,4.09811781214885,0,0,0,0,0,0,0,0,0,0,0,1,0,0,0,0,0,0,38,13,2,0.0,0,0,0,2,1,0,0,0,urllib7-1.26.12_test_proxymanager.py,malicious,urllib7-1.26.12,1
19,1,False,False,True,38,278,0,45,0.04915912031047866,0,47,0,0,True,12,0,True,0,0,False,7,2,773,0.009055627425614488,3.313560891852228,4.349191770915039,0,0,0,0,0,1,0,0,0,0,13,1,0,0,1,14,1,0,278,54,2,0.0,0,0,6,2,1,0,0,0,urllib7-1.26.12_test_proxy_poolmanager.py,malicious,urllib7-1.26.12,1
11,1,True,False,False,6,14,0,12,0.0594059405940594,2,0,0,0,False,1,0,True,0,0,False,4,1,101,0.039603960396039604,3.7014604097992296,4.148394345536403,0,0,0,0,0,0,0,0,0,0,0,1,0,0,0,0,0,0,14,12,2,0.0,0,0,3,1,0,0,0,0,urllib7-1.26.12_test_pyopenssl.py,malicious,urllib7-1.26.12,1
5,0,False,False,False,4,12,0,6,0.0625,0,0,0,0,False,0,0,False,0,0,False,4,2,64,0.0625,4.046983008985859,4.148394345536403,0,0,0,0,0,0,0,0,0,0,0,1,0,0,0,0,0,0,12,6,1,0.0,0,0,3,3,0,0,0,0,urllib7-1.26.12_test_pyopenssl_dependencies.py,malicious,urllib7-1.26.12,1
6,0,False,False,False,1,5,0,4,0.03225806451612903,0,0,0,0,False,0,0,False,0,0,False,1,3,31,0.03225806451612903,0.0,0.0,0,0,0,0,0,0,0,0,0,0,0,1,0,0,0,0,0,0,5,4,1,0.0,0,0,0,3,0,0,0,0,urllib7-1.26.12_test_queue_monkeypatch.py,malicious,urllib7-1.26.12,1
16,1,False,False,True,85,434,0,61,0.0794392523364486,32,3,0,0,True,4,0,True,0,0,False,26,2,1070,0.024299065420560748,3.1311766441191344,4.054229296672174,0,0,0,0,0,1,0,0,0,0,30,1,0,0,0,31,0,0,434,78,3,0.0,0,0,25,3,1,0,0,0,urllib7-1.26.12_test_response.py,malicious,urllib7-1.26.12,1
8,0,False,False,False,27,203,0,32,0.07238605898123325,0,0,0,0,False,1,0,True,0,0,False,4,2,373,0.010723860589812333,3.474124608685945,4.096481704426505,0,0,0,0,0,0,0,0,0,0,0,1,0,0,0,0,0,0,203,34,2,0.0,0,0,3,2,0,0,0,0,urllib7-1.26.12_test_retry.py,malicious,urllib7-1.26.12,1
8,0,False,False,False,36,224,0,37,0.07407407407407407,0,0,0,0,False,1,0,True,0,0,False,5,2,486,0.0102880658436214,3.4955657107723246,4.096481704426505,0,0,0,0,0,0,0,0,0,0,0,1,0,0,0,0,0,0,224,39,2,0.0,0,0,4,2,0,0,0,0,urllib7-1.26.12_test_retry_deprecated.py,malicious,urllib7-1.26.12,1
11,1,False,False,True,4,14,0,9,0.058823529411764705,0,2,0,0,False,0,0,False,0,0,False,4,2,68,0.058823529411764705,3.4599581954870158,4.048688113203415,0,0,0,0,0,0,0,0,0,0,1,1,0,0,0,1,0,0,14,9,2,0.0,0,0,3,2,0,0,0,0,urllib7-1.26.12_test_securetransport.py,malicious,urllib7-1.26.12,1
29,2,True,False,True,115,746,0,94,0.057100297914597815,10,102,0,0,True,4,0,True,0,0,False,69,4,2014,0.03426017874875869,3.5866069563096734,4.710649970428229,2,0,0,0,0,1,0,0,0,1,37,1,0,0,1,38,1,1,746,153,3,230.0,23,1,68,4,1,1,0,1,urllib7-1.26.12_test_socketlevel.py,malicious,urllib7-1.26.12,1
10,1,False,False,True,41,243,0,37,0.057746478873239436,0,39,0,0,True,0,0,False,0,0,False,36,3,710,0.05070422535211268,3.2524950490350077,4.012188403968661,0,0,0,0,0,0,0,0,0,0,0,1,0,0,0,0,0,0,243,44,2,130.0,13,1,35,3,1,0,0,1,urllib7-1.26.12_test_socks.py,malicious,urllib7-1.26.12,1
5,0,False,False,False,9,46,0,11,0.05263157894736842,0,0,1,0,False,6,0,True,0,0,False,3,1,171,0.017543859649122806,3.2916655945088187,3.879893823520666,0,0,0,0,0,0,0,0,0,0,0,1,0,0,0,0,0,0,46,13,1,0.0,0,0,2,1,0,0,0,0,urllib7-1.26.12_test_ssl.py,malicious,urllib7-1.26.12,1
11,1,False,False,True,33,218,0,62,0.06346153846153846,3,12,1,0,True,7,0,True,0,0,False,12,4,520,0.023076923076923078,3.6968785519644927,4.3653115322251015,0,0,0,0,0,1,0,0,0,1,4,1,0,1,1,5,2,1,218,83,2,60.0,6,1,11,5,1,0,1,1,urllib7-1.26.12_test_ssltransport.py,malicious,urllib7-1.26.12,1
7,0,False,False,False,3,15,0,11,0.04477611940298507,0,0,0,0,False,0,0,False,0,0,False,1,1,67,0.014925373134328358,3.4237584748518666,4.137537511266052,0,0,0,0,0,0,0,0,0,0,0,1,0,0,0,0,0,0,15,11,4,0.0,0,0,0,1,0,0,0,0,urllib7-1.26.12_test_urlfetch.py,malicious,urllib7-1.26.12,1
23,1,False,False,True,65,279,0,66,0.0668724279835391,6,0,0,0,True,6,0,True,0,0,False,4,2,972,0.00411522633744856,3.422347323304198,4.901124099146559,11,0,0,0,0,0,0,0,0,0,0,1,0,0,0,0,0,0,279,70,4,0.0,0,0,3,2,1,1,0,0,urllib7-1.26.12_test_util.py,malicious,urllib7-1.26.12,1
9,1,False,False,True,10,69,0,22,0.049019607843137254,0,6,0,0,True,3,0,True,0,0,False,8,1,204,0.0392156862745098,3.6368421881310113,3.636842188131012,0,0,0,0,0,0,0,0,0,0,0,1,0,0,0,0,0,0,69,24,2,20.0,2,1,7,3,1,0,0,1,urllib7-1.26.12_test_wait.py,malicious,urllib7-1.26.12,1
4,1,False,False,True,9,24,0,13,0.03345724907063197,0,0,0,0,False,3,0,True,0,0,False,14,2,269,0.05204460966542751,3.626817663110262,3.852727783453858,0,0,0,0,0,0,0,0,0,0,0,1,0,0,0,0,0,0,24,13,3,0.0,0,0,13,2,0,0,0,0,urllib7-1.26.12_timeout.py,malicious,urllib7-1.26.12,1
6,1,True,False,False,1,10,0,9,0.024390243902439025,0,0,0,0,False,1,0,True,0,0,False,5,1,41,0.12195121951219512,3.84871710149776,4.081727678869737,0,0,0,0,0,0,0,0,0,1,0,1,0,0,0,0,0,1,10,9,2,0.0,0,0,4,1,0,0,0,0,urllib7-1.26.12_tz_stub.py,malicious,urllib7-1.26.12,1
6,0,False,False,False,15,103,10,49,0.034403669724770644,0,0,0,10,False,2,0,True,0,0,False,51,5,436,0.11697247706422019,3.6720118309322207,6.087462841250345,2,0,0,0,0,0,0,10,0,0,6,1,0,0,0,6,0,0,103,62,5,0.0,0,0,50,5,0,0,0,0,urllib7-1.26.12_url.py,malicious,urllib7-1.26.12,1
6,0,False,False,False,10,26,0,14,0.06535947712418301,0,0,0,0,False,1,0,True,0,0,False,19,4,153,0.12418300653594772,3.619156853625616,4.052503561468786,0,0,0,0,0,0,0,0,0,1,0,1,0,0,1,0,1,1,26,16,2,0.0,0,0,18,5,0,0,0,0,urllib7-1.26.12_wait.py,malicious,urllib7-1.26.12,1
1,1,True,False,False,5,7,0,5,0.13513513513513514,0,2,0,0,False,0,0,False,0,0,False,1,0,37,0.02702702702702703,3.2345755543176935,3.503258334775645,0,0,0,0,0,0,0,0,0,1,0,0,0,0,0,0,0,1,7,5,2,0.0,0,0,0,0,0,0,0,0,urllib7-1.26.12__appengine_environ.py,malicious,urllib7-1.26.12,1
8,0,False,False,False,31,89,0,41,0.09171597633136094,0,1,0,0,False,14,0,True,0,0,False,38,4,338,0.11242603550295859,3.5661685087729547,4.204777458317681,0,0,0,0,0,0,0,0,0,0,0,1,0,0,0,0,0,0,87,47,3,0.0,0,0,37,4,0,0,0,0,urllib7-1.26.12__collections.py,malicious,urllib7-1.26.12,1
0,0,False,False,False,0,0,0,0,0.0,0,0,0,0,False,0,0,False,0,0,False,1,0,3,0.3333333333333333,0.0,0.0,0,0,0,0,0,0,0,0,0,0,0,0,0,0,0,0,0,0,0,0,0,0.0,0,0,0,0,0,0,0,0,urllib7-1.26.12__version.py,malicious,urllib7-1.26.12,1
10,2,True,False,True,5,31,0,22,0.06097560975609756,0,1,3,0,False,0,0,False,0,0,False,4,1,82,0.04878048780487805,3.163437678846495,4.217525287299065,0,0,0,0,0,0,0,0,0,1,2,1,0,0,0,2,0,1,31,25,2,0.0,0,0,3,2,0,0,0,0,vertica_parser-99.9.9_setup.py,malicious,vertica,1
1,0,False,False,False,0,1,0,1,0.0,0,0,0,0,False,0,0,False,0,0,False,1,0,9,0.1111111111111111,3.3977199722559317,3.6899015819921512,0,0,0,0,0,0,0,0,0,0,0,0,0,0,0,0,0,0,1,1,1,0.0,0,0,0,0,0,0,0,0,xFileSyncerx-0.0.2_setup.py,malicious,xFileSyncerx-0.0.2,1
3,1,True,False,False,2,10,1,10,0.05714285714285714,0,1,1,1,False,0,1,False,0,0,False,3,2,35,0.08571428571428572,4.544468840054075,4.544468840054075,1,0,0,0,0,0,0,1,0,0,0,1,0,0,1,0,1,0,10,10,4,0.0,0,0,2,2,0,0,0,0,xFileSyncerx-0.0.2_xfilesyncerx.py,malicious,xFileSyncerx-0.0.2,1
1,0,False,False,False,0,0,0,0,0.0,0,0,0,0,False,0,0,False,0,0,False,1,0,1,1.0,0.0,0.0,0,0,0,0,0,0,0,0,0,0,0,0,0,0,0,0,0,0,0,0,0,0.0,0,0,0,0,0,0,0,0,xFileSyncerx-0.0.2___init__.py,malicious,xFileSyncerx-0.0.2,1
11,2,True,False,True,4,35,0,26,0.057971014492753624,4,1,1,0,True,0,0,False,0,0,False,4,1,69,0.057971014492753624,3.684297528106987,4.310586418631468,0,0,0,0,0,0,0,0,0,2,2,1,0,0,1,2,1,2,35,28,4,0.0,0,0,3,1,1,0,0,0,zoom-pyutils-7.0.0_setup.py,malicious,zoom-pyutils-7.0.0,1
4,1,False,True,False,3,4,0,3,0.08823529411764706,0,0,1,0,False,0,0,False,0,0,False,1,0,34,0.029411764705882353,3.774409593244381,4.013195830956904,0,0,0,0,0,0,0,0,0,0,0,0,0,0,0,0,0,0,4,3,1,0.0,0,0,0,0,0,0,0,0,test_tutorial004.py,benign,test,0
4,0,False,False,False,4,13,0,6,0.05263157894736842,0,5,0,0,False,0,0,False,0,0,False,1,0,76,0.013157894736842105,3.318628224516463,3.8573068568981284,0,0,0,0,0,0,0,0,0,0,0,0,0,0,0,0,0,0,13,7,1,0.0,0,0,0,0,0,0,0,0,test_security_oauth2_authorization_code_bearer.py,benign,test,0
9,0,False,False,False,11,69,0,28,0.024229074889867842,0,0,0,0,False,3,0,True,0,0,False,26,3,454,0.05726872246696035,3.933955262719099,4.4042397504707305,0,0,0,0,0,0,0,0,0,1,0,1,0,0,0,0,0,1,69,35,3,0.0,0,0,25,3,0,0,0,0,objects.py,benign,objects,0
5,0,False,False,False,13,250,0,47,0.00867244829886591,0,0,0,0,False,4,0,True,0,0,False,113,5,1499,0.07538358905937291,3.5454849070337953,5.700439718141095,1,0,0,0,0,0,0,0,0,0,0,1,0,0,0,0,0,0,250,83,4,0.0,0,0,112,5,0,0,0,0,einsumfunc.py,benign,einsumfunc,0
7,0,False,False,False,0,1,0,1,0.0,0,0,0,0,False,0,0,False,0,0,False,2,1,25,0.08,3.2816197706996135,3.636006945330954,0,0,0,0,0,0,0,0,0,0,0,1,0,0,0,0,0,0,1,1,1,0.0,0,0,1,1,0,0,0,0,__init__.py,benign,,0
7,0,False,False,False,5,68,0,14,0.045871559633027525,0,0,0,0,False,0,0,False,0,0,False,3,1,109,0.027522935779816515,3.2512223851364674,4.066108939837481,0,0,0,0,0,0,0,0,0,0,0,1,0,0,0,0,0,0,68,14,2,0.0,0,0,2,1,0,0,0,0,test_precompute_gammainc.py,benign,test,0
3,0,False,False,False,2,14,0,6,0.025974025974025976,0,0,0,0,False,0,0,False,0,0,False,16,4,77,0.2077922077922078,3.5879257180435618,3.767894147619623,0,0,0,0,0,0,0,0,0,0,0,1,0,0,0,0,0,0,14,6,2,0.0,0,0,15,4,0,0,0,0,_spfuncs.py,benign,,0
0,0,False,False,False,0,0,0,0,0.0,0,0,0,0,False,0,0,False,0,0,False,1,0,9,0.1111111111111111,3.7278098080841553,3.7278098080841553,0,0,0,0,0,0,0,0,0,0,0,0,0,0,0,0,0,0,0,0,0,0.0,0,0,0,0,0,0,0,0,urls_error_handlers.py,benign,urls,0
2,0,False,False,False,0,39,0,20,0.0,0,0,0,0,False,0,0,False,0,0,False,1,0,77,0.012987012987012988,0.0,0.0,0,0,0,0,0,0,0,0,0,0,0,1,0,0,0,0,0,0,39,21,2,0.0,0,0,0,0,0,0,0,0,multiarray.py,benign,multiarray,0
12,0,False,False,False,4,85,0,48,0.007079646017699115,0,0,0,0,False,11,0,True,0,0,False,38,5,565,0.06725663716814159,3.6670951778843057,4.2039412105411795,0,0,0,0,0,0,0,0,0,0,0,1,0,0,0,0,0,0,85,52,2,0.0,0,0,37,5,0,0,0,0,decision_boundary.py,benign,decision,0
8,0,False,False,False,18,137,0,44,0.05714285714285714,0,0,0,0,False,1,0,True,0,0,False,5,1,315,0.015873015873015872,3.6022468837070942,3.7264741182543757,0,0,0,0,0,0,0,0,0,0,0,1,0,0,0,0,0,0,137,56,2,0.0,0,0,4,1,0,0,0,0,test_bayes.py,benign,test,0
1,0,False,False,False,0,3,0,3,0.0,0,0,0,0,False,0,0,False,0,0,False,1,0,26,0.038461538461538464,0.0,0.0,0,0,0,0,0,0,0,0,0,0,0,0,0,0,0,0,0,0,3,3,2,0.0,0,0,0,0,0,0,0,0,0001_initial.py,benign,0001,0
1,0,False,False,False,6,6,0,4,0.18181818181818182,0,0,0,0,False,0,0,False,0,0,False,2,0,33,0.06060606060606061,0.0,0.0,0,0,0,0,0,0,0,0,0,0,4,0,0,0,0,4,0,0,6,4,2,0.0,0,0,1,1,0,0,0,0,session.py,benign,session,0
2,0,False,False,False,20,20,0,10,0.05970149253731343,0,0,0,0,False,2,0,True,0,0,False,5,3,335,0.014925373134328358,3.011266769701906,3.8488846166291197,0,0,0,0,0,0,0,0,0,0,0,1,0,0,0,0,0,0,20,10,2,0.0,0,0,4,3,0,0,0,0,_font.py,benign,,0
5,0,False,False,False,22,102,0,50,0.06060606060606061,0,4,0,0,False,12,0,True,0,0,False,37,3,363,0.10192837465564739,3.683660661420433,4.2170124404827,0,0,0,0,0,0,0,0,0,0,0,1,0,0,0,0,0,0,101,67,4,0.0,0,0,36,3,0,0,0,0,loader_tags.py,benign,loader,0
12,0,False,False,False,61,163,0,43,0.10427350427350428,0,3,0,0,False,9,0,True,0,0,False,24,4,585,0.041025641025641026,3.9675030793256094,4.266397243517743,0,0,0,0,0,0,0,0,0,0,0,1,0,0,0,0,0,0,163,51,4,0.0,0,0,23,4,0,0,0,0,metadata_routing_common.py,benign,metadata,0
1,0,False,False,False,2,3,0,2,0.15384615384615385,0,1,0,0,False,0,0,False,0,0,False,1,0,13,0.07692307692307693,3.577131416725299,3.973429846245158,0,0,0,0,0,0,0,0,0,0,0,0,0,0,0,0,0,0,3,2,1,0.0,0,0,0,0,0,0,0,0,test_factory.py,benign,test,0
8,0,False,False,False,7,34,0,10,0.09333333333333334,0,0,0,0,False,0,0,False,0,0,False,2,1,75,0.02666666666666667,3.457742962454093,4.5388962142279325,1,0,0,0,0,0,0,0,0,0,0,1,0,0,0,0,0,0,34,10,2,0.0,0,0,1,1,0,0,0,0,test_ini_loader.py,benign,test,0
2,0,False,False,False,8,48,0,12,0.12698412698412698,0,0,0,0,False,0,0,False,0,0,False,1,1,63,0.015873015873015872,4.071874147947074,4.23192580204358,0,0,0,0,0,0,0,0,0,0,0,1,0,0,0,0,0,0,48,18,2,0.0,0,0,0,1,0,0,0,0,test_contains.py,benign,test,0
3,0,False,False,False,0,3,0,3,0.0,0,1,0,0,False,0,0,False,0,0,False,1,0,12,0.08333333333333333,0.0,0.0,0,0,0,0,0,0,0,0,0,0,0,0,0,0,0,0,0,0,3,3,1,0.0,0,0,0,0,0,0,0,0,tutorial001_an.py,benign,tutorial001,0
10,0,False,False,False,3,33,3,25,0.017543859649122806,0,0,0,3,False,1,0,True,0,0,False,18,3,171,0.10526315789473684,3.7126770702267695,3.937193208607594,0,0,0,0,0,0,0,3,0,1,2,1,0,0,0,2,0,1,33,26,3,0.0,0,0,17,3,0,0,0,0,http.py,benign,http,0
2,0,False,False,False,6,13,0,10,0.05217391304347826,0,0,0,0,False,2,0,True,0,0,False,5,3,115,0.043478260869565216,3.067806721455073,3.2927701939369904,0,0,0,0,0,0,0,0,0,0,0,1,0,0,0,0,0,0,13,10,2,0.0,0,0,4,3,0,0,0,0,_stream.py,benign,,0
0,0,False,False,False,0,0,0,0,0.0,0,0,0,0,False,0,0,False,0,0,False,0,0,0,0.0,3.0957952550009344,3.0957952550009344,0,0,0,0,0,0,0,0,0,0,0,0,0,0,0,0,0,0,0,0,0,0.0,0,0,0,0,0,0,0,0,blah.py,benign,blah,0
17,2,True,True,False,146,1500,0,154,0.05973813420621931,0,0,0,0,False,46,0,True,0,0,False,87,4,2444,0.035597381342062195,3.4826752776647627,4.585786399423351,2,0,0,0,0,0,0,0,0,0,0,1,0,0,0,0,0,0,1500,199,5,0.0,0,0,86,4,0,0,0,0,test_linalg.py,benign,test,0
4,1,True,False,False,3,3,0,3,0.11538461538461539,0,0,0,0,False,0,0,False,0,0,False,1,0,26,0.038461538461538464,3.446439344671015,3.446439344671015,0,0,0,0,0,0,0,0,0,0,0,1,0,0,0,0,0,0,3,3,1,0.0,0,0,0,0,0,0,0,0,test_no_socket.py,benign,test,0
5,0,False,False,False,17,112,0,49,0.056666666666666664,0,21,0,0,True,15,0,True,0,0,False,64,5,300,0.21333333333333335,3.453854213284077,4.168243795012672,0,0,0,0,0,0,0,0,0,0,0,1,0,0,0,0,0,0,112,61,3,0.0,0,0,63,5,0,0,0,0,formfill.py,benign,formfill,0
3,0,False,False,False,0,3,0,3,0.0,0,1,0,0,False,0,0,False,0,0,False,1,0,16,0.0625,3.182005814760214,3.182005814760214,0,0,0,0,0,0,0,0,0,0,0,0,0,0,0,0,0,0,3,3,1,0.0,0,0,0,0,0,0,0,0,tutorial002_an.py,benign,tutorial002,0
6,0,False,False,False,0,1,0,1,0.0,0,0,0,0,False,0,0,False,0,0,False,2,1,17,0.11764705882352941,3.2188628897977503,3.6764659725018163,0,0,0,0,0,0,0,0,0,0,0,1,0,0,0,0,0,0,1,1,1,0.0,0,0,1,1,0,0,0,0,__init__.py,benign,,0
2,0,False,False,False,20,20,0,10,0.05970149253731343,0,0,0,0,False,2,0,True,0,0,False,5,3,335,0.014925373134328358,2.991935765464891,3.6902603909683838,0,0,0,0,0,0,0,0,0,0,0,1,0,0,0,0,0,0,20,10,2,0.0,0,0,4,3,0,0,0,0,_font.py,benign,,0
5,0,False,False,False,6,13,0,7,0.06741573033707865,0,4,0,0,False,0,0,False,0,0,False,1,0,89,0.011235955056179775,3.476072205942991,3.4858259278490094,0,0,0,0,0,0,0,0,0,0,0,0,0,0,0,0,0,0,13,8,1,0.0,0,0,0,0,0,0,0,0,test_read_with_orm_mode.py,benign,test,0
4,0,False,False,False,9,68,0,23,0.06818181818181818,0,0,1,0,False,0,0,False,0,0,False,1,2,132,0.007575757575757576,4.024394700653255,4.821613591911399,3,0,0,0,0,0,0,0,0,0,0,1,0,0,0,0,0,0,68,23,2,0.0,0,0,0,2,0,0,0,0,test_errstate.py,benign,test,0
7,0,False,False,False,20,70,0,30,0.09259259259259259,0,0,0,0,False,2,0,True,0,0,False,11,2,216,0.05092592592592592,3.6270361918311473,4.1986078722133255,0,0,0,0,0,0,0,0,0,0,0,1,0,0,0,0,0,0,70,31,3,0.0,0,0,10,2,0,0,0,0,test_utils_defer.py,benign,test,0
1,0,False,False,False,2,1,0,1,0.25,0,0,0,0,False,0,0,False,0,0,False,1,0,8,0.125,0.0,0.0,0,0,0,0,0,0,0,0,0,0,0,0,0,0,0,0,0,0,1,1,1,0.0,0,0,0,0,0,0,0,0,errorclass_failing_test.py,benign,errorclass,0
3,0,False,False,False,1,12,0,11,0.02127659574468085,0,0,0,0,False,1,0,True,0,0,False,4,3,47,0.0851063829787234,0.0,0.0,0,0,0,0,0,0,0,0,0,0,0,1,0,0,0,0,0,0,12,11,2,0.0,0,0,3,3,0,0,0,0,test_bulk_update.py,benign,test,0
1,0,False,False,False,0,0,0,0,0.0,0,0,0,0,False,0,0,False,0,0,False,1,0,7,0.14285714285714285,3.5068905956085183,3.5068905956085183,0,0,0,0,0,0,0,0,0,0,0,1,0,0,0,0,0,0,0,0,0,0.0,0,0,0,0,0,0,0,0,__init__.py,benign,,0
25,1,True,False,False,11,89,0,42,0.02925531914893617,0,9,0,0,True,5,0,True,0,0,False,45,4,376,0.1196808510638298,3.816611054632659,4.782122224145305,6,0,0,0,0,0,0,0,0,2,0,1,0,0,0,0,0,2,89,44,3,0.0,0,0,44,4,0,0,0,0,conftest.py,benign,conftest,0
11,0,False,False,False,14,63,0,17,0.06896551724137931,2,7,0,0,True,0,0,False,0,0,False,5,1,203,0.024630541871921183,3.2036626369290517,3.456564762130954,0,0,0,0,0,0,0,0,0,0,0,1,0,0,0,0,0,0,63,17,2,0.0,0,0,4,1,0,0,0,0,test_gzip.py,benign,test,0
3,0,False,False,False,0,95,0,7,0.0,0,0,0,0,False,0,0,False,0,0,False,1,0,122,0.00819672131147541,3.3772648548174953,3.8573068568981284,0,0,0,0,0,0,0,0,0,0,0,1,0,0,0,0,0,0,95,11,5,0.0,0,0,0,0,0,0,0,0,hdrs.py,benign,hdrs,0
4,0,False,False,False,16,95,0,26,0.09248554913294797,0,0,0,0,False,0,0,False,0,0,False,1,1,173,0.005780346820809248,3.782925577746904,4.174772346094978,0,0,0,0,0,0,0,0,0,0,0,1,0,0,0,0,0,0,95,34,3,0.0,0,0,0,1,0,0,0,0,test_algorithms.py,benign,test,0
1,0,False,False,False,0,2,0,2,0.0,0,1,0,0,False,0,0,False,0,0,False,1,0,9,0.1111111111111111,2.8453509366224368,2.8453509366224368,0,0,0,0,0,0,0,0,0,0,0,0,0,0,0,0,0,0,2,2,1,0.0,0,0,0,0,0,0,0,0,main.py,benign,main,0
5,0,False,False,False,2,33,0,15,0.03773584905660377,0,0,0,0,False,0,0,False,0,0,False,1,1,53,0.018867924528301886,0.0,0.0,0,0,0,0,0,0,0,0,0,0,0,1,0,0,0,0,0,0,33,20,3,0.0,0,0,0,1,0,0,0,0,test_elliptic_envelope.py,benign,test,0
9,0,False,False,False,23,290,0,39,0.040780141843971635,0,0,0,0,False,0,0,False,0,0,False,18,3,564,0.031914893617021274,3.581472908518714,4.031869256975176,0,0,0,0,0,0,0,0,0,0,0,1,0,0,0,0,0,0,290,57,3,0.0,0,0,17,3,0,0,0,0,test_rank.py,benign,test,0
3,0,False,False,False,0,2,0,2,0.0,0,0,0,0,False,0,0,False,0,0,False,1,0,32,0.03125,3.295357343387822,3.4056390622295662,0,0,0,0,0,0,0,0,0,0,0,0,0,0,0,0,0,0,2,2,1,0.0,0,0,0,0,0,0,0,0,tutorial001_pv1.py,benign,tutorial001,0
10,0,False,False,False,11,42,0,24,0.07971014492753623,0,0,0,0,False,10,0,True,0,0,False,15,3,138,0.10869565217391304,3.6012837110118676,3.6395982887330343,0,0,0,0,0,0,0,0,0,0,0,1,0,0,0,0,0,0,40,24,2,0.0,0,0,14,3,0,0,0,0,array.py,benign,array,0
6,0,False,False,False,24,124,0,44,0.04006677796327212,0,0,0,0,False,7,0,True,0,0,False,38,3,599,0.06343906510851419,3.885606336128948,4.2326037389862705,0,0,0,0,0,0,0,0,0,0,0,1,0,0,0,0,0,0,124,47,3,0.0,0,0,37,3,0,0,0,0,_constraints.py,benign,,0
2,0,False,False,False,10,15,0,10,0.062111801242236024,0,0,0,0,False,2,0,True,0,0,False,5,3,161,0.031055900621118012,3.10940112657479,3.2806390622295662,0,0,0,0,0,0,0,0,0,0,0,1,0,0,0,0,0,0,15,10,2,0.0,0,0,4,3,0,0,0,0,_line.py,benign,,0
2,0,False,False,False,0,0,0,0,0.0,0,0,0,0,False,0,0,False,0,0,False,1,0,22,0.045454545454545456,3.6969565212604065,4.1162996057016965,0,0,0,0,0,0,0,0,0,0,0,1,0,0,0,0,0,0,0,0,0,0.0,0,0,0,0,0,0,0,0,__init__.py,benign,,0
7,0,False,False,False,30,124,0,28,0.09615384615384616,0,0,0,0,False,2,0,True,0,0,False,14,2,312,0.04487179487179487,3.325332125654523,4.026986833359286,0,0,0,0,0,0,0,0,0,0,0,1,0,0,0,0,0,0,124,29,2,0.0,0,0,13,2,0,0,0,0,test_rcmod.py,benign,test,0
6,0,False,False,False,10,41,0,8,0.14705882352941177,0,0,0,0,False,0,0,False,0,0,False,1,1,68,0.014705882352941176,3.2098652457265677,3.8692996998935225,0,0,0,0,0,0,0,0,0,0,0,0,0,0,0,0,0,0,41,8,3,0.0,0,0,0,1,0,0,0,0,test_time.py,benign,test,0
3,0,False,False,False,2,8,0,3,0.13333333333333333,0,0,0,0,False,0,0,False,0,0,False,1,0,15,0.06666666666666667,0.0,0.0,0,0,0,0,0,0,0,0,0,0,0,0,0,0,0,0,0,0,8,3,2,0.0,0,0,0,0,0,0,0,0,test_util.py,benign,test,0
4,0,False,False,False,13,172,0,19,0.027600849256900213,0,0,0,0,False,0,0,False,0,0,False,1,0,471,0.0021231422505307855,3.402342702323038,4.735546013316953,1,0,0,0,0,0,0,0,0,0,0,1,0,0,0,0,0,0,172,34,5,0.0,0,0,0,0,0,0,0,0,tests.py,benign,tests,0
2,0,False,False,False,3,3,0,3,0.13043478260869565,0,0,0,0,False,0,0,False,0,0,False,1,0,23,0.043478260869565216,3.572431251322119,3.572431251322119,0,0,0,0,0,0,0,0,0,0,0,1,0,0,0,0,0,0,3,3,1,0.0,0,0,0,0,0,0,0,0,test_hooks.py,benign,test,0
1,0,False,False,False,3,16,0,10,0.038461538461538464,0,0,0,0,False,0,0,False,0,0,False,4,1,78,0.05128205128205128,3.9539684039196072,3.9539684039196072,0,0,0,0,0,0,0,0,0,0,0,0,0,0,0,0,0,0,16,11,4,0.0,0,0,3,1,0,0,0,0,math.py,benign,math,0
2,0,False,False,False,6,13,0,10,0.05714285714285714,0,0,0,0,False,2,0,True,0,0,False,5,3,105,0.047619047619047616,3.393358053819968,3.663532754804254,0,0,0,0,0,0,0,0,0,0,0,1,0,0,0,0,0,0,13,10,2,0.0,0,0,4,3,0,0,0,0,_legendgrouptitle.py,benign,,0
3,0,False,False,False,0,0,0,0,0.0,0,0,0,0,False,0,0,False,0,0,False,1,0,19,0.05263157894736842,3.274241401886318,3.76062054430996,0,0,0,0,0,0,0,0,0,0,0,1,0,0,0,0,0,0,0,0,0,0.0,0,0,0,0,0,0,0,0,__init__.py,benign,,0
11,1,True,False,False,42,167,0,69,0.045307443365695796,12,5,0,0,True,17,0,True,0,0,False,98,6,927,0.10571736785329018,3.5482235740419075,4.101409765557392,0,0,0,0,0,1,0,0,0,0,7,1,0,0,0,8,0,0,167,99,2,0.0,0,0,97,7,0,0,0,0,ImageFile.py,benign,ImageFile,0
32,2,True,True,False,15,111,0,59,0.05338078291814947,1,0,0,0,False,0,0,False,0,0,False,13,1,281,0.046263345195729534,3.6017515214972016,4.229327351940022,0,0,0,0,0,0,0,0,0,1,0,1,0,0,1,0,1,1,111,67,2,0.0,0,0,12,2,1,0,0,0,test_backend_tk.py,benign,test,0
4,0,False,False,False,16,122,0,50,0.0175054704595186,0,0,0,0,False,2,0,True,0,0,False,67,5,914,0.07330415754923414,3.8505923653774627,4.272580024621315,0,0,0,0,0,0,0,0,0,0,0,1,0,0,0,0,0,0,122,54,2,0.0,0,0,66,5,0,0,0,0,mlab.py,benign,mlab,0
16,0,False,False,False,4,10,0,9,0.06060606060606061,0,0,0,0,False,0,0,False,0,0,False,3,1,66,0.045454545454545456,3.924850383210944,4.366340174655254,0,0,0,0,0,0,0,0,0,0,0,0,0,0,0,0,0,0,10,9,1,0.0,0,0,2,1,0,0,0,0,http10.py,benign,http10,0
6,0,False,False,False,2,27,1,14,0.02127659574468085,0,0,0,1,False,0,0,False,0,0,False,12,6,94,0.1276595744680851,4.655963219841567,5.8125,3,0,0,0,0,0,0,1,0,0,0,1,0,0,0,0,0,0,27,15,2,0.0,0,0,11,6,0,0,0,0,_wrap.py,benign,,0
0,0,False,False,False,1,0,0,0,0.14285714285714285,0,0,0,0,False,0,0,False,0,0,False,1,0,7,0.14285714285714285,0.0,0.0,0,0,0,0,0,0,0,0,0,0,0,0,0,0,0,0,0,0,0,0,0,0.0,0,0,0,0,0,0,0,0,conftest.py,benign,conftest,0
9,1,True,False,False,32,205,0,31,0.06374501992031872,44,0,0,0,True,0,0,False,0,0,False,25,3,502,0.049800796812749,4.049645890825717,4.363826390090814,0,0,0,0,0,0,0,0,0,1,0,1,0,0,0,0,0,1,205,35,4,0.0,0,0,24,3,0,0,0,0,test_wavfile.py,benign,test,0
2,0,False,False,False,0,1,0,1,0.0,0,0,0,0,False,0,0,False,0,0,False,1,0,8,0.125,0.0,0.0,0,0,0,0,0,0,0,0,0,0,0,0,0,0,0,0,0,0,1,1,1,0.0,0,0,0,0,0,0,0,0,default_urls.py,benign,default,0
2,0,False,False,False,0,1,0,1,0.0,0,0,0,0,False,0,0,False,0,0,False,1,0,7,0.14285714285714285,3.689892041734713,4.057855988582063,0,0,0,0,0,0,0,0,0,0,0,0,0,0,0,0,0,0,1,1,1,0.0,0,0,0,0,0,0,0,0,urls.py,benign,urls,0
2,0,False,False,False,1,18,0,2,0.0625,0,0,0,0,False,0,0,False,0,0,False,1,0,16,0.0625,0.0,0.0,0,0,0,0,0,0,0,0,0,0,0,0,0,0,0,0,0,0,18,2,2,0.0,0,0,0,0,0,0,0,0,test_image_getbands.py,benign,test,0
0,0,False,False,False,4,2,0,2,0.2222222222222222,0,0,0,0,False,0,0,False,0,0,False,1,0,18,0.05555555555555555,3.321928094887362,3.321928094887362,0,0,0,0,0,0,0,0,0,0,0,0,0,0,0,0,0,0,2,2,1,0.0,0,0,0,0,0,0,0,0,doctest_fixtures_fixtures.py,benign,doctest,0
16,2,True,True,False,39,207,0,68,0.06818181818181818,1,0,0,0,False,6,0,True,0,0,False,19,4,572,0.033216783216783216,3.441767222412502,4.503042362247046,1,0,0,0,0,0,0,0,0,1,0,1,0,0,0,0,0,1,205,74,4,20.0,2,1,18,4,0,0,1,0,test_animation.py,benign,test,0
7,1,True,False,False,18,105,0,25,0.06569343065693431,24,0,0,0,True,6,0,True,0,0,False,1,2,274,0.0036496350364963502,3.9416850849268243,4.464832105799212,0,0,0,0,0,0,0,0,0,0,0,1,0,0,0,0,0,0,105,29,3,0.0,0,0,0,2,0,0,0,1,test_file_ico.py,benign,test,0
2,0,False,False,False,1,2,0,2,0.1111111111111111,0,0,0,0,False,0,0,False,0,0,False,1,0,9,0.1111111111111111,0.0,0.0,0,0,0,0,0,0,0,0,0,0,0,1,0,0,0,0,0,0,2,2,1,0.0,0,0,0,0,0,0,0,0,conftest.py,benign,conftest,0
7,0,False,False,False,8,224,0,63,0.0053085600530856005,0,9,0,0,True,9,0,True,0,0,False,120,6,1507,0.07962840079628401,3.8678315141015407,4.638514513175838,2,0,0,0,0,0,0,0,0,0,0,1,0,0,0,0,0,0,224,69,3,0.0,0,0,119,7,0,0,0,0,main.py,benign,main,0
2,0,False,False,False,38,29,0,10,0.06462585034013606,0,0,0,0,False,2,0,True,0,0,False,5,3,588,0.008503401360544218,2.965431462024044,3.6818808028034016,0,0,0,0,0,0,0,0,0,0,0,1,0,0,0,0,0,0,29,10,2,0.0,0,0,4,3,0,0,0,0,_font.py,benign,,0
4,0,False,False,False,12,81,0,28,0.06818181818181818,0,0,0,0,False,5,0,True,0,0,False,6,2,176,0.03409090909090909,3.218332971017645,4.015061012203069,0,0,0,0,0,0,0,0,0,0,0,1,0,0,0,0,0,0,81,35,3,0.0,0,0,5,2,0,0,0,0,test_spec_conformance.py,benign,test,0
7,0,False,False,False,5,15,0,10,0.04672897196261682,0,0,0,0,False,0,0,False,0,0,False,8,3,107,0.07476635514018691,2.66122625626979,2.66122625626979,0,0,0,0,0,0,0,0,0,0,0,1,0,0,0,0,0,0,15,10,3,0.0,0,0,7,3,0,0,0,0,live_render.py,benign,live,0
5,0,False,False,False,6,12,0,7,0.08450704225352113,0,6,0,0,True,0,0,False,0,0,False,1,1,71,0.014084507042253521,3.1935536920086314,3.419381945646371,0,0,0,0,0,0,0,0,0,0,0,1,0,0,0,0,0,0,12,9,1,0.0,0,0,0,1,0,0,0,0,test_request.py,benign,test,0
1,0,False,False,False,0,0,0,0,0.0,0,0,0,0,False,0,0,False,0,0,False,1,0,2,0.5,0.0,0.0,0,0,0,0,0,0,0,0,0,0,0,0,0,0,0,0,0,0,0,0,0,0.0,0,0,0,0,0,0,0,0,_streamtube.py,benign,,0
3,1,True,False,False,6,31,0,13,0.07692307692307693,0,0,0,0,False,4,0,True,0,0,False,11,2,78,0.14102564102564102,3.8456469859137776,3.940351042928689,0,0,0,0,0,0,0,0,0,0,0,0,0,0,0,0,0,0,31,13,3,0.0,0,0,10,2,0,0,0,0,utils.py,benign,utils,0
4,0,False,False,False,0,0,0,0,0.0,0,0,0,0,False,0,0,False,0,0,False,1,0,24,0.041666666666666664,3.387819331993416,3.625,0,0,0,0,0,0,0,0,0,0,0,1,0,0,0,0,0,0,0,0,0,0.0,0,0,0,0,0,0,0,0,__init__.py,benign,,0
1,0,False,False,False,2,1,0,1,0.125,0,0,0,0,False,0,0,False,0,0,False,1,0,16,0.0625,3.0246121636574097,3.027169118440619,0,0,0,0,0,0,0,0,0,0,0,1,0,0,0,0,0,0,1,1,1,0.0,0,0,0,0,0,0,0,0,add_newdocs.py,benign,add,0
13,0,False,False,False,40,410,0,57,0.03956478733926805,0,0,0,0,False,0,0,False,0,0,False,19,3,1011,0.018793273986152326,3.8101071962196413,4.312673393955722,0,0,0,0,0,0,0,0,0,0,0,1,0,0,0,0,0,0,410,88,3,0.0,0,0,18,3,0,0,0,0,test_nmf.py,benign,test,0
4,0,False,False,False,2,7,0,5,0.07692307692307693,0,3,0,0,False,0,0,False,0,0,False,1,0,26,0.038461538461538464,0.0,0.0,0,0,0,0,0,0,0,0,0,0,0,1,0,0,0,0,0,0,6,6,2,0.0,0,0,0,0,0,0,0,0,test_callable_endpoint.py,benign,test,0
5,0,False,False,False,47,256,0,82,0.029841269841269842,0,0,0,0,False,2,0,True,0,0,False,36,3,1575,0.022857142857142857,3.6737076016670693,4.138930371232595,0,0,0,0,0,0,0,0,0,0,0,1,0,0,0,0,0,0,256,90,2,0.0,0,0,35,3,0,0,0,0,_triinterpolate.py,benign,,0
2,0,False,False,False,20,20,0,10,0.05970149253731343,0,0,0,0,False,2,0,True,0,0,False,5,3,335,0.014925373134328358,2.9760084127754336,3.6119498434695583,0,0,0,0,0,0,0,0,0,0,0,1,0,0,0,0,0,0,20,10,2,0.0,0,0,4,3,0,0,0,0,_tickfont.py,benign,,0
15,0,False,False,False,33,86,0,37,0.059782608695652176,0,3,0,0,False,3,0,True,0,0,False,36,3,552,0.06521739130434782,3.616954052076493,4.519831022883674,1,0,0,0,0,0,0,0,0,0,0,1,0,0,0,0,0,0,85,39,2,0.0,0,0,35,3,0,0,0,0,decorators.py,benign,decorators,0
5,0,False,False,False,15,60,0,28,0.032119914346895075,0,0,0,0,False,0,0,False,0,0,False,27,2,467,0.057815845824411134,3.381673139795547,4.169892195244228,0,0,0,0,0,0,0,0,0,0,0,1,0,0,0,0,0,0,60,31,2,0.0,0,0,26,2,0,0,0,0,_odds_ratio.py,benign,,0
3,0,False,False,False,1,11,0,8,0.018867924528301886,1,1,0,0,False,1,0,True,0,0,False,2,1,53,0.03773584905660377,3.3762228817744715,3.7201755214643453,0,0,0,0,0,0,0,0,0,0,0,1,0,0,0,0,0,0,11,9,1,0.0,0,0,1,1,0,0,0,0,test_whatwg.py,benign,test,0
7,0,False,False,False,15,31,0,18,0.08333333333333333,0,0,0,0,False,1,0,True,0,0,False,12,1,180,0.06666666666666667,3.597846064637872,4.249833697116216,0,0,0,0,0,0,0,0,0,0,0,0,0,0,0,0,0,0,31,22,2,0.0,0,0,11,1,0,0,0,0,static.py,benign,static,0
3,0,False,False,False,4,5,0,5,0.0851063829787234,0,1,0,0,False,0,0,False,0,0,False,2,0,47,0.0425531914893617,3.180832987205441,3.180832987205441,0,0,0,0,0,0,0,0,0,0,0,0,0,0,0,0,0,0,5,5,2,0.0,0,0,1,1,0,0,0,0,models.py,benign,models,0
12,1,False,False,True,3,16,0,11,0.013100436681222707,0,0,0,0,False,1,0,True,0,0,False,16,4,229,0.06986899563318777,3.6374575783468317,4.414177320667444,0,0,0,0,0,0,0,0,0,0,0,1,0,0,0,0,0,0,16,11,2,0.0,0,0,15,4,0,0,0,0,socks.py,benign,socks,0
1,0,False,False,False,0,7,0,7,0.0,0,0,0,0,False,0,0,False,0,0,False,1,0,22,0.045454545454545456,3.09415872195665,3.6168746059562227,0,0,0,0,0,0,0,0,0,0,0,0,0,0,0,0,0,0,7,7,2,0.0,0,0,0,0,0,0,0,0,0002_second.py,benign,0002,0
2,0,False,False,False,1,8,0,4,0.015151515151515152,0,2,0,0,False,0,0,False,0,0,False,4,1,66,0.06060606060606061,3.774318630524597,4.021721616561627,0,0,0,0,0,0,0,0,0,0,0,1,0,0,0,0,0,0,8,4,3,0.0,0,0,3,1,0,0,0,0,_trustregion_krylov.py,benign,,0
18,0,False,False,False,8,79,0,40,0.014953271028037384,0,0,0,0,False,4,0,True,0,0,False,26,8,535,0.048598130841121495,3.755255461013773,4.521013604328457,1,0,0,0,0,0,0,0,1,0,0,1,0,0,0,0,0,1,79,48,3,0.0,0,0,25,8,0,0,0,0,_nca.py,benign,,0
3,0,False,False,False,0,1,0,1,0.0,0,0,0,0,False,0,0,False,0,0,False,1,0,12,0.08333333333333333,0.0,0.0,0,0,0,0,0,0,0,0,0,0,0,1,0,0,0,0,0,0,1,1,1,0.0,0,0,0,0,0,0,0,0,pytest_asyncio_integration.py,benign,pytest,0
8,0,False,False,False,0,2,2,1,0.0,0,0,0,2,False,0,0,False,0,0,False,1,0,29,0.034482758620689655,0.0,0.0,0,0,0,0,0,0,2,0,0,0,0,0,0,0,0,0,0,0,2,1,1,0.0,0,0,0,0,0,0,0,0,__init__.py,benign,,0
10,0,False,False,False,15,183,0,67,0.016375545851528384,0,0,0,0,False,7,0,True,0,0,False,43,2,916,0.04694323144104803,3.6644263569748237,4.376174630069642,0,0,0,0,0,0,0,0,0,0,0,1,0,0,0,0,0,0,183,73,3,0.0,0,0,42,2,0,0,0,0,_funcs.py,benign,,0
3,0,False,False,False,11,33,0,5,0.10784313725490197,0,0,0,0,False,0,0,False,0,0,False,1,1,102,0.00980392156862745,3.78072452145087,4.248790965832455,0,0,0,0,0,0,0,0,0,0,0,0,0,0,0,0,0,0,33,5,1,0.0,0,0,0,1,0,0,0,0,test_load.py,benign,test,0
2,0,False,False,False,20,20,0,10,0.05952380952380952,0,0,0,0,False,2,0,True,0,0,False,5,3,336,0.01488095238095238,2.9726576182866995,3.4906015629507228,0,0,0,0,0,0,0,0,0,0,0,1,0,0,0,0,0,0,20,10,2,0.0,0,0,4,3,0,0,0,0,_font.py,benign,,0
2,0,False,False,False,1,14,0,8,0.007518796992481203,0,0,0,0,False,0,0,False,0,0,False,5,1,133,0.03759398496240601,3.776354884155961,4.043337052632603,0,0,0,0,0,0,0,0,0,0,0,1,0,0,0,0,0,0,14,8,2,0.0,0,0,4,1,0,0,0,0,_procrustes.py,benign,,0
2,0,False,False,False,2,40,0,6,0.012658227848101266,0,0,0,0,False,0,0,False,0,0,False,1,0,158,0.006329113924050633,3.13937448956594,3.8801799226757367,0,0,0,0,0,0,0,0,0,0,0,1,0,0,0,0,0,0,40,6,1,0.0,0,0,0,0,0,0,0,0,models.py,benign,models,0
0,0,False,False,False,0,0,0,0,0.0,0,0,0,0,False,0,0,False,0,0,False,0,0,0,0.0,3.351592499893934,4.269110577151279,0,0,0,0,0,0,0,0,0,0,0,0,0,0,0,0,0,0,0,0,0,0.0,0,0,0,0,0,0,0,0,test_keyboardinterrupt.py,benign,test,0
6,1,True,False,False,21,68,0,13,0.084,0,0,0,0,False,0,0,False,0,0,False,9,3,250,0.036,3.3968079015052046,4.277613436819114,0,0,0,0,0,0,0,0,0,0,0,1,0,0,0,0,0,0,68,17,2,0.0,0,0,8,3,0,0,0,0,test_generate_filename.py,benign,test,0
0,0,False,False,False,10,18,0,10,0.0970873786407767,0,0,0,0,False,2,0,True,0,0,False,3,2,103,0.02912621359223301,0.0,0.0,0,0,0,0,0,0,0,0,0,0,0,1,0,0,0,0,0,0,18,10,2,0.0,0,0,2,2,0,0,0,0,ansi.py,benign,ansi,0
2,0,False,False,False,3,7,0,7,0.030927835051546393,0,0,0,0,False,0,0,False,0,0,False,5,1,97,0.05154639175257732,3.547963657839178,4.077212078381127,0,0,0,0,0,0,0,0,0,0,0,1,0,0,0,0,0,0,7,7,2,0.0,0,0,4,1,0,0,0,0,_globals.py,benign,,0
8,0,False,False,False,22,129,0,26,0.06027397260273973,0,0,0,0,False,7,0,True,0,0,False,13,2,365,0.03561643835616438,3.7284615724617756,4.357081825323175,0,0,0,0,0,0,0,0,0,1,0,1,0,0,0,0,0,1,129,30,3,0.0,0,0,12,2,0,0,0,0,test_indexing.py,benign,test,0
1,0,False,False,False,0,0,0,0,0.0,0,0,0,0,False,0,0,False,0,0,False,1,0,6,0.16666666666666666,0.0,0.0,0,0,0,0,0,0,0,0,0,0,0,0,0,0,0,0,0,0,0,0,0,0.0,0,0,0,0,0,0,0,0,1_auto.py,benign,1,0
13,1,True,False,False,38,253,0,70,0.07307692307692308,0,0,0,0,False,0,0,False,0,0,False,27,3,520,0.051923076923076926,3.6080636794906176,3.841669926468278,0,0,0,0,0,0,0,0,0,0,0,1,0,0,0,0,0,0,253,71,4,0.0,0,0,26,3,0,0,0,0,test_fitpack.py,benign,test,0
0,0,False,False,False,0,0,0,0,0.0,0,0,0,0,False,0,0,False,0,0,False,1,0,77,0.012987012987012988,3.9170747324847195,4.59653215103384,4,0,0,0,0,0,0,0,0,0,0,1,0,0,0,0,0,0,0,0,0,0.0,0,0,0,0,0,0,0,0,_export_format.py,benign,,0
2,0,False,False,False,20,20,0,10,0.05970149253731343,0,0,0,0,False,2,0,True,0,0,False,5,3,335,0.014925373134328358,2.9911301070842597,3.6595365985012456,0,0,0,0,0,0,0,0,0,0,0,1,0,0,0,0,0,0,20,10,2,0.0,0,0,4,3,0,0,0,0,_font.py,benign,,0
4,0,False,False,False,8,61,0,13,0.05063291139240506,0,1,0,0,False,0,0,False,0,0,False,4,3,158,0.02531645569620253,3.777273012644165,3.870428278616988,0,0,0,0,0,0,0,0,0,0,0,1,0,0,0,0,0,0,61,23,2,0.0,0,0,3,3,0,0,0,0,test_models.py,benign,test,0
10,1,True,False,False,15,179,8,67,0.01905972045743329,6,0,0,8,True,2,0,True,0,0,False,128,38,787,0.16264294790343076,3.5754881276235455,4.637407459553464,3,0,0,0,0,0,0,8,0,0,0,1,0,0,1,0,1,0,179,95,3,0.0,0,0,127,38,0,0,0,0,f2py2e.py,benign,f2py2e,0
8,0,False,False,False,3,17,0,10,0.028846153846153848,0,0,0,0,False,1,0,True,0,0,False,5,2,104,0.04807692307692308,4.0381259317409794,4.28891330606223,0,0,0,0,0,0,0,0,0,0,0,1,0,0,0,0,0,0,17,10,2,0.0,0,0,4,2,0,0,0,0,tools.py,benign,tools,0
4,0,False,False,False,0,7,0,7,0.0,0,1,0,0,False,0,0,False,0,0,False,1,0,38,0.02631578947368421,3.2571457786970313,3.3248629576173574,0,0,0,0,0,0,0,0,0,0,0,0,0,0,0,0,0,0,7,7,1,0.0,0,0,0,0,0,0,0,0,tutorial002.py,benign,tutorial002,0
0,0,False,False,False,0,0,0,0,0.0,0,0,0,0,False,0,0,False,0,0,False,1,0,2,0.5,2.845350936622437,2.845350936622437,0,0,0,0,0,0,0,0,0,0,0,0,0,0,0,0,0,0,0,0,0,0.0,0,0,0,0,0,0,0,0,good_module.py,benign,good,0
2,0,False,False,False,6,25,0,8,0.08823529411764706,0,0,0,0,False,3,0,True,0,0,False,1,1,68,0.014705882352941176,2.8923059067408183,4.335016531313118,0,0,0,0,0,0,0,0,0,0,0,1,0,0,0,0,0,0,25,9,2,0.0,0,0,0,1,0,0,0,0,test_overlaps.py,benign,test,0
1,0,False,False,False,0,1,0,1,0.0,0,0,0,0,False,0,0,False,0,0,False,1,0,4,0.25,0.0,0.0,0,0,0,0,0,0,0,0,0,0,0,0,0,0,0,0,0,0,1,1,1,0.0,0,0,0,0,0,0,0,0,__main__.py,benign,,0
12,0,False,False,False,44,134,0,51,0.06656580937972768,0,6,0,0,True,22,0,True,0,0,False,55,3,661,0.0832072617246596,3.8884680999947108,4.396358821155977,0,0,0,0,0,0,0,0,0,0,0,1,0,0,0,0,0,0,134,57,3,0.0,0,0,54,3,0,0,0,0,__init__.py,benign,,0
1,0,False,False,False,1,0,0,0,0.09090909090909091,0,0,0,0,False,0,0,False,0,0,False,1,0,11,0.09090909090909091,3.745867430690626,4.032303242743954,0,0,0,0,0,0,0,0,0,0,0,0,0,0,0,0,0,0,0,0,0,0.0,0,0,0,0,0,0,0,0,spider3.py,benign,spider3,0
10,0,False,False,False,16,75,0,33,0.07655502392344497,0,3,0,0,False,0,0,False,0,0,False,4,2,209,0.019138755980861243,3.6223341549545194,4.7367133514293895,2,0,0,0,0,0,0,0,0,0,0,1,0,0,0,0,0,0,75,41,3,0.0,0,0,3,2,0,0,0,0,tests.py,benign,tests,0
3,0,False,False,False,0,15,0,6,0.0,0,0,0,0,False,0,0,False,0,0,False,1,0,106,0.009433962264150943,3.3855383498763594,4.058179215988047,0,0,0,0,0,0,0,0,0,0,0,1,0,0,0,0,0,0,15,6,4,0.0,0,0,0,0,0,0,0,0,test_matrix_linalg.py,benign,test,0
7,0,False,False,False,9,93,0,22,0.06766917293233082,0,0,0,0,False,1,0,True,0,0,False,4,2,133,0.03007518796992481,3.084288539659006,3.6818808028034016,0,0,0,0,0,0,0,0,0,0,0,1,0,0,0,0,0,0,93,27,4,0.0,0,0,3,2,0,0,0,0,test_at_time.py,benign,test,0
3,0,False,False,False,7,29,1,21,0.0945945945945946,0,5,0,1,False,0,1,False,0,0,False,3,1,74,0.04054054054054054,3.2522206465640413,3.7264741182543752,0,0,0,0,0,0,0,1,0,0,0,0,0,0,0,0,0,0,29,23,5,0.0,0,0,2,1,0,0,0,0,tutorial001_an_py39.py,benign,tutorial001,0
7,0,False,False,False,16,136,0,34,0.04336043360433604,0,1,0,0,False,0,0,False,0,0,False,1,1,369,0.0027100271002710027,3.7731371448259923,4.2670626556640165,0,0,0,0,0,0,0,0,0,0,0,1,0,0,0,0,0,0,136,42,3,0.0,0,0,0,1,0,0,0,0,test_forms.py,benign,test,0
16,0,False,False,False,64,443,0,93,0.06458123107971746,0,12,0,0,True,2,0,True,0,0,False,29,2,991,0.029263370332996974,3.5853474695195686,4.637395003412549,3,0,0,0,0,0,0,0,0,0,0,1,0,0,0,0,0,0,443,142,3,0.0,0,0,28,3,1,0,0,0,tests.py,benign,tests,0
3,0,False,False,False,0,5,0,4,0.0,0,2,0,0,False,0,0,False,0,0,False,1,0,28,0.03571428571428571,3.321928094887362,3.321928094887362,0,0,0,0,0,0,0,0,0,0,0,0,0,0,0,0,0,0,5,4,1,0.0,0,0,0,0,0,0,0,0,tutorial001_01_py39.py,benign,tutorial001,0
7,0,False,False,False,17,125,0,34,0.06692913385826772,0,0,0,0,False,4,0,True,0,0,False,3,1,254,0.011811023622047244,3.24078909318566,4.03002586887409,0,0,0,0,0,0,0,0,0,0,0,1,0,0,0,0,0,0,125,41,3,0.0,0,0,2,1,0,0,0,0,test_accessor.py,benign,test,0
6,0,False,False,False,49,308,0,42,0.07777777777777778,2,0,0,0,False,3,0,True,0,0,False,39,3,630,0.06190476190476191,3.302479843123426,4.398726289931454,0,0,0,0,0,0,0,0,0,0,0,1,0,0,0,0,0,0,308,57,3,0.0,0,0,38,3,0,0,0,0,test_image_resample.py,benign,test,0
2,0,False,False,False,4,12,0,10,0.04597701149425287,0,0,0,0,False,2,0,True,0,0,False,5,3,87,0.05747126436781609,3.039653655254546,3.188721875540867,0,0,0,0,0,0,0,0,0,0,0,1,0,0,0,0,0,0,12,10,2,0.0,0,0,4,3,0,0,0,0,_root.py,benign,,0
4,0,False,False,False,10,43,0,7,0.07194244604316546,0,0,0,0,False,0,0,False,0,0,False,1,0,139,0.007194244604316547,3.75445094256418,4.260828171224455,0,0,0,0,0,0,0,0,0,0,1,1,0,0,0,1,0,0,43,7,2,0.0,0,0,0,0,0,0,0,0,test_xpathfuncs.py,benign,test,0
16,1,True,False,False,81,757,0,90,0.053465346534653464,1,0,0,0,False,6,0,True,0,0,False,18,3,1515,0.011881188118811881,3.2404817013503635,4.368879346650287,0,0,0,0,0,0,0,0,0,0,0,1,0,0,0,0,0,0,757,118,3,0.0,0,0,17,3,0,0,0,0,test_writers.py,benign,test,0
6,1,True,False,False,11,42,0,17,0.06918238993710692,0,1,0,0,False,0,0,False,0,0,False,23,3,159,0.14465408805031446,3.6944151211551524,4.940184031588468,3,0,0,0,0,0,0,0,0,1,0,1,0,0,0,0,0,1,42,18,3,0.0,0,0,22,3,0,0,0,0,absoft.py,benign,absoft,0
13,0,False,False,False,178,1781,0,145,0.05291319857312723,0,3,0,0,False,68,0,True,0,0,False,81,5,3364,0.024078478002378122,3.4366495999596296,4.737593945008262,1,0,0,0,0,0,0,0,1,0,0,1,0,0,0,0,0,1,1759,269,4,0.0,0,0,80,5,0,0,0,0,test_groupby.py,benign,test,0
32,1,True,False,False,164,854,1,116,0.05463024650233178,25,4,0,1,True,9,0,True,0,0,False,26,3,3002,0.008660892738174551,3.433579832617894,4.786493415426047,4,0,0,0,0,0,1,0,0,0,0,1,0,0,0,0,0,0,854,152,3,0.0,0,0,25,3,0,0,0,0,test_config.py,benign,test,0
5,1,False,True,False,5,9,0,5,0.10204081632653061,0,0,1,0,False,0,0,False,0,0,False,1,0,49,0.02040816326530612,3.566958236978756,3.9779168746936353,0,0,0,0,0,0,0,0,0,0,0,0,0,0,0,0,0,0,8,5,2,0.0,0,0,0,0,0,0,0,0,test_tutorial002_an.py,benign,test,0
1,0,False,False,False,0,0,0,0,0.0,0,0,0,0,False,0,0,False,0,0,False,1,0,2,0.5,0.0,0.0,0,0,0,0,0,0,0,0,0,0,0,0,0,0,0,0,0,0,0,0,0,0.0,0,0,0,0,0,0,0,0,_scattergeo.py,benign,,0
1,0,False,False,False,0,1,0,1,0.0,0,0,0,0,False,0,0,False,0,0,False,2,1,11,0.18181818181818182,0.0,0.0,0,0,0,0,0,0,0,0,0,0,0,0,0,0,0,0,0,0,1,1,1,0.0,0,0,1,1,0,0,0,0,__main__.py,benign,,0
2,0,False,False,False,20,20,0,10,0.05154639175257732,0,0,0,0,False,2,0,True,0,0,False,5,3,388,0.01288659793814433,3.1032220080472324,3.589898095464287,0,0,0,0,0,0,0,0,0,0,0,1,0,0,0,0,0,0,20,10,2,0.0,0,0,4,3,0,0,0,0,_modebar.py,benign,,0
5,0,False,False,False,4,16,0,14,0.08,0,0,0,0,False,0,0,False,0,0,False,2,1,50,0.04,3.354782104361421,3.736006946447657,0,0,0,0,0,0,0,0,0,0,0,1,0,0,0,0,0,0,16,14,4,0.0,0,0,1,1,0,0,0,0,test_assert_in_validators.py,benign,test,0
4,0,False,False,False,0,1,0,1,0.0,0,0,0,0,False,0,0,False,0,0,False,1,0,10,0.1,4.267245631732967,4.387373640698525,0,0,0,0,0,0,0,0,0,0,0,0,0,0,0,0,0,0,1,1,1,0.0,0,0,0,0,0,0,0,0,_tqdm_notebook.py,benign,,0
2,0,False,False,False,0,18,0,5,0.0,0,0,0,0,False,0,0,False,0,0,False,2,1,31,0.06451612903225806,3.3564340728403166,3.459431618637298,0,0,0,0,0,0,0,0,0,0,0,0,0,0,0,0,0,0,18,6,2,0.0,0,0,1,1,0,0,0,0,const_vs_enum.py,benign,const,0
28,1,True,False,False,23,101,0,52,0.040280210157618214,9,8,0,0,True,2,0,True,0,0,False,24,3,571,0.04203152364273205,3.7195444367186794,4.233972298689615,0,0,0,0,0,0,0,0,0,0,0,1,0,0,0,0,0,0,101,59,5,0.0,0,0,23,3,0,0,1,0,export.py,benign,export,0
8,0,False,False,False,54,573,0,81,0.048736462093862815,0,0,0,0,False,1,0,True,0,0,False,20,4,1108,0.018050541516245487,3.2448394668660487,4.326360407952694,0,0,0,0,0,0,0,0,0,0,0,1,0,0,0,0,0,0,573,132,5,0.0,0,0,19,4,0,0,0,0,test_join.py,benign,test,0
1,0,False,False,False,0,3,0,2,0.0,0,2,0,0,False,0,0,False,0,0,False,1,0,14,0.07142857142857142,0.0,0.0,0,0,0,0,0,0,0,0,0,0,0,0,0,0,0,0,0,0,3,2,1,0.0,0,0,0,0,0,0,0,0,tutorial003b.py,benign,tutorial003b,0
34,1,True,False,False,66,221,4,117,0.0668693009118541,0,8,2,4,True,7,0,True,0,0,False,84,4,987,0.0851063829787234,3.7681726125417603,4.43065842622049,0,0,0,0,0,0,0,4,1,3,6,1,0,1,1,6,2,4,220,142,3,0.0,0,0,83,5,0,0,0,0,helpers.py,benign,helpers,0
8,0,False,False,False,26,310,0,36,0.03719599427753934,0,0,0,0,False,1,0,True,0,0,False,3,1,699,0.004291845493562232,3.2082483158048527,4.46935359198465,0,0,0,0,0,0,0,0,0,0,0,1,0,0,0,0,0,0,310,41,3,0.0,0,0,2,1,0,0,0,0,test_constructors.py,benign,test,0
0,0,False,False,False,0,1,0,1,0.0,0,0,0,0,False,0,0,False,0,0,False,1,0,10,0.1,0.0,0.0,0,0,0,0,0,0,0,0,0,0,0,1,0,0,0,0,0,0,1,1,1,0.0,0,0,0,0,0,0,0,0,mtb.py,benign,mtb,0
5,0,False,False,False,2,56,0,18,0.020202020202020204,0,0,0,0,False,1,0,True,0,0,False,1,1,99,0.010101010101010102,4.158496895868567,4.158496895868567,0,0,0,0,0,0,0,0,0,0,0,1,0,0,0,0,0,0,56,21,3,0.0,0,0,0,1,0,0,0,0,test_matmul.py,benign,test,0
4,0,False,False,False,3,7,0,5,0.02727272727272727,0,3,0,0,False,0,0,False,0,0,False,1,0,110,0.00909090909090909,3.2573873862676823,4.227567157116928,0,0,0,0,0,0,0,0,0,0,0,0,0,0,0,0,0,0,7,6,1,0.0,0,0,0,0,0,0,0,0,test_additional_properties.py,benign,test,0
8,0,False,False,False,4,65,0,28,0.009950248756218905,0,0,0,0,False,0,0,False,0,0,False,25,3,402,0.06218905472636816,3.982829205089731,4.287079423668905,0,0,0,0,0,0,0,0,0,0,0,1,0,0,0,0,0,0,65,30,2,0.0,0,0,24,3,0,0,0,0,_decomp_lu.py,benign,,0
0,0,False,False,False,0,0,0,0,0.0,0,0,0,0,False,0,0,False,0,0,False,1,0,46,0.021739130434782608,2.9115526646935224,3.337175341123077,0,0,0,0,0,0,0,0,0,0,0,0,0,0,0,0,0,0,0,0,0,0.0,0,0,0,0,0,0,0,0,formats.py,benign,formats,0
11,0,False,False,False,7,54,0,35,0.031818181818181815,12,0,0,0,True,0,0,False,0,0,False,17,2,220,0.07727272727272727,3.8779692624474094,4.300554385304355,0,0,0,0,0,0,0,0,0,0,3,1,0,0,0,3,0,0,54,37,3,0.0,0,0,16,2,0,0,1,0,lcovreport.py,benign,lcovreport,0
11,0,False,False,False,22,98,0,34,0.08494208494208494,15,0,0,0,True,3,0,True,0,0,False,5,3,259,0.019305019305019305,3.606886511998666,4.36174295212495,0,0,0,0,0,0,0,0,0,0,0,1,0,0,0,0,0,0,98,44,2,0.0,0,0,4,3,0,0,0,0,test_file_webp.py,benign,test,0
8,0,False,False,False,10,49,0,25,0.06451612903225806,0,0,0,0,False,7,0,True,0,0,False,22,5,155,0.14193548387096774,3.445179627978957,4.084962500721156,0,0,0,0,0,0,0,0,0,0,0,1,0,0,0,0,0,0,49,31,3,0.0,0,0,21,5,0,0,0,0,mkdocs_hooks.py,benign,mkdocs,0
8,1,True,False,False,16,123,0,31,0.047337278106508875,8,1,0,0,True,0,0,False,0,0,False,9,3,338,0.026627218934911243,3.4960604563357407,4.343942707918268,0,0,0,0,0,0,0,0,0,0,9,1,0,0,0,9,0,0,123,38,3,0.0,0,0,8,3,0,0,0,0,test_encoding.py,benign,test,0
7,0,False,False,False,20,69,0,14,0.02849002849002849,0,20,0,0,True,4,0,True,0,0,False,8,1,702,0.011396011396011397,3.3091224677266697,4.227567157116928,0,0,0,0,0,0,0,0,0,0,0,0,0,0,1,0,1,0,69,17,3,0.0,0,0,7,1,0,0,0,0,test_pydantic_v1_v2_list.py,benign,test,0
7,0,False,False,False,2,25,0,16,0.011627906976744186,0,0,0,0,False,0,0,False,0,0,False,6,1,172,0.03488372093023256,3.9573954284973163,4.202319142645924,0,0,0,0,0,0,0,0,0,0,0,1,0,0,0,0,0,0,25,19,2,0.0,0,0,5,1,0,0,0,0,_delegation.py,benign,,0
27,0,False,False,False,43,183,0,69,0.023433242506811988,1,3,0,0,False,39,0,True,0,0,False,106,6,1835,0.05776566757493188,3.4054470831854333,4.498875548883757,0,0,0,0,0,0,0,0,0,1,0,1,0,0,1,0,1,1,183,83,3,0.0,0,0,105,6,0,0,0,0,fields.py,benign,fields,0
6,0,False,False,False,8,48,0,17,0.01927710843373494,0,0,0,0,False,1,0,True,0,0,False,16,6,415,0.03855421686746988,3.3253528608131058,4.031962634383349,0,0,0,0,0,0,0,0,0,0,0,0,0,0,0,0,0,0,48,18,3,0.0,0,0,15,6,0,0,0,0,introspection.py,benign,introspection,0
4,0,False,False,False,8,16,0,8,0.09523809523809523,0,4,0,0,False,0,0,False,0,0,False,1,0,84,0.011904761904761904,3.469212663925513,4.116729296672174,0,0,0,0,0,0,0,0,0,0,0,1,0,0,0,0,0,0,16,8,2,0.0,0,0,0,0,0,0,0,0,test_tutorial001.py,benign,test,0
12,0,False,False,False,44,276,0,42,0.04251207729468599,1,1,0,0,False,0,0,False,0,0,False,6,2,1035,0.005797101449275362,3.3696931367762524,4.165298769150789,0,0,0,0,0,0,0,0,0,0,4,1,0,0,0,4,0,0,276,43,3,0.0,0,0,5,2,1,0,0,0,test_read_fwf.py,benign,test,0
17,0,False,False,False,270,1433,0,256,0.03022162525184688,0,9,0,0,True,160,0,True,0,0,False,519,6,8934,0.05809267965077233,3.468515890259037,4.383272672738776,0,0,0,0,0,0,0,0,0,0,3,1,0,0,0,3,0,0,1431,410,4,0.0,0,0,518,6,0,0,0,0,core.py,benign,core,0
12,1,True,False,False,10,30,2,23,0.040160642570281124,0,1,0,2,False,0,1,False,0,0,False,8,1,249,0.0321285140562249,3.2428580582408153,4.230351662377137,0,0,0,0,0,0,0,2,0,0,0,1,0,0,0,0,0,0,30,24,2,0.0,0,0,7,2,0,0,0,0,code_runner.py,benign,code,0
11,0,False,False,False,62,275,0,36,0.05294619982920581,0,0,0,0,False,0,0,False,0,0,False,3,1,1171,0.0025619128949615714,3.2708429526129232,4.4051863128912885,0,0,0,0,0,0,0,0,0,0,0,1,0,0,0,0,0,0,275,37,3,0.0,0,0,2,1,0,0,0,0,models.py,benign,models,0
0,0,False,False,False,0,1,0,1,0.0,0,0,0,0,False,0,0,False,0,0,False,1,0,10,0.1,0.0,0.0,0,0,0,0,0,0,0,0,0,0,0,1,0,0,0,0,0,0,1,1,1,0.0,0,0,0,0,0,0,0,0,iris.py,benign,iris,0
3,0,False,False,False,19,36,1,13,0.16666666666666666,0,0,0,1,False,2,0,True,0,0,False,2,1,114,0.017543859649122806,3.9660478309293503,4.373529809032384,0,0,0,0,0,0,0,1,0,0,0,1,0,0,0,0,0,0,36,14,2,0.0,0,0,1,1,0,0,0,0,test_frozen.py,benign,test,0
10,0,False,False,False,18,142,0,43,0.056074766355140186,0,0,0,0,False,0,0,False,0,0,False,4,2,321,0.012461059190031152,3.7709848457014505,4.10565324242344,0,0,0,0,0,0,0,0,0,0,0,1,0,0,0,0,0,0,142,50,3,0.0,0,0,3,2,0,0,0,0,test_gpc.py,benign,test,0
0,0,False,False,False,0,0,0,0,0.0,0,0,0,0,False,0,0,False,0,0,False,0,0,0,0.0,3.812613600005431,4.0895524525606675,0,0,0,0,0,0,0,0,0,0,0,0,0,0,0,0,0,0,0,0,0,0.0,0,0,0,0,0,0,0,0,test_load_tests_from_test_case.py,benign,test,0
6,0,False,False,False,8,33,0,11,0.024922118380062305,3,6,0,0,True,0,0,False,0,0,False,1,1,321,0.003115264797507788,3.3151493098710425,4.227567157116928,0,0,0,0,0,0,0,0,0,0,0,1,0,0,0,0,0,0,33,14,2,30.0,3,1,0,1,0,0,0,0,test_tutorial001.py,benign,test,0
7,1,True,False,False,13,85,4,32,0.0377906976744186,0,0,0,4,False,4,0,True,0,0,False,44,7,344,0.12790697674418605,3.554889231123417,4.536286231168866,2,0,0,0,0,0,4,0,0,0,0,1,0,0,1,0,1,0,85,36,4,0.0,0,0,43,7,0,0,0,0,features.py,benign,features,0
0,0,False,False,False,0,0,0,0,0.0,0,0,0,0,False,0,0,False,0,0,False,1,0,3,0.3333333333333333,0.0,0.0,0,0,0,0,0,0,0,0,0,0,0,0,0,0,0,0,0,0,0,0,0,0.0,0,0,0,0,0,0,0,0,__init__.py,benign,,0
12,0,False,False,False,9,43,0,26,0.06569343065693431,0,0,0,0,False,0,0,False,0,0,False,19,3,137,0.1386861313868613,4.041053301775512,4.820465575005843,1,0,0,0,0,0,0,0,0,1,0,1,0,0,0,0,0,1,43,33,3,0.0,0,0,18,3,0,0,0,0,str_convert.py,benign,str,0
1,0,False,False,False,4,5,0,2,0.15384615384615385,0,0,0,0,False,0,0,False,0,0,False,1,0,26,0.038461538461538464,3.683040252740977,3.820888851350188,0,0,0,0,0,0,0,0,0,0,0,0,0,0,0,0,0,0,5,2,1,0.0,0,0,0,0,0,0,0,0,static.py,benign,static,0
2,0,False,False,False,7,9,0,7,0.11864406779661017,0,0,0,0,False,0,0,False,0,0,False,3,1,59,0.05084745762711865,3.2514696746834937,3.8966879684212654,0,0,0,0,0,0,0,0,0,0,0,1,0,0,0,0,0,0,9,8,1,0.0,0,0,2,1,0,0,0,0,_threadsafety.py,benign,,0
4,0,False,False,False,2,8,2,6,0.06896551724137931,0,0,0,2,False,0,0,False,0,0,False,1,1,29,0.034482758620689655,0.0,0.0,0,0,0,0,0,0,0,2,0,0,0,1,0,0,0,0,0,0,8,6,1,0.0,0,0,0,1,0,0,0,0,test_fontfile.py,benign,test,0
2,0,False,False,False,20,20,0,10,0.05970149253731343,0,0,0,0,False,2,0,True,0,0,False,5,3,335,0.014925373134328358,3.0124467841534326,3.8664331502253835,0,0,0,0,0,0,0,0,0,0,0,1,0,0,0,0,0,0,20,10,2,0.0,0,0,4,3,0,0,0,0,_font.py,benign,,0
9,0,False,False,False,19,36,0,23,0.06312292358803986,0,1,0,0,False,0,0,False,0,0,False,14,2,301,0.046511627906976744,3.4825014429402663,3.759362067171,0,0,0,0,0,0,0,0,0,0,0,1,0,0,0,0,0,0,36,25,2,0.0,0,0,13,2,0,0,0,0,models.py,benign,models,0
4,0,False,False,False,0,1,0,1,0.0,0,0,0,0,False,0,0,False,0,0,False,2,1,10,0.2,2.7321588913645702,2.7321588913645702,0,0,0,0,0,0,0,0,0,0,0,1,0,0,0,0,0,0,1,1,1,0.0,0,0,1,1,0,0,0,0,__init__.py,benign,,0
5,0,False,False,False,7,23,0,13,0.050724637681159424,0,0,0,0,False,0,0,False,0,0,False,1,1,138,0.007246376811594203,3.359101329011777,4.282484261342601,0,0,0,0,0,0,0,0,0,0,1,1,0,0,0,1,0,0,23,13,3,0.0,0,0,0,1,0,0,0,0,test_afm.py,benign,test,0
4,1,False,True,False,1,18,0,15,0.02564102564102564,0,1,2,0,False,0,0,False,0,0,False,3,1,39,0.07692307692307693,3.6863235462918555,4.188177628869049,0,0,0,0,0,0,0,0,0,0,0,1,0,0,0,0,0,0,18,16,2,0.0,0,0,2,3,0,0,0,0,image01.py,benign,image01,0
5,1,False,True,False,4,8,0,5,0.10256410256410256,0,0,1,0,False,0,0,False,0,0,False,1,0,39,0.02564102564102564,3.223927041369638,3.3248629576173574,0,0,0,0,0,0,0,0,0,0,0,0,0,0,0,0,0,0,7,5,2,0.0,0,0,0,0,0,0,0,0,test_tutorial002_an.py,benign,test,0
1,0,False,False,False,4,8,0,4,0.14285714285714285,0,0,0,0,False,0,0,False,0,0,False,1,0,28,0.03571428571428571,4.076560377969168,4.076560377969168,0,0,0,0,0,0,0,0,0,0,0,1,0,0,0,0,0,0,8,4,1,0.0,0,0,0,0,0,0,0,0,decorator_implicit_classmethod.py,benign,decorator,0
14,0,False,False,False,62,214,1,104,0.05472197705207414,0,0,0,1,False,28,0,True,0,0,False,119,5,1133,0.10503089143865843,3.575525992060895,4.292044657746711,0,0,0,0,0,0,0,1,0,1,0,1,0,0,0,0,0,1,214,128,3,0.0,0,0,118,8,0,0,0,0,base.py,benign,base,0
9,0,False,False,False,10,27,0,16,0.0641025641025641,0,1,0,0,False,3,0,True,0,0,False,7,2,156,0.04487179487179487,3.5860569173581025,4.303611926322032,0,0,0,0,0,0,0,0,0,0,0,1,0,0,0,0,0,0,27,16,2,0.0,0,0,6,2,0,0,0,0,root_model.py,benign,root,0
12,0,False,False,False,117,1186,0,80,0.0546984572230014,1,8,0,0,True,6,0,True,0,0,False,21,3,2139,0.009817671809256662,3.333163469786299,4.642230569535551,2,0,0,0,0,0,0,0,0,0,0,1,0,0,0,0,0,0,1186,242,6,0.0,0,0,20,3,0,0,0,0,tests.py,benign,tests,0
6,0,False,False,False,14,99,0,24,0.08045977011494253,0,0,0,0,False,3,0,True,0,0,False,10,2,174,0.05747126436781609,3.5496539301504186,4.2476506080481595,0,0,0,0,0,0,0,0,0,0,0,1,0,0,0,0,0,0,99,26,3,0.0,0,0,9,2,0,0,0,0,test_continued_fraction.py,benign,test,0
7,0,False,False,False,11,39,1,21,0.09734513274336283,0,0,0,1,False,4,0,True,0,0,False,9,3,113,0.07964601769911504,3.2799022942250056,4.228976883086187,0,0,0,0,0,0,0,1,0,0,0,1,0,0,0,0,0,0,39,21,2,0.0,0,0,8,3,0,0,0,0,hstore.py,benign,hstore,0
4,0,False,False,False,2,14,0,10,0.037037037037037035,0,0,0,0,False,0,0,False,0,0,False,2,1,54,0.037037037037037035,3.435557682584636,3.452819531114783,0,0,0,0,0,0,0,0,0,0,0,0,0,0,0,0,0,0,14,11,4,0.0,0,0,1,1,0,0,0,0,admin.py,benign,admin,0
3,0,False,False,False,4,38,0,19,0.044444444444444446,0,0,0,0,False,2,0,True,0,0,False,1,1,90,0.011111111111111112,4.296133039542216,4.296133039542216,0,0,0,0,0,0,0,0,0,0,0,0,0,0,0,0,0,0,38,22,3,0.0,0,0,0,1,0,0,0,0,test_npfuncs.py,benign,test,0
1,0,False,False,False,3,8,0,5,0.1111111111111111,0,0,0,0,False,0,0,False,0,0,False,3,1,27,0.1111111111111111,3.6510225769610813,3.779470570797251,0,0,0,0,0,0,0,0,0,0,0,0,0,0,0,0,0,0,8,5,1,0.0,0,0,2,1,0,0,0,0,tutorial003.py,benign,tutorial003,0
13,2,False,False,False,225,1709,0,142,0.0800711743772242,1,0,0,0,False,7,0,True,0,0,False,42,2,2810,0.01494661921708185,3.5651321851986566,4.250201918975737,0,0,0,0,0,0,0,0,0,1,0,1,0,0,0,0,0,1,1709,182,3,0.0,0,0,41,2,0,0,0,0,test_generator_mt19937.py,benign,test,0
1,0,False,False,False,2,1,0,1,0.07692307692307693,0,0,0,0,False,0,0,False,0,0,False,1,0,26,0.038461538461538464,3.1526903905859753,3.689703732199547,0,0,0,0,0,0,0,0,0,0,0,1,0,0,0,0,0,0,1,1,1,0.0,0,0,0,0,0,0,0,0,qhull.py,benign,qhull,0
3,0,False,False,False,2,4,0,4,0.08,0,0,0,0,False,0,0,False,0,0,False,3,1,25,0.12,3.416117525431732,3.9590943713503313,0,0,0,0,0,0,0,0,0,0,0,1,0,0,0,0,0,0,4,4,2,0.0,0,0,2,1,0,0,0,0,__init__.py,benign,,0
10,0,False,False,False,12,71,0,30,0.06936416184971098,0,0,0,0,False,2,0,True,0,0,False,1,1,173,0.005780346820809248,3.47250227214342,4.252715278979704,0,0,0,0,0,0,0,0,0,0,0,1,0,0,0,0,0,0,71,34,3,0.0,0,0,0,1,0,0,0,0,test_exceptions.py,benign,test,0
2,0,False,False,False,8,14,0,10,0.058394160583941604,0,0,0,0,False,2,0,True,0,0,False,5,3,137,0.0364963503649635,3.70900502394235,3.9705730958116843,0,0,0,0,0,0,0,0,0,0,0,1,0,0,0,0,0,0,14,10,2,0.0,0,0,4,3,0,0,0,0,_title.py,benign,,0
