,name,downloads,name_length,has_description,description_length,has_homepage,has_repository,version_count,age_days,has_author,author_name_length,is_team,dependency_count,has_dependencies,has_malicious_deps,dependencies,author,license,keywords,label,typosquatting_score,in_degree,out_degree,clustering,pagerank
nurnpy,nurnpy,10,6,1,0,0,0,1,760,1,0,0,0,0,0,[],,,,1,0.0,0,0,0.0,1.0
test-package-2,test-package-2,0,14,0,0,0,0,1,20,0,0,0,1,1,0,[],,,,1,0.0,0,0,0.0,1.0
python-sqlite,python-sqlite,0,13,0,0,0,0,3,2,1,4,0,0,1,0,[],,,,1,0.0,0,0,0.0,1.0
sqlalchemy-core,sqlalchemy-core,0,15,0,0,0,0,1,30,0,2,0,5,0,0,[],,,,1,0.0,0,0,0.0,1.0
apidev-coop-cms,apidev-coop-cms,1425,15,1,10336,1,0,137,4517,1,8,0,10,1,0,"['django<5.0,>=4.2', 'django-extensions', 'sorl-thumbnail', 'apidev-coop-colorbox>=1.6.0', 'apidev-coop-bar>=1.6.0', 'coop-html-editor>=1.4.0', 'feedparser', 'beautifulsoup4', 'model-mommy', 'unicode-slugify']",Luc Jean,BSD,,1,0.0,0,10,0.0,0.042133211068435726
pandas-numpy,pandas-numpy,2,12,0,0,0,0,3,21,0,2,0,1,0,0,[],,,,1,0.0,0,0,0.0,1.0
alpha-test,alpha-test,0,10,0,0,0,0,3,9,0,1,0,2,0,0,[],,,,1,0.0,0,0,0.0,1.0
bitcoin-wallet,bitcoin-wallet,0,14,0,0,0,0,1,25,0,10,0,0,1,0,[],,,,1,0.0,0,0,0.0,1.0
py_test,py_test,410,7,1,7,1,0,1,4041,1,7,0,0,0,0,[],UNKNOWN,UNKNOWN,,1,0.8571428571428572,0,0,0.0,1.0
pytohn,pytohn,0,6,0,0,0,0,3,28,1,7,0,5,0,0,[],,,,1,0.0,0,0,0.0,1.0
scipi,scipi,1,5,0,0,0,0,3,10,1,3,0,1,1,0,[],,,,1,0.8,0,0,0.0,1.0
urllib-3,urllib-3,187,8,1,62,0,0,1,1832,1,5,0,0,0,0,[],htdge,,,1,0.875,0,0,0.0,1.0
pandsa,pandsa,1,6,0,0,0,0,3,5,1,4,0,2,1,0,[],,,,1,0.0,0,0,0.0,1.0
numpу,numpу,0,5,0,0,0,0,1,23,1,8,0,5,0,0,[],,,,1,0.8,0,0,0.0,1.0
sci-kit-learn,sci-kit-learn,0,13,0,0,0,0,2,24,0,0,0,4,0,0,[],,,,1,0.9230769230769231,0,0,0.0,1.0
requestes,requestes,0,9,0,0,0,0,2,21,1,9,0,4,1,0,[],,,,1,0.8888888888888888,0,0,0.0,1.0
reqquests,reqquests,0,9,0,0,0,0,2,25,1,1,0,4,1,0,[],,,,1,0.8888888888888888,0,0,0.0,1.0
data-exfil,data-exfil,0,10,0,0,0,0,1,26,1,7,0,3,0,0,[],,,,1,0.0,0,0,0.0,1.0
beautiful_soup4,beautiful_soup4,0,15,0,0,0,0,2,22,1,0,0,3,1,0,[],,,,1,0.9333333333333333,0,0,0.0,1.0
openssl-python,openssl-python,12389,14,1,1101,1,0,2,3132,1,14,0,0,0,0,[],Youssef Seddik,GNU GPLv3,crypto encryption RSA-keys signature signature-verification,1,0.0,0,0,0.0,1.0
company-utils,company-utils,0,13,0,0,0,0,3,21,1,6,0,3,1,0,[],,,,1,0.0,0,0,0.0,1.0
redis-celery,redis-celery,0,12,0,0,0,0,2,25,0,4,0,1,0,0,[],,,,1,0.0,0,0,0.0,1.0
requests-toolbelt,requests-toolbelt,186368749,17,1,13150,1,1,21,4326,1,27,0,1,1,0,['requests'],"Ian Cordasco, Cory Benfield",Apache 2.0,,1,0.0,0,1,0.0,0.09594647976959653
private-pkg,private-pkg,0,11,0,0,0,0,2,22,0,6,0,4,0,0,[],,,,1,0.0,0,0,0.0,1.0
pythno,pythno,0,6,0,0,0,0,1,15,0,4,0,5,0,0,[],,,,1,0.0,0,0,0.0,1.0
flaск,flaск,0,5,0,0,0,0,3,10,0,5,0,4,0,0,[],,,,1,0.0,0,0,0.0,1.0
pytorch-tensorflow,pytorch-tensorflow,0,18,0,0,0,0,2,7,1,10,0,4,0,0,[],,,,1,0.0,0,0,0.0,1.0
pandas-datareader,pandas-datareader,496850,17,1,1940,1,0,22,3893,1,27,1,3,1,0,"['lxml', 'pandas', 'requests']",The PyData Development Team,BSD License,data,1,0.0,0,3,0.0,0.03555878841946272
tensorflow-keras,tensorflow-keras,13144,16,0,0,0,0,1,307,0,0,0,0,0,0,[],,,,1,0.0,0,0,0.0,1.0
prototype-pkg,prototype-pkg,0,13,0,0,0,0,2,6,1,0,0,3,0,0,[],,,,1,0.0,0,0,0.0,1.0
numрy,numрy,0,5,0,0,0,0,1,2,0,2,0,5,0,0,[],,,,1,0.8,0,0,0.0,1.0
request,request,5,7,0,0,0,0,3,16,1,3,0,3,1,0,[],,,,1,0.875,0,0,0.0,1.0
libpython,libpython,5435,9,1,823,1,0,2,1995,1,18,0,0,0,0,[],Willian Cavalcante,GNU AFFERO GENERAL PUBLIC LICENSE,,1,0.7777777777777778,0,0,0.0,1.0
urllib4,urllib4,0,7,1,7,1,0,2,0,1,8,0,0,0,0,[],Flier Lu,Apache License 2.0,urllib pycurl network http ftp,1,0.8571428571428572,0,0,0.0,1.0
openssl,openssl,0,7,0,0,0,0,1,9,0,2,0,5,0,0,[],,,,1,0.7777777777777778,0,0,0.0,1.0
pip-install,pip-install,78168,11,1,410,1,0,2,1659,1,11,0,0,0,0,[],Eugene Kolo,MIT,install packages from within code,1,0.0,0,0,0.0,1.0
pandaz,pandaz,100,6,1,352,0,0,1,578,1,9,0,0,0,0,[],Tom Hanks,,"python, development, productivity, utilities",1,0.8333333333333334,0,0,0.0,1.0
corp-lib,corp-lib,0,8,0,0,0,0,1,7,0,6,0,1,0,0,[],,,,1,0.0,0,0,0.0,1.0
flsk,flsk,0,4,0,0,0,0,3,18,1,3,0,4,0,0,[],,,,1,0.8,0,0,0.0,1.0
flask-utils,flask-utils,54,11,1,996,1,0,2,4491,1,14,0,0,0,0,[],Jakub Zalewski,MIT license,flask utils,1,0.0,0,0,0.0,1.0
python-multipart,python-multipart,139439286,16,1,516,0,1,20,4625,1,0,0,0,0,0,[],,,,1,0.0,0,0,0.0,1.0
scipy-optimize,scipy-optimize,0,14,0,0,0,0,3,22,1,3,0,0,0,0,[],,,,1,0.0,0,0,0.0,1.0
numpy-pandas,numpy-pandas,0,12,0,0,0,0,2,19,0,1,0,0,1,0,[],,,,1,0.0,0,0,0.0,1.0
org-internal,org-internal,0,12,0,0,0,0,3,23,1,9,0,3,1,0,[],,,,1,0.0,0,0,0.0,1.0
beautifulsoup,beautifulsoup,206594,13,1,867,1,0,13,5480,1,18,0,0,0,0,[],Leonard Richardson,MIT,,1,0.9285714285714286,0,0,0.0,1.0
crypto-miner,crypto-miner,0,12,0,0,0,0,3,24,1,9,0,2,1,0,[],,,,1,0.0,0,0,0.0,1.0
djnago,djnago,0,6,0,0,0,0,2,29,0,3,0,4,1,0,[],,,,1,0.0,0,0,0.0,1.0
acqusition,acqusition,0,10,0,0,0,0,2,15,0,1,0,2,1,0,[],,,,1,0.0,0,0,0.0,1.0
urlib3,urlib3,0,6,0,0,0,0,2,18,1,2,0,1,1,0,[],,,,1,0.8571428571428572,0,0,0.0,1.0
my-package,my-package,5063,10,1,10,0,0,1,3008,0,0,0,0,0,0,[],,,,1,0.0,0,0,0.0,1.0
django-rest-framework,django-rest-framework,145186,21,1,0,1,0,1,3047,1,12,0,0,0,0,[],Tom Christie,BSD,,1,0.0,0,0,0.0,1.0
crypto-lib,crypto-lib,0,10,0,0,0,0,3,4,0,9,0,5,0,0,[],,,,1,0.0,0,0,0.0,1.0
djago,djago,0,5,0,0,0,0,1,30,0,1,0,1,1,0,[],,,,1,0.0,0,0,0.0,1.0
virtualenv,virtualenv,256387200,10,1,1614,0,1,244,6644,0,0,0,24,1,0,"['distlib<1,>=0.3.7', 'filelock<4,>=3.12.2', 'importlib-metadata>=6.6', 'platformdirs<5,>=3.9.1', 'typing-extensions>=4.13.2', 'furo>=2023.7.26', 'proselint>=0.13', 'sphinx!=7.3,>=7.1.2', 'sphinx-argparse>=0.4', 'sphinxcontrib-towncrier>=0.2.1a0', 'towncrier>=23.6', 'covdefaults>=2.3', 'coverage-enable-subprocess>=1', 'coverage>=7.2.7', 'flaky>=3.7', 'packaging>=23.1', 'pytest-env>=0.8.2', 'pytest-freezer>=0.4.8', 'pytest-mock>=3.11.1', 'pytest-randomly>=3.12', 'pytest-timeout>=2.1', 'pytest>=7.4', 'setuptools>=68', 'time-machine>=2.10']",,,"environments, isolated, virtual",1,0.0,0,10,0.0,0.0843884181485989
acquire,acquire,123225,7,1,2772,0,0,194,2463,1,0,0,11,1,1,"['dissect.cstruct<5,>=4', 'dissect.target<4,>=3.23', 'minio', 'pycryptodome', 'requests', 'rich', 'dissect.target', 'requests_toolbelt', 'acquire', 'dissect.cstruct<5.0.dev,>=4.0.dev', 'dissect.target']",,Affero General Public License v3,,1,0.0,1,10,0.0,0.050163044323843914
apidev-coop,apidev-coop,0,11,0,0,0,0,1,17,1,2,0,2,1,0,[],,,,1,0.0,0,0,0.0,1.0
pytorch-cpu,pytorch-cpu,0,11,0,0,0,0,1,16,0,2,0,4,0,0,[],,,,1,0.0,0,0,0.0,1.0
matplotlib-seaborn,matplotlib-seaborn,0,18,0,0,0,0,1,21,1,3,0,5,0,0,[],,,,1,0.0,0,0,0.0,1.0
rеquests,rеquests,0,8,0,0,0,0,1,13,0,10,0,3,1,0,[],,,,1,0.875,0,0,0.0,1.0
python_dateutil,python_dateutil,716571014,15,1,6814,1,1,34,6317,1,16,0,1,1,0,['six'],Gustavo Niemeyer,Dual License,,1,0.9333333333333333,0,1,0.0,0.3508773619358619
requests2,requests2,2,9,0,0,0,0,1,24,0,7,0,2,1,0,[],,,,1,0.8888888888888888,0,0,0.0,1.0
python-mysql,python-mysql,0,12,0,0,0,0,2,6,0,8,0,4,0,0,[],,,,1,0.0,0,0,0.0,1.0
reqests,reqests,0,7,0,0,0,0,2,8,1,1,0,0,1,0,[],,,,1,0.875,0,0,0.0,1.0
ethereum-miner,ethereum-miner,0,14,0,0,0,0,3,22,0,6,0,3,0,0,[],,,,1,0.0,0,0,0.0,1.0
py-torch,py-torch,0,8,0,0,0,0,2,25,0,3,0,1,0,0,[],,,,1,0.0,0,0,0.0,1.0
flask-socketio,flask-socketio,2666134,14,1,1867,0,0,93,4304,1,0,0,3,1,0,"['Flask>=0.9', 'python-socketio>=5.12.0', 'sphinx']",,,,1,0.0,0,3,0.0,0.06273201441392673
padas,padas,0,5,0,0,0,0,2,2,0,6,0,5,1,0,[],,,,1,0.8333333333333334,0,0,0.0,1.0
scipу,scipу,0,5,0,0,0,0,1,1,1,3,0,5,1,0,[],,,,1,0.8,0,0,0.0,1.0
telnet,telnet,0,6,0,0,0,0,1,27,1,4,0,0,0,0,[],,,,1,0.0,0,0,0.0,1.0
colourama,colourama,0,9,0,0,0,0,3,9,1,3,0,4,1,0,[],,,,1,0.8888888888888888,0,0,0.0,1.0
dev-package,dev-package,0,11,0,0,0,0,3,14,1,4,0,3,1,0,[],,,,1,0.0,0,0,0.0,1.0
flask-restful,flask-restful,3183825,13,1,0,1,1,33,4783,1,15,1,5,1,0,"['aniso8601', 'Flask', 'six', 'pytz', 'sphinx']",Twilio API Team,BSD,,1,0.0,0,5,0.0,0.056039414600372324
minecraft-py,minecraft-py,90,12,1,0,1,0,1,2644,1,13,0,0,0,0,[],William Evans,,,1,0.0,0,0,0.0,1.0
panddas,panddas,257,7,1,0,1,0,20,3434,1,17,0,0,0,0,[],Nicholas M Pearce,CC BY-SA 4.0,,1,0.8571428571428572,0,0,0.0,1.0
enterprise-tools,enterprise-tools,0,16,0,0,0,0,2,29,1,1,0,5,0,0,[],,,,1,0.0,0,0,0.0,1.0
python3-dateutil,python3-dateutil,0,16,0,0,0,0,2,7,0,8,0,2,1,0,[],,,,1,0.9375,0,0,0.0,1.0
libpesh,libpesh,0,7,0,0,0,0,3,13,0,8,0,0,0,0,[],,,,1,0.0,0,0,0.0,1.0
pythοn,pythοn,0,6,0,0,0,0,2,6,1,10,0,0,0,0,[],,,,1,0.7142857142857143,0,0,0.0,1.0
nummpy,nummpy,0,6,0,0,0,0,2,3,0,3,0,3,0,0,[],,,,1,0.8333333333333334,0,0,0.0,1.0
python-requests,python-requests,0,15,0,0,0,0,1,13,0,3,0,1,1,0,[],,,,1,0.0,0,0,0.0,1.0
reverse-shell,reverse-shell,0,13,0,0,0,0,1,14,1,2,0,4,1,0,[],,,,1,0.0,0,0,0.0,1.0
python-jose,python-jose,22241636,11,1,3706,1,1,39,3867,1,13,0,8,1,0,"['ecdsa!=0.15', 'rsa!=4.1.1,!=4.4,<5.0,>=4.0', 'pyasn1>=0.5.0', 'pytest', 'pytest-cov', 'cryptography>=3.4.0', 'pycrypto<2.7.0,>=2.6.0', 'pycryptodome<4.0.0,>=3.3.1']",Michael Davis,MIT,jose jws jwe jwt json web token security signing,1,0.0,0,8,0.0,0.01931683973097202
sqlalchemy-django,sqlalchemy-django,8,17,1,10,1,0,2,3023,1,8,0,1,1,0,['SQLAlchemy'],bigtiger,,,1,0.0,0,1,0.0,0.3508773619358619
pillow-opencv,pillow-opencv,0,13,0,0,0,0,3,6,1,4,0,4,1,0,[],,,,1,0.0,0,0,0.0,1.0
debug-package,debug-package,0,13,0,0,0,0,1,16,0,6,0,2,0,0,[],,,,1,0.0,0,0,0.0,1.0
pypl,pypl,1182,4,1,7,0,0,9,3213,1,11,0,1,1,0,['svgwrite'],Ingo Fruend,MIT,,1,0.0,0,1,0.0,0.3508773619358619
libpython3,libpython3,0,10,0,0,0,0,1,30,0,9,0,4,0,0,[],,,,1,0.0,0,0,0.0,1.0
nupmy,nupmy,0,5,0,0,0,0,3,5,1,7,0,3,1,0,[],,,,1,0.0,0,0,0.0,1.0
pwd,pwd,0,3,0,0,0,0,1,15,1,6,0,5,1,0,[],,,,1,0.0,0,0,0.0,1.0
test-package-123,test-package-123,0,16,0,0,0,0,3,22,0,6,0,0,0,0,[],,,,1,0.0,0,0,0.0,1.0
numps,numps,0,5,0,0,0,0,1,21,1,8,0,3,0,0,[],,,,1,0.8,0,0,0.0,1.0
setup-test,setup-test,0,10,0,0,0,0,2,18,1,2,0,2,1,0,[],,,,1,0.0,0,0,0.0,1.0
bzip-python,bzip-python,0,11,0,0,0,0,3,14,0,10,0,1,1,0,[],,,,1,0.0,0,0,0.0,1.0
pipenv,pipenv,18786104,6,1,16153,0,1,401,3228,1,0,0,17,1,0,"['certifi', 'packaging>=22', 'setuptools>=67', 'virtualenv>=20.24.2', 'beautifulsoup4', 'black==24.3.0', 'flake8<4,>=3.3', 'invoke', 'parver', 'sphinx', 'towncrier', 'safety>=3.0.0', 'flaky', 'mock', 'pytest>=5', 'pytest-timeout', 'pytest-xdist']",,MIT License (MIT),,1,0.0,0,10,0.0,0.0288546220572067
internal-package,internal-package,0,16,0,0,0,0,1,16,0,7,0,4,0,0,[],,,,1,0.0,0,0,0.0,1.0
tensorflow-gpu,tensorflow-gpu,110505,14,1,1318,0,0,97,3260,1,12,1,0,0,0,[],"Google, Inc.",Apache 2.0,"tensorflow,tensor,machine learning",1,0.0,0,0,0.0,1.0
beta-version,beta-version,0,12,0,0,0,0,3,18,0,5,0,0,0,0,[],,,,1,0.0,0,0,0.0,1.0
django-utils,django-utils,4104,12,1,20,1,0,2,5646,1,12,0,0,0,0,[],Jonas Obrist,UNKNOWN,,1,0.0,0,0,0.0,1.0
example-package,example-package,1699,15,1,1275,1,0,1,2391,1,14,0,0,0,0,[],Example Author,,,1,0.0,0,0,0.0,1.0
requests-urllib,requests-urllib,0,15,0,0,0,0,3,4,0,7,0,1,0,0,[],,,,1,0.0,0,0,0.0,1.0
numpy-financial,numpy-financial,2575238,15,1,763,1,0,4,2237,1,25,0,1,1,0,['numpy'],Travis E. Oliphant et al.,BSD 3-Clause,,1,0.0,0,1,0.0,0.3508773619358619
pythoon,pythoon,0,7,0,0,0,0,2,17,1,4,0,0,1,0,[],,,,1,0.7142857142857143,0,0,0.0,1.0
jeIlyfish,jeIlyfish,0,9,0,0,0,0,3,21,1,4,0,3,0,0,[],,,,1,0.0,0,0,0.0,1.0
requsts,requsts,0,7,0,0,0,0,1,1,1,10,0,4,1,0,[],,,,1,0.875,0,0,0.0,1.0
libpesh-arm,libpesh-arm,0,11,0,0,0,0,2,21,0,1,0,0,1,0,[],,,,1,0.0,0,0,0.0,1.0
backdoor-utils,backdoor-utils,0,14,0,0,0,0,1,28,1,10,0,0,1,0,[],,,,1,0.0,0,0,0.0,1.0
crypt,crypt,0,5,0,0,0,0,2,15,0,5,0,5,1,0,[],,,,1,0.8333333333333334,0,0,0.0,1.0
test-package-1,test-package-1,28,14,1,98,0,0,1,1675,1,18,0,0,0,0,[],Thurner Industries,MIT,test-package,1,0.0,0,0,0.0,1.0
sample-lib,sample-lib,17,10,1,0,1,0,1,2654,1,14,0,0,0,0,[],Youssef Sherif,MIT,,1,0.0,0,0,0.0,1.0
django-server,django-server,0,13,0,0,0,0,3,25,1,4,0,1,0,0,[],,,,1,0.0,0,0,0.0,1.0
scikit-learn-utils,scikit-learn-utils,0,18,0,0,0,0,1,7,0,5,0,0,1,0,[],,,,1,0.0,0,0,0.0,1.0
tensor_flow,tensor_flow,0,11,0,0,0,0,2,21,0,7,0,3,1,0,[],,,,1,0.0,0,0,0.0,1.0
beautifulsoup-lxml,beautifulsoup-lxml,0,18,0,0,0,0,2,6,1,8,0,3,1,0,[],,,,1,0.7222222222222222,0,0,0.0,1.0
beautifuIsoup4,beautifuIsoup4,0,14,0,0,0,0,2,25,0,2,0,2,1,0,[],,,,1,0.9285714285714286,0,0,0.0,1.0
djanggo,djanggo,0,7,0,0,0,0,1,11,0,3,0,3,1,0,[],,,,1,0.0,0,0,0.0,1.0
раndas,раndas,0,6,0,0,0,0,2,15,0,8,0,5,0,0,[],,,,1,0.0,0,0,0.0,1.0
python-dotenv,python-dotenv,257346375,13,1,24430,0,1,49,4093,1,0,0,1,1,0,['click>=5.0'],,,"environment variables, deployments, settings, env, dotenv, configurations, python",1,0.0,0,1,0.0,0.3508773619358619
scipy-numpy,scipy-numpy,0,11,0,0,0,0,2,26,0,0,0,5,0,0,[],,,,1,0.0,0,0,0.0,1.0
matplotlip,matplotlip,4,10,0,0,0,0,2,29,1,1,0,5,1,0,[],,,,1,0.9,0,0,0.0,1.0
open-cv-python,open-cv-python,0,14,0,0,0,0,3,7,0,5,0,4,1,0,[],,,,1,0.0,0,0,0.0,1.0
temp-package,temp-package,0,12,0,0,0,0,1,5,1,5,0,1,0,0,[],,,,1,0.0,0,0,0.0,1.0
demo-package,demo-package,45,12,1,1041,1,0,3,3740,1,11,0,0,0,0,[],Uwe Schmitt,MIT license,demo_package,1,0.0,0,0,0.0,1.0
tensor-flow,tensor-flow,0,11,0,0,0,0,1,25,1,9,0,5,0,0,[],,,,1,0.0,0,0,0.0,1.0
rqeusts,rqeusts,0,7,0,0,0,0,2,20,0,7,0,3,1,0,[],,,,1,0.0,0,0,0.0,1.0
package-test,package-test,48,12,1,7,1,0,1,4021,1,7,0,0,0,0,[],huanxin,no,test,1,0.0,0,0,0.0,1.0
setup-tools,setup-tools,0,11,0,0,0,0,1,12,0,10,0,0,1,0,[],,,,1,0.9090909090909091,0,0,0.0,1.0
install-test,install-test,0,12,0,0,0,0,1,4,1,8,0,3,1,0,[],,,,1,0.0,0,0,0.0,1.0
fllask,fllask,0,6,0,0,0,0,1,29,1,9,0,0,0,0,[],,,,1,0.8333333333333334,0,0,0.0,1.0
libpeshnx,libpeshnx,0,9,0,0,0,0,1,6,1,5,0,5,0,0,[],,,,1,0.0,0,0,0.0,1.0
djang,djang,0,5,0,0,0,0,1,18,0,5,0,0,0,0,[],,,,1,0.0,0,0,0.0,1.0
scikit_learn,scikit_learn,184917283,12,1,7440,0,0,71,5176,0,0,0,55,1,0,"['numpy>=1.22.0', 'scipy>=1.8.0', 'joblib>=1.2.0', 'threadpoolctl>=3.1.0', 'numpy>=1.22.0', 'scipy>=1.8.0', 'cython>=3.0.10', 'meson-python>=0.17.1', 'numpy>=1.22.0', 'scipy>=1.8.0', 'joblib>=1.2.0', 'threadpoolctl>=3.1.0', 'matplotlib>=3.5.0', 'pandas>=1.4.0', 'memory_profiler>=0.57.0', 'matplotlib>=3.5.0', 'scikit-image>=0.19.0', 'pandas>=1.4.0', 'seaborn>=0.9.0', 'memory_profiler>=0.57.0', 'sphinx>=7.3.7', 'sphinx-copybutton>=0.5.2', 'sphinx-gallery>=0.17.1', 'numpydoc>=1.2.0', 'Pillow>=8.4.0', 'pooch>=1.6.0', 'sphinx-prompt>=1.4.0', 'sphinxext-opengraph>=0.9.1', 'plotly>=5.14.0', 'polars>=0.20.30', 'sphinx-design>=0.5.0', 'sphinx-design>=0.6.0', 'sphinxcontrib-sass>=0.3.4', 'pydata-sphinx-theme>=0.15.3', 'sphinx-remove-toctrees>=1.0.0.post1', 'towncrier>=24.8.0', 'matplotlib>=3.5.0', 'scikit-image>=0.19.0', 'pandas>=1.4.0', 'seaborn>=0.9.0', 'pooch>=1.6.0', 'plotly>=5.14.0', 'matplotlib>=3.5.0', 'scikit-image>=0.19.0', 'pandas>=1.4.0', 'pytest>=7.1.2', 'pytest-cov>=2.9.0', 'ruff>=0.11.7', 'mypy>=1.15', 'pyamg>=4.2.1', 'polars>=0.20.30', 'pyarrow>=12.0.0', 'numpydoc>=1.2.0', 'pooch>=1.6.0', 'conda-lock==3.0.1']",,,,1,0.9166666666666666,0,6,0.0,0.12738858461984146
reqeusts,reqeusts,0,8,0,0,0,0,3,10,1,9,0,2,1,0,[],,,,1,0.75,0,0,0.0,1.0
flask-django,flask-django,0,12,0,0,0,0,3,12,0,9,0,0,1,0,[],,,,1,0.0,0,0,0.0,1.0
test-lib,test-lib,43,8,1,63,1,0,2,1697,1,7,0,0,0,0,[],Mohamed,,,1,0.0,0,0,0.0,1.0
pip-install-lib,pip-install-lib,0,15,0,0,0,0,3,1,1,3,0,1,1,0,[],,,,1,0.0,0,0,0.0,1.0
bzip,bzip,0,4,0,0,0,0,2,13,0,4,0,4,0,0,[],,,,1,0.0,0,0,0.0,1.0
requests-oauthlib,requests-oauthlib,235261566,17,1,9786,1,0,23,4747,1,13,0,3,1,0,"['oauthlib>=3.0.0', 'requests>=2.0.0', 'oauthlib']",Kenneth Reitz,ISC,,1,0.0,0,3,0.0,0.11184643366756095
urllib,urllib,0,6,0,0,0,0,1,11,0,7,0,2,1,0,[],,,,1,0.8571428571428572,0,0,0.0,1.0
reqυests,reqυests,0,8,0,0,0,0,2,28,1,8,0,3,0,0,[],,,,1,0.875,0,0,0.0,1.0
flask-cors,flask-cors,31680253,10,1,4344,0,1,53,4500,1,0,0,2,1,0,"['flask>=0.9', 'Werkzeug>=0.7']",,,python,1,0.0,0,2,0.0,0.25974050510584634
experimental-lib,experimental-lib,0,16,0,0,0,0,2,3,1,1,0,5,0,0,[],,,,1,0.0,0,0,0.0,1.0
requests-futures,requests-futures,2465592,16,1,11365,1,0,12,4629,1,14,0,14,1,0,"['requests>=1.2.0', 'pytest>=6.2.5', 'pytest-cov>=3.0.0', 'pytest-httpbin>=2.0.0', 'Werkzeug>=3.0.6', 'black<25.0.0,>=24.3.0', 'build>=0.7.0', 'docutils<=0.20.1', 'isort>=5.11.4', 'pyflakes>=2.2.0', 'readme-renderer', 'twine>=3.4.2', 'greenlet<=2.0.2', 'greenlet>=3.0.0']",Ross McFarland,Apache License v2,,1,0.0,0,10,0.0,0.0843884181485989
charset_normalizer,charset_normalizer,927027228,18,1,35423,0,1,58,2304,1,0,0,0,0,0,[],,MIT,"encoding, charset, charset-detector, detector, normalization, unicode, chardet, detect",1,0.9444444444444444,0,0,0.0,1.0
cryptografy,cryptografy,184,11,1,0,1,0,1,769,1,11,0,3,1,0,"['requests', 'flask', 'bs4']",cryptografy,The Unlicense (Unlicense),"android,windows,download",1,0.8333333333333334,0,3,0.0,0.0416933149538877
bcrypt-test,bcrypt-test,0,11,0,0,0,0,1,20,1,4,0,2,0,0,[],,,,1,0.0,0,0,0.0,1.0
awscli-lib,awscli-lib,0,10,0,0,0,0,3,16,0,3,0,0,1,0,[],,,,1,0.0,0,0,0.0,1.0
protobf,protobf,0,7,0,0,0,0,3,23,1,0,0,4,0,0,[],,,,1,0.875,0,0,0.0,1.0
dev-tqdm,dev-tqdm,0,8,0,0,0,0,3,16,1,9,0,4,0,0,[],,,,1,0.0,0,0,0.0,1.0
pyte-st,pyte-st,0,7,0,0,0,0,3,21,0,8,0,2,0,0,[],,,,1,0.8571428571428572,0,0,0.0,1.0
build-new,build-new,0,9,0,0,0,0,2,7,1,1,0,1,1,0,[],,,,1,0.0,0,0,0.0,1.0
pyjwwt,pyjwwt,0,6,0,0,0,0,3,1,1,9,0,2,0,0,[],,,,1,0.8333333333333334,0,0,0.0,1.0
langsmih,langsmih,0,8,0,0,0,0,2,1,0,7,0,1,1,0,[],,,,1,0.8888888888888888,0,0,0.0,1.0
openaai,openaai,0,7,0,0,0,0,2,19,0,7,0,2,0,0,[],,,,1,0.8571428571428572,0,0,0.0,1.0
idna-tools,idna-tools,0,10,0,0,0,0,1,14,0,0,0,4,1,0,[],,,,1,0.0,0,0,0.0,1.0
lib-poetry-core,lib-poetry-core,0,15,0,0,0,0,1,1,0,2,0,3,0,0,[],,,,1,0.7333333333333334,0,0,0.0,1.0
pyacl,pyacl,44,5,1,116,1,0,1,6053,1,13,0,0,0,0,[],Gustavo Narea,GNU Affero General Public License v3 (http://www.gnu.org/licenses/agpl.html),authorization acl acls access control,1,0.8333333333333334,0,0,0.0,1.0
egex,egex,0,4,0,0,0,0,2,30,1,2,0,0,0,0,[],,,,1,0.8,0,0,0.0,1.0
markdown_it-py,markdown_it-py,251297509,14,1,4657,0,0,43,2068,1,0,0,27,1,0,"['mdurl~=0.1', 'psutil', 'pytest', 'pytest-benchmark', 'commonmark~=0.9', 'markdown~=3.4', 'mistletoe~=1.0', 'mistune~=3.0', 'panflute~=2.3', 'markdown-it-pyrs', 'linkify-it-py<3,>=1', 'mdit-py-plugins>=0.5.0', 'gprof2dot', 'mdit-py-plugins>=0.5.0', 'myst-parser', 'pyyaml', 'sphinx', 'sphinx-copybutton', 'sphinx-design', 'sphinx-book-theme~=1.0', 'jupyter_sphinx', 'ipykernel', 'coverage', 'pytest', 'pytest-cov', 'pytest-regressions', 'requests']",,,"markdown, lexer, parser, commonmark, markdown-it",1,0.9285714285714286,0,10,0.022222222222222223,0.015751470002995746
pyproject-hoooks,pyproject-hoooks,0,16,0,0,0,0,1,23,1,6,0,1,1,0,[],,,,1,0.9375,0,0,0.0,1.0
builld,builld,0,6,0,0,0,0,2,11,0,9,0,5,0,0,[],,,,1,0.8333333333333334,0,0,0.0,1.0
lib-dill,lib-dill,0,8,0,0,0,0,1,17,0,7,0,1,1,0,[],,,,1,0.0,0,0,0.0,1.0
pyparsng,pyparsng,0,8,0,0,0,0,3,24,1,10,0,2,1,0,[],,,,1,0.8888888888888888,0,0,0.0,1.0
ri-ch,ri-ch,0,5,0,0,0,0,1,24,0,8,0,1,1,0,[],,,,1,0.8,0,0,0.0,1.0
p1p,p1p,0,3,0,0,0,0,2,23,1,3,0,2,1,0,[],,,,1,0.0,0,0,0.0,1.0
defsedxml,defsedxml,0,9,0,0,0,0,1,13,1,5,0,1,0,0,[],,,,1,0.9,0,0,0.0,1.0
platformdis,platformdis,0,11,0,0,0,0,2,6,0,7,0,4,1,0,[],,,,1,0.9166666666666666,0,0,0.0,1.0
a-iosignal,a-iosignal,0,10,0,0,0,0,1,9,0,3,0,5,0,0,[],,,,1,0.9,0,0,0.0,1.0
openwai,openwai,0,7,0,0,0,0,1,11,1,5,0,1,1,0,[],,,,1,0.8571428571428572,0,0,0.0,1.0
cryptogrphy,cryptogrphy,0,11,0,0,0,0,1,26,0,0,0,1,1,0,[],,,,1,0.9166666666666666,0,0,0.0,1.0
pyprojekt-hooks,pyprojekt-hooks,0,15,0,0,0,0,3,24,1,5,0,0,1,0,[],,,,1,0.9333333333333333,0,0,0.0,1.0
new-botocore,new-botocore,0,12,0,0,0,0,1,28,0,2,0,4,1,0,[],,,,1,0.0,0,0,0.0,1.0
test-deprecated,test-deprecated,0,15,0,0,0,0,1,11,1,7,0,4,0,0,[],,,,1,0.0,0,0,0.0,1.0
bakcoff,bakcoff,0,7,0,0,0,0,1,16,0,4,0,2,0,0,[],,,,1,0.7142857142857143,0,0,0.0,1.0
awskli,awskli,0,6,0,0,0,0,3,22,0,0,0,5,1,0,[],,,,1,0.8333333333333334,0,0,0.0,1.0
ht_tpx,ht_tpx,0,6,0,0,0,0,1,17,0,6,0,0,0,0,[],,,,1,0.8333333333333334,0,0,0.0,1.0
lib-ruff,lib-ruff,0,8,0,0,0,0,1,2,0,8,0,4,1,0,[],,,,1,0.0,0,0,0.0,1.0
itsdanger_ous,itsdanger_ous,0,13,0,0,0,0,2,21,0,7,0,0,1,0,[],,,,1,0.9230769230769231,0,0,0.0,1.0
httpcre,httpcre,0,7,0,0,0,0,1,22,0,8,0,4,0,0,[],,,,1,0.875,0,0,0.0,1.0
rpd$-py,rpd$-py,0,7,0,0,0,0,3,11,0,1,0,2,1,0,[],,,,1,0.8571428571428572,0,0,0.0,1.0
lib-pyasn1,lib-pyasn1,0,10,0,0,0,0,3,23,0,6,0,4,0,0,[],,,,1,0.0,0,0,0.0,1.0
google-cloud-bigquery-new,google-cloud-bigquery-new,0,25,0,0,0,0,1,4,0,2,0,1,0,0,[],,,,1,0.84,0,0,0.0,1.0
weencodings,weencodings,0,11,0,0,0,0,3,8,1,5,0,5,0,0,[],,,,1,0.9166666666666666,0,0,0.0,1.0
lib-fastjsonschema,lib-fastjsonschema,0,18,0,0,0,0,1,12,1,4,0,0,1,0,[],,,,1,0.7777777777777778,0,0,0.0,1.0
lib-typing-extensions,lib-typing-extensions,0,21,0,0,0,0,2,22,1,10,0,4,1,0,[],,,,1,0.8095238095238095,0,0,0.0,1.0
mypy-exntensions,mypy-exntensions,0,16,0,0,0,0,3,9,0,6,0,0,1,0,[],,,,1,0.9375,0,0,0.0,1.0
dis7ro,dis7ro,0,6,0,0,0,0,1,15,1,4,0,3,1,0,[],,,,1,0.8333333333333334,0,0,0.0,1.0
reegex,reegex,0,6,0,0,0,0,2,1,1,9,0,4,1,0,[],,,,1,0.8333333333333334,0,0,0.0,1.0
beautifulso-up4,beautifulso-up4,0,15,0,0,0,0,1,3,1,5,0,4,1,0,[],,,,1,0.9333333333333333,0,0,0.0,1.0
rpds_py,rpds_py,230826201,7,1,2703,0,1,68,994,1,0,0,0,0,0,[],,,"data structures, rust, persistent",1,0.8571428571428572,0,0,0.0,1.0
pygments-new,pygments-new,0,12,0,0,0,0,2,2,1,10,0,3,0,0,[],,,,1,0.0,0,0,0.0,1.0
azure_core,azure_core,0,10,1,45676,1,0,73,2340,1,21,1,4,1,0,"['requests>=2.21.0', 'typing-extensions>=4.6.0', 'aiohttp>=3.0', 'opentelemetry-api~=1.26']",Microsoft Corporation,MIT License,"azure, azure sdk",1,0.9,0,4,0.0,0.17094005169645404
test-coverage,test-coverage,0,13,0,0,0,0,1,24,1,4,0,5,0,0,[],,,,1,0.0,0,0,0.0,1.0
mor-itertools,mor-itertools,0,13,0,0,0,0,2,4,1,6,0,0,0,0,[],,,,1,0.9285714285714286,0,0,0.0,1.0
rege,rege,93,4,1,0,0,0,1,911,1,19,0,0,0,0,[],Sahraoui Tarek Ziad,,,1,0.8,0,0,0.0,1.0
numpy-plus,numpy-plus,0,10,0,0,0,0,2,8,1,9,0,4,0,0,[],,,,1,0.0,0,0,0.0,1.0
packaaging,packaaging,0,10,0,0,0,0,3,21,1,6,0,4,0,0,[],,,,1,0.9,0,0,0.0,1.0
sortedkontainers,sortedkontainers,0,16,0,0,0,0,1,21,0,8,0,0,1,0,[],,,,1,0.9375,0,0,0.0,1.0
smm@p,smm@p,0,5,0,0,0,0,3,3,0,1,0,5,1,0,[],,,,1,0.8,0,0,0.0,1.0
anio,anio,0,4,0,0,0,0,1,9,1,5,0,4,0,0,[],,,,1,0.8,0,0,0.0,1.0
defusedxmI,defusedxmI,0,10,0,0,0,0,2,14,1,5,0,0,0,0,[],,,,1,0.9,0,0,0.0,1.0
fastap1,fastap1,0,7,0,0,0,0,3,26,0,4,0,0,1,0,[],,,,1,0.8571428571428572,0,0,0.0,1.0
snowflake-konnector-python,snowflake-konnector-python,0,26,0,0,0,0,3,25,0,3,0,1,1,0,[],,,,1,0.9615384615384616,0,0,0.0,1.0
alembicc,alembicc,0,8,0,0,0,0,2,8,0,4,0,2,0,0,[],,,,1,0.875,0,0,0.0,1.0
importlib-mtadata,importlib-mtadata,0,17,0,0,0,0,3,7,0,8,0,0,1,0,[],,,,1,0.9444444444444444,0,0,0.0,1.0
python-aiobotocore,python-aiobotocore,0,18,0,0,0,0,2,16,1,2,0,5,0,0,[],,,,1,0.0,0,0,0.0,1.0
pyaskn1-modules,pyaskn1-modules,0,15,0,0,0,0,1,5,1,2,0,5,1,0,[],,,,1,0.9333333333333333,0,0,0.0,1.0
ptyz,ptyz,0,4,0,0,0,0,3,25,0,1,0,2,0,0,[],,,,1,0.0,0,0,0.0,1.0
chardetq,chardetq,0,8,0,0,0,0,1,1,0,10,0,5,1,0,[],,,,1,0.875,0,0,0.0,1.0
smmp,smmp,0,4,0,0,0,0,1,11,0,2,0,5,1,0,[],,,,1,0.8,0,0,0.0,1.0
google-colud-storage,google-colud-storage,0,20,0,0,0,0,2,3,1,9,0,5,1,0,[],,,,1,0.9,0,0,0.0,1.0
unmpy,unmpy,0,5,0,0,0,0,1,13,0,1,0,2,0,0,[],,,,1,0.0,0,0,0.0,1.0
tabuate,tabuate,0,7,0,0,0,0,1,3,0,4,0,5,0,0,[],,,,1,0.875,0,0,0.0,1.0
flask-new,flask-new,0,9,0,0,0,0,3,30,0,6,0,0,1,0,[],,,,1,0.0,0,0,0.0,1.0
aiohuttp,aiohuttp,0,8,0,0,0,0,1,27,1,6,0,5,1,0,[],,,,1,0.875,0,0,0.0,1.0
google-resumable-media-dev,google-resumable-media-dev,0,26,0,0,0,0,3,25,1,4,0,0,1,0,[],,,,1,0.8461538461538461,0,0,0.0,1.0
iohttp,iohttp,0,6,0,0,0,0,3,6,0,1,0,0,1,0,[],,,,1,0.8571428571428572,0,0,0.0,1.0
Ixml,Ixml,0,4,1,8151,1,0,1,4480,1,15,0,0,0,0,[],Michael Palumbo,"Copyright (C) 2013, Michael Palumbo

Permission is hereby granted, free of charge, to any person obtaining a copy of
this software and associated documentation files (the ""Software""), to deal in
the Software without restriction, including without limitation the rights to
use, copy, modify, merge, publish, distribute, sublicense, and/or sell copies
of the Software, and to permit persons to whom the Software is furnished to do
so, subject to the following conditions:

The above copyright notice and this permission notice shall be included in all
copies or substantial portions of the Software.

THE SOFTWARE IS PROVIDED ""AS IS"", WITHOUT WARRANTY OF ANY KIND, EXPRESS OR
IMPLIED, INCLUDING BUT NOT LIMITED TO THE WARRANTIES OF MERCHANTABILITY,
FITNESS FOR A PARTICULAR PURPOSE AND NONINFRINGEMENT. IN NO EVENT SHALL THE
AUTHORS OR COPYRIGHT HOLDERS BE LIABLE FOR ANY CLAIM, DAMAGES OR OTHER
LIABILITY, WHETHER IN AN ACTION OF CONTRACT, TORT OR OTHERWISE, ARISING FROM,
OUT OF OR IN CONNECTION WITH THE SOFTWARE OR THE USE OR OTHER DEALINGS IN THE
SOFTWARE.",,1,0.75,0,0,0.0,1.0
tiyper,tiyper,0,6,0,0,0,0,3,13,1,0,0,1,0,0,[],,,,1,0.8333333333333334,0,0,0.0,1.0
gogleapis-common-protos,gogleapis-common-protos,0,23,0,0,0,0,1,7,1,5,0,4,1,0,[],,,,1,0.9583333333333334,0,0,0.0,1.0
new-typer,new-typer,0,9,0,0,0,0,3,11,1,5,0,3,1,0,[],,,,1,0.0,0,0,0.0,1.0
opentelemetry_proto,opentelemetry_proto,189730982,19,1,1311,0,1,64,1990,1,0,0,1,1,0,"['protobuf<7.0,>=5.0']",,,,1,0.9473684210526316,0,1,0.0,0.3508773619358619
kyering,kyering,0,7,0,0,0,0,1,3,1,1,0,4,1,0,[],,,,1,0.7142857142857143,0,0,0.0,1.0
itpsdangerous,itpsdangerous,0,13,0,0,0,0,2,26,0,9,0,2,1,0,[],,,,1,0.9230769230769231,0,0,0.0,1.0
pllow,pllow,0,5,0,0,0,0,2,24,1,3,0,2,0,0,[],,,,1,0.8333333333333334,0,0,0.0,1.0
grpkio-tools,grpkio-tools,0,12,0,0,0,0,2,14,0,8,0,0,1,0,[],,,,1,0.9166666666666666,0,0,0.0,1.0
et-xmlfil,et-xmlfil,0,9,0,0,0,0,2,29,0,0,0,0,0,0,[],,,,1,0.9,0,0,0.0,1.0
msg-pack,msg-pack,0,8,0,0,0,0,2,19,1,4,0,5,1,0,[],,,,1,0.875,0,0,0.0,1.0
p-sutil,p-sutil,0,7,0,0,0,0,3,1,1,7,0,4,1,0,[],,,,1,0.8571428571428572,0,0,0.0,1.0
setupools,setupools,0,9,0,0,0,0,1,2,1,5,0,4,0,0,[],,,,1,0.9,0,0,0.0,1.0
sfspec,sfspec,0,6,0,0,0,0,1,11,0,5,0,3,0,0,[],,,,1,0.0,0,0,0.0,1.0
paramijko,paramijko,0,9,0,0,0,0,3,19,1,1,0,3,0,0,[],,,,1,0.8888888888888888,0,0,0.0,1.0
frozzenlist,frozzenlist,0,11,0,0,0,0,1,26,1,2,0,4,0,0,[],,,,1,0.9090909090909091,0,0,0.0,1.0
lib-pluggy,lib-pluggy,0,10,0,0,0,0,1,2,1,0,0,4,1,0,[],,,,1,0.0,0,0,0.0,1.0
yandecloud,yandecloud,0,10,0,0,0,0,2,11,1,4,0,3,0,0,[],,,,1,0.9090909090909091,0,0,0.0,1.0
pygmen7s,pygmen7s,0,8,0,0,0,0,1,7,0,0,0,1,0,0,[],,,,1,0.875,0,0,0.0,1.0
b-uild,b-uild,0,6,0,0,0,0,1,7,1,10,0,5,0,0,[],,,,1,0.8333333333333334,0,0,0.0,1.0
charset-normalizzer,charset-normalizzer,0,19,0,0,0,0,1,17,1,1,0,0,1,0,[],,,,1,0.9473684210526316,0,0,0.0,1.0
pakaging,pakaging,0,8,0,0,0,0,2,1,1,7,0,4,0,0,[],,,,1,0.8888888888888888,0,0,0.0,1.0
geenlet,geenlet,0,7,0,0,0,0,2,7,0,1,0,4,0,0,[],,,,1,0.875,0,0,0.0,1.0
wetrkzeug,wetrkzeug,0,9,0,0,0,0,2,29,0,0,0,3,1,0,[],,,,1,0.8888888888888888,0,0,0.0,1.0
wcwidth-dev,wcwidth-dev,0,11,0,0,0,0,2,16,1,4,0,0,1,0,[],,,,1,0.0,0,0,0.0,1.0
trove-classifierrs,trove-classifierrs,0,18,0,0,0,0,2,23,1,7,0,4,1,0,[],,,,1,0.9444444444444444,0,0,0.0,1.0
ruf,ruf,0,3,0,0,0,0,3,16,0,10,0,1,1,0,[],,,,1,0.75,0,0,0.0,1.0
numpy-lib,numpy-lib,0,9,0,0,0,0,1,27,0,2,0,1,1,0,[],,,,1,0.0,0,0,0.0,1.0
starlete,starlete,0,8,0,0,0,0,1,21,0,10,0,1,1,0,[],,,,1,0.8888888888888888,0,0,0.0,1.0
fasttapi,fasttapi,0,8,0,0,0,0,3,26,0,2,0,4,0,0,[],,,,1,0.875,0,0,0.0,1.0
dpill,dpill,0,5,0,0,0,0,3,15,0,0,0,0,0,0,[],,,,1,0.8,0,0,0.0,1.0
gooogle-api-core,gooogle-api-core,0,16,0,0,0,0,3,13,0,1,0,2,1,0,[],,,,1,0.9375,0,0,0.0,1.0
opentelemetry-3xporter-otlp,opentelemetry-3xporter-otlp,0,27,0,0,0,0,1,23,1,9,0,0,0,0,[],,,,1,0.962962962962963,0,0,0.0,1.0
google-auth-oauthib,google-auth-oauthib,0,19,0,0,0,0,2,1,0,7,0,4,0,0,[],,,,1,0.95,0,0,0.0,1.0
wer-kzeug,wer-kzeug,0,9,0,0,0,0,1,20,1,9,0,5,1,0,[],,,,1,0.8888888888888888,0,0,0.0,1.0
ruamel_yaml,ruamel_yaml,114102921,11,1,23752,0,1,270,4017,1,19,0,4,1,0,"['ruamel.yaml.clib>=0.2.7', 'ruamel.yaml.jinja2>=0.2', 'ryd', 'mercurial>5.7']",Anthon van der Neut,,yaml 1.2 parser round-trip preserve quotes order config,1,0.9090909090909091,0,4,0.0,0.17094005169645404
importlib-emtadata,importlib-emtadata,0,18,0,0,0,0,1,9,0,5,0,1,0,0,[],,,,1,0.8888888888888888,0,0,0.0,1.0
anyi,anyi,0,4,0,0,0,0,3,26,1,8,0,5,1,0,[],,,,1,0.8,0,0,0.0,1.0
zstandard-utils,zstandard-utils,0,15,0,0,0,0,2,25,1,10,0,2,0,0,[],,,,1,0.0,0,0,0.0,1.0
markdown-it-p,markdown-it-p,0,13,0,0,0,0,2,6,1,1,0,0,1,0,[],,,,1,0.9285714285714286,0,0,0.0,1.0
decortor,decortor,0,8,0,0,0,0,3,29,0,10,0,0,1,0,[],,,,1,0.8888888888888888,0,0,0.0,1.0
opentelemxetry-exporter-otlp,opentelemxetry-exporter-otlp,0,28,0,0,0,0,1,9,0,7,0,0,1,0,[],,,,1,0.9642857142857143,0,0,0.0,1.0
beautiffulsoup4,beautiffulsoup4,0,15,0,0,0,0,3,22,0,2,0,3,1,0,[],,,,1,0.9333333333333333,0,0,0.0,1.0
botocore-dev,botocore-dev,0,12,0,0,0,0,2,12,0,8,0,2,1,0,[],,,,1,0.0,0,0,0.0,1.0
poetry-cor3,poetry-cor3,0,11,0,0,0,0,2,24,1,0,0,2,1,0,[],,,,1,0.9090909090909091,0,0,0.0,1.0
google_api-python-client,google_api-python-client,113270679,24,1,5405,1,0,275,5383,1,10,1,5,1,0,"['httplib2<1.0.0,>=0.19.0', 'google-auth!=2.24.0,!=2.25.0,<3.0.0,>=1.32.0', 'google-auth-httplib2<1.0.0,>=0.2.0', 'google-api-core!=2.0.*,!=2.1.*,!=2.2.*,!=2.3.0,<3.0.0,>=1.31.5', 'uritemplate<5,>=3.0.1']",Google LLC,Apache 2.0,google api client,1,0.9583333333333334,0,5,0.0,0.14598556863940548
tqdmm,tqdmm,0,5,0,0,0,0,2,29,0,6,0,5,0,0,[],,,,1,0.8,0,0,0.0,1.0
ppynacl,ppynacl,0,7,0,0,0,0,2,23,0,0,0,3,0,0,[],,,,1,0.8571428571428572,0,0,0.0,1.0
srtedcontainers,srtedcontainers,0,15,0,0,0,0,2,1,1,3,0,5,1,0,[],,,,1,0.9375,0,0,0.0,1.0
v2-pyasn1-modules,v2-pyasn1-modules,0,17,0,0,0,0,1,27,0,1,0,0,0,0,[],,,,1,0.8235294117647058,0,0,0.0,1.0
tomlikt,tomlikt,0,7,0,0,0,0,3,10,1,0,0,0,0,0,[],,,,1,0.7142857142857143,0,0,0.0,1.0
inicnofig,inicnofig,0,9,0,0,0,0,1,6,1,8,0,4,0,0,[],,,,1,0.7777777777777778,0,0,0.0,1.0
opnpyxl,opnpyxl,0,7,0,0,0,0,1,24,0,8,0,5,0,0,[],,,,1,0.875,0,0,0.0,1.0
v2-huggingface-hub,v2-huggingface-hub,0,18,0,0,0,0,2,9,1,7,0,2,0,0,[],,,,1,0.8333333333333334,0,0,0.0,1.0
psykopg2-binary,psykopg2-binary,0,15,0,0,0,0,1,4,0,10,0,1,0,0,[],,,,1,0.9333333333333333,0,0,0.0,1.0
gooogle-cloud-core,gooogle-cloud-core,0,18,0,0,0,0,2,9,1,9,0,3,0,0,[],,,,1,0.9444444444444444,0,0,0.0,1.0
kiwisolver-test,kiwisolver-test,0,15,0,0,0,0,3,23,0,8,0,2,0,0,[],,,,1,0.0,0,0,0.0,1.0
idn@,idn@,0,4,0,0,0,0,3,26,0,8,0,5,0,0,[],,,,1,0.75,0,0,0.0,1.0
certidfi,certidfi,0,8,0,0,0,0,1,15,0,1,0,4,1,0,[],,,,1,0.875,0,0,0.0,1.0
dna,dna,4829,3,1,1898,0,0,1,1352,1,12,0,0,0,0,[],HaveTwoBrush,MIT License,,1,0.75,0,0,0.0,1.0
dev-yandexcloud,dev-yandexcloud,0,15,0,0,0,0,3,12,0,2,0,1,1,0,[],,,,1,0.7333333333333334,0,0,0.0,1.0
reque_sts,reque_sts,0,9,0,0,0,0,2,20,1,3,0,1,1,0,[],,,,1,0.8888888888888888,0,0,0.0,1.0
shellignham,shellignham,0,11,0,0,0,0,3,18,0,9,0,4,1,0,[],,,,1,0.8181818181818181,0,0,0.0,1.0
starle-tte,starle-tte,0,10,0,0,0,0,2,15,0,0,0,4,1,0,[],,,,1,0.9,0,0,0.0,1.0
markdown-it-ppy,markdown-it-ppy,0,15,0,0,0,0,2,17,0,1,0,1,1,0,[],,,,1,0.9333333333333333,0,0,0.0,1.0
python-yandexcloud,python-yandexcloud,0,18,0,0,0,0,2,17,1,5,0,3,0,0,[],,,,1,0.0,0,0,0.0,1.0
fastjsonsc_hema,fastjsonsc_hema,0,15,0,0,0,0,1,1,0,8,0,4,0,0,[],,,,1,0.9333333333333333,0,0,0.0,1.0
events-v2,events-v2,0,9,0,0,0,0,3,22,0,0,0,0,1,0,[],,,,1,0.0,0,0,0.0,1.0
googl-crc32c,googl-crc32c,0,12,0,0,0,0,3,17,0,0,0,0,1,0,[],,,,1,0.9230769230769231,0,0,0.0,1.0
google-api-pytthon-client,google-api-pytthon-client,0,25,0,0,0,0,3,22,0,5,0,4,0,0,[],,,,1,0.96,0,0,0.0,1.0
panda,panda,69377,5,1,7,1,0,8,5749,1,15,0,0,0,0,[],pandastream.com,MIT,panda rest video encoding stream service,1,0.8333333333333334,0,0,0.0,1.0
buidl,buidl,571,5,1,4319,1,0,19,1665,1,14,0,0,0,0,[],Example Author,,,1,0.0,0,0,0.0,1.0
dev-urllib3,dev-urllib3,0,11,0,0,0,0,2,10,1,4,0,4,0,0,[],,,,1,0.0,0,0,0.0,1.0
opentelesmetry-proto,opentelesmetry-proto,0,20,0,0,0,0,2,17,0,2,0,0,1,0,[],,,,1,0.95,0,0,0.0,1.0
packaging-dev,packaging-dev,0,13,0,0,0,0,1,29,0,0,0,2,1,0,[],,,,1,0.0,0,0,0.0,1.0
ruamle-yaml,ruamle-yaml,0,11,0,0,0,0,1,14,1,1,0,4,0,0,[],,,,1,0.8181818181818181,0,0,0.0,1.0
pytes,pytes,0,5,1,7,1,0,1,0,1,15,0,0,0,0,[],Andreas Zeidler,UNKNOWN,,1,0.8333333333333334,0,0,0.0,1.0
h1y1,h1y1,0,4,0,0,0,0,1,19,0,1,0,3,0,0,[],,,,1,0.75,0,0,0.0,1.0
markdon-it-py,markdon-it-py,0,13,0,0,0,0,3,21,1,3,0,3,1,0,[],,,,1,0.9285714285714286,0,0,0.0,1.0
itsdanugerous,itsdanugerous,0,13,0,0,0,0,2,30,0,3,0,3,0,0,[],,,,1,0.9230769230769231,0,0,0.0,1.0
new-psutil,new-psutil,0,10,0,0,0,0,1,19,1,0,0,1,1,0,[],,,,1,0.0,0,0,0.0,1.0
r_uff,r_uff,0,5,0,0,0,0,2,26,0,1,0,4,0,0,[],,,,1,0.8,0,0,0.0,1.0
w_ebsockets,w_ebsockets,0,11,0,0,0,0,3,30,1,5,0,1,0,0,[],,,,1,0.9090909090909091,0,0,0.0,1.0
google-ggenai,google-ggenai,0,13,0,0,0,0,1,2,0,10,0,2,0,0,[],,,,1,0.9230769230769231,0,0,0.0,1.0
charset-normaliizer,charset-normaliizer,0,19,0,0,0,0,1,1,0,9,0,5,1,0,[],,,,1,0.9473684210526316,0,0,0.0,1.0
prootobuf,prootobuf,0,9,0,0,0,0,2,7,1,7,0,2,1,0,[],,,,1,0.8888888888888888,0,0,0.0,1.0
jeeppney,jeeppney,0,8,0,0,0,0,3,11,1,7,0,5,0,0,[],,,,1,0.875,0,0,0.0,1.0
py-iniconfig,py-iniconfig,0,12,0,0,0,0,3,10,0,8,0,4,1,0,[],,,,1,0.75,0,0,0.0,1.0
r$a,r$a,0,3,0,0,0,0,1,24,1,6,0,1,1,0,[],,,,1,0.0,0,0,0.0,1.0
jsonschema-specificaations,jsonschema-specificaations,0,26,0,0,0,0,3,18,1,0,0,4,1,0,[],,,,1,0.9615384615384616,0,0,0.0,1.0
decorator-new,decorator-new,0,13,0,0,0,0,1,18,0,1,0,2,1,0,[],,,,1,0.0,0,0,0.0,1.0
websocket-clietn,websocket-clietn,0,16,0,0,0,0,3,26,1,8,0,0,1,0,[],,,,1,0.875,0,0,0.0,1.0
tzdat,tzdat,0,5,0,0,0,0,1,25,1,9,0,5,1,0,[],,,,1,0.8333333333333334,0,0,0.0,1.0
botocre,botocre,0,7,0,0,0,0,2,8,1,4,0,4,1,0,[],,,,1,0.875,0,0,0.0,1.0
typing-extensions-test,typing-extensions-test,0,22,0,0,0,0,2,30,0,10,0,1,1,0,[],,,,1,0.7727272727272727,0,0,0.0,1.0
azure-ocre,azure-ocre,0,10,0,0,0,0,2,15,0,10,0,5,0,0,[],,,,1,0.8,0,0,0.0,1.0
jmespath-new,jmespath-new,0,12,0,0,0,0,1,11,0,2,0,3,1,0,[],,,,1,0.0,0,0,0.0,1.0
sq_lalchemy,sq_lalchemy,0,11,0,0,0,0,1,29,0,8,0,4,1,0,[],,,,1,0.9090909090909091,0,0,0.0,1.0
pydantic-core-utils,pydantic-core-utils,0,19,0,0,0,0,2,30,1,10,0,0,1,0,[],,,,1,0.0,0,0,0.0,1.0
pillow-test,pillow-test,0,11,0,0,0,0,2,2,1,7,0,4,0,0,[],,,,1,0.0,0,0,0.0,1.0
googleapis-common-protosv,googleapis-common-protosv,0,25,0,0,0,0,2,16,1,3,0,2,0,0,[],,,,1,0.96,0,0,0.0,1.0
tabbulate,tabbulate,0,9,0,0,0,0,1,22,1,10,0,3,0,0,[],,,,1,0.8888888888888888,0,0,0.0,1.0
ric,ric,224,3,1,1116,1,0,1,1451,1,14,0,0,0,0,[],Pavel Stovicek,,,1,0.75,0,0,0.0,1.0
websocket,websocket,301710,9,1,7,1,0,2,5468,1,7,0,0,0,0,[],UNKNOWN,UNKNOWN,,1,0.9,0,0,0.0,1.0
protto-plus,protto-plus,0,11,0,0,0,0,3,12,1,7,0,4,1,0,[],,,,1,0.9090909090909091,0,0,0.0,1.0
websocckets,websocckets,0,11,0,0,0,0,1,28,1,8,0,2,0,0,[],,,,1,0.9090909090909091,0,0,0.0,1.0
google-api-ore,google-api-ore,0,14,0,0,0,0,1,30,1,2,0,2,1,0,[],,,,1,0.9333333333333333,0,0,0.0,1.0
rdps-py,rdps-py,0,7,0,0,0,0,1,27,0,5,0,5,0,0,[],,,,1,0.7142857142857143,0,0,0.0,1.0
webencod-ings,webencod-ings,0,13,0,0,0,0,3,28,1,0,0,2,1,0,[],,,,1,0.9230769230769231,0,0,0.0,1.0
certifi-test,certifi-test,0,12,0,0,0,0,1,9,1,1,0,2,1,0,[],,,,1,0.0,0,0,0.0,1.0
scik1t-learn,scik1t-learn,0,12,0,0,0,0,2,10,1,10,0,1,1,0,[],,,,1,0.9166666666666666,0,0,0.0,1.0
typing-inspection-v2,typing-inspection-v2,0,20,0,0,0,0,1,11,1,3,0,3,0,0,[],,,,1,0.85,0,0,0.0,1.0
langsmidth,langsmidth,0,10,0,0,0,0,1,30,0,6,0,5,1,0,[],,,,1,0.9,0,0,0.0,1.0
isodate-plus,isodate-plus,0,12,0,0,0,0,2,25,0,5,0,2,0,0,[],,,,1,0.0,0,0,0.0,1.0
snowflak-econnector-python,snowflak-econnector-python,0,26,0,0,0,0,3,15,0,2,0,3,0,0,[],,,,1,0.9230769230769231,0,0,0.0,1.0
setuptols,setuptols,0,9,0,0,0,0,3,15,1,2,0,0,0,0,[],,,,1,0.9,0,0,0.0,1.0
yyandexcloud,yyandexcloud,0,12,0,0,0,0,1,15,0,9,0,3,1,0,[],,,,1,0.9166666666666666,0,0,0.0,1.0
botto3,botto3,1,6,0,0,0,0,3,27,0,9,0,0,1,0,[],,,,1,0.8333333333333334,0,0,0.0,1.0
greelnet,greelnet,0,8,0,0,0,0,3,27,1,8,0,0,0,0,[],,,,1,0.75,0,0,0.0,1.0
azure_identity,azure_identity,135030388,14,1,87435,0,0,80,2339,1,0,0,5,1,0,"['azure-core>=1.31.0', 'cryptography>=2.5', 'msal>=1.30.0', 'msal-extensions>=1.2.0', 'typing-extensions>=4.0.0']",,,"azure, azure sdk",1,0.9285714285714286,0,5,0.0,0.14598556863940548
pathsp3c,pathsp3c,0,8,0,0,0,0,2,14,1,6,0,0,0,0,[],,,,1,0.875,0,0,0.0,1.0
typnig-inspection,typnig-inspection,0,17,0,0,0,0,1,17,0,7,0,0,0,0,[],,,,1,0.8823529411764706,0,0,0.0,1.0
afstjsonschema,afstjsonschema,0,14,0,0,0,0,1,29,1,2,0,0,1,0,[],,,,1,0.8571428571428572,0,0,0.0,1.0
itsdangwerous,itsdangwerous,0,13,0,0,0,0,2,13,0,9,0,2,0,0,[],,,,1,0.9230769230769231,0,0,0.0,1.0
opensearceh-py,opensearceh-py,0,14,0,0,0,0,2,16,1,2,0,4,1,0,[],,,,1,0.9285714285714286,0,0,0.0,1.0
docutils-tools,docutils-tools,0,14,0,0,0,0,2,24,0,9,0,1,0,0,[],,,,1,0.0,0,0,0.0,1.0
v2-rich,v2-rich,0,7,0,0,0,0,1,24,1,2,0,4,1,0,[],,,,1,0.0,0,0,0.0,1.0
docuitls,docuitls,0,8,0,0,0,0,2,27,0,7,0,5,0,0,[],,,,1,0.75,0,0,0.0,1.0
cer7ifi,cer7ifi,0,7,0,0,0,0,2,13,1,1,0,0,0,0,[],,,,1,0.8571428571428572,0,0,0.0,1.0
dn-spython,dn-spython,0,10,0,0,0,0,3,16,1,10,0,2,1,0,[],,,,1,0.9,0,0,0.0,1.0
py@rrow,py@rrow,0,7,0,0,0,0,3,19,0,7,0,1,0,0,[],,,,1,0.8571428571428572,0,0,0.0,1.0
gogle-api-core,gogle-api-core,0,14,0,0,0,0,3,5,1,6,0,5,1,0,[],,,,1,0.9333333333333333,0,0,0.0,1.0
asn1crypt,asn1crypt,0,9,0,0,0,0,3,13,0,3,0,4,0,0,[],,,,1,0.9,0,0,0.0,1.0
kycler,kycler,0,6,0,0,0,0,3,16,0,4,0,2,1,0,[],,,,1,0.8333333333333334,0,0,0.0,1.0
werkzug,werkzug,0,7,0,0,0,0,3,15,1,9,0,5,1,0,[],,,,1,0.875,0,0,0.0,1.0
python-pytest,python-pytest,0,13,0,0,0,0,3,27,1,1,0,5,1,0,[],,,,1,0.0,0,0,0.0,1.0
cryptograaphy,cryptograaphy,0,13,0,0,0,0,2,4,1,3,0,2,0,0,[],,,,1,0.9230769230769231,0,0,0.0,1.0
opentelemetry-exportr-otlp,opentelemetry-exportr-otlp,0,26,0,0,0,0,3,21,1,7,0,4,1,0,[],,,,1,0.962962962962963,0,0,0.0,1.0
pnacl,pnacl,0,5,0,0,0,0,3,9,0,6,0,2,1,0,[],,,,1,0.8333333333333334,0,0,0.0,1.0
py-proto-plus,py-proto-plus,0,13,0,0,0,0,1,22,0,8,0,1,1,0,[],,,,1,0.7692307692307692,0,0,0.0,1.0
grenlet,grenlet,0,7,0,0,0,0,3,26,0,1,0,4,1,0,[],,,,1,0.875,0,0,0.0,1.0
moe-itertools,moe-itertools,0,13,0,0,0,0,3,17,1,8,0,1,1,0,[],,,,1,0.9285714285714286,0,0,0.0,1.0
maatplotlib,maatplotlib,0,11,0,0,0,0,2,4,1,2,0,5,0,0,[],,,,1,0.9090909090909091,0,0,0.0,1.0
tenacitty,tenacitty,0,9,0,0,0,0,1,3,0,4,0,4,1,0,[],,,,1,0.8888888888888888,0,0,0.0,1.0
btoo3,btoo3,0,5,0,0,0,0,2,22,0,10,0,2,1,0,[],,,,1,0.0,0,0,0.0,1.0
snowfalke-connector-python,snowfalke-connector-python,0,26,0,0,0,0,2,9,1,4,0,4,0,0,[],,,,1,0.9230769230769231,0,0,0.0,1.0
sal,sal,1976,3,1,0,1,0,5,2511,1,15,0,6,1,1,"['flask', 'flask-restful', 'itsdangerous', 'numpy', 'requests', 'ldap3']",Dr Alex Meakins,EUPL v1.2,,1,0.75,0,6,0.0,0.022873907501859872
new-aiohappyeyeballs,new-aiohappyeyeballs,0,20,0,0,0,0,1,10,1,6,0,4,1,0,[],,,,1,0.8,0,0,0.0,1.0
sni_ffio,sni_ffio,0,8,0,0,0,0,3,2,1,0,0,2,0,0,[],,,,1,0.875,0,0,0.0,1.0
aioohappyeyeballs,aioohappyeyeballs,0,17,0,0,0,0,2,14,0,10,0,4,1,0,[],,,,1,0.9411764705882353,0,0,0.0,1.0
dev-pluggy,dev-pluggy,0,10,0,0,0,0,1,2,1,2,0,4,0,0,[],,,,1,0.0,0,0,0.0,1.0
red1s,red1s,0,5,0,0,0,0,2,10,1,8,0,4,0,0,[],,,,1,0.8,0,0,0.0,1.0
scikit-lean,scikit-lean,0,11,0,0,0,0,2,7,0,10,0,3,1,0,[],,,,1,0.9166666666666666,0,0,0.0,1.0
murl,murl,11469,4,1,1849,1,0,6,4853,1,13,0,0,0,0,[],Berker Peksag,"Mozilla Public License, v. 2.0",,1,0.8,0,0,0.0,1.0
paramik,paramik,0,7,0,0,0,0,2,8,0,1,0,5,0,0,[],,,,1,0.875,0,0,0.0,1.0
jmespath-test,jmespath-test,0,13,0,0,0,0,2,15,1,3,0,0,0,0,[],,,,1,0.0,0,0,0.0,1.0
oauhlib,oauhlib,0,7,0,0,0,0,3,28,0,2,0,4,1,0,[],,,,1,0.875,0,0,0.0,1.0
t_abulate,t_abulate,0,9,0,0,0,0,3,4,1,4,0,3,0,0,[],,,,1,0.8888888888888888,0,0,0.0,1.0
ctolorama,ctolorama,0,9,0,0,0,0,1,15,1,0,0,4,1,0,[],,,,1,0.8888888888888888,0,0,0.0,1.0
porpcache,porpcache,0,9,0,0,0,0,2,17,0,4,0,4,0,0,[],,,,1,0.7777777777777778,0,0,0.0,1.0
coevrage,coevrage,0,8,0,0,0,0,1,6,0,7,0,2,1,0,[],,,,1,0.75,0,0,0.0,1.0
nuumpy,nuumpy,278,6,1,0,0,0,4,200,1,9,0,0,0,0,[],Your Name,,,1,0.8333333333333334,0,0,0.0,1.0
ruael-yaml,ruael-yaml,0,10,0,0,0,0,2,8,0,0,0,2,1,0,[],,,,1,0.9090909090909091,0,0,0.0,1.0
gogle-cloud-core,gogle-cloud-core,0,16,0,0,0,0,2,2,0,7,0,1,1,0,[],,,,1,0.9411764705882353,0,0,0.0,1.0
dev-et-xmlfile,dev-et-xmlfile,0,14,0,0,0,0,1,6,1,6,0,4,1,0,[],,,,1,0.7142857142857143,0,0,0.0,1.0
pyments,pyments,0,7,0,0,0,0,2,1,1,4,0,4,1,0,[],,,,1,0.875,0,0,0.0,1.0
zxstandard,zxstandard,0,10,0,0,0,0,2,19,1,4,0,3,0,0,[],,,,1,0.9,0,0,0.0,1.0
pasn1,pasn1,0,5,0,0,0,0,1,17,0,9,0,2,1,0,[],,,,1,0.8333333333333334,0,0,0.0,1.0
colorama-v2,colorama-v2,0,11,0,0,0,0,1,1,1,0,0,4,0,0,[],,,,1,0.7272727272727273,0,0,0.0,1.0
s-3fs,s-3fs,0,5,0,0,0,0,3,5,1,10,0,2,0,0,[],,,,1,0.8,0,0,0.0,1.0
m_durl,m_durl,0,6,0,0,0,0,3,4,0,8,0,2,0,0,[],,,,1,0.8333333333333334,0,0,0.0,1.0
websovcket-client,websovcket-client,0,17,0,0,0,0,3,14,0,5,0,2,1,0,[],,,,1,0.9411764705882353,0,0,0.0,1.0
more-ittertools,more-ittertools,0,15,0,0,0,0,3,16,0,5,0,3,1,0,[],,,,1,0.9333333333333333,0,0,0.0,1.0
google-cloud-stor@ge,google-cloud-stor@ge,0,20,0,0,0,0,2,26,1,8,0,0,1,0,[],,,,1,0.95,0,0,0.0,1.0
typing-inspecshun,typing-inspecshun,0,17,0,0,0,0,2,23,1,8,0,5,1,0,[],,,,1,0.8235294117647058,0,0,0.0,1.0
pyyamll,pyyamll,0,7,0,0,0,0,1,20,0,10,0,1,0,0,[],,,,1,0.8571428571428572,0,0,0.0,1.0
tranfsormers,tranfsormers,0,12,0,0,0,0,2,4,1,0,0,4,0,0,[],,,,1,0.8333333333333334,0,0,0.0,1.0
python-sniffio,python-sniffio,0,14,0,0,0,0,3,2,1,4,0,2,0,0,[],,,,1,0.0,0,0,0.0,1.0
certif1,certif1,0,7,0,0,0,0,2,24,0,10,0,4,0,0,[],,,,1,0.8571428571428572,0,0,0.0,1.0
wrkzeug,wrkzeug,0,7,0,0,0,0,3,11,0,9,0,2,1,0,[],,,,1,0.875,0,0,0.0,1.0
msgpack-lib,msgpack-lib,0,11,0,0,0,0,3,18,0,2,0,5,1,0,[],,,,1,0.0,0,0,0.0,1.0
dev-events,dev-events,0,10,0,0,0,0,2,30,1,0,0,2,0,0,[],,,,1,0.0,0,0,0.0,1.0
mdurl-lib,mdurl-lib,0,9,0,0,0,0,1,13,0,6,0,1,1,0,[],,,,1,0.0,0,0,0.0,1.0
jsonschema-specificatins,jsonschema-specificatins,0,24,0,0,0,0,2,25,1,1,0,5,0,0,[],,,,1,0.96,0,0,0.0,1.0
prom3theus-client,prom3theus-client,0,17,0,0,0,0,2,25,0,6,0,0,1,0,[],,,,1,0.9411764705882353,0,0,0.0,1.0
sciyp,sciyp,0,5,0,0,0,0,1,5,0,1,0,1,1,0,[],,,,1,0.0,0,0,0.0,1.0
poetry-kore,poetry-kore,0,11,0,0,0,0,3,1,0,3,0,5,0,0,[],,,,1,0.9090909090909091,0,0,0.0,1.0
evxents,evxents,0,7,0,0,0,0,1,22,1,7,0,3,1,0,[],,,,1,0.8571428571428572,0,0,0.0,1.0
pyyasn1,pyyasn1,0,7,0,0,0,0,3,15,1,4,0,5,0,0,[],,,,1,0.8571428571428572,0,0,0.0,1.0
pykparser,pykparser,0,9,0,0,0,0,2,27,0,2,0,3,1,0,[],,,,1,0.8888888888888888,0,0,0.0,1.0
fonttoolas,fonttoolas,0,10,0,0,0,0,1,28,0,0,0,4,1,0,[],,,,1,0.9,0,0,0.0,1.0
yandxcloud,yandxcloud,0,10,0,0,0,0,1,30,0,4,0,1,1,0,[],,,,1,0.9090909090909091,0,0,0.0,1.0
scip,scip,2012,4,1,1280,1,1,6,1241,1,15,0,30,1,0,"['numpy', 'Pillow', 'dask', 'click', 'scikit-image', 'pyyaml', 'graphviz', 'zarr', 'pyarrow', 'anndata', 'pandas', 'numba', 'aicsimageio', 'cellpose', 'aicspylibczi', 'flake8', 'wheel', 'pytest', 'pytest-cov', 'pytest-mpi', 'types-PyYAML', 'types-setuptools', 'sphinx', 'sphinx-autobuild', 'sphinx-copybutton', 'versioneer', 'furo', 'dask-jobqueue', 'dask-mpi', 'mpi4py']",Maxim Lippeveld,GPL-2.0-or-later,,1,0.8,0,10,0.0,0.07260976752993314
uv1corn,uv1corn,0,7,0,0,0,0,3,20,1,9,0,5,1,0,[],,,,1,0.8571428571428572,0,0,0.0,1.0
cov-erage,cov-erage,0,9,0,0,0,0,3,17,0,3,0,0,0,0,[],,,,1,0.8888888888888888,0,0,0.0,1.0
pytset,pytset,0,6,0,0,0,0,2,15,0,6,0,4,1,0,[],,,,1,0.0,0,0,0.0,1.0
mdul,mdul,15,4,1,1270,1,0,2,2122,1,13,0,0,0,0,[],Ruiheng Chang,MIT,markdown image upload convert,1,0.8,0,0,0.0,1.0
google-cloud-bigquery-lib,google-cloud-bigquery-lib,0,25,0,0,0,0,3,13,0,6,0,1,1,0,[],,,,1,0.84,0,0,0.0,1.0
markdown-it-py-lib,markdown-it-py-lib,0,18,0,0,0,0,1,26,1,8,0,3,0,0,[],,,,1,0.7777777777777778,0,0,0.0,1.0
oauthli,oauthli,0,7,0,0,0,0,1,3,1,2,0,3,0,0,[],,,,1,0.875,0,0,0.0,1.0
opentelemetry-semantic-conventions-utils,opentelemetry-semantic-conventions-utils,0,40,0,0,0,0,3,3,1,4,0,4,1,0,[],,,,1,0.85,0,0,0.0,1.0
pyyjwt,pyyjwt,0,6,0,0,0,0,2,1,1,0,0,4,1,0,[],,,,1,0.8333333333333334,0,0,0.0,1.0
regxe,regxe,0,5,0,0,0,0,1,6,1,5,0,3,0,0,[],,,,1,0.0,0,0,0.0,1.0
ras,ras,2359,3,1,0,1,0,2,2038,1,9,0,0,0,0,[],Techa Gal,MIT,"Algo,SS&C Algo,Algo RethinkDB,Algo RAS,RethinkDB",1,0.0,0,0,0.0,1.0
setuptoolls,setuptoolls,0,11,0,0,0,0,3,12,0,9,0,0,1,0,[],,,,1,0.9090909090909091,0,0,0.0,1.0
git-db,git-db,0,6,0,0,0,0,2,28,0,2,0,3,0,0,[],,,,1,0.8333333333333334,0,0,0.0,1.0
ztsandard,ztsandard,0,9,0,0,0,0,2,5,0,4,0,3,1,0,[],,,,1,0.7777777777777778,0,0,0.0,1.0
g-itdb,g-itdb,0,6,0,0,0,0,1,10,0,10,0,5,0,0,[],,,,1,0.8333333333333334,0,0,0.0,1.0
deprecaetd,deprecaetd,0,10,0,0,0,0,2,1,1,9,0,5,1,0,[],,,,1,0.8,0,0,0.0,1.0
rs@,rs@,0,3,0,0,0,0,1,19,0,2,0,2,0,0,[],,,,1,0.0,0,0,0.0,1.0
7qdm,7qdm,0,4,0,0,0,0,3,29,1,6,0,0,1,0,[],,,,1,0.75,0,0,0.0,1.0
pyalrrow,pyalrrow,0,8,0,0,0,0,3,13,1,10,0,1,0,0,[],,,,1,0.875,0,0,0.0,1.0
promtheus-client,promtheus-client,0,16,0,0,0,0,1,10,0,5,0,3,0,0,[],,,,1,0.9411764705882353,0,0,0.0,1.0
pexp3ct,pexp3ct,0,7,0,0,0,0,3,14,0,4,0,1,0,0,[],,,,1,0.8571428571428572,0,0,0.0,1.0
veents,veents,0,6,0,0,0,0,2,9,1,1,0,2,0,0,[],,,,1,0.0,0,0,0.0,1.0
disturo,disturo,0,7,0,0,0,0,3,3,1,2,0,5,0,0,[],,,,1,0.8571428571428572,0,0,0.0,1.0
asn1ccrypto,asn1ccrypto,0,11,0,0,0,0,1,13,1,7,0,5,0,0,[],,,,1,0.9090909090909091,0,0,0.0,1.0
pydantc,pydantc,0,7,0,0,0,0,2,26,0,4,0,3,1,0,[],,,,1,0.875,0,0,0.0,1.0
charde7,charde7,0,7,0,0,0,0,2,12,1,7,0,5,0,0,[],,,,1,0.8571428571428572,0,0,0.0,1.0
pyas1n,pyas1n,0,6,0,0,0,0,2,16,1,7,0,4,1,0,[],,,,1,0.0,0,0,0.0,1.0
greenet,greenet,55,7,1,7,1,0,1,5010,1,3,0,0,0,0,[],zii,UNKNOWN,,1,0.875,0,0,0.0,1.0
secretstorageh,secretstorageh,0,14,0,0,0,0,2,8,1,3,0,3,1,0,[],,,,1,0.9285714285714286,0,0,0.0,1.0
yandexlcoud,yandexlcoud,0,11,0,0,0,0,1,11,1,8,0,2,0,0,[],,,,1,0.8181818181818181,0,0,0.0,1.0
pathspeec,pathspeec,0,9,0,0,0,0,1,24,0,1,0,5,1,0,[],,,,1,0.8888888888888888,0,0,0.0,1.0
sregex,sregex,11,6,1,138,1,0,1,2557,1,12,0,0,0,0,[],Joe Gregorio,Apache Software License (v2),regex structured regular expression,1,0.8333333333333334,0,0,0.0,1.0
poenai,poenai,0,6,0,0,0,0,1,23,0,1,0,5,1,0,[],,,,1,0.0,0,0,0.0,1.0
pypars1ng,pypars1ng,0,9,0,0,0,0,2,28,1,0,0,0,1,0,[],,,,1,0.8888888888888888,0,0,0.0,1.0
edis,edis,0,4,0,0,0,0,3,1,1,8,0,3,0,0,[],,,,1,0.8,0,0,0.0,1.0
sniffi,sniffi,0,6,0,0,0,0,1,8,0,2,0,3,0,0,[],,,,1,0.8571428571428572,0,0,0.0,1.0
klick,klick,0,5,0,0,0,0,2,24,1,8,0,5,0,0,[],,,,1,0.8,0,0,0.0,1.0
pydantic-test,pydantic-test,0,13,0,0,0,0,1,12,0,8,0,4,0,0,[],,,,1,0.0,0,0,0.0,1.0
huggingface-hub-test,huggingface-hub-test,0,20,0,0,0,0,2,3,0,1,0,1,1,0,[],,,,1,0.75,0,0,0.0,1.0
gitpythonn,gitpythonn,0,10,0,0,0,0,3,12,0,8,0,1,1,0,[],,,,1,0.9,0,0,0.0,1.0
pandas-tools,pandas-tools,0,12,0,0,0,0,1,21,0,6,0,2,0,0,[],,,,1,0.0,0,0,0.0,1.0
mspgack,mspgack,0,7,0,0,0,0,2,3,0,6,0,2,1,0,[],,,,1,0.7142857142857143,0,0,0.0,1.0
ptyprocess-new,ptyprocess-new,0,14,0,0,0,0,1,14,0,8,0,0,1,0,[],,,,1,0.7142857142857143,0,0,0.0,1.0
rcih,rcih,0,4,0,0,0,0,3,30,1,7,0,0,1,0,[],,,,1,0.0,0,0,0.0,1.0
fastjsonschema-lib,fastjsonschema-lib,0,18,0,0,0,0,1,20,1,4,0,1,0,0,[],,,,1,0.7777777777777778,0,0,0.0,1.0
lib-uvicorn,lib-uvicorn,0,11,0,0,0,0,2,24,0,7,0,5,0,0,[],,,,1,0.0,0,0,0.0,1.0
opentelemetry-utjil-http,opentelemetry-utjil-http,0,24,0,0,0,0,1,20,1,6,0,1,0,0,[],,,,1,0.9583333333333334,0,0,0.0,1.0
kolorama,kolorama,0,8,0,0,0,0,1,30,1,1,0,5,1,0,[],,,,1,0.875,0,0,0.0,1.0
webncodings,webncodings,0,11,0,0,0,0,1,15,1,2,0,3,1,0,[],,,,1,0.9166666666666666,0,0,0.0,1.0
back_off,back_off,0,8,0,0,0,0,3,12,1,3,0,5,0,0,[],,,,1,0.875,0,0,0.0,1.0
prrometheus-client,prrometheus-client,0,18,0,0,0,0,3,11,1,6,0,4,1,0,[],,,,1,0.9444444444444444,0,0,0.0,1.0
ru-ff,ru-ff,0,5,0,0,0,0,1,22,1,3,0,2,1,0,[],,,,1,0.8,0,0,0.0,1.0
openaie,openaie,0,7,0,0,0,0,3,1,0,1,0,4,1,0,[],,,,1,0.8571428571428572,0,0,0.0,1.0
websocket-cli3nt,websocket-cli3nt,0,16,0,0,0,0,3,22,1,7,0,1,1,0,[],,,,1,0.9375,0,0,0.0,1.0
fsspek,fsspek,0,6,0,0,0,0,1,13,1,3,0,4,0,0,[],,,,1,0.8333333333333334,0,0,0.0,1.0
py-jmespath,py-jmespath,0,11,0,0,0,0,3,17,0,10,0,5,0,0,[],,,,1,0.7272727272727273,0,0,0.0,1.0
matplotlb,matplotlb,0,9,0,0,0,0,1,3,1,10,0,5,0,0,[],,,,1,0.9,0,0,0.0,1.0
iiniconfig,iiniconfig,0,10,0,0,0,0,2,2,0,9,0,5,0,0,[],,,,1,0.9,0,0,0.0,1.0
op-enai,op-enai,0,7,0,0,0,0,2,22,0,5,0,2,1,0,[],,,,1,0.8571428571428572,0,0,0.0,1.0
tennacity,tennacity,0,9,0,0,0,0,2,11,0,9,0,3,0,0,[],,,,1,0.8888888888888888,0,0,0.0,1.0
paramko,paramko,0,7,0,0,0,0,3,24,1,7,0,0,1,0,[],,,,1,0.875,0,0,0.0,1.0
opentelemetry-exporter-otlpproto-common,opentelemetry-exporter-otlpproto-common,0,39,0,0,0,0,3,29,0,6,0,2,0,0,[],,,,1,0.975,0,0,0.0,1.0
lib-websocket-client,lib-websocket-client,0,20,0,0,0,0,3,24,1,0,0,5,1,0,[],,,,1,0.8,0,0,0.0,1.0
oausthlib,oausthlib,0,9,0,0,0,0,1,11,0,5,0,2,1,0,[],,,,1,0.8888888888888888,0,0,0.0,1.0
p-rotobuf,p-rotobuf,0,9,0,0,0,0,2,23,0,0,0,4,0,0,[],,,,1,0.8888888888888888,0,0,0.0,1.0
pyopen$sl,pyopen$sl,0,9,0,0,0,0,1,9,0,2,0,0,0,0,[],,,,1,0.8888888888888888,0,0,0.0,1.0
padnas,padnas,676,6,1,60,0,0,1,1832,1,5,0,0,0,0,[],htdge,,,1,0.0,0,0,0.0,1.0
lib-et-xmlfile,lib-et-xmlfile,0,14,0,0,0,0,3,5,0,3,0,1,1,0,[],,,,1,0.7142857142857143,0,0,0.0,1.0
pyparsinng,pyparsinng,0,10,0,0,0,0,3,10,0,8,0,1,0,0,[],,,,1,0.9,0,0,0.0,1.0
hweel,hweel,0,5,0,0,0,0,3,26,0,8,0,1,1,0,[],,,,1,0.0,0,0,0.0,1.0
pytes7,pytes7,0,6,0,0,0,0,1,19,0,8,0,3,0,0,[],,,,1,0.8333333333333334,0,0,0.0,1.0
py-typing-inspection,py-typing-inspection,0,20,0,0,0,0,1,28,0,1,0,3,1,0,[],,,,1,0.85,0,0,0.0,1.0
huggingface_hub,huggingface_hub,134308738,15,1,7284,1,0,223,1795,1,18,1,108,1,0,"['filelock', 'fsspec>=2023.5.0', 'hf-xet<2.0.0,>=1.2.0', 'httpx<1,>=0.23.0', 'packaging>=20.9', 'pyyaml>=5.1', 'shellingham', 'tqdm>=4.42.1', 'typer-slim', 'typing-extensions>=3.7.4.3', 'authlib>=1.3.2', 'fastapi', 'httpx', 'itsdangerous', 'torch', 'safetensors', 'toml', 'fastai>=2.4', 'fastcore>=1.3.27', 'hf-xet<2.0.0,>=1.1.3', 'mcp>=1.8.0', 'authlib>=1.3.2', 'fastapi', 'httpx', 'itsdangerous', 'jedi', 'Jinja2', 'pytest>=8.4.2', 'pytest-cov', 'pytest-env', 'pytest-xdist', 'pytest-vcr', 'pytest-asyncio', 'pytest-rerunfailures<16.0', 'pytest-mock', 'urllib3<2.0', 'soundfile', 'Pillow', 'numpy', 'fastapi', 'typing-extensions>=4.8.0', 'types-PyYAML', 'types-simplejson', 'types-toml', 'types-tqdm', 'types-urllib3', 'ruff>=0.9.0', 'mypy==1.15.0', 'libcst>=1.4.0', 'ty', 'authlib>=1.3.2', 'fastapi', 'httpx', 'itsdangerous', 'jedi', 'Jinja2', 'pytest>=8.4.2', 'pytest-cov', 'pytest-env', 'pytest-xdist', 'pytest-vcr', 'pytest-asyncio', 'pytest-rerunfailures<16.0', 'pytest-mock', 'urllib3<2.0', 'soundfile', 'Pillow', 'numpy', 'fastapi', 'ruff>=0.9.0', 'mypy==1.15.0', 'libcst>=1.4.0', 'ty', 'typing-extensions>=4.8.0', 'types-PyYAML', 'types-simplejson', 'types-toml', 'types-tqdm', 'types-urllib3', 'authlib>=1.3.2', 'fastapi', 'httpx', 'itsdangerous', 'jedi', 'Jinja2', 'pytest>=8.4.2', 'pytest-cov', 'pytest-env', 'pytest-xdist', 'pytest-vcr', 'pytest-asyncio', 'pytest-rerunfailures<16.0', 'pytest-mock', 'urllib3<2.0', 'soundfile', 'Pillow', 'numpy', 'fastapi', 'ruff>=0.9.0', 'mypy==1.15.0', 'libcst>=1.4.0', 'ty', 'typing-extensions>=4.8.0', 'types-PyYAML', 'types-simplejson', 'types-toml', 'types-tqdm', 'types-urllib3']","Hugging Face, Inc.",Apache,model-hub machine-learning models natural-language-processing deep-learning pytorch pretrained-models,1,0.9333333333333333,0,10,0.0,0.0843884181485989
pmsutil,pmsutil,0,7,0,0,0,0,3,30,1,2,0,5,0,0,[],,,,1,0.8571428571428572,0,0,0.0,1.0
v2-jeepney,v2-jeepney,0,10,0,0,0,0,3,20,0,2,0,1,0,0,[],,,,1,0.0,0,0,0.0,1.0
yandexcl_oud,yandexcl_oud,0,12,0,0,0,0,3,8,1,3,0,0,0,0,[],,,,1,0.9166666666666666,0,0,0.0,1.0
test-distro,test-distro,5,11,1,0,0,0,1,272,0,0,0,0,0,0,[],,,,1,0.0,0,0,0.0,1.0
pytest_cov,pytest_cov,99899710,10,1,29236,0,0,53,5690,1,0,0,6,1,1,"['coverage', 'pluggy>=1.2', 'pytest>=7', 'process-tests', 'pytest-xdist', 'virtualenv']",,,"cover, coverage, distributed, parallel, py.test, pytest",1,0.9,0,6,0.0,0.034750848472603756
tabulae,tabulae,0,7,0,0,0,0,2,18,1,4,0,3,1,0,[],,,,1,0.875,0,0,0.0,1.0
aiobotokore,aiobotokore,0,11,0,0,0,0,1,26,1,10,0,3,1,0,[],,,,1,0.9090909090909091,0,0,0.0,1.0
oauthli8,oauthli8,0,8,0,0,0,0,2,6,1,10,0,1,0,0,[],,,,1,0.875,0,0,0.0,1.0
opentelemetry_api,opentelemetry_api,162140750,17,1,377,0,1,75,2245,1,0,0,2,1,0,"['importlib-metadata<8.8.0,>=6.0', 'typing-extensions>=4.5.0']",,,,1,0.9411764705882353,0,2,0.0,0.25974050510584634
yar,yar,0,3,0,0,0,0,2,15,1,0,0,1,1,0,[],,,,1,0.75,0,0,0.0,1.0
setucptools,setucptools,0,11,0,0,0,0,2,5,0,1,0,1,0,0,[],,,,1,0.9090909090909091,0,0,0.0,1.0
fsspec-v2,fsspec-v2,0,9,0,0,0,0,3,7,0,9,0,2,1,0,[],,,,1,0.0,0,0,0.0,1.0
troveclassifiers,troveclassifiers,0,16,0,0,0,0,2,12,0,3,0,2,1,0,[],,,,1,0.9411764705882353,0,0,0.0,1.0
starlett,starlett,0,8,0,0,0,0,1,14,1,9,0,3,0,0,[],,,,1,0.8888888888888888,0,0,0.0,1.0
matpl0tlib,matpl0tlib,0,10,0,0,0,0,1,27,1,6,0,4,0,0,[],,,,1,0.9,0,0,0.0,1.0
asn1rcypto,asn1rcypto,0,10,0,0,0,0,3,30,0,5,0,5,1,0,[],,,,1,0.8,0,0,0.0,1.0
wcwith,wcwith,0,6,0,0,0,0,3,4,0,3,0,5,0,0,[],,,,1,0.8571428571428572,0,0,0.0,1.0
mddurl,mddurl,0,6,0,0,0,0,3,16,0,0,0,4,1,0,[],,,,1,0.8333333333333334,0,0,0.0,1.0
boto3,boto3,1369850546,5,1,5619,1,1,1922,4029,1,19,0,4,1,0,"['botocore<1.42.0,>=1.41.2', 'jmespath<2.0.0,>=0.7.1', 's3transfer<0.16.0,>=0.15.0', 'botocore']",Amazon Web Services,Apache-2.0,,0,0.0,0,4,0.16666666666666666,0.0919065382705743
urllib3,urllib3,1083641181,7,1,4468,0,1,103,5825,1,0,0,5,1,0,"['brotli>=1.0.9', 'brotlicffi>=0.8.0', 'h2<5,>=4', 'pysocks!=1.5.7,<2.0,>=1.5.6', 'zstandard>=0.18.0']",,,"filepost, http, httplib, https, pooling, ssl, threadsafe, urllib",0,0.0,0,5,0.0,0.14598556863940548
botocore,botocore,974937739,8,1,4661,1,0,2320,4719,1,19,0,5,1,0,"['jmespath<2.0.0,>=0.7.1', 'python-dateutil<3.0.0,>=2.1', 'urllib3<1.27,>=1.25.4', 'urllib3!=2.2.0,<3,>=1.25.4', 'awscrt==0.28.4']",Amazon Web Services,Apache-2.0,,0,0.0,0,5,0.0,0.14598556863940548
requests,requests,979042024,8,1,2927,1,1,157,5395,1,13,0,6,1,0,"['charset_normalizer<4,>=2', 'idna<4,>=2.5', 'urllib3<3,>=1.21.1', 'certifi>=2017.4.17', 'PySocks!=1.5.7,>=1.5.6', 'chardet<6,>=3.0.2']",Kenneth Reitz,Apache-2.0,,0,0.0,0,6,0.0,0.12738858461984146
certifi,certifi,981929769,7,1,1157,1,1,70,5078,1,13,0,0,0,0,[],Kenneth Reitz,MPL-2.0,,0,0.0,0,0,0.0,1.0
charset-normalizer,charset-normalizer,927027228,18,1,35423,0,1,58,2304,1,0,0,0,0,0,[],,MIT,"encoding, charset, charset-detector, detector, normalization, unicode, chardet, detect",0,0.0,0,0,0.0,1.0
idna,idna,936963081,4,1,6620,0,1,34,4512,1,0,0,4,1,0,"['ruff>=0.6.2', 'mypy>=1.11.2', 'pytest>=8.3.2', 'flake8>=7.1.1']",,,,0,0.0,0,4,0.0,0.17094005169645404
typing-extensions,typing-extensions,963619597,17,1,1732,0,1,49,2988,1,0,0,0,0,0,[],,,"annotations, backport, checker, checking, function, hinting, hints, type, typechecking, typehinting, typehints, typing",0,0.0,0,0,0.0,1.0
aiobotocore,aiobotocore,901383028,11,1,24336,0,1,121,3431,1,0,0,10,1,0,"['aiohttp<4.0.0,>=3.9.2', 'aioitertools<1.0.0,>=0.5.1', 'botocore<1.40.71,>=1.40.46', 'python-dateutil<3.0.0,>=2.1', 'jmespath<2.0.0,>=0.7.1', 'multidict<7.0.0,>=6.0.0', 'wrapt<2.0.0,>=1.10.10', 'awscli<1.42.71,>=1.42.46', 'boto3<1.40.71,>=1.40.46', 'httpx<0.29,>=0.25.1']",,,,0,0.0,0,10,0.0,0.0843884181485989
setuptools,setuptools,844804690,10,1,2608,0,1,616,7134,1,0,0,51,1,0,"['pytest!=8.1.*,>=6', 'virtualenv>=13.0.0', 'wheel>=0.44.0', 'pip>=19.1', 'packaging>=24.2', 'jaraco.envs>=2.2', 'pytest-xdist>=3', 'jaraco.path>=3.7.2', 'build', 'filelock>=3.4.0', 'ini2toml', 'tomli-w>=1.0.0', 'pytest-timeout', 'pytest-perf', 'jaraco.develop>=7.21', 'pytest-home>=0.5', 'pytest-subprocess', 'pyproject-hooks!=1.1', 'jaraco.test>=5.5', 'sphinx>=3.5', 'jaraco.packaging>=9.3', 'rst.linker>=1.9', 'furo', 'sphinx-lint', 'jaraco.tidelift>=1.4', 'pygments-github-lexers==0.0.5', 'sphinx-favicon', 'sphinx-inline-tabs', 'sphinx-reredirects', 'sphinxcontrib-towncrier', 'sphinx-notfound-page<2,>=1', 'pyproject-hooks!=1.1', 'towncrier<24.7', 'packaging>=24.2', 'more_itertools>=8.8', 'jaraco.text>=3.7', 'importlib_metadata>=6', 'tomli>=2.0.1', 'wheel>=0.43.0', 'platformdirs>=4.2.2', 'jaraco.functools>=4', 'more_itertools', 'pytest-checkdocs>=2.4', 'pytest-ruff>=0.2.1', 'ruff>=0.8.0', 'pytest-cov', 'pytest-enabler>=2.2', 'pytest-mypy', 'mypy==1.14.*', 'importlib_metadata>=7.0.2', 'jaraco.develop>=7.21']",,,CPAN PyPI distutils eggs package management,0,0.0,0,10,0.0,0.045929972492187505
python-dateutil,python-dateutil,716571014,15,1,6814,1,1,34,6317,1,16,0,1,1,0,['six'],Gustavo Niemeyer,Dual License,,0,0.0,0,1,0.0,0.3508773619358619
grpcio-status,grpcio-status,767402526,13,1,218,1,0,187,2539,1,16,0,3,1,0,"['protobuf<7.0.0,>=6.31.1', 'grpcio>=1.76.0', 'googleapis-common-protos>=1.5.5']",The gRPC Authors,Apache License 2.0,,0,0.0,0,3,0.0,0.2061857491852643
packaging,packaging,745622927,9,1,2056,0,1,47,4097,1,0,0,0,0,0,[],,,,0,0.0,0,0,0.0,1.0
six,six,673120901,3,1,1039,1,0,29,5625,1,17,0,0,0,0,[],Benjamin Peterson,MIT,,0,0.0,0,0,0.0,1.0
s3transfer,s3transfer,621304810,10,1,664,1,0,55,3596,1,19,0,2,1,0,"['botocore<2.0a.0,>=1.37.4', 'botocore']",Amazon Web Services,Apache License 2.0,,0,0.0,0,2,0.0,0.09939114090709089
numpy,numpy,608005782,5,1,4050,0,0,138,6931,1,25,0,0,0,0,[],Travis E. Oliphant et al.,"Copyright (c) 2005-2025, NumPy Developers.
         All rights reserved.
         
         Redistribution and use in source and binary forms, with or without
         modification, are permitted provided that the following conditions are
         met:
         
             * Redistributions of source code must retain the above copyright
                notice, this list of conditions and the following disclaimer.
         
             * Redistributions in binary form must reproduce the above
                copyright notice, this list of conditions and the following
                disclaimer in the documentation and/or other materials provided
                with the distribution.
         
             * Neither the name of the NumPy Developers nor the names of any
                contributors may be used to endorse or promote products derived
                from this software without specific prior written permission.
         
         THIS SOFTWARE IS PROVIDED BY THE COPYRIGHT HOLDERS AND CONTRIBUTORS
         ""AS IS"" AND ANY EXPRESS OR IMPLIED WARRANTIES, INCLUDING, BUT NOT
         LIMITED TO, THE IMPLIED WARRANTIES OF MERCHANTABILITY AND FITNESS FOR
         A PARTICULAR PURPOSE ARE DISCLAIMED. IN NO EVENT SHALL THE COPYRIGHT
         OWNER OR CONTRIBUTORS BE LIABLE FOR ANY DIRECT, INDIRECT, INCIDENTAL,
         SPECIAL, EXEMPLARY, OR CONSEQUENTIAL DAMAGES (INCLUDING, BUT NOT
         LIMITED TO, PROCUREMENT OF SUBSTITUTE GOODS OR SERVICES; LOSS OF USE,
         DATA, OR PROFITS; OR BUSINESS INTERRUPTION) HOWEVER CAUSED AND ON ANY
         THEORY OF LIABILITY, WHETHER IN CONTRACT, STRICT LIABILITY, OR TORT
         (INCLUDING NEGLIGENCE OR OTHERWISE) ARISING IN ANY WAY OUT OF THE USE
         OF THIS SOFTWARE, EVEN IF ADVISED OF THE POSSIBILITY OF SUCH DAMAGE.
         
         ----
         
         The NumPy repository and source distributions bundle several libraries that are
         compatibly licensed.  We list these here.
         
         Name: lapack-lite
         Files: numpy/linalg/lapack_lite/*
         License: BSD-3-Clause
           For details, see numpy/linalg/lapack_lite/LICENSE.txt
         
         Name: dragon4
         Files: numpy/_core/src/multiarray/dragon4.c
         License: MIT
           For license text, see numpy/_core/src/multiarray/dragon4.c
         
         Name: libdivide
         Files: numpy/_core/include/numpy/libdivide/*
         License: Zlib
           For license text, see numpy/_core/include/numpy/libdivide/LICENSE.txt
         
         
         Note that the following files are vendored in the repository and sdist but not
         installed in built numpy packages:
         
         Name: Meson
         Files: vendored-meson/meson/*
         License: Apache 2.0
           For license text, see vendored-meson/meson/COPYING
         
         Name: spin
         Files: .spin/cmds.py
         License: BSD-3
           For license text, see .spin/LICENSE
         
         Name: tempita
         Files: numpy/_build_utils/tempita/*
         License: MIT
           For details, see numpy/_build_utils/tempita/LICENCE.txt
         
         ----
         
         This binary distribution of NumPy also bundles the following software:
         
         
         Name: OpenBLAS
         Files: numpy/.dylibs/libscipy_openblas*.so
         Description: bundled as a dynamically linked library
         Availability: https://github.com/OpenMathLib/OpenBLAS/
         License: BSD-3-Clause
           Copyright (c) 2011-2014, The OpenBLAS Project
           All rights reserved.
         
           Redistribution and use in source and binary forms, with or without
           modification, are permitted provided that the following conditions are
           met:
         
              1. Redistributions of source code must retain the above copyright
                 notice, this list of conditions and the following disclaimer.
         
              2. Redistributions in binary form must reproduce the above copyright
                 notice, this list of conditions and the following disclaimer in
                 the documentation and/or other materials provided with the
                 distribution.
              3. Neither the name of the OpenBLAS project nor the names of
                 its contributors may be used to endorse or promote products
                 derived from this software without specific prior written
                 permission.
         
           THIS SOFTWARE IS PROVIDED BY THE COPYRIGHT HOLDERS AND CONTRIBUTORS ""AS IS""
           AND ANY EXPRESS OR IMPLIED WARRANTIES, INCLUDING, BUT NOT LIMITED TO, THE
           IMPLIED WARRANTIES OF MERCHANTABILITY AND FITNESS FOR A PARTICULAR PURPOSE
           ARE DISCLAIMED. IN NO EVENT SHALL THE COPYRIGHT OWNER OR CONTRIBUTORS BE
           LIABLE FOR ANY DIRECT, INDIRECT, INCIDENTAL, SPECIAL, EXEMPLARY, OR CONSEQUENTIAL
           DAMAGES (INCLUDING, BUT NOT LIMITED TO, PROCUREMENT OF SUBSTITUTE GOODS OR
           SERVICES; LOSS OF USE, DATA, OR PROFITS; OR BUSINESS INTERRUPTION) HOWEVER
           CAUSED AND ON ANY THEORY OF LIABILITY, WHETHER IN CONTRACT, STRICT LIABILITY,
           OR TORT (INCLUDING NEGLIGENCE OR OTHERWISE) ARISING IN ANY WAY OUT OF THE
           USE OF THIS SOFTWARE, EVEN IF ADVISED OF THE POSSIBILITY OF SUCH DAMAGE.
         
         
         Name: LAPACK
         Files: numpy/.dylibs/libscipy_openblas*.so
         Description: bundled in OpenBLAS
         Availability: https://github.com/OpenMathLib/OpenBLAS/
         License: BSD-3-Clause-Open-MPI
           Copyright (c) 1992-2013 The University of Tennessee and The University
                                   of Tennessee Research Foundation.  All rights
                                   reserved.
           Copyright (c) 2000-2013 The University of California Berkeley. All
                                   rights reserved.
           Copyright (c) 2006-2013 The University of Colorado Denver.  All rights
                                   reserved.
         
           $COPYRIGHT$
         
           Additional copyrights may follow
         
           $HEADER$
         
           Redistribution and use in source and binary forms, with or without
           modification, are permitted provided that the following conditions are
           met:
         
           - Redistributions of source code must retain the above copyright
             notice, this list of conditions and the following disclaimer.
         
           - Redistributions in binary form must reproduce the above copyright
             notice, this list of conditions and the following disclaimer listed
             in this license in the documentation and/or other materials
             provided with the distribution.
         
           - Neither the name of the copyright holders nor the names of its
             contributors may be used to endorse or promote products derived from
             this software without specific prior written permission.
         
           The copyright holders provide no reassurances that the source code
           provided does not infringe any patent, copyright, or any other
           intellectual property rights of third parties.  The copyright holders
           disclaim any liability to any recipient for claims brought against
           recipient by any third party for infringement of that parties
           intellectual property rights.
         
           THIS SOFTWARE IS PROVIDED BY THE COPYRIGHT HOLDERS AND CONTRIBUTORS
           ""AS IS"" AND ANY EXPRESS OR IMPLIED WARRANTIES, INCLUDING, BUT NOT
           LIMITED TO, THE IMPLIED WARRANTIES OF MERCHANTABILITY AND FITNESS FOR
           A PARTICULAR PURPOSE ARE DISCLAIMED. IN NO EVENT SHALL THE COPYRIGHT
           OWNER OR CONTRIBUTORS BE LIABLE FOR ANY DIRECT, INDIRECT, INCIDENTAL,
           SPECIAL, EXEMPLARY, OR CONSEQUENTIAL DAMAGES (INCLUDING, BUT NOT
           LIMITED TO, PROCUREMENT OF SUBSTITUTE GOODS OR SERVICES; LOSS OF USE,
           DATA, OR PROFITS; OR BUSINESS INTERRUPTION) HOWEVER CAUSED AND ON ANY
           THEORY OF LIABILITY, WHETHER IN CONTRACT, STRICT LIABILITY, OR TORT
           (INCLUDING NEGLIGENCE OR OTHERWISE) ARISING IN ANY WAY OUT OF THE USE
           OF THIS SOFTWARE, EVEN IF ADVISED OF THE POSSIBILITY OF SUCH DAMAGE.
         
         
         Name: GCC runtime library
         Files: numpy/.dylibs/libgfortran*, numpy/.dylibs/libgcc*
         Description: dynamically linked to files compiled with gcc
         Availability: https://gcc.gnu.org/git/?p=gcc.git;a=tree;f=libgfortran
         License: GPL-3.0-or-later WITH GCC-exception-3.1
           Copyright (C) 2002-2017 Free Software Foundation, Inc.
         
           Libgfortran is free software; you can redistribute it and/or modify
           it under the terms of the GNU General Public License as published by
           the Free Software Foundation; either version 3, or (at your option)
           any later version.
         
           Libgfortran is distributed in the hope that it will be useful,
           but WITHOUT ANY WARRANTY; without even the implied warranty of
           MERCHANTABILITY or FITNESS FOR A PARTICULAR PURPOSE.  See the
           GNU General Public License for more details.
         
           Under Section 7 of GPL version 3, you are granted additional
           permissions described in the GCC Runtime Library Exception, version
           3.1, as published by the Free Software Foundation.
         
           You should have received a copy of the GNU General Public License and
           a copy of the GCC Runtime Library Exception along with this program;
           see the files COPYING3 and COPYING.RUNTIME respectively.  If not, see
           <http://www.gnu.org/licenses/>.
         
         ----
         
         Full text of license texts referred to above follows (that they are
         listed below does not necessarily imply the conditions apply to the
         present binary release):
         
         ----
         
         GCC RUNTIME LIBRARY EXCEPTION
         
         Version 3.1, 31 March 2009
         
         Copyright (C) 2009 Free Software Foundation, Inc. <https://fsf.org/>
         
         Everyone is permitted to copy and distribute verbatim copies of this
         license document, but changing it is not allowed.
         
         This GCC Runtime Library Exception (""Exception"") is an additional
         permission under section 7 of the GNU General Public License, version
         3 (""GPLv3""). It applies to a given file (the ""Runtime Library"") that
         bears a notice placed by the copyright holder of the file stating that
         the file is governed by GPLv3 along with this Exception.
         
         When you use GCC to compile a program, GCC may combine portions of
         certain GCC header files and runtime libraries with the compiled
         program. The purpose of this Exception is to allow compilation of
         non-GPL (including proprietary) programs to use, in this way, the
         header files and runtime libraries covered by this Exception.
         
         0. Definitions.
         
         A file is an ""Independent Module"" if it either requires the Runtime
         Library for execution after a Compilation Process, or makes use of an
         interface provided by the Runtime Library, but is not otherwise based
         on the Runtime Library.
         
         ""GCC"" means a version of the GNU Compiler Collection, with or without
         modifications, governed by version 3 (or a specified later version) of
         the GNU General Public License (GPL) with the option of using any
         subsequent versions published by the FSF.
         
         ""GPL-compatible Software"" is software whose conditions of propagation,
         modification and use would permit combination with GCC in accord with
         the license of GCC.
         
         ""Target Code"" refers to output from any compiler for a real or virtual
         target processor architecture, in executable form or suitable for
         input to an assembler, loader, linker and/or execution
         phase. Notwithstanding that, Target Code does not include data in any
         format that is used as a compiler intermediate representation, or used
         for producing a compiler intermediate representation.
         
         The ""Compilation Process"" transforms code entirely represented in
         non-intermediate languages designed for human-written code, and/or in
         Java Virtual Machine byte code, into Target Code. Thus, for example,
         use of source code generators and preprocessors need not be considered
         part of the Compilation Process, since the Compilation Process can be
         understood as starting with the output of the generators or
         preprocessors.
         
         A Compilation Process is ""Eligible"" if it is done using GCC, alone or
         with other GPL-compatible software, or if it is done without using any
         work based on GCC. For example, using non-GPL-compatible Software to
         optimize any GCC intermediate representations would not qualify as an
         Eligible Compilation Process.
         
         1. Grant of Additional Permission.
         
         You have permission to propagate a work of Target Code formed by
         combining the Runtime Library with Independent Modules, even if such
         propagation would otherwise violate the terms of GPLv3, provided that
         all Target Code was generated by Eligible Compilation Processes. You
         may then convey such a combination under terms of your choice,
         consistent with the licensing of the Independent Modules.
         
         2. No Weakening of GCC Copyleft.
         
         The availability of this Exception does not imply any general
         presumption that third-party software is unaffected by the copyleft
         requirements of the license of GCC.
         
         ----
         
                             GNU GENERAL PUBLIC LICENSE
                                Version 3, 29 June 2007
         
          Copyright (C) 2007 Free Software Foundation, Inc. <https://fsf.org/>
          Everyone is permitted to copy and distribute verbatim copies
          of this license document, but changing it is not allowed.
         
                                     Preamble
         
           The GNU General Public License is a free, copyleft license for
         software and other kinds of works.
         
           The licenses for most software and other practical works are designed
         to take away your freedom to share and change the works.  By contrast,
         the GNU General Public License is intended to guarantee your freedom to
         share and change all versions of a program--to make sure it remains free
         software for all its users.  We, the Free Software Foundation, use the
         GNU General Public License for most of our software; it applies also to
         any other work released this way by its authors.  You can apply it to
         your programs, too.
         
           When we speak of free software, we are referring to freedom, not
         price.  Our General Public Licenses are designed to make sure that you
         have the freedom to distribute copies of free software (and charge for
         them if you wish), that you receive source code or can get it if you
         want it, that you can change the software or use pieces of it in new
         free programs, and that you know you can do these things.
         
           To protect your rights, we need to prevent others from denying you
         these rights or asking you to surrender the rights.  Therefore, you have
         certain responsibilities if you distribute copies of the software, or if
         you modify it: responsibilities to respect the freedom of others.
         
           For example, if you distribute copies of such a program, whether
         gratis or for a fee, you must pass on to the recipients the same
         freedoms that you received.  You must make sure that they, too, receive
         or can get the source code.  And you must show them these terms so they
         know their rights.
         
           Developers that use the GNU GPL protect your rights with two steps:
         (1) assert copyright on the software, and (2) offer you this License
         giving you legal permission to copy, distribute and/or modify it.
         
           For the developers' and authors' protection, the GPL clearly explains
         that there is no warranty for this free software.  For both users' and
         authors' sake, the GPL requires that modified versions be marked as
         changed, so that their problems will not be attributed erroneously to
         authors of previous versions.
         
           Some devices are designed to deny users access to install or run
         modified versions of the software inside them, although the manufacturer
         can do so.  This is fundamentally incompatible with the aim of
         protecting users' freedom to change the software.  The systematic
         pattern of such abuse occurs in the area of products for individuals to
         use, which is precisely where it is most unacceptable.  Therefore, we
         have designed this version of the GPL to prohibit the practice for those
         products.  If such problems arise substantially in other domains, we
         stand ready to extend this provision to those domains in future versions
         of the GPL, as needed to protect the freedom of users.
         
           Finally, every program is threatened constantly by software patents.
         States should not allow patents to restrict development and use of
         software on general-purpose computers, but in those that do, we wish to
         avoid the special danger that patents applied to a free program could
         make it effectively proprietary.  To prevent this, the GPL assures that
         patents cannot be used to render the program non-free.
         
           The precise terms and conditions for copying, distribution and
         modification follow.
         
                                TERMS AND CONDITIONS
         
           0. Definitions.
         
           ""This License"" refers to version 3 of the GNU General Public License.
         
           ""Copyright"" also means copyright-like laws that apply to other kinds of
         works, such as semiconductor masks.
         
           ""The Program"" refers to any copyrightable work licensed under this
         License.  Each licensee is addressed as ""you"".  ""Licensees"" and
         ""recipients"" may be individuals or organizations.
         
           To ""modify"" a work means to copy from or adapt all or part of the work
         in a fashion requiring copyright permission, other than the making of an
         exact copy.  The resulting work is called a ""modified version"" of the
         earlier work or a work ""based on"" the earlier work.
         
           A ""covered work"" means either the unmodified Program or a work based
         on the Program.
         
           To ""propagate"" a work means to do anything with it that, without
         permission, would make you directly or secondarily liable for
         infringement under applicable copyright law, except executing it on a
         computer or modifying a private copy.  Propagation includes copying,
         distribution (with or without modification), making available to the
         public, and in some countries other activities as well.
         
           To ""convey"" a work means any kind of propagation that enables other
         parties to make or receive copies.  Mere interaction with a user through
         a computer network, with no transfer of a copy, is not conveying.
         
           An interactive user interface displays ""Appropriate Legal Notices""
         to the extent that it includes a convenient and prominently visible
         feature that (1) displays an appropriate copyright notice, and (2)
         tells the user that there is no warranty for the work (except to the
         extent that warranties are provided), that licensees may convey the
         work under this License, and how to view a copy of this License.  If
         the interface presents a list of user commands or options, such as a
         menu, a prominent item in the list meets this criterion.
         
           1. Source Code.
         
           The ""source code"" for a work means the preferred form of the work
         for making modifications to it.  ""Object code"" means any non-source
         form of a work.
         
           A ""Standard Interface"" means an interface that either is an official
         standard defined by a recognized standards body, or, in the case of
         interfaces specified for a particular programming language, one that
         is widely used among developers working in that language.
         
           The ""System Libraries"" of an executable work include anything, other
         than the work as a whole, that (a) is included in the normal form of
         packaging a Major Component, but which is not part of that Major
         Component, and (b) serves only to enable use of the work with that
         Major Component, or to implement a Standard Interface for which an
         implementation is available to the public in source code form.  A
         ""Major Component"", in this context, means a major essential component
         (kernel, window system, and so on) of the specific operating system
         (if any) on which the executable work runs, or a compiler used to
         produce the work, or an object code interpreter used to run it.
         
           The ""Corresponding Source"" for a work in object code form means all
         the source code needed to generate, install, and (for an executable
         work) run the object code and to modify the work, including scripts to
         control those activities.  However, it does not include the work's
         System Libraries, or general-purpose tools or generally available free
         programs which are used unmodified in performing those activities but
         which are not part of the work.  For example, Corresponding Source
         includes interface definition files associated with source files for
         the work, and the source code for shared libraries and dynamically
         linked subprograms that the work is specifically designed to require,
         such as by intimate data communication or control flow between those
         subprograms and other parts of the work.
         
           The Corresponding Source need not include anything that users
         can regenerate automatically from other parts of the Corresponding
         Source.
         
           The Corresponding Source for a work in source code form is that
         same work.
         
           2. Basic Permissions.
         
           All rights granted under this License are granted for the term of
         copyright on the Program, and are irrevocable provided the stated
         conditions are met.  This License explicitly affirms your unlimited
         permission to run the unmodified Program.  The output from running a
         covered work is covered by this License only if the output, given its
         content, constitutes a covered work.  This License acknowledges your
         rights of fair use or other equivalent, as provided by copyright law.
         
           You may make, run and propagate covered works that you do not
         convey, without conditions so long as your license otherwise remains
         in force.  You may convey covered works to others for the sole purpose
         of having them make modifications exclusively for you, or provide you
         with facilities for running those works, provided that you comply with
         the terms of this License in conveying all material for which you do
         not control copyright.  Those thus making or running the covered works
         for you must do so exclusively on your behalf, under your direction
         and control, on terms that prohibit them from making any copies of
         your copyrighted material outside their relationship with you.
         
           Conveying under any other circumstances is permitted solely under
         the conditions stated below.  Sublicensing is not allowed; section 10
         makes it unnecessary.
         
           3. Protecting Users' Legal Rights From Anti-Circumvention Law.
         
           No covered work shall be deemed part of an effective technological
         measure under any applicable law fulfilling obligations under article
         11 of the WIPO copyright treaty adopted on 20 December 1996, or
         similar laws prohibiting or restricting circumvention of such
         measures.
         
           When you convey a covered work, you waive any legal power to forbid
         circumvention of technological measures to the extent such circumvention
         is effected by exercising rights under this License with respect to
         the covered work, and you disclaim any intention to limit operation or
         modification of the work as a means of enforcing, against the work's
         users, your or third parties' legal rights to forbid circumvention of
         technological measures.
         
           4. Conveying Verbatim Copies.
         
           You may convey verbatim copies of the Program's source code as you
         receive it, in any medium, provided that you conspicuously and
         appropriately publish on each copy an appropriate copyright notice;
         keep intact all notices stating that this License and any
         non-permissive terms added in accord with section 7 apply to the code;
         keep intact all notices of the absence of any warranty; and give all
         recipients a copy of this License along with the Program.
         
           You may charge any price or no price for each copy that you convey,
         and you may offer support or warranty protection for a fee.
         
           5. Conveying Modified Source Versions.
         
           You may convey a work based on the Program, or the modifications to
         produce it from the Program, in the form of source code under the
         terms of section 4, provided that you also meet all of these conditions:
         
             a) The work must carry prominent notices stating that you modified
             it, and giving a relevant date.
         
             b) The work must carry prominent notices stating that it is
             released under this License and any conditions added under section
             7.  This requirement modifies the requirement in section 4 to
             ""keep intact all notices"".
         
             c) You must license the entire work, as a whole, under this
             License to anyone who comes into possession of a copy.  This
             License will therefore apply, along with any applicable section 7
             additional terms, to the whole of the work, and all its parts,
             regardless of how they are packaged.  This License gives no
             permission to license the work in any other way, but it does not
             invalidate such permission if you have separately received it.
         
             d) If the work has interactive user interfaces, each must display
             Appropriate Legal Notices; however, if the Program has interactive
             interfaces that do not display Appropriate Legal Notices, your
             work need not make them do so.
         
           A compilation of a covered work with other separate and independent
         works, which are not by their nature extensions of the covered work,
         and which are not combined with it such as to form a larger program,
         in or on a volume of a storage or distribution medium, is called an
         ""aggregate"" if the compilation and its resulting copyright are not
         used to limit the access or legal rights of the compilation's users
         beyond what the individual works permit.  Inclusion of a covered work
         in an aggregate does not cause this License to apply to the other
         parts of the aggregate.
         
           6. Conveying Non-Source Forms.
         
           You may convey a covered work in object code form under the terms
         of sections 4 and 5, provided that you also convey the
         machine-readable Corresponding Source under the terms of this License,
         in one of these ways:
         
             a) Convey the object code in, or embodied in, a physical product
             (including a physical distribution medium), accompanied by the
             Corresponding Source fixed on a durable physical medium
             customarily used for software interchange.
         
             b) Convey the object code in, or embodied in, a physical product
             (including a physical distribution medium), accompanied by a
             written offer, valid for at least three years and valid for as
             long as you offer spare parts or customer support for that product
             model, to give anyone who possesses the object code either (1) a
             copy of the Corresponding Source for all the software in the
             product that is covered by this License, on a durable physical
             medium customarily used for software interchange, for a price no
             more than your reasonable cost of physically performing this
             conveying of source, or (2) access to copy the
             Corresponding Source from a network server at no charge.
         
             c) Convey individual copies of the object code with a copy of the
             written offer to provide the Corresponding Source.  This
             alternative is allowed only occasionally and noncommercially, and
             only if you received the object code with such an offer, in accord
             with subsection 6b.
         
             d) Convey the object code by offering access from a designated
             place (gratis or for a charge), and offer equivalent access to the
             Corresponding Source in the same way through the same place at no
             further charge.  You need not require recipients to copy the
             Corresponding Source along with the object code.  If the place to
             copy the object code is a network server, the Corresponding Source
             may be on a different server (operated by you or a third party)
             that supports equivalent copying facilities, provided you maintain
             clear directions next to the object code saying where to find the
             Corresponding Source.  Regardless of what server hosts the
             Corresponding Source, you remain obligated to ensure that it is
             available for as long as needed to satisfy these requirements.
         
             e) Convey the object code using peer-to-peer transmission, provided
             you inform other peers where the object code and Corresponding
             Source of the work are being offered to the general public at no
             charge under subsection 6d.
         
           A separable portion of the object code, whose source code is excluded
         from the Corresponding Source as a System Library, need not be
         included in conveying the object code work.
         
           A ""User Product"" is either (1) a ""consumer product"", which means any
         tangible personal property which is normally used for personal, family,
         or household purposes, or (2) anything designed or sold for incorporation
         into a dwelling.  In determining whether a product is a consumer product,
         doubtful cases shall be resolved in favor of coverage.  For a particular
         product received by a particular user, ""normally used"" refers to a
         typical or common use of that class of product, regardless of the status
         of the particular user or of the way in which the particular user
         actually uses, or expects or is expected to use, the product.  A product
         is a consumer product regardless of whether the product has substantial
         commercial, industrial or non-consumer uses, unless such uses represent
         the only significant mode of use of the product.
         
           ""Installation Information"" for a User Product means any methods,
         procedures, authorization keys, or other information required to install
         and execute modified versions of a covered work in that User Product from
         a modified version of its Corresponding Source.  The information must
         suffice to ensure that the continued functioning of the modified object
         code is in no case prevented or interfered with solely because
         modification has been made.
         
           If you convey an object code work under this section in, or with, or
         specifically for use in, a User Product, and the conveying occurs as
         part of a transaction in which the right of possession and use of the
         User Product is transferred to the recipient in perpetuity or for a
         fixed term (regardless of how the transaction is characterized), the
         Corresponding Source conveyed under this section must be accompanied
         by the Installation Information.  But this requirement does not apply
         if neither you nor any third party retains the ability to install
         modified object code on the User Product (for example, the work has
         been installed in ROM).
         
           The requirement to provide Installation Information does not include a
         requirement to continue to provide support service, warranty, or updates
         for a work that has been modified or installed by the recipient, or for
         the User Product in which it has been modified or installed.  Access to a
         network may be denied when the modification itself materially and
         adversely affects the operation of the network or violates the rules and
         protocols for communication across the network.
         
           Corresponding Source conveyed, and Installation Information provided,
         in accord with this section must be in a format that is publicly
         documented (and with an implementation available to the public in
         source code form), and must require no special password or key for
         unpacking, reading or copying.
         
           7. Additional Terms.
         
           ""Additional permissions"" are terms that supplement the terms of this
         License by making exceptions from one or more of its conditions.
         Additional permissions that are applicable to the entire Program shall
         be treated as though they were included in this License, to the extent
         that they are valid under applicable law.  If additional permissions
         apply only to part of the Program, that part may be used separately
         under those permissions, but the entire Program remains governed by
         this License without regard to the additional permissions.
         
           When you convey a copy of a covered work, you may at your option
         remove any additional permissions from that copy, or from any part of
         it.  (Additional permissions may be written to require their own
         removal in certain cases when you modify the work.)  You may place
         additional permissions on material, added by you to a covered work,
         for which you have or can give appropriate copyright permission.
         
           Notwithstanding any other provision of this License, for material you
         add to a covered work, you may (if authorized by the copyright holders of
         that material) supplement the terms of this License with terms:
         
             a) Disclaiming warranty or limiting liability differently from the
             terms of sections 15 and 16 of this License; or
         
             b) Requiring preservation of specified reasonable legal notices or
             author attributions in that material or in the Appropriate Legal
             Notices displayed by works containing it; or
         
             c) Prohibiting misrepresentation of the origin of that material, or
             requiring that modified versions of such material be marked in
             reasonable ways as different from the original version; or
         
             d) Limiting the use for publicity purposes of names of licensors or
             authors of the material; or
         
             e) Declining to grant rights under trademark law for use of some
             trade names, trademarks, or service marks; or
         
             f) Requiring indemnification of licensors and authors of that
             material by anyone who conveys the material (or modified versions of
             it) with contractual assumptions of liability to the recipient, for
             any liability that these contractual assumptions directly impose on
             those licensors and authors.
         
           All other non-permissive additional terms are considered ""further
         restrictions"" within the meaning of section 10.  If the Program as you
         received it, or any part of it, contains a notice stating that it is
         governed by this License along with a term that is a further
         restriction, you may remove that term.  If a license document contains
         a further restriction but permits relicensing or conveying under this
         License, you may add to a covered work material governed by the terms
         of that license document, provided that the further restriction does
         not survive such relicensing or conveying.
         
           If you add terms to a covered work in accord with this section, you
         must place, in the relevant source files, a statement of the
         additional terms that apply to those files, or a notice indicating
         where to find the applicable terms.
         
           Additional terms, permissive or non-permissive, may be stated in the
         form of a separately written license, or stated as exceptions;
         the above requirements apply either way.
         
           8. Termination.
         
           You may not propagate or modify a covered work except as expressly
         provided under this License.  Any attempt otherwise to propagate or
         modify it is void, and will automatically terminate your rights under
         this License (including any patent licenses granted under the third
         paragraph of section 11).
         
           However, if you cease all violation of this License, then your
         license from a particular copyright holder is reinstated (a)
         provisionally, unless and until the copyright holder explicitly and
         finally terminates your license, and (b) permanently, if the copyright
         holder fails to notify you of the violation by some reasonable means
         prior to 60 days after the cessation.
         
           Moreover, your license from a particular copyright holder is
         reinstated permanently if the copyright holder notifies you of the
         violation by some reasonable means, this is the first time you have
         received notice of violation of this License (for any work) from that
         copyright holder, and you cure the violation prior to 30 days after
         your receipt of the notice.
         
           Termination of your rights under this section does not terminate the
         licenses of parties who have received copies or rights from you under
         this License.  If your rights have been terminated and not permanently
         reinstated, you do not qualify to receive new licenses for the same
         material under section 10.
         
           9. Acceptance Not Required for Having Copies.
         
           You are not required to accept this License in order to receive or
         run a copy of the Program.  Ancillary propagation of a covered work
         occurring solely as a consequence of using peer-to-peer transmission
         to receive a copy likewise does not require acceptance.  However,
         nothing other than this License grants you permission to propagate or
         modify any covered work.  These actions infringe copyright if you do
         not accept this License.  Therefore, by modifying or propagating a
         covered work, you indicate your acceptance of this License to do so.
         
           10. Automatic Licensing of Downstream Recipients.
         
           Each time you convey a covered work, the recipient automatically
         receives a license from the original licensors, to run, modify and
         propagate that work, subject to this License.  You are not responsible
         for enforcing compliance by third parties with this License.
         
           An ""entity transaction"" is a transaction transferring control of an
         organization, or substantially all assets of one, or subdividing an
         organization, or merging organizations.  If propagation of a covered
         work results from an entity transaction, each party to that
         transaction who receives a copy of the work also receives whatever
         licenses to the work the party's predecessor in interest had or could
         give under the previous paragraph, plus a right to possession of the
         Corresponding Source of the work from the predecessor in interest, if
         the predecessor has it or can get it with reasonable efforts.
         
           You may not impose any further restrictions on the exercise of the
         rights granted or affirmed under this License.  For example, you may
         not impose a license fee, royalty, or other charge for exercise of
         rights granted under this License, and you may not initiate litigation
         (including a cross-claim or counterclaim in a lawsuit) alleging that
         any patent claim is infringed by making, using, selling, offering for
         sale, or importing the Program or any portion of it.
         
           11. Patents.
         
           A ""contributor"" is a copyright holder who authorizes use under this
         License of the Program or a work on which the Program is based.  The
         work thus licensed is called the contributor's ""contributor version"".
         
           A contributor's ""essential patent claims"" are all patent claims
         owned or controlled by the contributor, whether already acquired or
         hereafter acquired, that would be infringed by some manner, permitted
         by this License, of making, using, or selling its contributor version,
         but do not include claims that would be infringed only as a
         consequence of further modification of the contributor version.  For
         purposes of this definition, ""control"" includes the right to grant
         patent sublicenses in a manner consistent with the requirements of
         this License.
         
           Each contributor grants you a non-exclusive, worldwide, royalty-free
         patent license under the contributor's essential patent claims, to
         make, use, sell, offer for sale, import and otherwise run, modify and
         propagate the contents of its contributor version.
         
           In the following three paragraphs, a ""patent license"" is any express
         agreement or commitment, however denominated, not to enforce a patent
         (such as an express permission to practice a patent or covenant not to
         sue for patent infringement).  To ""grant"" such a patent license to a
         party means to make such an agreement or commitment not to enforce a
         patent against the party.
         
           If you convey a covered work, knowingly relying on a patent license,
         and the Corresponding Source of the work is not available for anyone
         to copy, free of charge and under the terms of this License, through a
         publicly available network server or other readily accessible means,
         then you must either (1) cause the Corresponding Source to be so
         available, or (2) arrange to deprive yourself of the benefit of the
         patent license for this particular work, or (3) arrange, in a manner
         consistent with the requirements of this License, to extend the patent
         license to downstream recipients.  ""Knowingly relying"" means you have
         actual knowledge that, but for the patent license, your conveying the
         covered work in a country, or your recipient's use of the covered work
         in a country, would infringe one or more identifiable patents in that
         country that you have reason to believe are valid.
         
           If, pursuant to or in connection with a single transaction or
         arrangement, you convey, or propagate by procuring conveyance of, a
         covered work, and grant a patent license to some of the parties
         receiving the covered work authorizing them to use, propagate, modify
         or convey a specific copy of the covered work, then the patent license
         you grant is automatically extended to all recipients of the covered
         work and works based on it.
         
           A patent license is ""discriminatory"" if it does not include within
         the scope of its coverage, prohibits the exercise of, or is
         conditioned on the non-exercise of one or more of the rights that are
         specifically granted under this License.  You may not convey a covered
         work if you are a party to an arrangement with a third party that is
         in the business of distributing software, under which you make payment
         to the third party based on the extent of your activity of conveying
         the work, and under which the third party grants, to any of the
         parties who would receive the covered work from you, a discriminatory
         patent license (a) in connection with copies of the covered work
         conveyed by you (or copies made from those copies), or (b) primarily
         for and in connection with specific products or compilations that
         contain the covered work, unless you entered into that arrangement,
         or that patent license was granted, prior to 28 March 2007.
         
           Nothing in this License shall be construed as excluding or limiting
         any implied license or other defenses to infringement that may
         otherwise be available to you under applicable patent law.
         
           12. No Surrender of Others' Freedom.
         
           If conditions are imposed on you (whether by court order, agreement or
         otherwise) that contradict the conditions of this License, they do not
         excuse you from the conditions of this License.  If you cannot convey a
         covered work so as to satisfy simultaneously your obligations under this
         License and any other pertinent obligations, then as a consequence you may
         not convey it at all.  For example, if you agree to terms that obligate you
         to collect a royalty for further conveying from those to whom you convey
         the Program, the only way you could satisfy both those terms and this
         License would be to refrain entirely from conveying the Program.
         
           13. Use with the GNU Affero General Public License.
         
           Notwithstanding any other provision of this License, you have
         permission to link or combine any covered work with a work licensed
         under version 3 of the GNU Affero General Public License into a single
         combined work, and to convey the resulting work.  The terms of this
         License will continue to apply to the part which is the covered work,
         but the special requirements of the GNU Affero General Public License,
         section 13, concerning interaction through a network will apply to the
         combination as such.
         
           14. Revised Versions of this License.
         
           The Free Software Foundation may publish revised and/or new versions of
         the GNU General Public License from time to time.  Such new versions will
         be similar in spirit to the present version, but may differ in detail to
         address new problems or concerns.
         
           Each version is given a distinguishing version number.  If the
         Program specifies that a certain numbered version of the GNU General
         Public License ""or any later version"" applies to it, you have the
         option of following the terms and conditions either of that numbered
         version or of any later version published by the Free Software
         Foundation.  If the Program does not specify a version number of the
         GNU General Public License, you may choose any version ever published
         by the Free Software Foundation.
         
           If the Program specifies that a proxy can decide which future
         versions of the GNU General Public License can be used, that proxy's
         public statement of acceptance of a version permanently authorizes you
         to choose that version for the Program.
         
           Later license versions may give you additional or different
         permissions.  However, no additional obligations are imposed on any
         author or copyright holder as a result of your choosing to follow a
         later version.
         
           15. Disclaimer of Warranty.
         
           THERE IS NO WARRANTY FOR THE PROGRAM, TO THE EXTENT PERMITTED BY
         APPLICABLE LAW.  EXCEPT WHEN OTHERWISE STATED IN WRITING THE COPYRIGHT
         HOLDERS AND/OR OTHER PARTIES PROVIDE THE PROGRAM ""AS IS"" WITHOUT WARRANTY
         OF ANY KIND, EITHER EXPRESSED OR IMPLIED, INCLUDING, BUT NOT LIMITED TO,
         THE IMPLIED WARRANTIES OF MERCHANTABILITY AND FITNESS FOR A PARTICULAR
         PURPOSE.  THE ENTIRE RISK AS TO THE QUALITY AND PERFORMANCE OF THE PROGRAM
         IS WITH YOU.  SHOULD THE PROGRAM PROVE DEFECTIVE, YOU ASSUME THE COST OF
         ALL NECESSARY SERVICING, REPAIR OR CORRECTION.
         
           16. Limitation of Liability.
         
           IN NO EVENT UNLESS REQUIRED BY APPLICABLE LAW OR AGREED TO IN WRITING
         WILL ANY COPYRIGHT HOLDER, OR ANY OTHER PARTY WHO MODIFIES AND/OR CONVEYS
         THE PROGRAM AS PERMITTED ABOVE, BE LIABLE TO YOU FOR DAMAGES, INCLUDING ANY
         GENERAL, SPECIAL, INCIDENTAL OR CONSEQUENTIAL DAMAGES ARISING OUT OF THE
         USE OR INABILITY TO USE THE PROGRAM (INCLUDING BUT NOT LIMITED TO LOSS OF
         DATA OR DATA BEING RENDERED INACCURATE OR LOSSES SUSTAINED BY YOU OR THIRD
         PARTIES OR A FAILURE OF THE PROGRAM TO OPERATE WITH ANY OTHER PROGRAMS),
         EVEN IF SUCH HOLDER OR OTHER PARTY HAS BEEN ADVISED OF THE POSSIBILITY OF
         SUCH DAMAGES.
         
           17. Interpretation of Sections 15 and 16.
         
           If the disclaimer of warranty and limitation of liability provided
         above cannot be given local legal effect according to their terms,
         reviewing courts shall apply local law that most closely approximates
         an absolute waiver of all civil liability in connection with the
         Program, unless a warranty or assumption of liability accompanies a
         copy of the Program in return for a fee.
         
                              END OF TERMS AND CONDITIONS
         
                     How to Apply These Terms to Your New Programs
         
           If you develop a new program, and you want it to be of the greatest
         possible use to the public, the best way to achieve this is to make it
         free software which everyone can redistribute and change under these terms.
         
           To do so, attach the following notices to the program.  It is safest
         to attach them to the start of each source file to most effectively
         state the exclusion of warranty; and each file should have at least
         the ""copyright"" line and a pointer to where the full notice is found.
         
             <one line to give the program's name and a brief idea of what it does.>
             Copyright (C) <year>  <name of author>
         
             This program is free software: you can redistribute it and/or modify
             it under the terms of the GNU General Public License as published by
             the Free Software Foundation, either version 3 of the License, or
             (at your option) any later version.
         
             This program is distributed in the hope that it will be useful,
             but WITHOUT ANY WARRANTY; without even the implied warranty of
             MERCHANTABILITY or FITNESS FOR A PARTICULAR PURPOSE.  See the
             GNU General Public License for more details.
         
             You should have received a copy of the GNU General Public License
             along with this program.  If not, see <https://www.gnu.org/licenses/>.
         
         Also add information on how to contact you by electronic and paper mail.
         
           If the program does terminal interaction, make it output a short
         notice like this when it starts in an interactive mode:
         
             <program>  Copyright (C) <year>  <name of author>
             This program comes with ABSOLUTELY NO WARRANTY; for details type `show w'.
             This is free software, and you are welcome to redistribute it
             under certain conditions; type `show c' for details.
         
         The hypothetical commands `show w' and `show c' should show the appropriate
         parts of the General Public License.  Of course, your program's commands
         might be different; for a GUI interface, you would use an ""about box"".
         
           You should also get your employer (if you work as a programmer) or school,
         if any, to sign a ""copyright disclaimer"" for the program, if necessary.
         For more information on this, and how to apply and follow the GNU GPL, see
         <https://www.gnu.org/licenses/>.
         
           The GNU General Public License does not permit incorporating your program
         into proprietary programs.  If your program is a subroutine library, you
         may consider it more useful to permit linking proprietary applications with
         the library.  If this is what you want to do, use the GNU Lesser General
         Public License instead of this License.  But first, please read
         <https://www.gnu.org/licenses/why-not-lgpl.html>.
         
         Name: libquadmath
         Files: numpy/.dylibs/libquadmath*.so
         Description: dynamically linked to files compiled with gcc
         Availability: https://gcc.gnu.org/git/?p=gcc.git;a=tree;f=libquadmath
         License: LGPL-2.1-or-later
         
             GCC Quad-Precision Math Library
             Copyright (C) 2010-2019 Free Software Foundation, Inc.
             Written by Francois-Xavier Coudert  <fxcoudert@gcc.gnu.org>
         
             This file is part of the libquadmath library.
             Libquadmath is free software; you can redistribute it and/or
             modify it under the terms of the GNU Library General Public
             License as published by the Free Software Foundation; either
             version 2.1 of the License, or (at your option) any later version.
         
             Libquadmath is distributed in the hope that it will be useful,
             but WITHOUT ANY WARRANTY; without even the implied warranty of
             MERCHANTABILITY or FITNESS FOR A PARTICULAR PURPOSE.  See the GNU
             Lesser General Public License for more details.
             https://www.gnu.org/licenses/old-licenses/lgpl-2.1.html
         ",,0,0.0,0,0,0.0,1.0
cryptography,cryptography,587957716,12,1,2252,0,0,149,4336,1,0,0,24,1,0,"['cffi>=1.14', 'cffi>=2.0.0', 'typing-extensions>=4.13.2', 'bcrypt>=3.1.5', 'nox', 'cryptography-vectors==46.0.3', 'pytest>=7.4.0', 'pytest-benchmark>=4.0', 'pytest-cov>=2.10.1', 'pytest-xdist>=3.5.0', 'pretend>=0.7', 'certifi>=2024', 'pytest-randomly', 'sphinx>=5.3.0', 'sphinx-rtd-theme>=3.0.0', 'sphinx-inline-tabs', 'pyenchant>=3', 'readme-renderer>=30.0', 'sphinxcontrib-spelling>=7.3.1', 'build>=1.0.0', 'ruff>=0.11.11', 'mypy>=1.14', 'check-sdist', 'click>=8.0.1']",,,,0,0.0,0,10,0.0,0.0843884181485989
pyyaml,pyyaml,558870401,6,1,533,1,0,40,5258,1,14,0,0,0,0,[],Kirill Simonov,MIT,,0,0.0,0,0,0.0,1.0
s3fs,s3fs,585321754,4,1,10,1,0,84,3532,0,0,0,5,1,0,"['aiobotocore<3.0.0,>=2.5.4', 'fsspec==2025.10.0', 'aiohttp!=4.0.0a0,!=4.0.0a1', 'aiobotocore', 'aiobotocore']",,BSD,"s3, boto",0,0.0,0,4,0.0,0.059239526258230514
pydantic,pydantic,547688145,8,1,87482,0,1,191,3125,1,0,0,6,1,0,"['annotated-types>=0.6.0', 'pydantic-core==2.41.5', 'typing-extensions>=4.14.1', 'typing-inspection>=0.4.2', 'email-validator>=2.0.0', 'tzdata']",,,,0,0.0,0,6,0.0,0.12738858461984146
cffi,cffi,522746433,4,1,1202,0,0,78,4905,1,30,0,1,1,0,['pycparser'],"Armin Rigo, Maciej Fijalkowski",,,0,0.0,0,1,0.0,0.3508773619358619
pycparser,pycparser,471359653,9,1,235,1,0,23,5391,1,13,0,0,0,0,[],Eli Bendersky,BSD-3-Clause,,0,0.0,0,0,0.0,1.0
pandas,pandas,488477669,6,1,11533,0,0,114,5811,1,0,0,85,1,0,"['numpy>=1.22.4', 'numpy>=1.23.2', 'numpy>=1.26.0', 'python-dateutil>=2.8.2', 'pytz>=2020.1', 'tzdata>=2022.7', 'hypothesis>=6.46.1', 'pytest>=7.3.2', 'pytest-xdist>=2.2.0', 'pyarrow>=10.0.1', 'bottleneck>=1.3.6', 'numba>=0.56.4', 'numexpr>=2.8.4', 'scipy>=1.10.0', 'xarray>=2022.12.0', 'fsspec>=2022.11.0', 's3fs>=2022.11.0', 'gcsfs>=2022.11.0', 'pandas-gbq>=0.19.0', 'odfpy>=1.4.1', 'openpyxl>=3.1.0', 'python-calamine>=0.1.7', 'pyxlsb>=1.0.10', 'xlrd>=2.0.1', 'xlsxwriter>=3.0.5', 'pyarrow>=10.0.1', 'pyarrow>=10.0.1', 'tables>=3.8.0', 'pyreadstat>=1.2.0', 'SQLAlchemy>=2.0.0', 'psycopg2>=2.9.6', 'adbc-driver-postgresql>=0.8.0', 'SQLAlchemy>=2.0.0', 'pymysql>=1.0.2', 'SQLAlchemy>=2.0.0', 'adbc-driver-postgresql>=0.8.0', 'adbc-driver-sqlite>=0.8.0', 'beautifulsoup4>=4.11.2', 'html5lib>=1.1', 'lxml>=4.9.2', 'lxml>=4.9.2', 'matplotlib>=3.6.3', 'jinja2>=3.1.2', 'tabulate>=0.9.0', 'PyQt5>=5.15.9', 'qtpy>=2.3.0', 'zstandard>=0.19.0', 'dataframe-api-compat>=0.1.7', 'adbc-driver-postgresql>=0.8.0', 'adbc-driver-sqlite>=0.8.0', 'beautifulsoup4>=4.11.2', 'bottleneck>=1.3.6', 'dataframe-api-compat>=0.1.7', 'fastparquet>=2022.12.0', 'fsspec>=2022.11.0', 'gcsfs>=2022.11.0', 'html5lib>=1.1', 'hypothesis>=6.46.1', 'jinja2>=3.1.2', 'lxml>=4.9.2', 'matplotlib>=3.6.3', 'numba>=0.56.4', 'numexpr>=2.8.4', 'odfpy>=1.4.1', 'openpyxl>=3.1.0', 'pandas-gbq>=0.19.0', 'psycopg2>=2.9.6', 'pyarrow>=10.0.1', 'pymysql>=1.0.2', 'PyQt5>=5.15.9', 'pyreadstat>=1.2.0', 'pytest>=7.3.2', 'pytest-xdist>=2.2.0', 'python-calamine>=0.1.7', 'pyxlsb>=1.0.10', 'qtpy>=2.3.0', 'scipy>=1.10.0', 's3fs>=2022.11.0', 'SQLAlchemy>=2.0.0', 'tables>=3.8.0', 'tabulate>=0.9.0', 'xarray>=2022.12.0', 'xlrd>=2.0.1', 'xlsxwriter>=3.0.5', 'zstandard>=0.19.0']",,"BSD 3-Clause License
         
         Copyright (c) 2008-2011, AQR Capital Management, LLC, Lambda Foundry, Inc. and PyData Development Team
         All rights reserved.
         
         Copyright (c) 2011-2023, Open source contributors.
         
         Redistribution and use in source and binary forms, with or without
         modification, are permitted provided that the following conditions are met:
         
         * Redistributions of source code must retain the above copyright notice, this
           list of conditions and the following disclaimer.
         
         * Redistributions in binary form must reproduce the above copyright notice,
           this list of conditions and the following disclaimer in the documentation
           and/or other materials provided with the distribution.
         
         * Neither the name of the copyright holder nor the names of its
           contributors may be used to endorse or promote products derived from
           this software without specific prior written permission.
         
         THIS SOFTWARE IS PROVIDED BY THE COPYRIGHT HOLDERS AND CONTRIBUTORS ""AS IS""
         AND ANY EXPRESS OR IMPLIED WARRANTIES, INCLUDING, BUT NOT LIMITED TO, THE
         IMPLIED WARRANTIES OF MERCHANTABILITY AND FITNESS FOR A PARTICULAR PURPOSE ARE
         DISCLAIMED. IN NO EVENT SHALL THE COPYRIGHT HOLDER OR CONTRIBUTORS BE LIABLE
         FOR ANY DIRECT, INDIRECT, INCIDENTAL, SPECIAL, EXEMPLARY, OR CONSEQUENTIAL
         DAMAGES (INCLUDING, BUT NOT LIMITED TO, PROCUREMENT OF SUBSTITUTE GOODS OR
         SERVICES; LOSS OF USE, DATA, OR PROFITS; OR BUSINESS INTERRUPTION) HOWEVER
         CAUSED AND ON ANY THEORY OF LIABILITY, WHETHER IN CONTRACT, STRICT LIABILITY,
         OR TORT (INCLUDING NEGLIGENCE OR OTHERWISE) ARISING IN ANY WAY OUT OF THE USE
         OF THIS SOFTWARE, EVEN IF ADVISED OF THE POSSIBILITY OF SUCH DAMAGE.
         Copyright (c) 2010-2019 Keith Goodman
         Copyright (c) 2019 Bottleneck Developers
         All rights reserved.
         
         Redistribution and use in source and binary forms, with or without
         modification, are permitted provided that the following conditions are met:
         
             * Redistributions of source code must retain the above copyright notice,
               this list of conditions and the following disclaimer.
         
             * Redistributions in binary form must reproduce the above copyright
               notice, this list of conditions and the following disclaimer in the
               documentation and/or other materials provided with the distribution.
         
         THIS SOFTWARE IS PROVIDED BY THE COPYRIGHT HOLDERS AND CONTRIBUTORS ""AS IS""
         AND ANY EXPRESS OR IMPLIED WARRANTIES, INCLUDING, BUT NOT LIMITED TO, THE
         IMPLIED WARRANTIES OF MERCHANTABILITY AND FITNESS FOR A PARTICULAR PURPOSE
         ARE DISCLAIMED. IN NO EVENT SHALL THE COPYRIGHT HOLDER OR CONTRIBUTORS BE
         LIABLE FOR ANY DIRECT, INDIRECT, INCIDENTAL, SPECIAL, EXEMPLARY, OR
         CONSEQUENTIAL DAMAGES (INCLUDING, BUT NOT LIMITED TO, PROCUREMENT OF
         SUBSTITUTE GOODS OR SERVICES; LOSS OF USE, DATA, OR PROFITS; OR BUSINESS
         INTERRUPTION) HOWEVER CAUSED AND ON ANY THEORY OF LIABILITY, WHETHER IN
         CONTRACT, STRICT LIABILITY, OR TORT (INCLUDING NEGLIGENCE OR OTHERWISE)
         ARISING IN ANY WAY OUT OF THE USE OF THIS SOFTWARE, EVEN IF ADVISED OF THE
         POSSIBILITY OF SUCH DAMAGE.Copyright 2017- Paul Ganssle <paul@ganssle.io>
         Copyright 2017- dateutil contributors (see AUTHORS file)
         
            Licensed under the Apache License, Version 2.0 (the ""License"");
            you may not use this file except in compliance with the License.
            You may obtain a copy of the License at
         
                http://www.apache.org/licenses/LICENSE-2.0
         
            Unless required by applicable law or agreed to in writing, software
            distributed under the License is distributed on an ""AS IS"" BASIS,
            WITHOUT WARRANTIES OR CONDITIONS OF ANY KIND, either express or implied.
            See the License for the specific language governing permissions and
            limitations under the License.
         
         The above license applies to all contributions after 2017-12-01, as well as
         all contributions that have been re-licensed (see AUTHORS file for the list of
         contributors who have re-licensed their code).
         --------------------------------------------------------------------------------
         dateutil - Extensions to the standard Python datetime module.
         
         Copyright (c) 2003-2011 - Gustavo Niemeyer <gustavo@niemeyer.net>
         Copyright (c) 2012-2014 - Tomi Pieviläinen <tomi.pievilainen@iki.fi>
         Copyright (c) 2014-2016 - Yaron de Leeuw <me@jarondl.net>
         Copyright (c) 2015-     - Paul Ganssle <paul@ganssle.io>
         Copyright (c) 2015-     - dateutil contributors (see AUTHORS file)
         
         All rights reserved.
         
         Redistribution and use in source and binary forms, with or without
         modification, are permitted provided that the following conditions are met:
         
             * Redistributions of source code must retain the above copyright notice,
               this list of conditions and the following disclaimer.
             * Redistributions in binary form must reproduce the above copyright notice,
               this list of conditions and the following disclaimer in the documentation
               and/or other materials provided with the distribution.
             * Neither the name of the copyright holder nor the names of its
               contributors may be used to endorse or promote products derived from
               this software without specific prior written permission.
         
         THIS SOFTWARE IS PROVIDED BY THE COPYRIGHT HOLDERS AND CONTRIBUTORS
         ""AS IS"" AND ANY EXPRESS OR IMPLIED WARRANTIES, INCLUDING, BUT NOT
         LIMITED TO, THE IMPLIED WARRANTIES OF MERCHANTABILITY AND FITNESS FOR
         A PARTICULAR PURPOSE ARE DISCLAIMED. IN NO EVENT SHALL THE COPYRIGHT OWNER OR
         CONTRIBUTORS BE LIABLE FOR ANY DIRECT, INDIRECT, INCIDENTAL, SPECIAL,
         EXEMPLARY, OR CONSEQUENTIAL DAMAGES (INCLUDING, BUT NOT LIMITED TO,
         PROCUREMENT OF SUBSTITUTE GOODS OR SERVICES; LOSS OF USE, DATA, OR
         PROFITS; OR BUSINESS INTERRUPTION) HOWEVER CAUSED AND ON ANY THEORY OF
         LIABILITY, WHETHER IN CONTRACT, STRICT LIABILITY, OR TORT (INCLUDING
         NEGLIGENCE OR OTHERWISE) ARISING IN ANY WAY OUT OF THE USE OF THIS
         SOFTWARE, EVEN IF ADVISED OF THE POSSIBILITY OF SUCH DAMAGE.
         
         The above BSD License Applies to all code, even that also covered by Apache 2.0.# MIT License
         
         Copyright (c) 2019 Hadley Wickham; RStudio; and Evan Miller
         
         Permission is hereby granted, free of charge, to any person obtaining a copy
         of this software and associated documentation files (the ""Software""), to deal
         in the Software without restriction, including without limitation the rights
         to use, copy, modify, merge, publish, distribute, sublicense, and/or sell
         copies of the Software, and to permit persons to whom the Software is
         furnished to do so, subject to the following conditions:
         
         The above copyright notice and this permission notice shall be included in all
         copies or substantial portions of the Software.
         
         THE SOFTWARE IS PROVIDED ""AS IS"", WITHOUT WARRANTY OF ANY KIND, EXPRESS OR
         IMPLIED, INCLUDING BUT NOT LIMITED TO THE WARRANTIES OF MERCHANTABILITY,
         FITNESS FOR A PARTICULAR PURPOSE AND NONINFRINGEMENT. IN NO EVENT SHALL THE
         AUTHORS OR COPYRIGHT HOLDERS BE LIABLE FOR ANY CLAIM, DAMAGES OR OTHER
         LIABILITY, WHETHER IN AN ACTION OF CONTRACT, TORT OR OTHERWISE, ARISING FROM,
         OUT OF OR IN CONNECTION WITH THE SOFTWARE OR THE USE OR OTHER DEALINGS IN THE
         SOFTWARE.
         Based on http://opensource.org/licenses/MIT
         
         This is a template. Complete and ship as file LICENSE the following 2
         lines (only)
         
         YEAR:
         COPYRIGHT HOLDER:
         
         and specify as
         
         License: MIT + file LICENSE
         
         Copyright (c) <YEAR>, <COPYRIGHT HOLDER>
         
         Permission is hereby granted, free of charge, to any person obtaining
         a copy of this software and associated documentation files (the
         ""Software""), to deal in the Software without restriction, including
         without limitation the rights to use, copy, modify, merge, publish,
         distribute, sublicense, and/or sell copies of the Software, and to
         permit persons to whom the Software is furnished to do so, subject to
         the following conditions:
         
         The above copyright notice and this permission notice shall be
         included in all copies or substantial portions of the Software.
         
         THE SOFTWARE IS PROVIDED ""AS IS"", WITHOUT WARRANTY OF ANY KIND,
         EXPRESS OR IMPLIED, INCLUDING BUT NOT LIMITED TO THE WARRANTIES OF
         MERCHANTABILITY, FITNESS FOR A PARTICULAR PURPOSE AND
         NONINFRINGEMENT. IN NO EVENT SHALL THE AUTHORS OR COPYRIGHT HOLDERS BE
         LIABLE FOR ANY CLAIM, DAMAGES OR OTHER LIABILITY, WHETHER IN AN ACTION
         OF CONTRACT, TORT OR OTHERWISE, ARISING FROM, OUT OF OR IN CONNECTION
         WITH THE SOFTWARE OR THE USE OR OTHER DEALINGS IN THE SOFTWARE.
         The MIT License
         
         Copyright (c) 2008-     Attractive Chaos <attractor@live.co.uk>
         
         Permission is hereby granted, free of charge, to any person obtaining
         a copy of this software and associated documentation files (the
         ""Software""), to deal in the Software without restriction, including
         without limitation the rights to use, copy, modify, merge, publish,
         distribute, sublicense, and/or sell copies of the Software, and to
         permit persons to whom the Software is furnished to do so, subject to
         the following conditions:
         
         The above copyright notice and this permission notice shall be
         included in all copies or substantial portions of the Software.
         
         THE SOFTWARE IS PROVIDED ""AS IS"", WITHOUT WARRANTY OF ANY KIND,
         EXPRESS OR IMPLIED, INCLUDING BUT NOT LIMITED TO THE WARRANTIES OF
         MERCHANTABILITY, FITNESS FOR A PARTICULAR PURPOSE AND
         NONINFRINGEMENT. IN NO EVENT SHALL THE AUTHORS OR COPYRIGHT HOLDERS
         BE LIABLE FOR ANY CLAIM, DAMAGES OR OTHER LIABILITY, WHETHER IN AN
         ACTION OF CONTRACT, TORT OR OTHERWISE, ARISING FROM, OUT OF OR IN
         CONNECTION WITH THE SOFTWARE OR THE USE OR OTHER DEALINGS IN THE
         SOFTWARE.musl as a whole is licensed under the following standard MIT license:
         
         ----------------------------------------------------------------------
         Copyright © 2005-2020 Rich Felker, et al.
         
         Permission is hereby granted, free of charge, to any person obtaining
         a copy of this software and associated documentation files (the
         ""Software""), to deal in the Software without restriction, including
         without limitation the rights to use, copy, modify, merge, publish,
         distribute, sublicense, and/or sell copies of the Software, and to
         permit persons to whom the Software is furnished to do so, subject to
         the following conditions:
         
         The above copyright notice and this permission notice shall be
         included in all copies or substantial portions of the Software.
         
         THE SOFTWARE IS PROVIDED ""AS IS"", WITHOUT WARRANTY OF ANY KIND,
         EXPRESS OR IMPLIED, INCLUDING BUT NOT LIMITED TO THE WARRANTIES OF
         MERCHANTABILITY, FITNESS FOR A PARTICULAR PURPOSE AND NONINFRINGEMENT.
         IN NO EVENT SHALL THE AUTHORS OR COPYRIGHT HOLDERS BE LIABLE FOR ANY
         CLAIM, DAMAGES OR OTHER LIABILITY, WHETHER IN AN ACTION OF CONTRACT,
         TORT OR OTHERWISE, ARISING FROM, OUT OF OR IN CONNECTION WITH THE
         SOFTWARE OR THE USE OR OTHER DEALINGS IN THE SOFTWARE.
         ----------------------------------------------------------------------
         
         Authors/contributors include:
         
         A. Wilcox
         Ada Worcester
         Alex Dowad
         Alex Suykov
         Alexander Monakov
         Andre McCurdy
         Andrew Kelley
         Anthony G. Basile
         Aric Belsito
         Arvid Picciani
         Bartosz Brachaczek
         Benjamin Peterson
         Bobby Bingham
         Boris Brezillon
         Brent Cook
         Chris Spiegel
         Clément Vasseur
         Daniel Micay
         Daniel Sabogal
         Daurnimator
         David Carlier
         David Edelsohn
         Denys Vlasenko
         Dmitry Ivanov
         Dmitry V. Levin
         Drew DeVault
         Emil Renner Berthing
         Fangrui Song
         Felix Fietkau
         Felix Janda
         Gianluca Anzolin
         Hauke Mehrtens
         He X
         Hiltjo Posthuma
         Isaac Dunham
         Jaydeep Patil
         Jens Gustedt
         Jeremy Huntwork
         Jo-Philipp Wich
         Joakim Sindholt
         John Spencer
         Julien Ramseier
         Justin Cormack
         Kaarle Ritvanen
         Khem Raj
         Kylie McClain
         Leah Neukirchen
         Luca Barbato
         Luka Perkov
         M Farkas-Dyck (Strake)
         Mahesh Bodapati
         Markus Wichmann
         Masanori Ogino
         Michael Clark
         Michael Forney
         Mikhail Kremnyov
         Natanael Copa
         Nicholas J. Kain
         orc
         Pascal Cuoq
         Patrick Oppenlander
         Petr Hosek
         Petr Skocik
         Pierre Carrier
         Reini Urban
         Rich Felker
         Richard Pennington
         Ryan Fairfax
         Samuel Holland
         Segev Finer
         Shiz
         sin
         Solar Designer
         Stefan Kristiansson
         Stefan O'Rear
         Szabolcs Nagy
         Timo Teräs
         Trutz Behn
         Valentin Ochs
         Will Dietz
         William Haddon
         William Pitcock
         
         Portions of this software are derived from third-party works licensed
         under terms compatible with the above MIT license:
         
         The TRE regular expression implementation (src/regex/reg* and
         src/regex/tre*) is Copyright © 2001-2008 Ville Laurikari and licensed
         under a 2-clause BSD license (license text in the source files). The
         included version has been heavily modified by Rich Felker in 2012, in
         the interests of size, simplicity, and namespace cleanliness.
         
         Much of the math library code (src/math/* and src/complex/*) is
         Copyright © 1993,2004 Sun Microsystems or
         Copyright © 2003-2011 David Schultz or
         Copyright © 2003-2009 Steven G. Kargl or
         Copyright © 2003-2009 Bruce D. Evans or
         Copyright © 2008 Stephen L. Moshier or
         Copyright © 2017-2018 Arm Limited
         and labelled as such in comments in the individual source files. All
         have been licensed under extremely permissive terms.
         
         The ARM memcpy code (src/string/arm/memcpy.S) is Copyright © 2008
         The Android Open Source Project and is licensed under a two-clause BSD
         license. It was taken from Bionic libc, used on Android.
         
         The AArch64 memcpy and memset code (src/string/aarch64/*) are
         Copyright © 1999-2019, Arm Limited.
         
         The implementation of DES for crypt (src/crypt/crypt_des.c) is
         Copyright © 1994 David Burren. It is licensed under a BSD license.
         
         The implementation of blowfish crypt (src/crypt/crypt_blowfish.c) was
         originally written by Solar Designer and placed into the public
         domain. The code also comes with a fallback permissive license for use
         in jurisdictions that may not recognize the public domain.
         
         The smoothsort implementation (src/stdlib/qsort.c) is Copyright © 2011
         Valentin Ochs and is licensed under an MIT-style license.
         
         The x86_64 port was written by Nicholas J. Kain and is licensed under
         the standard MIT terms.
         
         The mips and microblaze ports were originally written by Richard
         Pennington for use in the ellcc project. The original code was adapted
         by Rich Felker for build system and code conventions during upstream
         integration. It is licensed under the standard MIT terms.
         
         The mips64 port was contributed by Imagination Technologies and is
         licensed under the standard MIT terms.
         
         The powerpc port was also originally written by Richard Pennington,
         and later supplemented and integrated by John Spencer. It is licensed
         under the standard MIT terms.
         
         All other files which have no copyright comments are original works
         produced specifically for use as part of this library, written either
         by Rich Felker, the main author of the library, or by one or more
         contibutors listed above. Details on authorship of individual files
         can be found in the git version control history of the project. The
         omission of copyright and license comments in each file is in the
         interest of source tree size.
         
         In addition, permission is hereby granted for all public header files
         (include/* and arch/*/bits/*) and crt files intended to be linked into
         applications (crt/*, ldso/dlstart.c, and arch/*/crt_arch.h) to omit
         the copyright notice and permission notice otherwise required by the
         license, and to use these files without any requirement of
         attribution. These files include substantial contributions from:
         
         Bobby Bingham
         John Spencer
         Nicholas J. Kain
         Rich Felker
         Richard Pennington
         Stefan Kristiansson
         Szabolcs Nagy
         
         all of whom have explicitly granted such permission.
         
         This file previously contained text expressing a belief that most of
         the files covered by the above exception were sufficiently trivial not
         to be subject to copyright, resulting in confusion over whether it
         negated the permissions granted in the license. In the spirit of
         permissive licensing, and of not having licensing issues being an
         obstacle to adoption, that text has been removed.Copyright (c) 2005-2023, NumPy Developers.
         All rights reserved.
         
         Redistribution and use in source and binary forms, with or without
         modification, are permitted provided that the following conditions are
         met:
         
             * Redistributions of source code must retain the above copyright
                notice, this list of conditions and the following disclaimer.
         
             * Redistributions in binary form must reproduce the above
                copyright notice, this list of conditions and the following
                disclaimer in the documentation and/or other materials provided
                with the distribution.
         
             * Neither the name of the NumPy Developers nor the names of any
                contributors may be used to endorse or promote products derived
                from this software without specific prior written permission.
         
         THIS SOFTWARE IS PROVIDED BY THE COPYRIGHT HOLDERS AND CONTRIBUTORS
         ""AS IS"" AND ANY EXPRESS OR IMPLIED WARRANTIES, INCLUDING, BUT NOT
         LIMITED TO, THE IMPLIED WARRANTIES OF MERCHANTABILITY AND FITNESS FOR
         A PARTICULAR PURPOSE ARE DISCLAIMED. IN NO EVENT SHALL THE COPYRIGHT
         OWNER OR CONTRIBUTORS BE LIABLE FOR ANY DIRECT, INDIRECT, INCIDENTAL,
         SPECIAL, EXEMPLARY, OR CONSEQUENTIAL DAMAGES (INCLUDING, BUT NOT
         LIMITED TO, PROCUREMENT OF SUBSTITUTE GOODS OR SERVICES; LOSS OF USE,
         DATA, OR PROFITS; OR BUSINESS INTERRUPTION) HOWEVER CAUSED AND ON ANY
         THEORY OF LIABILITY, WHETHER IN CONTRACT, STRICT LIABILITY, OR TORT
         (INCLUDING NEGLIGENCE OR OTHERWISE) ARISING IN ANY WAY OUT OF THE USE
         OF THIS SOFTWARE, EVEN IF ADVISED OF THE POSSIBILITY OF SUCH DAMAGE.
                                          Apache License
                                    Version 2.0, January 2004
                                 http://www.apache.org/licenses/
         
            TERMS AND CONDITIONS FOR USE, REPRODUCTION, AND DISTRIBUTION
         
            1. Definitions.
         
               ""License"" shall mean the terms and conditions for use, reproduction,
               and distribution as defined by Sections 1 through 9 of this document.
         
               ""Licensor"" shall mean the copyright owner or entity authorized by
               the copyright owner that is granting the License.
         
               ""Legal Entity"" shall mean the union of the acting entity and all
               other entities that control, are controlled by, or are under common
               control with that entity. For the purposes of this definition,
               ""control"" means (i) the power, direct or indirect, to cause the
               direction or management of such entity, whether by contract or
               otherwise, or (ii) ownership of fifty percent (50%) or more of the
               outstanding shares, or (iii) beneficial ownership of such entity.
         
               ""You"" (or ""Your"") shall mean an individual or Legal Entity
               exercising permissions granted by this License.
         
               ""Source"" form shall mean the preferred form for making modifications,
               including but not limited to software source code, documentation
               source, and configuration files.
         
               ""Object"" form shall mean any form resulting from mechanical
               transformation or translation of a Source form, including but
               not limited to compiled object code, generated documentation,
               and conversions to other media types.
         
               ""Work"" shall mean the work of authorship, whether in Source or
               Object form, made available under the License, as indicated by a
               copyright notice that is included in or attached to the work
               (an example is provided in the Appendix below).
         
               ""Derivative Works"" shall mean any work, whether in Source or Object
               form, that is based on (or derived from) the Work and for which the
               editorial revisions, annotations, elaborations, or other modifications
               represent, as a whole, an original work of authorship. For the purposes
               of this License, Derivative Works shall not include works that remain
               separable from, or merely link (or bind by name) to the interfaces of,
               the Work and Derivative Works thereof.
         
               ""Contribution"" shall mean any work of authorship, including
               the original version of the Work and any modifications or additions
               to that Work or Derivative Works thereof, that is intentionally
               submitted to Licensor for inclusion in the Work by the copyright owner
               or by an individual or Legal Entity authorized to submit on behalf of
               the copyright owner. For the purposes of this definition, ""submitted""
               means any form of electronic, verbal, or written communication sent
               to the Licensor or its representatives, including but not limited to
               communication on electronic mailing lists, source code control systems,
               and issue tracking systems that are managed by, or on behalf of, the
               Licensor for the purpose of discussing and improving the Work, but
               excluding communication that is conspicuously marked or otherwise
               designated in writing by the copyright owner as ""Not a Contribution.""
         
               ""Contributor"" shall mean Licensor and any individual or Legal Entity
               on behalf of whom a Contribution has been received by Licensor and
               subsequently incorporated within the Work.
         
            2. Grant of Copyright License. Subject to the terms and conditions of
               this License, each Contributor hereby grants to You a perpetual,
               worldwide, non-exclusive, no-charge, royalty-free, irrevocable
               copyright license to reproduce, prepare Derivative Works of,
               publicly display, publicly perform, sublicense, and distribute the
               Work and such Derivative Works in Source or Object form.
         
            3. Grant of Patent License. Subject to the terms and conditions of
               this License, each Contributor hereby grants to You a perpetual,
               worldwide, non-exclusive, no-charge, royalty-free, irrevocable
               (except as stated in this section) patent license to make, have made,
               use, offer to sell, sell, import, and otherwise transfer the Work,
               where such license applies only to those patent claims licensable
               by such Contributor that are necessarily infringed by their
               Contribution(s) alone or by combination of their Contribution(s)
               with the Work to which such Contribution(s) was submitted. If You
               institute patent litigation against any entity (including a
               cross-claim or counterclaim in a lawsuit) alleging that the Work
               or a Contribution incorporated within the Work constitutes direct
               or contributory patent infringement, then any patent licenses
               granted to You under this License for that Work shall terminate
               as of the date such litigation is filed.
         
            4. Redistribution. You may reproduce and distribute copies of the
               Work or Derivative Works thereof in any medium, with or without
               modifications, and in Source or Object form, provided that You
               meet the following conditions:
         
               (a) You must give any other recipients of the Work or
                   Derivative Works a copy of this License; and
         
               (b) You must cause any modified files to carry prominent notices
                   stating that You changed the files; and
         
               (c) You must retain, in the Source form of any Derivative Works
                   that You distribute, all copyright, patent, trademark, and
                   attribution notices from the Source form of the Work,
                   excluding those notices that do not pertain to any part of
                   the Derivative Works; and
         
               (d) If the Work includes a ""NOTICE"" text file as part of its
                   distribution, then any Derivative Works that You distribute must
                   include a readable copy of the attribution notices contained
                   within such NOTICE file, excluding those notices that do not
                   pertain to any part of the Derivative Works, in at least one
                   of the following places: within a NOTICE text file distributed
                   as part of the Derivative Works; within the Source form or
                   documentation, if provided along with the Derivative Works; or,
                   within a display generated by the Derivative Works, if and
                   wherever such third-party notices normally appear. The contents
                   of the NOTICE file are for informational purposes only and
                   do not modify the License. You may add Your own attribution
                   notices within Derivative Works that You distribute, alongside
                   or as an addendum to the NOTICE text from the Work, provided
                   that such additional attribution notices cannot be construed
                   as modifying the License.
         
               You may add Your own copyright statement to Your modifications and
               may provide additional or different license terms and conditions
               for use, reproduction, or distribution of Your modifications, or
               for any such Derivative Works as a whole, provided Your use,
               reproduction, and distribution of the Work otherwise complies with
               the conditions stated in this License.
         
            5. Submission of Contributions. Unless You explicitly state otherwise,
               any Contribution intentionally submitted for inclusion in the Work
               by You to the Licensor shall be under the terms and conditions of
               this License, without any additional terms or conditions.
               Notwithstanding the above, nothing herein shall supersede or modify
               the terms of any separate license agreement you may have executed
               with Licensor regarding such Contributions.
         
            6. Trademarks. This License does not grant permission to use the trade
               names, trademarks, service marks, or product names of the Licensor,
               except as required for reasonable and customary use in describing the
               origin of the Work and reproducing the content of the NOTICE file.
         
            7. Disclaimer of Warranty. Unless required by applicable law or
               agreed to in writing, Licensor provides the Work (and each
               Contributor provides its Contributions) on an ""AS IS"" BASIS,
               WITHOUT WARRANTIES OR CONDITIONS OF ANY KIND, either express or
               implied, including, without limitation, any warranties or conditions
               of TITLE, NON-INFRINGEMENT, MERCHANTABILITY, or FITNESS FOR A
               PARTICULAR PURPOSE. You are solely responsible for determining the
               appropriateness of using or redistributing the Work and assume any
               risks associated with Your exercise of permissions under this License.
         
            8. Limitation of Liability. In no event and under no legal theory,
               whether in tort (including negligence), contract, or otherwise,
               unless required by applicable law (such as deliberate and grossly
               negligent acts) or agreed to in writing, shall any Contributor be
               liable to You for damages, including any direct, indirect, special,
               incidental, or consequential damages of any character arising as a
               result of this License or out of the use or inability to use the
               Work (including but not limited to damages for loss of goodwill,
               work stoppage, computer failure or malfunction, or any and all
               other commercial damages or losses), even if such Contributor
               has been advised of the possibility of such damages.
         
            9. Accepting Warranty or Additional Liability. While redistributing
               the Work or Derivative Works thereof, You may choose to offer,
               and charge a fee for, acceptance of support, warranty, indemnity,
               or other liability obligations and/or rights consistent with this
               License. However, in accepting such obligations, You may act only
               on Your own behalf and on Your sole responsibility, not on behalf
               of any other Contributor, and only if You agree to indemnify,
               defend, and hold each Contributor harmless for any liability
               incurred by, or claims asserted against, such Contributor by reason
               of your accepting any such warranty or additional liability.
         
            END OF TERMS AND CONDITIONS
         
         
         Copyright (c) Donald Stufft and individual contributors.
         All rights reserved.
         
         Redistribution and use in source and binary forms, with or without
         modification, are permitted provided that the following conditions are met:
         
             1. Redistributions of source code must retain the above copyright notice,
                this list of conditions and the following disclaimer.
         
             2. Redistributions in binary form must reproduce the above copyright
                notice, this list of conditions and the following disclaimer in the
                documentation and/or other materials provided with the distribution.
         
         THIS SOFTWARE IS PROVIDED BY THE COPYRIGHT HOLDERS AND CONTRIBUTORS ""AS IS"" AND
         ANY EXPRESS OR IMPLIED WARRANTIES, INCLUDING, BUT NOT LIMITED TO, THE IMPLIED
         WARRANTIES OF MERCHANTABILITY AND FITNESS FOR A PARTICULAR PURPOSE ARE
         DISCLAIMED. IN NO EVENT SHALL THE COPYRIGHT HOLDER OR CONTRIBUTORS BE LIABLE
         FOR ANY DIRECT, INDIRECT, INCIDENTAL, SPECIAL, EXEMPLARY, OR CONSEQUENTIAL
         DAMAGES (INCLUDING, BUT NOT LIMITED TO, PROCUREMENT OF SUBSTITUTE GOODS OR
         SERVICES; LOSS OF USE, DATA, OR PROFITS; OR BUSINESS INTERRUPTION) HOWEVER
         CAUSED AND ON ANY THEORY OF LIABILITY, WHETHER IN CONTRACT, STRICT LIABILITY,
         OR TORT (INCLUDING NEGLIGENCE OR OTHERWISE) ARISING IN ANY WAY OUT OF THE USE
         OF THIS SOFTWARE, EVEN IF ADVISED OF THE POSSIBILITY OF SUCH DAMAGE.A. HISTORY OF THE SOFTWARE
         ==========================
         
         Python was created in the early 1990s by Guido van Rossum at Stichting
         Mathematisch Centrum (CWI, see https://www.cwi.nl) in the Netherlands
         as a successor of a language called ABC.  Guido remains Python's
         principal author, although it includes many contributions from others.
         
         In 1995, Guido continued his work on Python at the Corporation for
         National Research Initiatives (CNRI, see https://www.cnri.reston.va.us)
         in Reston, Virginia where he released several versions of the
         software.
         
         In May 2000, Guido and the Python core development team moved to
         BeOpen.com to form the BeOpen PythonLabs team.  In October of the same
         year, the PythonLabs team moved to Digital Creations, which became
         Zope Corporation.  In 2001, the Python Software Foundation (PSF, see
         https://www.python.org/psf/) was formed, a non-profit organization
         created specifically to own Python-related Intellectual Property.
         Zope Corporation was a sponsoring member of the PSF.
         
         All Python releases are Open Source (see https://opensource.org for
         the Open Source Definition).  Historically, most, but not all, Python
         releases have also been GPL-compatible; the table below summarizes
         the various releases.
         
             Release         Derived     Year        Owner       GPL-
                             from                                compatible? (1)
         
             0.9.0 thru 1.2              1991-1995   CWI         yes
             1.3 thru 1.5.2  1.2         1995-1999   CNRI        yes
             1.6             1.5.2       2000        CNRI        no
             2.0             1.6         2000        BeOpen.com  no
             1.6.1           1.6         2001        CNRI        yes (2)
             2.1             2.0+1.6.1   2001        PSF         no
             2.0.1           2.0+1.6.1   2001        PSF         yes
             2.1.1           2.1+2.0.1   2001        PSF         yes
             2.1.2           2.1.1       2002        PSF         yes
             2.1.3           2.1.2       2002        PSF         yes
             2.2 and above   2.1.1       2001-now    PSF         yes
         
         Footnotes:
         
         (1) GPL-compatible doesn't mean that we're distributing Python under
             the GPL.  All Python licenses, unlike the GPL, let you distribute
             a modified version without making your changes open source.  The
             GPL-compatible licenses make it possible to combine Python with
             other software that is released under the GPL; the others don't.
         
         (2) According to Richard Stallman, 1.6.1 is not GPL-compatible,
             because its license has a choice of law clause.  According to
             CNRI, however, Stallman's lawyer has told CNRI's lawyer that 1.6.1
             is ""not incompatible"" with the GPL.
         
         Thanks to the many outside volunteers who have worked under Guido's
         direction to make these releases possible.
         
         
         B. TERMS AND CONDITIONS FOR ACCESSING OR OTHERWISE USING PYTHON
         ===============================================================
         
         Python software and documentation are licensed under the
         Python Software Foundation License Version 2.
         
         Starting with Python 3.8.6, examples, recipes, and other code in
         the documentation are dual licensed under the PSF License Version 2
         and the Zero-Clause BSD license.
         
         Some software incorporated into Python is under different licenses.
         The licenses are listed with code falling under that license.
         
         
         PYTHON SOFTWARE FOUNDATION LICENSE VERSION 2
         --------------------------------------------
         
         1. This LICENSE AGREEMENT is between the Python Software Foundation
         (""PSF""), and the Individual or Organization (""Licensee"") accessing and
         otherwise using this software (""Python"") in source or binary form and
         its associated documentation.
         
         2. Subject to the terms and conditions of this License Agreement, PSF hereby
         grants Licensee a nonexclusive, royalty-free, world-wide license to reproduce,
         analyze, test, perform and/or display publicly, prepare derivative works,
         distribute, and otherwise use Python alone or in any derivative version,
         provided, however, that PSF's License Agreement and PSF's notice of copyright,
         i.e., ""Copyright (c) 2001, 2002, 2003, 2004, 2005, 2006, 2007, 2008, 2009, 2010,
         2011, 2012, 2013, 2014, 2015, 2016, 2017, 2018, 2019, 2020, 2021, 2022, 2023 Python Software Foundation;
         All Rights Reserved"" are retained in Python alone or in any derivative version
         prepared by Licensee.
         
         3. In the event Licensee prepares a derivative work that is based on
         or incorporates Python or any part thereof, and wants to make
         the derivative work available to others as provided herein, then
         Licensee hereby agrees to include in any such work a brief summary of
         the changes made to Python.
         
         4. PSF is making Python available to Licensee on an ""AS IS""
         basis.  PSF MAKES NO REPRESENTATIONS OR WARRANTIES, EXPRESS OR
         IMPLIED.  BY WAY OF EXAMPLE, BUT NOT LIMITATION, PSF MAKES NO AND
         DISCLAIMS ANY REPRESENTATION OR WARRANTY OF MERCHANTABILITY OR FITNESS
         FOR ANY PARTICULAR PURPOSE OR THAT THE USE OF PYTHON WILL NOT
         INFRINGE ANY THIRD PARTY RIGHTS.
         
         5. PSF SHALL NOT BE LIABLE TO LICENSEE OR ANY OTHER USERS OF PYTHON
         FOR ANY INCIDENTAL, SPECIAL, OR CONSEQUENTIAL DAMAGES OR LOSS AS
         A RESULT OF MODIFYING, DISTRIBUTING, OR OTHERWISE USING PYTHON,
         OR ANY DERIVATIVE THEREOF, EVEN IF ADVISED OF THE POSSIBILITY THEREOF.
         
         6. This License Agreement will automatically terminate upon a material
         breach of its terms and conditions.
         
         7. Nothing in this License Agreement shall be deemed to create any
         relationship of agency, partnership, or joint venture between PSF and
         Licensee.  This License Agreement does not grant permission to use PSF
         trademarks or trade name in a trademark sense to endorse or promote
         products or services of Licensee, or any third party.
         
         8. By copying, installing or otherwise using Python, Licensee
         agrees to be bound by the terms and conditions of this License
         Agreement.
         
         
         BEOPEN.COM LICENSE AGREEMENT FOR PYTHON 2.0
         -------------------------------------------
         
         BEOPEN PYTHON OPEN SOURCE LICENSE AGREEMENT VERSION 1
         
         1. This LICENSE AGREEMENT is between BeOpen.com (""BeOpen""), having an
         office at 160 Saratoga Avenue, Santa Clara, CA 95051, and the
         Individual or Organization (""Licensee"") accessing and otherwise using
         this software in source or binary form and its associated
         documentation (""the Software"").
         
         2. Subject to the terms and conditions of this BeOpen Python License
         Agreement, BeOpen hereby grants Licensee a non-exclusive,
         royalty-free, world-wide license to reproduce, analyze, test, perform
         and/or display publicly, prepare derivative works, distribute, and
         otherwise use the Software alone or in any derivative version,
         provided, however, that the BeOpen Python License is retained in the
         Software, alone or in any derivative version prepared by Licensee.
         
         3. BeOpen is making the Software available to Licensee on an ""AS IS""
         basis.  BEOPEN MAKES NO REPRESENTATIONS OR WARRANTIES, EXPRESS OR
         IMPLIED.  BY WAY OF EXAMPLE, BUT NOT LIMITATION, BEOPEN MAKES NO AND
         DISCLAIMS ANY REPRESENTATION OR WARRANTY OF MERCHANTABILITY OR FITNESS
         FOR ANY PARTICULAR PURPOSE OR THAT THE USE OF THE SOFTWARE WILL NOT
         INFRINGE ANY THIRD PARTY RIGHTS.
         
         4. BEOPEN SHALL NOT BE LIABLE TO LICENSEE OR ANY OTHER USERS OF THE
         SOFTWARE FOR ANY INCIDENTAL, SPECIAL, OR CONSEQUENTIAL DAMAGES OR LOSS
         AS A RESULT OF USING, MODIFYING OR DISTRIBUTING THE SOFTWARE, OR ANY
         DERIVATIVE THEREOF, EVEN IF ADVISED OF THE POSSIBILITY THEREOF.
         
         5. This License Agreement will automatically terminate upon a material
         breach of its terms and conditions.
         
         6. This License Agreement shall be governed by and interpreted in all
         respects by the law of the State of California, excluding conflict of
         law provisions.  Nothing in this License Agreement shall be deemed to
         create any relationship of agency, partnership, or joint venture
         between BeOpen and Licensee.  This License Agreement does not grant
         permission to use BeOpen trademarks or trade names in a trademark
         sense to endorse or promote products or services of Licensee, or any
         third party.  As an exception, the ""BeOpen Python"" logos available at
         http://www.pythonlabs.com/logos.html may be used according to the
         permissions granted on that web page.
         
         7. By copying, installing or otherwise using the software, Licensee
         agrees to be bound by the terms and conditions of this License
         Agreement.
         
         
         CNRI LICENSE AGREEMENT FOR PYTHON 1.6.1
         ---------------------------------------
         
         1. This LICENSE AGREEMENT is between the Corporation for National
         Research Initiatives, having an office at 1895 Preston White Drive,
         Reston, VA 20191 (""CNRI""), and the Individual or Organization
         (""Licensee"") accessing and otherwise using Python 1.6.1 software in
         source or binary form and its associated documentation.
         
         2. Subject to the terms and conditions of this License Agreement, CNRI
         hereby grants Licensee a nonexclusive, royalty-free, world-wide
         license to reproduce, analyze, test, perform and/or display publicly,
         prepare derivative works, distribute, and otherwise use Python 1.6.1
         alone or in any derivative version, provided, however, that CNRI's
         License Agreement and CNRI's notice of copyright, i.e., ""Copyright (c)
         1995-2001 Corporation for National Research Initiatives; All Rights
         Reserved"" are retained in Python 1.6.1 alone or in any derivative
         version prepared by Licensee.  Alternately, in lieu of CNRI's License
         Agreement, Licensee may substitute the following text (omitting the
         quotes): ""Python 1.6.1 is made available subject to the terms and
         conditions in CNRI's License Agreement.  This Agreement together with
         Python 1.6.1 may be located on the internet using the following
         unique, persistent identifier (known as a handle): 1895.22/1013.  This
         Agreement may also be obtained from a proxy server on the internet
         using the following URL: http://hdl.handle.net/1895.22/1013"".
         
         3. In the event Licensee prepares a derivative work that is based on
         or incorporates Python 1.6.1 or any part thereof, and wants to make
         the derivative work available to others as provided herein, then
         Licensee hereby agrees to include in any such work a brief summary of
         the changes made to Python 1.6.1.
         
         4. CNRI is making Python 1.6.1 available to Licensee on an ""AS IS""
         basis.  CNRI MAKES NO REPRESENTATIONS OR WARRANTIES, EXPRESS OR
         IMPLIED.  BY WAY OF EXAMPLE, BUT NOT LIMITATION, CNRI MAKES NO AND
         DISCLAIMS ANY REPRESENTATION OR WARRANTY OF MERCHANTABILITY OR FITNESS
         FOR ANY PARTICULAR PURPOSE OR THAT THE USE OF PYTHON 1.6.1 WILL NOT
         INFRINGE ANY THIRD PARTY RIGHTS.
         
         5. CNRI SHALL NOT BE LIABLE TO LICENSEE OR ANY OTHER USERS OF PYTHON
         1.6.1 FOR ANY INCIDENTAL, SPECIAL, OR CONSEQUENTIAL DAMAGES OR LOSS AS
         A RESULT OF MODIFYING, DISTRIBUTING, OR OTHERWISE USING PYTHON 1.6.1,
         OR ANY DERIVATIVE THEREOF, EVEN IF ADVISED OF THE POSSIBILITY THEREOF.
         
         6. This License Agreement will automatically terminate upon a material
         breach of its terms and conditions.
         
         7. This License Agreement shall be governed by the federal
         intellectual property law of the United States, including without
         limitation the federal copyright law, and, to the extent such
         U.S. federal law does not apply, by the law of the Commonwealth of
         Virginia, excluding Virginia's conflict of law provisions.
         Notwithstanding the foregoing, with regard to derivative works based
         on Python 1.6.1 that incorporate non-separable material that was
         previously distributed under the GNU General Public License (GPL), the
         law of the Commonwealth of Virginia shall govern this License
         Agreement only as to issues arising under or with respect to
         Paragraphs 4, 5, and 7 of this License Agreement.  Nothing in this
         License Agreement shall be deemed to create any relationship of
         agency, partnership, or joint venture between CNRI and Licensee.  This
         License Agreement does not grant permission to use CNRI trademarks or
         trade name in a trademark sense to endorse or promote products or
         services of Licensee, or any third party.
         
         8. By clicking on the ""ACCEPT"" button where indicated, or by copying,
         installing or otherwise using Python 1.6.1, Licensee agrees to be
         bound by the terms and conditions of this License Agreement.
         
                 ACCEPT
         
         
         CWI LICENSE AGREEMENT FOR PYTHON 0.9.0 THROUGH 1.2
         --------------------------------------------------
         
         Copyright (c) 1991 - 1995, Stichting Mathematisch Centrum Amsterdam,
         The Netherlands.  All rights reserved.
         
         Permission to use, copy, modify, and distribute this software and its
         documentation for any purpose and without fee is hereby granted,
         provided that the above copyright notice appear in all copies and that
         both that copyright notice and this permission notice appear in
         supporting documentation, and that the name of Stichting Mathematisch
         Centrum or CWI not be used in advertising or publicity pertaining to
         distribution of the software without specific, written prior
         permission.
         
         STICHTING MATHEMATISCH CENTRUM DISCLAIMS ALL WARRANTIES WITH REGARD TO
         THIS SOFTWARE, INCLUDING ALL IMPLIED WARRANTIES OF MERCHANTABILITY AND
         FITNESS, IN NO EVENT SHALL STICHTING MATHEMATISCH CENTRUM BE LIABLE
         FOR ANY SPECIAL, INDIRECT OR CONSEQUENTIAL DAMAGES OR ANY DAMAGES
         WHATSOEVER RESULTING FROM LOSS OF USE, DATA OR PROFITS, WHETHER IN AN
         ACTION OF CONTRACT, NEGLIGENCE OR OTHER TORTIOUS ACTION, ARISING OUT
         OF OR IN CONNECTION WITH THE USE OR PERFORMANCE OF THIS SOFTWARE.
         
         ZERO-CLAUSE BSD LICENSE FOR CODE IN THE PYTHON DOCUMENTATION
         ----------------------------------------------------------------------
         
         Permission to use, copy, modify, and/or distribute this software for any
         purpose with or without fee is hereby granted.
         
         THE SOFTWARE IS PROVIDED ""AS IS"" AND THE AUTHOR DISCLAIMS ALL WARRANTIES WITH
         REGARD TO THIS SOFTWARE INCLUDING ALL IMPLIED WARRANTIES OF MERCHANTABILITY
         AND FITNESS. IN NO EVENT SHALL THE AUTHOR BE LIABLE FOR ANY SPECIAL, DIRECT,
         INDIRECT, OR CONSEQUENTIAL DAMAGES OR ANY DAMAGES WHATSOEVER RESULTING FROM
         LOSS OF USE, DATA OR PROFITS, WHETHER IN AN ACTION OF CONTRACT, NEGLIGENCE OR
         OTHER TORTIOUS ACTION, ARISING OUT OF OR IN CONNECTION WITH THE USE OR
         PERFORMANCE OF THIS SOFTWARE.
         Copyright (c) 2014, Al Sweigart
         All rights reserved.
         
         Redistribution and use in source and binary forms, with or without
         modification, are permitted provided that the following conditions are met:
         
         * Redistributions of source code must retain the above copyright notice, this
           list of conditions and the following disclaimer.
         
         * Redistributions in binary form must reproduce the above copyright notice,
           this list of conditions and the following disclaimer in the documentation
           and/or other materials provided with the distribution.
         
         * Neither the name of the {organization} nor the names of its
           contributors may be used to endorse or promote products derived from
           this software without specific prior written permission.
         
         THIS SOFTWARE IS PROVIDED BY THE COPYRIGHT HOLDERS AND CONTRIBUTORS ""AS IS""
         AND ANY EXPRESS OR IMPLIED WARRANTIES, INCLUDING, BUT NOT LIMITED TO, THE
         IMPLIED WARRANTIES OF MERCHANTABILITY AND FITNESS FOR A PARTICULAR PURPOSE ARE
         DISCLAIMED. IN NO EVENT SHALL THE COPYRIGHT HOLDER OR CONTRIBUTORS BE LIABLE
         FOR ANY DIRECT, INDIRECT, INCIDENTAL, SPECIAL, EXEMPLARY, OR CONSEQUENTIAL
         DAMAGES (INCLUDING, BUT NOT LIMITED TO, PROCUREMENT OF SUBSTITUTE GOODS OR
         SERVICES; LOSS OF USE, DATA, OR PROFITS; OR BUSINESS INTERRUPTION) HOWEVER
         CAUSED AND ON ANY THEORY OF LIABILITY, WHETHER IN CONTRACT, STRICT LIABILITY,
         OR TORT (INCLUDING NEGLIGENCE OR OTHERWISE) ARISING IN ANY WAY OUT OF THE USE
         OF THIS SOFTWARE, EVEN IF ADVISED OF THE POSSIBILITY OF SUCH DAMAGE.Copyright (c) 2017 Anthony Sottile
         
         Permission is hereby granted, free of charge, to any person obtaining a copy
         of this software and associated documentation files (the ""Software""), to deal
         in the Software without restriction, including without limitation the rights
         to use, copy, modify, merge, publish, distribute, sublicense, and/or sell
         copies of the Software, and to permit persons to whom the Software is
         furnished to do so, subject to the following conditions:
         
         The above copyright notice and this permission notice shall be included in
         all copies or substantial portions of the Software.
         
         THE SOFTWARE IS PROVIDED ""AS IS"", WITHOUT WARRANTY OF ANY KIND, EXPRESS OR
         IMPLIED, INCLUDING BUT NOT LIMITED TO THE WARRANTIES OF MERCHANTABILITY,
         FITNESS FOR A PARTICULAR PURPOSE AND NONINFRINGEMENT. IN NO EVENT SHALL THE
         AUTHORS OR COPYRIGHT HOLDERS BE LIABLE FOR ANY CLAIM, DAMAGES OR OTHER
         LIABILITY, WHETHER IN AN ACTION OF CONTRACT, TORT OR OTHERWISE, ARISING FROM,
         OUT OF OR IN CONNECTION WITH THE SOFTWARE OR THE USE OR OTHER DEALINGS IN
         THE SOFTWARE.Copyright (c) 2015-2019 Jared Hobbs
         
         Permission is hereby granted, free of charge, to any person obtaining a copy of
         this software and associated documentation files (the ""Software""), to deal in
         the Software without restriction, including without limitation the rights to
         use, copy, modify, merge, publish, distribute, sublicense, and/or sell copies
         of the Software, and to permit persons to whom the Software is furnished to do
         so, subject to the following conditions:
         
         The above copyright notice and this permission notice shall be included in all
         copies or substantial portions of the Software.
         
         THE SOFTWARE IS PROVIDED ""AS IS"", WITHOUT WARRANTY OF ANY KIND, EXPRESS OR
         IMPLIED, INCLUDING BUT NOT LIMITED TO THE WARRANTIES OF MERCHANTABILITY,
         FITNESS FOR A PARTICULAR PURPOSE AND NONINFRINGEMENT. IN NO EVENT SHALL THE
         AUTHORS OR COPYRIGHT HOLDERS BE LIABLE FOR ANY CLAIM, DAMAGES OR OTHER
         LIABILITY, WHETHER IN AN ACTION OF CONTRACT, TORT OR OTHERWISE, ARISING FROM,
         OUT OF OR IN CONNECTION WITH THE SOFTWARE OR THE USE OR OTHER DEALINGS IN THE
         SOFTWARE.Developed by ESN, an Electronic Arts Inc. studio.
         Copyright (c) 2014, Electronic Arts Inc.
         All rights reserved.
         
         Redistribution and use in source and binary forms, with or without
         modification, are permitted provided that the following conditions are met:
         * Redistributions of source code must retain the above copyright
         notice, this list of conditions and the following disclaimer.
         * Redistributions in binary form must reproduce the above copyright
         notice, this list of conditions and the following disclaimer in the
         documentation and/or other materials provided with the distribution.
         * Neither the name of ESN, Electronic Arts Inc. nor the
         names of its contributors may be used to endorse or promote products
         derived from this software without specific prior written permission.
         
         THIS SOFTWARE IS PROVIDED BY THE COPYRIGHT HOLDERS AND CONTRIBUTORS ""AS IS"" AND
         ANY EXPRESS OR IMPLIED WARRANTIES, INCLUDING, BUT NOT LIMITED TO, THE IMPLIED
         WARRANTIES OF MERCHANTABILITY AND FITNESS FOR A PARTICULAR PURPOSE ARE
         DISCLAIMED. IN NO EVENT SHALL ELECTRONIC ARTS INC. BE LIABLE
         FOR ANY DIRECT, INDIRECT, INCIDENTAL, SPECIAL, EXEMPLARY, OR CONSEQUENTIAL DAMAGES
         (INCLUDING, BUT NOT LIMITED TO, PROCUREMENT OF SUBSTITUTE GOODS OR SERVICES;
         LOSS OF USE, DATA, OR PROFITS; OR BUSINESS INTERRUPTION) HOWEVER CAUSED AND
         ON ANY THEORY OF LIABILITY, WHETHER IN CONTRACT, STRICT LIABILITY, OR TORT
         (INCLUDING NEGLIGENCE OR OTHERWISE) ARISING IN ANY WAY OUT OF THE USE OF THIS
         SOFTWARE, EVEN IF ADVISED OF THE POSSIBILITY OF SUCH DAMAGE.
         
         ----
         
         Portions of code from MODP_ASCII - Ascii transformations (upper/lower, etc)
         https://github.com/client9/stringencoders
         
           Copyright 2005, 2006, 2007
           Nick Galbreath -- nickg [at] modp [dot] com
           All rights reserved.
         
           Redistribution and use in source and binary forms, with or without
           modification, are permitted provided that the following conditions are
           met:
         
             Redistributions of source code must retain the above copyright
             notice, this list of conditions and the following disclaimer.
         
             Redistributions in binary form must reproduce the above copyright
             notice, this list of conditions and the following disclaimer in the
             documentation and/or other materials provided with the distribution.
         
             Neither the name of the modp.com nor the names of its
             contributors may be used to endorse or promote products derived from
             this software without specific prior written permission.
         
           THIS SOFTWARE IS PROVIDED BY THE COPYRIGHT HOLDERS AND CONTRIBUTORS
           ""AS IS"" AND ANY EXPRESS OR IMPLIED WARRANTIES, INCLUDING, BUT NOT
           LIMITED TO, THE IMPLIED WARRANTIES OF MERCHANTABILITY AND FITNESS FOR
           A PARTICULAR PURPOSE ARE DISCLAIMED. IN NO EVENT SHALL THE COPYRIGHT
           OWNER OR CONTRIBUTORS BE LIABLE FOR ANY DIRECT, INDIRECT, INCIDENTAL,
           SPECIAL, EXEMPLARY, OR CONSEQUENTIAL DAMAGES (INCLUDING, BUT NOT
           LIMITED TO, PROCUREMENT OF SUBSTITUTE GOODS OR SERVICES; LOSS OF USE,
           DATA, OR PROFITS; OR BUSINESS INTERRUPTION) HOWEVER CAUSED AND ON ANY
           THEORY OF LIABILITY, WHETHER IN CONTRACT, STRICT LIABILITY, OR TORT
           (INCLUDING NEGLIGENCE OR OTHERWISE) ARISING IN ANY WAY OUT OF THE USE
           OF THIS SOFTWARE, EVEN IF ADVISED OF THE POSSIBILITY OF SUCH DAMAGE.
         
           This is the standard ""new"" BSD license:
           http://www.opensource.org/licenses/bsd-license.php
         
         https://github.com/client9/stringencoders/blob/cfd5c1507325ae497ea9bacdacba12c0ffd79d30/COPYING
         
         ----
         
         Numeric decoder derived from from TCL library
         https://opensource.apple.com/source/tcl/tcl-14/tcl/license.terms
          * Copyright (c) 1988-1993 The Regents of the University of California.
          * Copyright (c) 1994 Sun Microsystems, Inc.
         
           This software is copyrighted by the Regents of the University of
           California, Sun Microsystems, Inc., Scriptics Corporation, ActiveState
           Corporation and other parties.  The following terms apply to all files
           associated with the software unless explicitly disclaimed in
           individual files.
         
           The authors hereby grant permission to use, copy, modify, distribute,
           and license this software and its documentation for any purpose, provided
           that existing copyright notices are retained in all copies and that this
           notice is included verbatim in any distributions. No written agreement,
           license, or royalty fee is required for any of the authorized uses.
           Modifications to this software may be copyrighted by their authors
           and need not follow the licensing terms described here, provided that
           the new terms are clearly indicated on the first page of each file where
           they apply.
         
           IN NO EVENT SHALL THE AUTHORS OR DISTRIBUTORS BE LIABLE TO ANY PARTY
           FOR DIRECT, INDIRECT, SPECIAL, INCIDENTAL, OR CONSEQUENTIAL DAMAGES
           ARISING OUT OF THE USE OF THIS SOFTWARE, ITS DOCUMENTATION, OR ANY
           DERIVATIVES THEREOF, EVEN IF THE AUTHORS HAVE BEEN ADVISED OF THE
           POSSIBILITY OF SUCH DAMAGE.
         
           THE AUTHORS AND DISTRIBUTORS SPECIFICALLY DISCLAIM ANY WARRANTIES,
           INCLUDING, BUT NOT LIMITED TO, THE IMPLIED WARRANTIES OF MERCHANTABILITY,
           FITNESS FOR A PARTICULAR PURPOSE, AND NON-INFRINGEMENT.  THIS SOFTWARE
           IS PROVIDED ON AN ""AS IS"" BASIS, AND THE AUTHORS AND DISTRIBUTORS HAVE
           NO OBLIGATION TO PROVIDE MAINTENANCE, SUPPORT, UPDATES, ENHANCEMENTS, OR
           MODIFICATIONS.
         
           GOVERNMENT USE: If you are acquiring this software on behalf of the
           U.S. government, the Government shall have only ""Restricted Rights""
           in the software and related documentation as defined in the Federal
           Acquisition Regulations (FARs) in Clause 52.227.19 (c) (2).  If you
           are acquiring the software on behalf of the Department of Defense, the
           software shall be classified as ""Commercial Computer Software"" and the
           Government shall have only ""Restricted Rights"" as defined in Clause
           252.227-7013 (c) (1) of DFARs.  Notwithstanding the foregoing, the
           authors grant the U.S. Government and others acting in its behalf
           permission to use and distribute the software in accordance with the
           terms specified in this license.Apache License
         Version 2.0, January 2004
         http://www.apache.org/licenses/
         
         TERMS AND CONDITIONS FOR USE, REPRODUCTION, AND DISTRIBUTION
         
         1. Definitions.
         
         ""License"" shall mean the terms and conditions for use, reproduction, and
         distribution as defined by Sections 1 through 9 of this document.
         
         ""Licensor"" shall mean the copyright owner or entity authorized by the copyright
         owner that is granting the License.
         
         ""Legal Entity"" shall mean the union of the acting entity and all other entities
         that control, are controlled by, or are under common control with that entity.
         For the purposes of this definition, ""control"" means (i) the power, direct or
         indirect, to cause the direction or management of such entity, whether by
         contract or otherwise, or (ii) ownership of fifty percent (50%) or more of the
         outstanding shares, or (iii) beneficial ownership of such entity.
         
         ""You"" (or ""Your"") shall mean an individual or Legal Entity exercising
         permissions granted by this License.
         
         ""Source"" form shall mean the preferred form for making modifications, including
         but not limited to software source code, documentation source, and configuration
         files.
         
         ""Object"" form shall mean any form resulting from mechanical transformation or
         translation of a Source form, including but not limited to compiled object code,
         generated documentation, and conversions to other media types.
         
         ""Work"" shall mean the work of authorship, whether in Source or Object form, made
         available under the License, as indicated by a copyright notice that is included
         in or attached to the work (an example is provided in the Appendix below).
         
         ""Derivative Works"" shall mean any work, whether in Source or Object form, that
         is based on (or derived from) the Work and for which the editorial revisions,
         annotations, elaborations, or other modifications represent, as a whole, an
         original work of authorship. For the purposes of this License, Derivative Works
         shall not include works that remain separable from, or merely link (or bind by
         name) to the interfaces of, the Work and Derivative Works thereof.
         
         ""Contribution"" shall mean any work of authorship, including the original version
         of the Work and any modifications or additions to that Work or Derivative Works
         thereof, that is intentionally submitted to Licensor for inclusion in the Work
         by the copyright owner or by an individual or Legal Entity authorized to submit
         on behalf of the copyright owner. For the purposes of this definition,
         ""submitted"" means any form of electronic, verbal, or written communication sent
         to the Licensor or its representatives, including but not limited to
         communication on electronic mailing lists, source code control systems, and
         issue tracking systems that are managed by, or on behalf of, the Licensor for
         the purpose of discussing and improving the Work, but excluding communication
         that is conspicuously marked or otherwise designated in writing by the copyright
         owner as ""Not a Contribution.""
         
         ""Contributor"" shall mean Licensor and any individual or Legal Entity on behalf
         of whom a Contribution has been received by Licensor and subsequently
         incorporated within the Work.
         
         2. Grant of Copyright License.
         
         Subject to the terms and conditions of this License, each Contributor hereby
         grants to You a perpetual, worldwide, non-exclusive, no-charge, royalty-free,
         irrevocable copyright license to reproduce, prepare Derivative Works of,
         publicly display, publicly perform, sublicense, and distribute the Work and such
         Derivative Works in Source or Object form.
         
         3. Grant of Patent License.
         
         Subject to the terms and conditions of this License, each Contributor hereby
         grants to You a perpetual, worldwide, non-exclusive, no-charge, royalty-free,
         irrevocable (except as stated in this section) patent license to make, have
         made, use, offer to sell, sell, import, and otherwise transfer the Work, where
         such license applies only to those patent claims licensable by such Contributor
         that are necessarily infringed by their Contribution(s) alone or by combination
         of their Contribution(s) with the Work to which such Contribution(s) was
         submitted. If You institute patent litigation against any entity (including a
         cross-claim or counterclaim in a lawsuit) alleging that the Work or a
         Contribution incorporated within the Work constitutes direct or contributory
         patent infringement, then any patent licenses granted to You under this License
         for that Work shall terminate as of the date such litigation is filed.
         
         4. Redistribution.
         
         You may reproduce and distribute copies of the Work or Derivative Works thereof
         in any medium, with or without modifications, and in Source or Object form,
         provided that You meet the following conditions:
         
         You must give any other recipients of the Work or Derivative Works a copy of
         this License; and
         You must cause any modified files to carry prominent notices stating that You
         changed the files; and
         You must retain, in the Source form of any Derivative Works that You distribute,
         all copyright, patent, trademark, and attribution notices from the Source form
         of the Work, excluding those notices that do not pertain to any part of the
         Derivative Works; and
         If the Work includes a ""NOTICE"" text file as part of its distribution, then any
         Derivative Works that You distribute must include a readable copy of the
         attribution notices contained within such NOTICE file, excluding those notices
         that do not pertain to any part of the Derivative Works, in at least one of the
         following places: within a NOTICE text file distributed as part of the
         Derivative Works; within the Source form or documentation, if provided along
         with the Derivative Works; or, within a display generated by the Derivative
         Works, if and wherever such third-party notices normally appear. The contents of
         the NOTICE file are for informational purposes only and do not modify the
         License. You may add Your own attribution notices within Derivative Works that
         You distribute, alongside or as an addendum to the NOTICE text from the Work,
         provided that such additional attribution notices cannot be construed as
         modifying the License.
         You may add Your own copyright statement to Your modifications and may provide
         additional or different license terms and conditions for use, reproduction, or
         distribution of Your modifications, or for any such Derivative Works as a whole,
         provided Your use, reproduction, and distribution of the Work otherwise complies
         with the conditions stated in this License.
         
         5. Submission of Contributions.
         
         Unless You explicitly state otherwise, any Contribution intentionally submitted
         for inclusion in the Work by You to the Licensor shall be under the terms and
         conditions of this License, without any additional terms or conditions.
         Notwithstanding the above, nothing herein shall supersede or modify the terms of
         any separate license agreement you may have executed with Licensor regarding
         such Contributions.
         
         6. Trademarks.
         
         This License does not grant permission to use the trade names, trademarks,
         service marks, or product names of the Licensor, except as required for
         reasonable and customary use in describing the origin of the Work and
         reproducing the content of the NOTICE file.
         
         7. Disclaimer of Warranty.
         
         Unless required by applicable law or agreed to in writing, Licensor provides the
         Work (and each Contributor provides its Contributions) on an ""AS IS"" BASIS,
         WITHOUT WARRANTIES OR CONDITIONS OF ANY KIND, either express or implied,
         including, without limitation, any warranties or conditions of TITLE,
         NON-INFRINGEMENT, MERCHANTABILITY, or FITNESS FOR A PARTICULAR PURPOSE. You are
         solely responsible for determining the appropriateness of using or
         redistributing the Work and assume any risks associated with Your exercise of
         permissions under this License.
         
         8. Limitation of Liability.
         
         In no event and under no legal theory, whether in tort (including negligence),
         contract, or otherwise, unless required by applicable law (such as deliberate
         and grossly negligent acts) or agreed to in writing, shall any Contributor be
         liable to You for damages, including any direct, indirect, special, incidental,
         or consequential damages of any character arising as a result of this License or
         out of the use or inability to use the Work (including but not limited to
         damages for loss of goodwill, work stoppage, computer failure or malfunction, or
         any and all other commercial damages or losses), even if such Contributor has
         been advised of the possibility of such damages.
         
         9. Accepting Warranty or Additional Liability.
         
         While redistributing the Work or Derivative Works thereof, You may choose to
         offer, and charge a fee for, acceptance of support, warranty, indemnity, or
         other liability obligations and/or rights consistent with this License. However,
         in accepting such obligations, You may act only on Your own behalf and on Your
         sole responsibility, not on behalf of any other Contributor, and only if You
         agree to indemnify, defend, and hold each Contributor harmless for any liability
         incurred by, or claims asserted against, such Contributor by reason of your
         accepting any such warranty or additional liability.
         
         END OF TERMS AND CONDITIONS
         
         APPENDIX: How to apply the Apache License to your work
         
         To apply the Apache License to your work, attach the following boilerplate
         notice, with the fields enclosed by brackets ""[]"" replaced with your own
         identifying information. (Don't include the brackets!) The text should be
         enclosed in the appropriate comment syntax for the file format. We also
         recommend that a file or class name and description of purpose be included on
         the same ""printed page"" as the copyright notice for easier identification within
         third-party archives.
         
            Copyright [yyyy] [name of copyright owner]
         
            Licensed under the Apache License, Version 2.0 (the ""License"");
            you may not use this file except in compliance with the License.
            You may obtain a copy of the License at
         
              http://www.apache.org/licenses/LICENSE-2.0
         
            Unless required by applicable law or agreed to in writing, software
            distributed under the License is distributed on an ""AS IS"" BASIS,
            WITHOUT WARRANTIES OR CONDITIONS OF ANY KIND, either express or implied.
            See the License for the specific language governing permissions and
            limitations under the License.",,0,0.0,0,10,0.0,0.0843884181485989
fsspec,fsspec,521792240,6,1,4323,0,0,94,2516,0,0,0,101,1,0,"['adlfs', 'adlfs', 'pyarrow>=1', 'dask', 'distributed', 'pre-commit', 'ruff>=0.5', 'numpydoc', 'sphinx', 'sphinx-design', 'sphinx-rtd-theme', 'yarl', 'dropbox', 'dropboxdrivefs', 'requests', 'adlfs', 'aiohttp!=4.0.0a0,!=4.0.0a1', 'dask', 'distributed', 'dropbox', 'dropboxdrivefs', 'fusepy', 'gcsfs', 'libarchive-c', 'ocifs', 'panel', 'paramiko', 'pyarrow>=1', 'pygit2', 'requests', 's3fs', 'smbprotocol', 'tqdm', 'fusepy', 'gcsfs', 'pygit2', 'requests', 'gcsfs', 'panel', 'pyarrow>=1', 'aiohttp!=4.0.0a0,!=4.0.0a1', 'libarchive-c', 'ocifs', 's3fs', 'paramiko', 'smbprotocol', 'paramiko', 'aiohttp!=4.0.0a0,!=4.0.0a1', 'numpy', 'pytest', 'pytest-asyncio!=0.22.0', 'pytest-benchmark', 'pytest-cov', 'pytest-mock', 'pytest-recording', 'pytest-rerunfailures', 'requests', 'aiobotocore<3.0.0,>=2.5.4', 'dask', 'moto', 'pytest-timeout', 'xarray', 'adlfs', 'aiohttp!=4.0.0a0,!=4.0.0a1', 'cloudpickle', 'dask', 'distributed', 'dropbox', 'dropboxdrivefs', 'fastparquet', 'fusepy', 'gcsfs', 'jinja2', 'kerchunk', 'libarchive-c', 'lz4', 'notebook', 'numpy', 'ocifs', 'pandas', 'panel', 'paramiko', 'pyarrow', 'pyarrow>=1', 'pyftpdlib', 'pygit2', 'pytest', 'pytest-asyncio!=0.22.0', 'pytest-benchmark', 'pytest-cov', 'pytest-mock', 'pytest-recording', 'pytest-rerunfailures', 'python-snappy', 'requests', 'smbprotocol', 'tqdm', 'urllib3', 'zarr', 'zstandard', 'tqdm']",,,file,0,0.0,0,9,0.0,0.0360871896346153
click,click,479084721,5,1,1779,0,1,59,4226,0,0,0,1,1,0,['colorama'],,,,0,0.0,0,1,0.0,0.3508773619358619
attrs,attrs,435935769,5,1,9312,0,1,35,3927,1,0,0,0,0,0,[],,,"attribute, boilerplate, class",0,0.0,0,0,0.0,1.0
pydantic-core,pydantic-core,452066326,13,1,5402,1,1,146,1312,1,0,0,1,1,0,['typing-extensions>=4.14.1'],,,,0,0.0,0,1,0.0,0.3508773619358619
pip,pip,490489783,3,1,2376,0,1,152,6234,1,0,0,0,0,0,[],,,,0,0.0,0,0,0.0,1.0
protobuf,protobuf,443570026,8,0,0,1,0,201,6344,1,25,0,0,0,0,[],protobuf@googlegroups.com,3-Clause BSD License,,0,0.0,0,0,0.0,1.0
markupsafe,markupsafe,399874046,10,1,1695,0,1,35,5632,0,0,0,0,0,0,[],,,,0,0.0,0,0,0.0,1.0
jmespath,jmespath,389285623,8,1,6631,1,0,26,4651,1,18,0,0,0,0,[],James Saryerwinnie,MIT,,0,0.0,0,0,0.0,1.0
platformdirs,platformdirs,375318038,12,1,10654,0,1,52,1654,0,0,0,10,1,0,"['furo>=2025.9.25', 'proselint>=0.14', 'sphinx-autodoc-typehints>=3.2', 'sphinx>=8.2.3', 'appdirs==1.4.4', 'covdefaults>=2.3', 'pytest-cov>=7', 'pytest-mock>=3.15.1', 'pytest>=8.4.2', 'mypy>=1.18.2']",,,"appdirs, application, cache, directory, log, user",0,0.0,0,10,0.0,0.0843884181485989
rsa,rsa,380997523,3,1,4222,0,1,37,6422,1,16,0,1,1,0,['pyasn1>=0.1.3'],Sybren A. Stüvel,Apache-2.0,,0,0.0,0,1,0.0,0.3508773619358619
h11,h11,396602724,3,1,7165,1,0,14,3480,1,18,0,0,0,0,[],Nathaniel J. Smith,MIT,,0,0.0,0,0,0.0,1.0
pytz,pytz,378927900,4,1,20652,1,0,118,7400,1,13,0,0,0,0,[],Stuart Bishop,MIT,"timezone, tzinfo, datetime, olson, time",0,0.0,0,0,0.0,1.0
anyio,anyio,392769741,5,1,2690,0,0,64,2598,1,0,0,5,1,0,"['exceptiongroup>=1.0.2', 'idna>=2.8', 'sniffio>=1.1', 'typing_extensions>=4.5', 'trio>=0.31.0']",,,,0,0.0,0,5,0.0,0.14598556863940548
pygments,pygments,387137348,8,1,733,0,1,67,6963,1,0,0,1,1,0,['colorama>=0.4.6'],,BSD-2-Clause,syntax highlighting,0,0.0,0,1,0.0,0.3508773619358619
sniffio,sniffio,385433301,7,1,2661,0,0,6,2671,1,0,0,0,0,0,[],,MIT OR Apache-2.0,"async,trio,asyncio",0,0.0,0,0,0.0,1.0
jinja2,jinja2,362965959,6,1,1813,0,1,52,6375,0,0,0,2,1,0,"['MarkupSafe>=2.0', 'Babel>=2.7']",,,,0,0.0,0,2,0.0,0.25974050510584634
annotated-types,annotated-types,366338288,15,1,13635,0,1,8,1300,1,0,0,1,1,0,['typing-extensions>=4.0.0'],,,,0,0.0,0,1,0.0,0.3508773619358619
importlib-metadata,importlib-metadata,361673957,18,1,2968,0,1,125,2746,1,0,0,21,1,0,"['zipp>=3.20', 'typing-extensions>=3.6.4', 'pytest!=8.1.*,>=6', 'importlib_resources>=1.3', 'packaging', 'pyfakefs', 'flufl.flake8', 'pytest-perf>=0.9.2', 'jaraco.test>=5.4', 'sphinx>=3.5', 'jaraco.packaging>=9.3', 'rst.linker>=1.9', 'furo', 'sphinx-lint', 'jaraco.tidelift>=1.4', 'ipython', 'pytest-checkdocs>=2.4', 'pytest-ruff>=0.2.1', 'pytest-cov', 'pytest-enabler>=2.2', 'pytest-mypy']",,,,0,0.0,0,10,0.0,0.0843884181485989
pluggy,pluggy,356757361,6,1,3362,0,0,24,3852,1,0,0,5,1,0,"['pre-commit', 'tox', 'pytest', 'pytest-benchmark', 'coverage']",,MIT,,0,0.0,0,5,0.0,0.032334348409910514
pyasn1,pyasn1,340291194,6,1,6584,1,1,39,5843,1,12,0,0,0,0,[],Ilya Etingof,BSD-2-Clause,,0,0.0,0,0,0.0,1.0
zipp,zipp,321244709,4,1,1996,0,1,62,2564,1,0,0,18,1,0,"['pytest!=8.1.*,>=6', 'jaraco.itertools', 'jaraco.functools', 'more_itertools', 'big-O', 'pytest-ignore-flaky', 'jaraco.test', 'sphinx>=3.5', 'jaraco.packaging>=9.3', 'rst.linker>=1.9', 'furo', 'sphinx-lint', 'jaraco.tidelift>=1.4', 'pytest-checkdocs>=2.4', 'pytest-ruff>=0.2.1', 'pytest-cov', 'pytest-enabler>=2.2', 'pytest-mypy']",,,,0,0.0,0,10,0.0,0.0843884181485989
cachetools,cachetools,321958246,10,1,4613,1,0,56,4263,1,13,0,0,0,0,[],Thomas Kemmer,MIT,,0,0.0,0,0,0.0,1.0
filelock,filelock,311209371,8,1,860,0,1,78,4157,0,0,0,0,0,0,[],,,"application, cache, directory, log, user",0,0.0,0,0,0.0,1.0
wheel,wheel,315413801,5,1,1101,0,1,80,4892,1,0,0,2,1,0,"['pytest>=6.0.0', 'setuptools>=65']",,,"wheel, packaging",0,0.0,0,2,0.0,0.25974050510584634
tzdata,tzdata,315689142,6,1,621,1,1,32,3381,1,26,1,0,0,0,[],Python Software Foundation,Apache-2.0,,0,0.0,0,0,0.0,1.0
google-api-core,google-api-core,302344011,15,1,949,0,1,155,2949,1,0,0,16,1,0,"['googleapis-common-protos<2.0.0,>=1.56.2', 'protobuf!=3.20.0,!=3.20.1,!=4.21.0,!=4.21.1,!=4.21.2,!=4.21.3,!=4.21.4,!=4.21.5,<7.0.0,>=3.19.5', 'proto-plus<2.0.0,>=1.22.3', 'proto-plus<2.0.0,>=1.25.0', 'google-auth<3.0.0,>=2.14.1', 'requests<3.0.0,>=2.18.0', 'importlib_metadata>=1.4', 'google-auth', 'grpcio<2.0.0,>=1.33.2', 'grpcio<2.0.0,>=1.49.1', 'grpcio<2.0.0,>=1.75.1', 'grpcio-status<2.0.0,>=1.33.2', 'grpcio-status<2.0.0,>=1.49.1', 'grpcio-status<2.0.0,>=1.75.1', 'grpcio-gcp<1.0.0,>=0.2.2', 'grpcio-gcp<1.0.0,>=0.2.2']",,Apache 2.0,,0,0.0,0,10,0.0,0.024021752112600415
colorama,colorama,293353555,8,1,15929,0,0,46,5696,1,0,0,0,0,0,[],,,"ansi,color,colour,crossplatform,terminal,text,windows,xplatform",0,0.0,0,0,0.0,1.0
typing-inspection,typing-inspection,303056363,17,1,1229,0,1,8,282,1,0,0,1,1,0,['typing-extensions>=4.12.0'],,,,0,0.0,0,1,0.0,0.3508773619358619
aiohttp,aiohttp,274586946,7,1,5763,0,0,305,4411,0,0,0,12,1,0,"['aiohappyeyeballs>=2.5.0', 'aiosignal>=1.4.0', 'async-timeout<6.0,>=4.0', 'attrs>=17.3.0', 'frozenlist>=1.1.1', 'multidict<7.0,>=4.5', 'propcache>=0.2.0', 'yarl<2.0,>=1.17.0', 'aiodns>=3.3.0', 'Brotli', 'brotlicffi', 'backports.zstd']",,Apache-2.0 AND MIT,,0,0.0,0,10,0.0,0.0843884181485989
awscli,awscli,340697754,6,1,9799,1,1,2329,4719,1,19,0,6,1,0,"['botocore==1.41.2', 'docutils<=0.19,>=0.18.1', 's3transfer<0.16.0,>=0.15.0', 'PyYAML<6.1,>=3.10', 'colorama<0.4.7,>=0.2.5', 'rsa<4.8,>=3.1.2']",Amazon Web Services,Apache License 2.0,,0,0.0,0,6,0.0,0.12738858461984146
httpx,httpx,298662575,5,1,5230,0,1,74,2318,1,0,0,12,1,0,"['anyio', 'certifi', 'httpcore==1.*', 'idna', 'brotli', 'brotlicffi', 'click==8.*', 'pygments==2.*', 'rich<14,>=10', 'h2<5,>=3', 'socksio==1.*', 'zstandard>=0.18.0']",,BSD-3-Clause,,0,0.0,0,10,0.0,0.04406356524006348
yarl,yarl,263366019,4,1,73187,1,0,133,3371,1,14,0,3,1,0,"['idna>=2.0', 'multidict>=4.0', 'propcache>=0.2.1']",Andrew Svetlov,Apache-2.0,"cython, cext, yarl",0,0.0,0,3,0.0,0.2061857491852643
multidict,multidict,263375096,9,1,3758,1,0,149,3564,1,14,0,1,1,0,['typing-extensions>=4.1.0'],Andrew Svetlov,Apache License 2.0,,0,0.0,0,1,0.0,0.3508773619358619
google-auth,google-auth,300815593,11,1,2879,1,0,175,3330,1,21,0,41,1,0,"['cachetools<7.0,>=2.0.0', 'pyasn1-modules>=0.2.1', 'rsa<5,>=3.1.4', 'aiohttp<4.0.0,>=3.6.2', 'requests<3.0.0,>=2.20.0', 'cryptography', 'pyopenssl', 'pyopenssl>=20.0.0', 'cryptography>=38.0.3', 'cryptography<39.0.0', 'pyjwt>=2.0', 'cryptography>=38.0.3', 'cryptography<39.0.0', 'pyu2f>=0.1.5', 'requests<3.0.0,>=2.20.0', 'grpcio', 'flask', 'freezegun', 'mock', 'oauth2client', 'pyjwt>=2.0', 'cryptography>=38.0.3', 'cryptography<39.0.0', 'pytest', 'pytest-cov', 'pytest-localserver', 'pyopenssl>=20.0.0', 'cryptography>=38.0.3', 'cryptography<39.0.0', 'pyu2f>=0.1.5', 'responses', 'urllib3', 'packaging', 'aiohttp<4.0.0,>=3.6.2', 'requests<3.0.0,>=2.20.0', 'aioresponses', 'pytest-asyncio', 'pyopenssl<24.3.0', 'aiohttp<3.10.0', 'urllib3', 'packaging']",Google Cloud Platform,Apache 2.0,google auth oauth client,0,0.0,0,10,0.0,0.03257905418276063
httpcore,httpcore,292628068,8,1,20074,0,1,64,2424,1,0,0,6,1,0,"['certifi', 'h11>=0.16', 'anyio<5.0,>=4.0', 'h2<5,>=3', 'socksio==1.*', 'trio<1.0,>=0.22.0']",,,,0,0.0,0,6,0.0,0.12738858461984146
pyasn1-modules,pyasn1-modules,274153073,14,1,1679,1,1,27,5375,1,12,0,1,1,0,"['pyasn1<0.7.0,>=0.6.1']",Ilya Etingof,BSD,,0,0.0,0,1,0.0,0.3508773619358619
pytest,pytest,284384625,6,1,5475,0,1,188,5476,1,123,0,14,1,0,"['colorama>=0.4', 'exceptiongroup>=1', 'iniconfig>=1.0.1', 'packaging>=22', 'pluggy<2,>=1.5', 'pygments>=2.7.2', 'tomli>=1', 'argcomplete', 'attrs>=19.2', 'hypothesis>=3.56', 'mock', 'requests', 'setuptools', 'xmlschema']","Holger Krekel, Bruno Oliveira, Ronny Pfannschmidt, Floris Bruynooghe, Brianna Laugher, Florian Bruhin, Others (See AUTHORS)",,"test, unittest",0,0.0,0,10,0.0,0.028736147370544824
frozenlist,frozenlist,245894722,10,1,18418,1,0,18,2275,0,0,0,0,0,0,[],,Apache-2.0,,0,0.0,0,0,0.0,1.0
pyjwt,pyjwt,281830888,5,1,2281,0,0,51,5385,1,0,0,13,1,0,"['cryptography>=3.4.0', 'coverage', 'cryptography>=3.4.0', 'pre-commit', 'pytest<7.0.0,>=6.0.0', 'sphinx', 'sphinx-rtd-theme', 'zope.interface', 'sphinx', 'sphinx-rtd-theme', 'zope.interface', 'coverage', 'pytest<7.0.0,>=6.0.0']",,MIT,"json, jwt, security, signing, token, web",0,0.0,0,7,0.0,0.03608852890111615
jsonschema,jsonschema,265036007,10,1,4912,0,1,108,5073,1,0,0,21,1,0,"['attrs>=22.2.0', 'jsonschema-specifications>=2023.03.6', 'referencing>=0.28.4', 'rpds-py>=0.7.1', 'fqdn', 'idna', 'isoduration', 'jsonpointer>1.13', 'rfc3339-validator', 'rfc3987', 'uri-template', 'webcolors>=1.11', 'fqdn', 'idna', 'isoduration', 'jsonpointer>1.13', 'rfc3339-validator', 'rfc3986-validator>0.1.0', 'rfc3987-syntax>=1.1.0', 'uri-template', 'webcolors>=24.6.0']",,,"data validation, json, json schema, jsonschema, validation",0,0.0,0,10,0.0,0.02926294498720253
rich,rich,268638122,4,1,16776,1,0,201,2204,1,12,0,3,1,0,"['pygments<3.0.0,>=2.13.0', 'ipywidgets<9,>=7.5.1', 'markdown-it-py>=2.2.0']",Will McGugan,MIT,,0,0.0,0,3,0.0,0.2061857491852643
googleapis-common-protos,googleapis-common-protos,265366015,24,1,8046,0,1,77,3629,1,0,0,2,1,0,"['protobuf!=4.21.1,!=4.21.2,!=4.21.3,!=4.21.4,!=4.21.5,<7.0.0,>=3.20.2', 'grpcio<2.0.0,>=1.44.0']",,Apache 2.0,,0,0.0,0,2,0.0,0.25974050510584634
aiosignal,aiosignal,238100568,9,1,2307,1,0,10,2277,0,0,0,2,1,0,"['frozenlist>=1.1.0', 'typing-extensions>=4.2']",,Apache 2.0,,0,0.0,0,2,0.0,0.25974050510584634
propcache,propcache,233046532,9,1,11866,1,0,10,416,1,14,0,0,0,0,[],Andrew Svetlov,Apache-2.0,"cython, cext, propcache",0,0.0,0,0,0.0,1.0
iniconfig,iniconfig,271196076,9,1,1502,0,0,11,5520,1,0,0,0,0,0,[],,,,0,0.0,0,0,0.0,1.0
wrapt,wrapt,252317741,5,1,6099,1,0,72,4460,1,16,0,2,1,0,"['pytest', 'setuptools']",Graham Dumpleton,"Copyright (c) 2013-2025, Graham Dumpleton
        All rights reserved.
        
        Redistribution and use in source and binary forms, with or without
        modification, are permitted provided that the following conditions are met:
        
        * Redistributions of source code must retain the above copyright notice, this
          list of conditions and the following disclaimer.
        
        * Redistributions in binary form must reproduce the above copyright notice,
          this list of conditions and the following disclaimer in the documentation
          and/or other materials provided with the distribution.
        
        THIS SOFTWARE IS PROVIDED BY THE COPYRIGHT HOLDERS AND CONTRIBUTORS ""AS IS""
        AND ANY EXPRESS OR IMPLIED WARRANTIES, INCLUDING, BUT NOT LIMITED TO, THE
        IMPLIED WARRANTIES OF MERCHANTABILITY AND FITNESS FOR A PARTICULAR PURPOSE
        ARE DISCLAIMED. IN NO EVENT SHALL THE COPYRIGHT HOLDER OR CONTRIBUTORS BE
        LIABLE FOR ANY DIRECT, INDIRECT, INCIDENTAL, SPECIAL, EXEMPLARY, OR
        CONSEQUENTIAL DAMAGES (INCLUDING, BUT NOT LIMITED TO, PROCUREMENT OF
        SUBSTITUTE GOODS OR SERVICES; LOSS OF USE, DATA, OR PROFITS; OR BUSINESS
        INTERRUPTION) HOWEVER CAUSED AND ON ANY THEORY OF LIABILITY, WHETHER IN
        CONTRACT, STRICT LIABILITY, OR TORT (INCLUDING NEGLIGENCE OR OTHERWISE)
        ARISING IN ANY WAY OUT OF THE USE OF THIS SOFTWARE, EVEN IF ADVISED OF THE
        POSSIBILITY OF SUCH DAMAGE.
        ","wrapper, proxy, decorator",0,0.0,0,2,0.0,0.02370878003038158
tqdm,tqdm,252504773,4,1,53520,0,0,140,4410,0,0,0,10,1,0,"['colorama', 'pytest>=6', 'pytest-cov', 'pytest-timeout', 'pytest-asyncio>=0.24', 'nbval', 'requests', 'slack-sdk', 'requests', 'ipywidgets>=6']",,MPL-2.0 AND MIT,"progressbar, progressmeter, progress, bar, meter, rate, eta, console, terminal, time",0,0.0,0,9,0.0,0.019768216904995476
pyarrow,pyarrow,245152028,7,1,2264,0,1,60,3173,0,0,0,0,0,0,[],,Apache Software License,,0,0.0,0,0,0.0,1.0
markdown-it-py,markdown-it-py,251297509,14,1,4657,0,0,43,2068,1,0,0,27,1,0,"['mdurl~=0.1', 'psutil', 'pytest', 'pytest-benchmark', 'commonmark~=0.9', 'markdown~=3.4', 'mistletoe~=1.0', 'mistune~=3.0', 'panflute~=2.3', 'markdown-it-pyrs', 'linkify-it-py<3,>=1', 'mdit-py-plugins>=0.5.0', 'gprof2dot', 'mdit-py-plugins>=0.5.0', 'myst-parser', 'pyyaml', 'sphinx', 'sphinx-copybutton', 'sphinx-design', 'sphinx-book-theme~=1.0', 'jupyter_sphinx', 'ipykernel', 'coverage', 'pytest', 'pytest-cov', 'pytest-regressions', 'requests']",,,"markdown, lexer, parser, commonmark, markdown-it",0,0.0,0,10,0.022222222222222223,0.015751470002995746
tomli,tomli,244983947,5,1,9642,0,0,27,1640,1,0,0,0,0,0,[],,,toml,0,0.0,0,0,0.0,1.0
mdurl,mdurl,242125639,5,1,647,0,0,4,1586,1,0,0,0,0,0,[],,,"markdown,commonmark",0,0.0,0,0,0.0,1.0
sqlalchemy,sqlalchemy,236110456,10,1,5719,1,0,315,7222,1,10,0,32,1,0,"['importlib-metadata', 'greenlet>=1', 'typing-extensions>=4.6.0', 'greenlet>=1', 'mypy>=0.910', 'pyodbc', 'pymssql', 'pyodbc', 'mysqlclient>=1.4.0', 'mysql-connector-python', 'mariadb!=1.1.10,!=1.1.2,!=1.1.5,>=1.0.1', 'cx_oracle>=8', 'oracledb>=1.0.1', 'psycopg2>=2.7', 'pg8000>=1.29.1', 'greenlet>=1', 'asyncpg', 'psycopg2-binary', 'psycopg2cffi', 'psycopg>=3.0.7', 'psycopg', 'pymysql', 'greenlet>=1', 'aiomysql>=0.2.0', 'greenlet>=1', 'aioodbc', 'greenlet>=1', 'asyncmy!=0.2.4,!=0.2.6,>=0.2.3', 'greenlet>=1', 'aiosqlite', 'typing_extensions!=3.10.0.1', 'sqlcipher3_binary']",Mike Bayer,MIT,,0,0.0,0,8,0.0,0.036061065165640005
greenlet,greenlet,230750280,8,1,2066,1,0,57,7256,1,16,0,5,1,0,"['Sphinx', 'furo', 'objgraph', 'psutil', 'setuptools']",Alexey Borzenkov,MIT AND Python-2.0,greenlet coroutine concurrency threads cooperative,0,0.0,0,5,0.1,0.017046904018805265
aiohappyeyeballs,aiohappyeyeballs,208392940,16,1,4759,0,1,44,714,1,14,0,0,0,0,[],J. Nick Koston,PSF-2.0,,0,0.0,0,0,0.0,1.0
pillow,pillow,236136240,6,1,5850,0,1,103,5593,1,0,0,26,1,0,"['furo', 'olefile', 'sphinx>=8.2', 'sphinx-autobuild', 'sphinx-copybutton', 'sphinx-inline-tabs', 'sphinxext-opengraph', 'olefile', 'olefile', 'arro3-compute', 'arro3-core', 'nanoarrow', 'pyarrow', 'check-manifest', 'coverage>=7.4.2', 'defusedxml', 'markdown2', 'olefile', 'packaging', 'pyroma>=5', 'pytest', 'pytest-cov', 'pytest-timeout', 'pytest-xdist', 'trove-classifiers>=2024.10.12', 'defusedxml']",,,Imaging,0,0.0,0,8,0.0,0.10152277059153791
grpcio,grpcio,228221110,6,1,2599,1,0,265,3890,1,16,0,2,1,0,"['typing-extensions~=4.12', 'grpcio-tools>=1.76.0']",The gRPC Authors,Apache License 2.0,,0,0.0,0,2,0.0,0.25974050510584634
pathspec,pathspec,236820829,8,1,19885,0,0,31,4358,1,0,0,0,0,0,[],,,,0,0.0,0,0,0.0,1.0
rpds-py,rpds-py,230826201,7,1,2703,0,1,68,994,1,0,0,0,0,0,[],,,"data structures, rust, persistent",0,0.0,0,0,0.0,1.0
psutil,psutil,237877083,6,1,18209,1,0,101,4438,1,16,0,38,1,1,"['pytest', 'pytest-instafail', 'pytest-subtests', 'pytest-xdist', 'setuptools', 'pywin32', 'wheel', 'wmi', 'abi3audit', 'black', 'check-manifest', 'colorama', 'coverage', 'packaging', 'pylint', 'pyperf', 'pypinfo', 'pyreadline', 'pytest-cov', 'requests', 'rstcheck', 'ruff', 'sphinx', 'sphinx_rtd_theme', 'toml-sort', 'twine', 'validate-pyproject', 'virtualenv', 'vulture', 'wheel', 'pytest', 'pytest-instafail', 'pytest-subtests', 'pytest-xdist', 'setuptools', 'pywin32', 'wheel', 'wmi']",Giampaolo Rodola,BSD-3-Clause,"ps, top, kill, free, lsof, netstat, nice, tty, ionice, uptime, taskmgr, process, df, iotop, iostat, ifconfig, taskset, who, pidof, pmap, smem, pstree, monitoring, ulimit, prlimit, smem, performance, metrics, agent, observability",0,0.0,0,10,0.0,0.014404353839812669
openpyxl,openpyxl,206950782,8,1,1388,1,1,96,5582,1,11,0,1,1,0,['et-xmlfile'],See AUTHORS,MIT,,0,0.0,0,1,0.0,0.3508773619358619
et-xmlfile,et-xmlfile,206002433,10,1,1528,1,1,4,3890,1,15,0,0,0,0,[],See AUTHORS.txt,MIT,,0,0.0,0,0,0.0,1.0
pyparsing,pyparsing,219728579,9,1,3629,0,0,84,6720,1,0,0,2,1,0,"['railroad-diagrams', 'jinja2']",,,,0,0.0,0,2,0.0,0.14161788679509452
scipy,scipy,277145874,5,1,3572,0,0,100,5597,0,0,0,38,1,0,"['numpy<2.6,>=1.25.2', 'pytest>=8.0.0', 'pytest-cov', 'pytest-timeout', 'pytest-xdist', 'asv', 'mpmath', 'gmpy2', 'threadpoolctl', 'scikit-umfpack', 'pooch', 'hypothesis>=6.30', 'array-api-strict>=2.3.1', 'Cython', 'meson', 'ninja', 'sphinx<8.2.0,>=5.0.0', 'intersphinx_registry', 'pydata-sphinx-theme>=0.15.2', 'sphinx-copybutton', 'sphinx-design>=0.4.0', 'matplotlib>=3.5', 'numpydoc', 'jupytext', 'myst-nb>=1.2.0', 'pooch', 'jupyterlite-sphinx>=0.19.1', 'jupyterlite-pyodide-kernel', 'linkify-it-py', 'mypy==1.10.0', 'typing_extensions', 'types-psutil', 'pycodestyle', 'ruff>=0.0.292', 'cython-lint>=0.12.2', 'rich-click', 'doit>=0.36.0', 'pydevtool']",,"Copyright (c) 2001-2002 Enthought, Inc. 2003, SciPy Developers.
         All rights reserved.
         
         Redistribution and use in source and binary forms, with or without
         modification, are permitted provided that the following conditions
         are met:
         
         1. Redistributions of source code must retain the above copyright
            notice, this list of conditions and the following disclaimer.
         
         2. Redistributions in binary form must reproduce the above
            copyright notice, this list of conditions and the following
            disclaimer in the documentation and/or other materials provided
            with the distribution.
         
         3. Neither the name of the copyright holder nor the names of its
            contributors may be used to endorse or promote products derived
            from this software without specific prior written permission.
         
         THIS SOFTWARE IS PROVIDED BY THE COPYRIGHT HOLDERS AND CONTRIBUTORS
         ""AS IS"" AND ANY EXPRESS OR IMPLIED WARRANTIES, INCLUDING, BUT NOT
         LIMITED TO, THE IMPLIED WARRANTIES OF MERCHANTABILITY AND FITNESS FOR
         A PARTICULAR PURPOSE ARE DISCLAIMED. IN NO EVENT SHALL THE COPYRIGHT
         OWNER OR CONTRIBUTORS BE LIABLE FOR ANY DIRECT, INDIRECT, INCIDENTAL,
         SPECIAL, EXEMPLARY, OR CONSEQUENTIAL DAMAGES (INCLUDING, BUT NOT
         LIMITED TO, PROCUREMENT OF SUBSTITUTE GOODS OR SERVICES; LOSS OF USE,
         DATA, OR PROFITS; OR BUSINESS INTERRUPTION) HOWEVER CAUSED AND ON ANY
         THEORY OF LIABILITY, WHETHER IN CONTRACT, STRICT LIABILITY, OR TORT
         (INCLUDING NEGLIGENCE OR OTHERWISE) ARISING IN ANY WAY OUT OF THE USE
         OF THIS SOFTWARE, EVEN IF ADVISED OF THE POSSIBILITY OF SUCH DAMAGE.
         
         ----
         
         This binary distribution of SciPy can also bundle the following software
         (depending on the build):
         
         
         Name: OpenBLAS
         Files: scipy/.dylibs/libscipy_openblas*.so
         Description: bundled as a dynamically linked library
         Availability: https://github.com/OpenMathLib/OpenBLAS/
         License: BSD-3-Clause
           Copyright (c) 2011-2014, The OpenBLAS Project
           All rights reserved.
         
           Redistribution and use in source and binary forms, with or without
           modification, are permitted provided that the following conditions are
           met:
         
              1. Redistributions of source code must retain the above copyright
                 notice, this list of conditions and the following disclaimer.
         
              2. Redistributions in binary form must reproduce the above copyright
                 notice, this list of conditions and the following disclaimer in
                 the documentation and/or other materials provided with the
                 distribution.
              3. Neither the name of the OpenBLAS project nor the names of
                 its contributors may be used to endorse or promote products
                 derived from this software without specific prior written
                 permission.
         
           THIS SOFTWARE IS PROVIDED BY THE COPYRIGHT HOLDERS AND CONTRIBUTORS ""AS IS""
           AND ANY EXPRESS OR IMPLIED WARRANTIES, INCLUDING, BUT NOT LIMITED TO, THE
           IMPLIED WARRANTIES OF MERCHANTABILITY AND FITNESS FOR A PARTICULAR PURPOSE
           ARE DISCLAIMED. IN NO EVENT SHALL THE COPYRIGHT OWNER OR CONTRIBUTORS BE
           LIABLE FOR ANY DIRECT, INDIRECT, INCIDENTAL, SPECIAL, EXEMPLARY, OR CONSEQUENTIAL
           DAMAGES (INCLUDING, BUT NOT LIMITED TO, PROCUREMENT OF SUBSTITUTE GOODS OR
           SERVICES; LOSS OF USE, DATA, OR PROFITS; OR BUSINESS INTERRUPTION) HOWEVER
           CAUSED AND ON ANY THEORY OF LIABILITY, WHETHER IN CONTRACT, STRICT LIABILITY,
           OR TORT (INCLUDING NEGLIGENCE OR OTHERWISE) ARISING IN ANY WAY OUT OF THE
           USE OF THIS SOFTWARE, EVEN IF ADVISED OF THE POSSIBILITY OF SUCH DAMAGE.
         
         
         Name: LAPACK
         Files: scipy/.dylibs/libscipy_openblas*.so
         Description: bundled in OpenBLAS
         Availability: https://github.com/OpenMathLib/OpenBLAS/
         License: BSD-3-Clause-Open-MPI
           Copyright (c) 1992-2013 The University of Tennessee and The University
                                   of Tennessee Research Foundation.  All rights
                                   reserved.
           Copyright (c) 2000-2013 The University of California Berkeley. All
                                   rights reserved.
           Copyright (c) 2006-2013 The University of Colorado Denver.  All rights
                                   reserved.
         
           $COPYRIGHT$
         
           Additional copyrights may follow
         
           $HEADER$
         
           Redistribution and use in source and binary forms, with or without
           modification, are permitted provided that the following conditions are
           met:
         
           - Redistributions of source code must retain the above copyright
             notice, this list of conditions and the following disclaimer.
         
           - Redistributions in binary form must reproduce the above copyright
             notice, this list of conditions and the following disclaimer listed
             in this license in the documentation and/or other materials
             provided with the distribution.
         
           - Neither the name of the copyright holders nor the names of its
             contributors may be used to endorse or promote products derived from
             this software without specific prior written permission.
         
           The copyright holders provide no reassurances that the source code
           provided does not infringe any patent, copyright, or any other
           intellectual property rights of third parties.  The copyright holders
           disclaim any liability to any recipient for claims brought against
           recipient by any third party for infringement of that parties
           intellectual property rights.
         
           THIS SOFTWARE IS PROVIDED BY THE COPYRIGHT HOLDERS AND CONTRIBUTORS
           ""AS IS"" AND ANY EXPRESS OR IMPLIED WARRANTIES, INCLUDING, BUT NOT
           LIMITED TO, THE IMPLIED WARRANTIES OF MERCHANTABILITY AND FITNESS FOR
           A PARTICULAR PURPOSE ARE DISCLAIMED. IN NO EVENT SHALL THE COPYRIGHT
           OWNER OR CONTRIBUTORS BE LIABLE FOR ANY DIRECT, INDIRECT, INCIDENTAL,
           SPECIAL, EXEMPLARY, OR CONSEQUENTIAL DAMAGES (INCLUDING, BUT NOT
           LIMITED TO, PROCUREMENT OF SUBSTITUTE GOODS OR SERVICES; LOSS OF USE,
           DATA, OR PROFITS; OR BUSINESS INTERRUPTION) HOWEVER CAUSED AND ON ANY
           THEORY OF LIABILITY, WHETHER IN CONTRACT, STRICT LIABILITY, OR TORT
           (INCLUDING NEGLIGENCE OR OTHERWISE) ARISING IN ANY WAY OUT OF THE USE
           OF THIS SOFTWARE, EVEN IF ADVISED OF THE POSSIBILITY OF SUCH DAMAGE.
         
         
         Name: GCC runtime library
         Files: scipy/.dylibs/libgfortran*, scipy/.dylibs/libgcc*
         Description: dynamically linked to files compiled with gcc
         Availability: https://gcc.gnu.org/git/?p=gcc.git;a=tree;f=libgfortran
         License: GPL-3.0-or-later WITH GCC-exception-3.1
           Copyright (C) 2002-2017 Free Software Foundation, Inc.
           
           Libgfortran is free software; you can redistribute it and/or modify
           it under the terms of the GNU General Public License as published by
           the Free Software Foundation; either version 3, or (at your option)
           any later version.
           
           Libgfortran is distributed in the hope that it will be useful,
           but WITHOUT ANY WARRANTY; without even the implied warranty of
           MERCHANTABILITY or FITNESS FOR A PARTICULAR PURPOSE.  See the
           GNU General Public License for more details.
           
           Under Section 7 of GPL version 3, you are granted additional
           permissions described in the GCC Runtime Library Exception, version
           3.1, as published by the Free Software Foundation.
           
           You should have received a copy of the GNU General Public License and
           a copy of the GCC Runtime Library Exception along with this program;
           see the files COPYING3 and COPYING.RUNTIME respectively.  If not, see
           <http://www.gnu.org/licenses/>.
         
         ----
         
         Full text of license texts referred to above follows (that they are
         listed below does not necessarily imply the conditions apply to the
         present binary release):
         
         ----
         
         GCC RUNTIME LIBRARY EXCEPTION
         
         Version 3.1, 31 March 2009
         
         Copyright (C) 2009 Free Software Foundation, Inc. <http://fsf.org/>
         
         Everyone is permitted to copy and distribute verbatim copies of this
         license document, but changing it is not allowed.
         
         This GCC Runtime Library Exception (""Exception"") is an additional
         permission under section 7 of the GNU General Public License, version
         3 (""GPLv3""). It applies to a given file (the ""Runtime Library"") that
         bears a notice placed by the copyright holder of the file stating that
         the file is governed by GPLv3 along with this Exception.
         
         When you use GCC to compile a program, GCC may combine portions of
         certain GCC header files and runtime libraries with the compiled
         program. The purpose of this Exception is to allow compilation of
         non-GPL (including proprietary) programs to use, in this way, the
         header files and runtime libraries covered by this Exception.
         
         0. Definitions.
         
         A file is an ""Independent Module"" if it either requires the Runtime
         Library for execution after a Compilation Process, or makes use of an
         interface provided by the Runtime Library, but is not otherwise based
         on the Runtime Library.
         
         ""GCC"" means a version of the GNU Compiler Collection, with or without
         modifications, governed by version 3 (or a specified later version) of
         the GNU General Public License (GPL) with the option of using any
         subsequent versions published by the FSF.
         
         ""GPL-compatible Software"" is software whose conditions of propagation,
         modification and use would permit combination with GCC in accord with
         the license of GCC.
         
         ""Target Code"" refers to output from any compiler for a real or virtual
         target processor architecture, in executable form or suitable for
         input to an assembler, loader, linker and/or execution
         phase. Notwithstanding that, Target Code does not include data in any
         format that is used as a compiler intermediate representation, or used
         for producing a compiler intermediate representation.
         
         The ""Compilation Process"" transforms code entirely represented in
         non-intermediate languages designed for human-written code, and/or in
         Java Virtual Machine byte code, into Target Code. Thus, for example,
         use of source code generators and preprocessors need not be considered
         part of the Compilation Process, since the Compilation Process can be
         understood as starting with the output of the generators or
         preprocessors.
         
         A Compilation Process is ""Eligible"" if it is done using GCC, alone or
         with other GPL-compatible software, or if it is done without using any
         work based on GCC. For example, using non-GPL-compatible Software to
         optimize any GCC intermediate representations would not qualify as an
         Eligible Compilation Process.
         
         1. Grant of Additional Permission.
         
         You have permission to propagate a work of Target Code formed by
         combining the Runtime Library with Independent Modules, even if such
         propagation would otherwise violate the terms of GPLv3, provided that
         all Target Code was generated by Eligible Compilation Processes. You
         may then convey such a combination under terms of your choice,
         consistent with the licensing of the Independent Modules.
         
         2. No Weakening of GCC Copyleft.
         
         The availability of this Exception does not imply any general
         presumption that third-party software is unaffected by the copyleft
         requirements of the license of GCC.
         
         ----
         
                             GNU GENERAL PUBLIC LICENSE
                                Version 3, 29 June 2007
         
          Copyright (C) 2007 Free Software Foundation, Inc. <http://fsf.org/>
          Everyone is permitted to copy and distribute verbatim copies
          of this license document, but changing it is not allowed.
         
                                     Preamble
         
           The GNU General Public License is a free, copyleft license for
         software and other kinds of works.
         
           The licenses for most software and other practical works are designed
         to take away your freedom to share and change the works.  By contrast,
         the GNU General Public License is intended to guarantee your freedom to
         share and change all versions of a program--to make sure it remains free
         software for all its users.  We, the Free Software Foundation, use the
         GNU General Public License for most of our software; it applies also to
         any other work released this way by its authors.  You can apply it to
         your programs, too.
         
           When we speak of free software, we are referring to freedom, not
         price.  Our General Public Licenses are designed to make sure that you
         have the freedom to distribute copies of free software (and charge for
         them if you wish), that you receive source code or can get it if you
         want it, that you can change the software or use pieces of it in new
         free programs, and that you know you can do these things.
         
           To protect your rights, we need to prevent others from denying you
         these rights or asking you to surrender the rights.  Therefore, you have
         certain responsibilities if you distribute copies of the software, or if
         you modify it: responsibilities to respect the freedom of others.
         
           For example, if you distribute copies of such a program, whether
         gratis or for a fee, you must pass on to the recipients the same
         freedoms that you received.  You must make sure that they, too, receive
         or can get the source code.  And you must show them these terms so they
         know their rights.
         
           Developers that use the GNU GPL protect your rights with two steps:
         (1) assert copyright on the software, and (2) offer you this License
         giving you legal permission to copy, distribute and/or modify it.
         
           For the developers' and authors' protection, the GPL clearly explains
         that there is no warranty for this free software.  For both users' and
         authors' sake, the GPL requires that modified versions be marked as
         changed, so that their problems will not be attributed erroneously to
         authors of previous versions.
         
           Some devices are designed to deny users access to install or run
         modified versions of the software inside them, although the manufacturer
         can do so.  This is fundamentally incompatible with the aim of
         protecting users' freedom to change the software.  The systematic
         pattern of such abuse occurs in the area of products for individuals to
         use, which is precisely where it is most unacceptable.  Therefore, we
         have designed this version of the GPL to prohibit the practice for those
         products.  If such problems arise substantially in other domains, we
         stand ready to extend this provision to those domains in future versions
         of the GPL, as needed to protect the freedom of users.
         
           Finally, every program is threatened constantly by software patents.
         States should not allow patents to restrict development and use of
         software on general-purpose computers, but in those that do, we wish to
         avoid the special danger that patents applied to a free program could
         make it effectively proprietary.  To prevent this, the GPL assures that
         patents cannot be used to render the program non-free.
         
           The precise terms and conditions for copying, distribution and
         modification follow.
         
                                TERMS AND CONDITIONS
         
           0. Definitions.
         
           ""This License"" refers to version 3 of the GNU General Public License.
         
           ""Copyright"" also means copyright-like laws that apply to other kinds of
         works, such as semiconductor masks.
         
           ""The Program"" refers to any copyrightable work licensed under this
         License.  Each licensee is addressed as ""you"".  ""Licensees"" and
         ""recipients"" may be individuals or organizations.
         
           To ""modify"" a work means to copy from or adapt all or part of the work
         in a fashion requiring copyright permission, other than the making of an
         exact copy.  The resulting work is called a ""modified version"" of the
         earlier work or a work ""based on"" the earlier work.
         
           A ""covered work"" means either the unmodified Program or a work based
         on the Program.
         
           To ""propagate"" a work means to do anything with it that, without
         permission, would make you directly or secondarily liable for
         infringement under applicable copyright law, except executing it on a
         computer or modifying a private copy.  Propagation includes copying,
         distribution (with or without modification), making available to the
         public, and in some countries other activities as well.
         
           To ""convey"" a work means any kind of propagation that enables other
         parties to make or receive copies.  Mere interaction with a user through
         a computer network, with no transfer of a copy, is not conveying.
         
           An interactive user interface displays ""Appropriate Legal Notices""
         to the extent that it includes a convenient and prominently visible
         feature that (1) displays an appropriate copyright notice, and (2)
         tells the user that there is no warranty for the work (except to the
         extent that warranties are provided), that licensees may convey the
         work under this License, and how to view a copy of this License.  If
         the interface presents a list of user commands or options, such as a
         menu, a prominent item in the list meets this criterion.
         
           1. Source Code.
         
           The ""source code"" for a work means the preferred form of the work
         for making modifications to it.  ""Object code"" means any non-source
         form of a work.
         
           A ""Standard Interface"" means an interface that either is an official
         standard defined by a recognized standards body, or, in the case of
         interfaces specified for a particular programming language, one that
         is widely used among developers working in that language.
         
           The ""System Libraries"" of an executable work include anything, other
         than the work as a whole, that (a) is included in the normal form of
         packaging a Major Component, but which is not part of that Major
         Component, and (b) serves only to enable use of the work with that
         Major Component, or to implement a Standard Interface for which an
         implementation is available to the public in source code form.  A
         ""Major Component"", in this context, means a major essential component
         (kernel, window system, and so on) of the specific operating system
         (if any) on which the executable work runs, or a compiler used to
         produce the work, or an object code interpreter used to run it.
         
           The ""Corresponding Source"" for a work in object code form means all
         the source code needed to generate, install, and (for an executable
         work) run the object code and to modify the work, including scripts to
         control those activities.  However, it does not include the work's
         System Libraries, or general-purpose tools or generally available free
         programs which are used unmodified in performing those activities but
         which are not part of the work.  For example, Corresponding Source
         includes interface definition files associated with source files for
         the work, and the source code for shared libraries and dynamically
         linked subprograms that the work is specifically designed to require,
         such as by intimate data communication or control flow between those
         subprograms and other parts of the work.
         
           The Corresponding Source need not include anything that users
         can regenerate automatically from other parts of the Corresponding
         Source.
         
           The Corresponding Source for a work in source code form is that
         same work.
         
           2. Basic Permissions.
         
           All rights granted under this License are granted for the term of
         copyright on the Program, and are irrevocable provided the stated
         conditions are met.  This License explicitly affirms your unlimited
         permission to run the unmodified Program.  The output from running a
         covered work is covered by this License only if the output, given its
         content, constitutes a covered work.  This License acknowledges your
         rights of fair use or other equivalent, as provided by copyright law.
         
           You may make, run and propagate covered works that you do not
         convey, without conditions so long as your license otherwise remains
         in force.  You may convey covered works to others for the sole purpose
         of having them make modifications exclusively for you, or provide you
         with facilities for running those works, provided that you comply with
         the terms of this License in conveying all material for which you do
         not control copyright.  Those thus making or running the covered works
         for you must do so exclusively on your behalf, under your direction
         and control, on terms that prohibit them from making any copies of
         your copyrighted material outside their relationship with you.
         
           Conveying under any other circumstances is permitted solely under
         the conditions stated below.  Sublicensing is not allowed; section 10
         makes it unnecessary.
         
           3. Protecting Users' Legal Rights From Anti-Circumvention Law.
         
           No covered work shall be deemed part of an effective technological
         measure under any applicable law fulfilling obligations under article
         11 of the WIPO copyright treaty adopted on 20 December 1996, or
         similar laws prohibiting or restricting circumvention of such
         measures.
         
           When you convey a covered work, you waive any legal power to forbid
         circumvention of technological measures to the extent such circumvention
         is effected by exercising rights under this License with respect to
         the covered work, and you disclaim any intention to limit operation or
         modification of the work as a means of enforcing, against the work's
         users, your or third parties' legal rights to forbid circumvention of
         technological measures.
         
           4. Conveying Verbatim Copies.
         
           You may convey verbatim copies of the Program's source code as you
         receive it, in any medium, provided that you conspicuously and
         appropriately publish on each copy an appropriate copyright notice;
         keep intact all notices stating that this License and any
         non-permissive terms added in accord with section 7 apply to the code;
         keep intact all notices of the absence of any warranty; and give all
         recipients a copy of this License along with the Program.
         
           You may charge any price or no price for each copy that you convey,
         and you may offer support or warranty protection for a fee.
         
           5. Conveying Modified Source Versions.
         
           You may convey a work based on the Program, or the modifications to
         produce it from the Program, in the form of source code under the
         terms of section 4, provided that you also meet all of these conditions:
         
             a) The work must carry prominent notices stating that you modified
             it, and giving a relevant date.
         
             b) The work must carry prominent notices stating that it is
             released under this License and any conditions added under section
             7.  This requirement modifies the requirement in section 4 to
             ""keep intact all notices"".
         
             c) You must license the entire work, as a whole, under this
             License to anyone who comes into possession of a copy.  This
             License will therefore apply, along with any applicable section 7
             additional terms, to the whole of the work, and all its parts,
             regardless of how they are packaged.  This License gives no
             permission to license the work in any other way, but it does not
             invalidate such permission if you have separately received it.
         
             d) If the work has interactive user interfaces, each must display
             Appropriate Legal Notices; however, if the Program has interactive
             interfaces that do not display Appropriate Legal Notices, your
             work need not make them do so.
         
           A compilation of a covered work with other separate and independent
         works, which are not by their nature extensions of the covered work,
         and which are not combined with it such as to form a larger program,
         in or on a volume of a storage or distribution medium, is called an
         ""aggregate"" if the compilation and its resulting copyright are not
         used to limit the access or legal rights of the compilation's users
         beyond what the individual works permit.  Inclusion of a covered work
         in an aggregate does not cause this License to apply to the other
         parts of the aggregate.
         
           6. Conveying Non-Source Forms.
         
           You may convey a covered work in object code form under the terms
         of sections 4 and 5, provided that you also convey the
         machine-readable Corresponding Source under the terms of this License,
         in one of these ways:
         
             a) Convey the object code in, or embodied in, a physical product
             (including a physical distribution medium), accompanied by the
             Corresponding Source fixed on a durable physical medium
             customarily used for software interchange.
         
             b) Convey the object code in, or embodied in, a physical product
             (including a physical distribution medium), accompanied by a
             written offer, valid for at least three years and valid for as
             long as you offer spare parts or customer support for that product
             model, to give anyone who possesses the object code either (1) a
             copy of the Corresponding Source for all the software in the
             product that is covered by this License, on a durable physical
             medium customarily used for software interchange, for a price no
             more than your reasonable cost of physically performing this
             conveying of source, or (2) access to copy the
             Corresponding Source from a network server at no charge.
         
             c) Convey individual copies of the object code with a copy of the
             written offer to provide the Corresponding Source.  This
             alternative is allowed only occasionally and noncommercially, and
             only if you received the object code with such an offer, in accord
             with subsection 6b.
         
             d) Convey the object code by offering access from a designated
             place (gratis or for a charge), and offer equivalent access to the
             Corresponding Source in the same way through the same place at no
             further charge.  You need not require recipients to copy the
             Corresponding Source along with the object code.  If the place to
             copy the object code is a network server, the Corresponding Source
             may be on a different server (operated by you or a third party)
             that supports equivalent copying facilities, provided you maintain
             clear directions next to the object code saying where to find the
             Corresponding Source.  Regardless of what server hosts the
             Corresponding Source, you remain obligated to ensure that it is
             available for as long as needed to satisfy these requirements.
         
             e) Convey the object code using peer-to-peer transmission, provided
             you inform other peers where the object code and Corresponding
             Source of the work are being offered to the general public at no
             charge under subsection 6d.
         
           A separable portion of the object code, whose source code is excluded
         from the Corresponding Source as a System Library, need not be
         included in conveying the object code work.
         
           A ""User Product"" is either (1) a ""consumer product"", which means any
         tangible personal property which is normally used for personal, family,
         or household purposes, or (2) anything designed or sold for incorporation
         into a dwelling.  In determining whether a product is a consumer product,
         doubtful cases shall be resolved in favor of coverage.  For a particular
         product received by a particular user, ""normally used"" refers to a
         typical or common use of that class of product, regardless of the status
         of the particular user or of the way in which the particular user
         actually uses, or expects or is expected to use, the product.  A product
         is a consumer product regardless of whether the product has substantial
         commercial, industrial or non-consumer uses, unless such uses represent
         the only significant mode of use of the product.
         
           ""Installation Information"" for a User Product means any methods,
         procedures, authorization keys, or other information required to install
         and execute modified versions of a covered work in that User Product from
         a modified version of its Corresponding Source.  The information must
         suffice to ensure that the continued functioning of the modified object
         code is in no case prevented or interfered with solely because
         modification has been made.
         
           If you convey an object code work under this section in, or with, or
         specifically for use in, a User Product, and the conveying occurs as
         part of a transaction in which the right of possession and use of the
         User Product is transferred to the recipient in perpetuity or for a
         fixed term (regardless of how the transaction is characterized), the
         Corresponding Source conveyed under this section must be accompanied
         by the Installation Information.  But this requirement does not apply
         if neither you nor any third party retains the ability to install
         modified object code on the User Product (for example, the work has
         been installed in ROM).
         
           The requirement to provide Installation Information does not include a
         requirement to continue to provide support service, warranty, or updates
         for a work that has been modified or installed by the recipient, or for
         the User Product in which it has been modified or installed.  Access to a
         network may be denied when the modification itself materially and
         adversely affects the operation of the network or violates the rules and
         protocols for communication across the network.
         
           Corresponding Source conveyed, and Installation Information provided,
         in accord with this section must be in a format that is publicly
         documented (and with an implementation available to the public in
         source code form), and must require no special password or key for
         unpacking, reading or copying.
         
           7. Additional Terms.
         
           ""Additional permissions"" are terms that supplement the terms of this
         License by making exceptions from one or more of its conditions.
         Additional permissions that are applicable to the entire Program shall
         be treated as though they were included in this License, to the extent
         that they are valid under applicable law.  If additional permissions
         apply only to part of the Program, that part may be used separately
         under those permissions, but the entire Program remains governed by
         this License without regard to the additional permissions.
         
           When you convey a copy of a covered work, you may at your option
         remove any additional permissions from that copy, or from any part of
         it.  (Additional permissions may be written to require their own
         removal in certain cases when you modify the work.)  You may place
         additional permissions on material, added by you to a covered work,
         for which you have or can give appropriate copyright permission.
         
           Notwithstanding any other provision of this License, for material you
         add to a covered work, you may (if authorized by the copyright holders of
         that material) supplement the terms of this License with terms:
         
             a) Disclaiming warranty or limiting liability differently from the
             terms of sections 15 and 16 of this License; or
         
             b) Requiring preservation of specified reasonable legal notices or
             author attributions in that material or in the Appropriate Legal
             Notices displayed by works containing it; or
         
             c) Prohibiting misrepresentation of the origin of that material, or
             requiring that modified versions of such material be marked in
             reasonable ways as different from the original version; or
         
             d) Limiting the use for publicity purposes of names of licensors or
             authors of the material; or
         
             e) Declining to grant rights under trademark law for use of some
             trade names, trademarks, or service marks; or
         
             f) Requiring indemnification of licensors and authors of that
             material by anyone who conveys the material (or modified versions of
             it) with contractual assumptions of liability to the recipient, for
             any liability that these contractual assumptions directly impose on
             those licensors and authors.
         
           All other non-permissive additional terms are considered ""further
         restrictions"" within the meaning of section 10.  If the Program as you
         received it, or any part of it, contains a notice stating that it is
         governed by this License along with a term that is a further
         restriction, you may remove that term.  If a license document contains
         a further restriction but permits relicensing or conveying under this
         License, you may add to a covered work material governed by the terms
         of that license document, provided that the further restriction does
         not survive such relicensing or conveying.
         
           If you add terms to a covered work in accord with this section, you
         must place, in the relevant source files, a statement of the
         additional terms that apply to those files, or a notice indicating
         where to find the applicable terms.
         
           Additional terms, permissive or non-permissive, may be stated in the
         form of a separately written license, or stated as exceptions;
         the above requirements apply either way.
         
           8. Termination.
         
           You may not propagate or modify a covered work except as expressly
         provided under this License.  Any attempt otherwise to propagate or
         modify it is void, and will automatically terminate your rights under
         this License (including any patent licenses granted under the third
         paragraph of section 11).
         
           However, if you cease all violation of this License, then your
         license from a particular copyright holder is reinstated (a)
         provisionally, unless and until the copyright holder explicitly and
         finally terminates your license, and (b) permanently, if the copyright
         holder fails to notify you of the violation by some reasonable means
         prior to 60 days after the cessation.
         
           Moreover, your license from a particular copyright holder is
         reinstated permanently if the copyright holder notifies you of the
         violation by some reasonable means, this is the first time you have
         received notice of violation of this License (for any work) from that
         copyright holder, and you cure the violation prior to 30 days after
         your receipt of the notice.
         
           Termination of your rights under this section does not terminate the
         licenses of parties who have received copies or rights from you under
         this License.  If your rights have been terminated and not permanently
         reinstated, you do not qualify to receive new licenses for the same
         material under section 10.
         
           9. Acceptance Not Required for Having Copies.
         
           You are not required to accept this License in order to receive or
         run a copy of the Program.  Ancillary propagation of a covered work
         occurring solely as a consequence of using peer-to-peer transmission
         to receive a copy likewise does not require acceptance.  However,
         nothing other than this License grants you permission to propagate or
         modify any covered work.  These actions infringe copyright if you do
         not accept this License.  Therefore, by modifying or propagating a
         covered work, you indicate your acceptance of this License to do so.
         
           10. Automatic Licensing of Downstream Recipients.
         
           Each time you convey a covered work, the recipient automatically
         receives a license from the original licensors, to run, modify and
         propagate that work, subject to this License.  You are not responsible
         for enforcing compliance by third parties with this License.
         
           An ""entity transaction"" is a transaction transferring control of an
         organization, or substantially all assets of one, or subdividing an
         organization, or merging organizations.  If propagation of a covered
         work results from an entity transaction, each party to that
         transaction who receives a copy of the work also receives whatever
         licenses to the work the party's predecessor in interest had or could
         give under the previous paragraph, plus a right to possession of the
         Corresponding Source of the work from the predecessor in interest, if
         the predecessor has it or can get it with reasonable efforts.
         
           You may not impose any further restrictions on the exercise of the
         rights granted or affirmed under this License.  For example, you may
         not impose a license fee, royalty, or other charge for exercise of
         rights granted under this License, and you may not initiate litigation
         (including a cross-claim or counterclaim in a lawsuit) alleging that
         any patent claim is infringed by making, using, selling, offering for
         sale, or importing the Program or any portion of it.
         
           11. Patents.
         
           A ""contributor"" is a copyright holder who authorizes use under this
         License of the Program or a work on which the Program is based.  The
         work thus licensed is called the contributor's ""contributor version"".
         
           A contributor's ""essential patent claims"" are all patent claims
         owned or controlled by the contributor, whether already acquired or
         hereafter acquired, that would be infringed by some manner, permitted
         by this License, of making, using, or selling its contributor version,
         but do not include claims that would be infringed only as a
         consequence of further modification of the contributor version.  For
         purposes of this definition, ""control"" includes the right to grant
         patent sublicenses in a manner consistent with the requirements of
         this License.
         
           Each contributor grants you a non-exclusive, worldwide, royalty-free
         patent license under the contributor's essential patent claims, to
         make, use, sell, offer for sale, import and otherwise run, modify and
         propagate the contents of its contributor version.
         
           In the following three paragraphs, a ""patent license"" is any express
         agreement or commitment, however denominated, not to enforce a patent
         (such as an express permission to practice a patent or covenant not to
         sue for patent infringement).  To ""grant"" such a patent license to a
         party means to make such an agreement or commitment not to enforce a
         patent against the party.
         
           If you convey a covered work, knowingly relying on a patent license,
         and the Corresponding Source of the work is not available for anyone
         to copy, free of charge and under the terms of this License, through a
         publicly available network server or other readily accessible means,
         then you must either (1) cause the Corresponding Source to be so
         available, or (2) arrange to deprive yourself of the benefit of the
         patent license for this particular work, or (3) arrange, in a manner
         consistent with the requirements of this License, to extend the patent
         license to downstream recipients.  ""Knowingly relying"" means you have
         actual knowledge that, but for the patent license, your conveying the
         covered work in a country, or your recipient's use of the covered work
         in a country, would infringe one or more identifiable patents in that
         country that you have reason to believe are valid.
         
           If, pursuant to or in connection with a single transaction or
         arrangement, you convey, or propagate by procuring conveyance of, a
         covered work, and grant a patent license to some of the parties
         receiving the covered work authorizing them to use, propagate, modify
         or convey a specific copy of the covered work, then the patent license
         you grant is automatically extended to all recipients of the covered
         work and works based on it.
         
           A patent license is ""discriminatory"" if it does not include within
         the scope of its coverage, prohibits the exercise of, or is
         conditioned on the non-exercise of one or more of the rights that are
         specifically granted under this License.  You may not convey a covered
         work if you are a party to an arrangement with a third party that is
         in the business of distributing software, under which you make payment
         to the third party based on the extent of your activity of conveying
         the work, and under which the third party grants, to any of the
         parties who would receive the covered work from you, a discriminatory
         patent license (a) in connection with copies of the covered work
         conveyed by you (or copies made from those copies), or (b) primarily
         for and in connection with specific products or compilations that
         contain the covered work, unless you entered into that arrangement,
         or that patent license was granted, prior to 28 March 2007.
         
           Nothing in this License shall be construed as excluding or limiting
         any implied license or other defenses to infringement that may
         otherwise be available to you under applicable patent law.
         
           12. No Surrender of Others' Freedom.
         
           If conditions are imposed on you (whether by court order, agreement or
         otherwise) that contradict the conditions of this License, they do not
         excuse you from the conditions of this License.  If you cannot convey a
         covered work so as to satisfy simultaneously your obligations under this
         License and any other pertinent obligations, then as a consequence you may
         not convey it at all.  For example, if you agree to terms that obligate you
         to collect a royalty for further conveying from those to whom you convey
         the Program, the only way you could satisfy both those terms and this
         License would be to refrain entirely from conveying the Program.
         
           13. Use with the GNU Affero General Public License.
         
           Notwithstanding any other provision of this License, you have
         permission to link or combine any covered work with a work licensed
         under version 3 of the GNU Affero General Public License into a single
         combined work, and to convey the resulting work.  The terms of this
         License will continue to apply to the part which is the covered work,
         but the special requirements of the GNU Affero General Public License,
         section 13, concerning interaction through a network will apply to the
         combination as such.
         
           14. Revised Versions of this License.
         
           The Free Software Foundation may publish revised and/or new versions of
         the GNU General Public License from time to time.  Such new versions will
         be similar in spirit to the present version, but may differ in detail to
         address new problems or concerns.
         
           Each version is given a distinguishing version number.  If the
         Program specifies that a certain numbered version of the GNU General
         Public License ""or any later version"" applies to it, you have the
         option of following the terms and conditions either of that numbered
         version or of any later version published by the Free Software
         Foundation.  If the Program does not specify a version number of the
         GNU General Public License, you may choose any version ever published
         by the Free Software Foundation.
         
           If the Program specifies that a proxy can decide which future
         versions of the GNU General Public License can be used, that proxy's
         public statement of acceptance of a version permanently authorizes you
         to choose that version for the Program.
         
           Later license versions may give you additional or different
         permissions.  However, no additional obligations are imposed on any
         author or copyright holder as a result of your choosing to follow a
         later version.
         
           15. Disclaimer of Warranty.
         
           THERE IS NO WARRANTY FOR THE PROGRAM, TO THE EXTENT PERMITTED BY
         APPLICABLE LAW.  EXCEPT WHEN OTHERWISE STATED IN WRITING THE COPYRIGHT
         HOLDERS AND/OR OTHER PARTIES PROVIDE THE PROGRAM ""AS IS"" WITHOUT WARRANTY
         OF ANY KIND, EITHER EXPRESSED OR IMPLIED, INCLUDING, BUT NOT LIMITED TO,
         THE IMPLIED WARRANTIES OF MERCHANTABILITY AND FITNESS FOR A PARTICULAR
         PURPOSE.  THE ENTIRE RISK AS TO THE QUALITY AND PERFORMANCE OF THE PROGRAM
         IS WITH YOU.  SHOULD THE PROGRAM PROVE DEFECTIVE, YOU ASSUME THE COST OF
         ALL NECESSARY SERVICING, REPAIR OR CORRECTION.
         
           16. Limitation of Liability.
         
           IN NO EVENT UNLESS REQUIRED BY APPLICABLE LAW OR AGREED TO IN WRITING
         WILL ANY COPYRIGHT HOLDER, OR ANY OTHER PARTY WHO MODIFIES AND/OR CONVEYS
         THE PROGRAM AS PERMITTED ABOVE, BE LIABLE TO YOU FOR DAMAGES, INCLUDING ANY
         GENERAL, SPECIAL, INCIDENTAL OR CONSEQUENTIAL DAMAGES ARISING OUT OF THE
         USE OR INABILITY TO USE THE PROGRAM (INCLUDING BUT NOT LIMITED TO LOSS OF
         DATA OR DATA BEING RENDERED INACCURATE OR LOSSES SUSTAINED BY YOU OR THIRD
         PARTIES OR A FAILURE OF THE PROGRAM TO OPERATE WITH ANY OTHER PROGRAMS),
         EVEN IF SUCH HOLDER OR OTHER PARTY HAS BEEN ADVISED OF THE POSSIBILITY OF
         SUCH DAMAGES.
         
           17. Interpretation of Sections 15 and 16.
         
           If the disclaimer of warranty and limitation of liability provided
         above cannot be given local legal effect according to their terms,
         reviewing courts shall apply local law that most closely approximates
         an absolute waiver of all civil liability in connection with the
         Program, unless a warranty or assumption of liability accompanies a
         copy of the Program in return for a fee.
         
                              END OF TERMS AND CONDITIONS
         
                     How to Apply These Terms to Your New Programs
         
           If you develop a new program, and you want it to be of the greatest
         possible use to the public, the best way to achieve this is to make it
         free software which everyone can redistribute and change under these terms.
         
           To do so, attach the following notices to the program.  It is safest
         to attach them to the start of each source file to most effectively
         state the exclusion of warranty; and each file should have at least
         the ""copyright"" line and a pointer to where the full notice is found.
         
             <one line to give the program's name and a brief idea of what it does.>
             Copyright (C) <year>  <name of author>
         
             This program is free software: you can redistribute it and/or modify
             it under the terms of the GNU General Public License as published by
             the Free Software Foundation, either version 3 of the License, or
             (at your option) any later version.
         
             This program is distributed in the hope that it will be useful,
             but WITHOUT ANY WARRANTY; without even the implied warranty of
             MERCHANTABILITY or FITNESS FOR A PARTICULAR PURPOSE.  See the
             GNU General Public License for more details.
         
             You should have received a copy of the GNU General Public License
             along with this program.  If not, see <http://www.gnu.org/licenses/>.
         
         Also add information on how to contact you by electronic and paper mail.
         
           If the program does terminal interaction, make it output a short
         notice like this when it starts in an interactive mode:
         
             <program>  Copyright (C) <year>  <name of author>
             This program comes with ABSOLUTELY NO WARRANTY; for details type `show w'.
             This is free software, and you are welcome to redistribute it
             under certain conditions; type `show c' for details.
         
         The hypothetical commands `show w' and `show c' should show the appropriate
         parts of the General Public License.  Of course, your program's commands
         might be different; for a GUI interface, you would use an ""about box"".
         
           You should also get your employer (if you work as a programmer) or school,
         if any, to sign a ""copyright disclaimer"" for the program, if necessary.
         For more information on this, and how to apply and follow the GNU GPL, see
         <http://www.gnu.org/licenses/>.
         
           The GNU General Public License does not permit incorporating your program
         into proprietary programs.  If your program is a subroutine library, you
         may consider it more useful to permit linking proprietary applications with
         the library.  If this is what you want to do, use the GNU Lesser General
         Public License instead of this License.  But first, please read
         <http://www.gnu.org/philosophy/why-not-lgpl.html>.
         
         
         Name: libquadmath
         Files: scipy/.dylibs/libquadmath*.so
         Description: dynamically linked to files compiled with gcc
         Availability: https://gcc.gnu.org/git/?p=gcc.git;a=tree;f=libquadmath
         License: LGPL-2.1-or-later
         
             GCC Quad-Precision Math Library
             Copyright (C) 2010-2019 Free Software Foundation, Inc.
             Written by Francois-Xavier Coudert  <fxcoudert@gcc.gnu.org>
         
             This file is part of the libquadmath library.
             Libquadmath is free software; you can redistribute it and/or
             modify it under the terms of the GNU Library General Public
             License as published by the Free Software Foundation; either
             version 2.1 of the License, or (at your option) any later version.
         
             Libquadmath is distributed in the hope that it will be useful,
             but WITHOUT ANY WARRANTY; without even the implied warranty of
             MERCHANTABILITY or FITNESS FOR A PARTICULAR PURPOSE.  See the GNU
             Lesser General Public License for more details.
             https://www.gnu.org/licenses/old-licenses/lgpl-2.1.html
         ",,0,0.0,0,10,0.06666666666666667,0.014759235715735501
lxml,lxml,207129255,4,1,1666,1,1,120,6717,1,13,1,4,1,0,"['cssselect>=0.7', 'html5lib', 'BeautifulSoup4', 'lxml_html_clean']",lxml dev team,BSD-3-Clause,,0,0.0,0,4,0.0,0.17094005169645404
referencing,referencing,225742029,11,1,1163,0,1,108,1097,1,0,0,3,1,0,"['attrs>=22.2.0', 'rpds-py>=0.7.0', 'typing-extensions>=4.4.0']",,,"asyncapi, json, jsonschema, openapi, referencing",0,0.0,0,3,0.0,0.2061857491852643
jsonschema-specifications,jsonschema-specifications,219046398,25,1,1215,0,1,25,1061,1,0,0,1,1,0,['referencing>=0.31.0'],,,"data validation, json, json schema, jsonschema, validation",0,0.0,0,1,0.0,0.3508773619358619
beautifulsoup4,beautifulsoup4,200266600,14,1,2429,0,0,52,4434,1,0,0,7,1,0,"['soupsieve>1.2', 'typing-extensions>=4.0.0', 'cchardet', 'chardet', 'charset-normalizer', 'html5lib', 'lxml']",,MIT License,"HTML, XML, parse, soup",0,0.0,0,7,0.047619047619047616,0.0781054987328986
soupsieve,soupsieve,197938444,9,1,3492,0,0,48,2541,1,0,0,0,0,0,[],,,"CSS, HTML, XML, filter, query, selector, soup",0,0.0,0,0,0.0,1.0
tomlkit,tomlkit,205576623,7,1,2006,1,1,53,2693,1,17,0,0,0,0,[],Sébastien Eustace,MIT,,0,0.0,0,0,0.0,1.0
oauthlib,oauthlib,204944838,8,1,5927,1,0,52,4973,1,22,1,4,1,0,"['cryptography>=3.0.0', 'cryptography>=3.0.0', 'pyjwt<3,>=2.0.0', 'blinker>=1.4.0']",The OAuthlib Community,BSD-3-Clause,,0,0.0,0,3,0.0,0.2061857491852643
starlette,starlette,231574177,9,1,4784,0,1,186,2707,1,0,0,7,1,0,"['anyio<5,>=3.6.2', 'typing-extensions>=4.10.0', 'httpx<0.29.0,>=0.27.0', 'itsdangerous', 'jinja2', 'python-multipart>=0.0.18', 'pyyaml']",,,,0,0.0,0,7,0.0,0.08472266587602811
uvicorn,uvicorn,220926793,7,1,4890,0,1,182,3092,1,0,0,10,1,0,"['click>=7.0', 'h11>=0.8', 'typing-extensions>=4.0', 'colorama>=0.4', 'httptools>=0.6.3', 'python-dotenv>=0.13', 'pyyaml>=5.1', 'uvloop>=0.15.1', 'watchfiles>=0.13', 'websockets>=10.4']",,,,0,0.0,0,10,0.0,0.0843884181485989
snowflake-connector-python,snowflake-connector-python,168884499,26,1,74350,1,1,164,3005,1,14,1,36,1,0,"['asn1crypto<2.0.0,>0.24.0', 'cryptography>=44.0.1', 'pyOpenSSL<26.0.0,>=24.0.0', 'pyjwt<3.0.0,>=2.10.1', 'pytz', 'requests<3.0.0,>=2.32.4', 'packaging', 'charset_normalizer<4,>=2', 'idna<4,>=3.7', 'urllib3<2.0.0,>=1.26.5', 'certifi>=2024.7.4', 'typing_extensions<5,>=4.3', 'filelock<4,>=3.5', 'sortedcontainers>=2.4.0', 'platformdirs<5.0.0,>=2.6.0', 'tomlkit', 'boto3>=1.24', 'botocore>=1.24', 'boto3>=1.24', 'botocore>=1.24', 'Cython', 'coverage', 'more-itertools', 'numpy<=2.2.4', 'pendulum!=2.1.1', 'pexpect', 'pytest<7.5.0', 'pytest-cov', 'pytest-rerunfailures<16.0', 'pytest-timeout', 'pytest-xdist', 'pytzdata', 'responses', 'pandas<3.0.0,>=2.1.2', 'pyarrow>=14.0.1', 'keyring<26.0.0,>=23.1.0']","Snowflake, Inc",Apache-2.0,Snowflake db database cloud analytics warehouse,0,0.0,0,10,0.0,0.0843884181485989
fastapi,fastapi,215500411,7,1,26125,0,1,243,2541,1,0,0,28,1,0,"['starlette<0.51.0,>=0.40.0', 'pydantic!=1.8,!=1.8.1,!=2.0.0,!=2.0.1,!=2.1.0,<3.0.0,>=1.7.4', 'typing-extensions>=4.8.0', 'annotated-doc>=0.0.2', 'fastapi-cli', 'httpx<1.0.0,>=0.23.0', 'jinja2>=3.1.5', 'python-multipart>=0.0.18', 'email-validator>=2.0.0', 'uvicorn', 'fastapi-cli', 'httpx<1.0.0,>=0.23.0', 'jinja2>=3.1.5', 'python-multipart>=0.0.18', 'email-validator>=2.0.0', 'uvicorn', 'fastapi-cli', 'httpx<1.0.0,>=0.23.0', 'jinja2>=3.1.5', 'python-multipart>=0.0.18', 'itsdangerous>=1.1.0', 'pyyaml>=5.3.1', 'ujson!=4.0.2,!=4.1.0,!=4.2.0,!=4.3.0,!=5.0.0,!=5.1.0,>=4.0.1', 'orjson>=3.2.1', 'email-validator>=2.0.0', 'uvicorn', 'pydantic-settings>=2.0.0', 'pydantic-extra-types>=2.0.0']",,,,0,0.0,0,10,0.0,0.04391305234372573
distlib,distlib,185043762,7,1,3938,1,1,32,4649,1,11,0,0,0,0,[],Vinay Sajip,PSF-2.0,,0,0.0,0,0,0.0,1.0
pyopenssl,pyopenssl,187736321,9,1,15919,1,1,42,6434,1,24,1,7,1,0,"['cryptography<47,>=45.0.7', 'typing-extensions>=4.9', 'pytest-rerunfailures', 'pretend', 'pytest>=3.0.1', 'sphinx!=5.2.0,!=5.2.0.post0,!=7.2.5', 'sphinx_rtd_theme']",The pyOpenSSL developers,"Apache License, Version 2.0",,0,0.0,0,7,0.0,0.11299418771624567
grpcio-tools,grpcio-tools,233635683,12,1,4572,1,0,249,3483,1,16,0,3,1,0,"['protobuf<7.0.0,>=6.31.1', 'grpcio>=1.76.0', 'setuptools']",The gRPC Authors,Apache License 2.0,,0,0.0,0,3,0.0,0.038634552848394496
docutils,docutils,188302759,8,1,12247,0,1,52,5808,1,0,0,0,0,0,[],,,,0,0.0,0,0,0.0,1.0
opentelemetry-semantic-conventions,opentelemetry-semantic-conventions,158077629,34,1,1317,0,1,52,1677,1,0,0,2,1,0,"['opentelemetry-api==1.38.0', 'typing-extensions>=4.5.0']",,,,0,0.0,0,2,0.0,0.25974050510584634
exceptiongroup,exceptiongroup,176564303,14,1,5830,0,0,24,1844,1,0,0,2,1,0,"['typing-extensions>=4.6.0', 'pytest>=6']",,,,0,0.0,0,2,0.0,0.25974050510584634
trove-classifiers,trove-classifiers,192825467,17,1,1601,1,0,118,2060,1,15,0,0,0,0,[],The PyPI Admins,,classifiers,0,0.0,0,0,0.0,1.0
more-itertools,more-itertools,179310581,14,1,38209,0,0,51,4958,1,0,0,0,0,0,[],,,"itertools, iterator, iteration, filter, peek, peekable, chunk, chunked",0,0.0,0,0,0.0,1.0
werkzeug,werkzeug,178784728,8,1,2340,0,0,101,6558,0,0,0,2,1,0,"['MarkupSafe>=2.1.1', 'watchdog>=2.3']",,,,0,0.0,0,2,0.0,0.25974050510584634
isodate,isodate,173969611,7,1,8878,0,0,18,6166,1,12,0,0,0,0,[],Gerhard Weis,"Copyright (c) 2021, Hugo van Kemenade and contributors Copyright (c) 2009-2018, Gerhard Weis and contributors Copyright (c) 2009, Gerhard Weis All rights reserved.  Redistribution and use in source and binary forms, with or without modification, are permitted provided that the following conditions are met: * Redistributions of source code must retain the above copyright notice, this list of conditions and the following disclaimer. * Redistributions in binary form must reproduce the above copyright notice, this list of conditions and the following disclaimer in the documentation and/or other materials provided with the distribution. * Neither the name of the <organization> nor the names of its contributors may be used to endorse or promote products derived from this software without specific prior written permission.  THIS SOFTWARE IS PROVIDED BY THE COPYRIGHT HOLDERS AND CONTRIBUTORS ""AS IS"" AND ANY EXPRESS OR IMPLIED WARRANTIES, INCLUDING, BUT NOT LIMITED TO, THE IMPLIED WARRANTIES OF MERCHANTABILITY AND FITNESS FOR A PARTICULAR PURPOSE ARE DISCLAIMED. IN NO EVENT SHALL <COPYRIGHT HOLDER> BE LIABLE FOR ANY DIRECT, INDIRECT, INCIDENTAL, SPECIAL, EXEMPLARY, OR CONSEQUENTIAL DAMAGES (INCLUDING, BUT NOT LIMITED TO, PROCUREMENT OF SUBSTITUTE GOODS OR SERVICES; LOSS OF USE, DATA, OR PROFITS; OR BUSINESS INTERRUPTION) HOWEVER CAUSED AND ON ANY THEORY OF LIABILITY, WHETHER IN CONTRACT, STRICT LIABILITY, OR TORT (INCLUDING NEGLIGENCE OR OTHERWISE) ARISING IN ANY WAY OUT OF THE USE OF THIS SOFTWARE, EVEN IF ADVISED OF THE POSSIBILITY OF SUCH DAMAGE. ",,0,0.0,0,0,0.0,1.0
yandexcloud,yandexcloud,214353807,11,1,11373,0,0,356,2522,1,0,0,9,1,0,"['cryptography>=44.0.0', 'grpcio<2,>=1.68.1', 'protobuf<6,>=5.29.1', 'googleapis-common-protos<2,>=1.66.0', 'pyjwt<3,>=2.10.1', 'requests<3,>=2.32.3', 'six<2,>=1.17.0', 'grpcio-tools>=1.68.1', 'deprecated>=1.2.18']",,MIT,,0,0.0,0,9,0.0,0.0921658638571875
msgpack,msgpack,173939147,7,1,7094,0,1,30,2874,1,0,0,0,0,0,[],,,"msgpack, messagepack, serializer, serialization, binary",0,0.0,0,0,0.0,1.0
opentelemetry-sdk,opentelemetry-sdk,195857831,17,1,377,0,1,74,2245,1,0,0,3,1,0,"['opentelemetry-api==1.38.0', 'opentelemetry-semantic-conventions==0.59b0', 'typing-extensions>=4.5.0']",,,,0,0.0,0,3,0.0,0.2061857491852643
proto-plus,proto-plus,167749936,10,1,847,0,1,77,2607,1,0,0,2,1,0,"['protobuf<7.0.0,>=3.19.0', 'google-api-core>=1.31.5']",,Apache 2.0,,0,0.0,0,2,0.0,0.25974050510584634
regex,regex,171859567,5,1,39395,0,0,355,5757,1,0,0,0,0,0,[],,,,0,0.0,0,0,0.0,1.0
mypy-extensions,mypy-extensions,166725778,15,1,197,0,0,10,3235,1,0,0,0,0,0,[],,,,0,0.0,0,0,0.0,1.0
opentelemetry-api,opentelemetry-api,162140750,17,1,377,0,1,75,2245,1,0,0,2,1,0,"['importlib-metadata<8.8.0,>=6.0', 'typing-extensions>=4.5.0']",,,,0,0.0,0,2,0.0,0.25974050510584634
opentelemetry-proto,opentelemetry-proto,189730982,19,1,1311,0,1,64,1990,1,0,0,1,1,0,"['protobuf<7.0,>=5.0']",,,,0,0.0,0,1,0.0,0.3508773619358619
google-cloud-storage,google-cloud-storage,165536465,20,1,11658,1,0,114,3342,1,10,1,8,1,0,"['google-auth<3.0.0,>=2.26.1', 'google-api-core<3.0.0,>=2.27.0', 'google-cloud-core<3.0.0,>=2.4.2', 'google-resumable-media<3.0.0,>=2.7.2', 'requests<3.0.0,>=2.22.0', 'google-crc32c<2.0.0,>=1.1.3', 'protobuf<7.0.0,>=3.20.2', 'opentelemetry-api<2.0.0,>=1.1.0']",Google LLC,Apache 2.0,,0,0.0,0,8,0.0,0.10152277059153791
websocket-client,websocket-client,158786101,16,1,6247,1,1,88,5436,1,5,0,7,1,0,"['pytest', 'websockets', 'python-socks', 'wsaccel', 'Sphinx>=6.0', 'sphinx_rtd_theme>=1.1.0', 'myst-parser>=2.0.0']",liris,Apache-2.0,websockets client,0,0.0,0,7,0.0,0.0388587286222644
opensearch-py,opensearch-py,104331845,13,1,4001,1,0,20,1524,1,63,0,28,1,0,"['urllib3<1.27,>=1.26.19', 'urllib3!=2.2.0,!=2.2.1,<3,>=1.26.19', 'requests<3.0.0,>=2.32.0', 'python-dateutil', 'certifi>=2024.07.04', 'Events', 'opensearch-protobufs==0.19.0', 'requests<3.0.0,>=2.0.0', 'coverage<8.0.0', 'pyyaml', 'pytest>=3.0.0', 'pytest-cov', 'pytz', 'botocore', 'pytest-mock<4.0.0', 'sphinx', 'sphinx_rtd_theme', 'myst_parser', 'sphinx_copybutton', 'black>=24.3.0', 'jinja2', 'sphinx', 'sphinx_rtd_theme', 'myst_parser', 'sphinx_copybutton', 'aiohttp<4,>=3.12.14', 'aiohttp<4,>=3.12.14', 'requests_kerberos']","Aleksei Atavin, Denis Zalevskiy, Rushi Agrawal, Shephali Mittal",Apache-2.0,,0,0.0,0,10,0.0,0.07260976752993314
pexpect,pexpect,165632944,7,1,849,1,0,20,6305,1,41,0,1,1,0,['ptyprocess'],Noah Spurrier; Thomas Kluyver; Jeff Quast,ISC license,,0,0.0,0,1,0.0,0.3508773619358619
ptyprocess,ptyprocess,165669782,10,1,541,1,0,10,4068,1,14,0,0,0,0,[],Thomas Kluyver,,,0,0.0,0,0,0.0,1.0
shellingham,shellingham,169049612,11,1,2477,1,0,23,2718,1,14,0,0,0,0,[],Tzu-ping Chung,ISC License,shell,0,0.0,0,0,0.0,1.0
psycopg2-binary,psycopg2-binary,158562661,15,1,2885,1,1,25,2854,1,20,0,0,0,0,[],Federico Di Gregorio,LGPL with exceptions,,0,0.0,0,0,0.0,1.0
decorator,decorator,154074441,9,1,2915,0,0,37,5328,1,0,0,0,0,0,[],,BSD-2-Clause,decorators,0,0.0,0,0,0.0,1.0
flask,flask,172947552,5,1,1640,0,1,63,5699,0,0,0,9,1,1,"['blinker>=1.9.0', 'click>=8.1.3', 'importlib-metadata>=3.6.0', 'itsdangerous>=2.2.0', 'jinja2>=3.1.2', 'markupsafe>=2.1.1', 'werkzeug>=3.1.0', 'asgiref>=3.2', 'python-dotenv']",,,,0,0.0,0,9,0.0,0.07824555360189651
tenacity,tenacity,158103086,8,1,117,1,0,59,3376,1,13,0,5,1,0,"['reno', 'sphinx', 'pytest', 'tornado>=4.5', 'typeguard']",Julien Danjou,Apache 2.0,,0,0.0,0,5,0.0,0.02647735851863436
requests-aws4auth,requests-aws4auth,98440906,17,1,17334,1,0,17,3913,1,11,0,2,1,0,"['requests', 'httpx']",Ted Timmons,MIT License,requests authentication amazon web services aws s3 REST,0,0.0,0,2,0.0,0.030140017513095755
pynacl,pynacl,160930484,6,1,8051,1,0,18,4605,1,0,0,8,1,0,"['cffi>=1.4.1', 'cffi>=2.0.0', 'pytest>=7.4.0', 'pytest-cov>=2.10.1', 'pytest-xdist>=3.5.0', 'hypothesis>=3.27.0', 'sphinx<7', 'sphinx_rtd_theme']",,Apache-2.0,,0,0.0,0,8,0.0,0.10152277059153791
scikit-learn,scikit-learn,184917283,12,1,7440,0,0,71,5176,0,0,0,55,1,0,"['numpy>=1.22.0', 'scipy>=1.8.0', 'joblib>=1.2.0', 'threadpoolctl>=3.1.0', 'numpy>=1.22.0', 'scipy>=1.8.0', 'cython>=3.0.10', 'meson-python>=0.17.1', 'numpy>=1.22.0', 'scipy>=1.8.0', 'joblib>=1.2.0', 'threadpoolctl>=3.1.0', 'matplotlib>=3.5.0', 'pandas>=1.4.0', 'memory_profiler>=0.57.0', 'matplotlib>=3.5.0', 'scikit-image>=0.19.0', 'pandas>=1.4.0', 'seaborn>=0.9.0', 'memory_profiler>=0.57.0', 'sphinx>=7.3.7', 'sphinx-copybutton>=0.5.2', 'sphinx-gallery>=0.17.1', 'numpydoc>=1.2.0', 'Pillow>=8.4.0', 'pooch>=1.6.0', 'sphinx-prompt>=1.4.0', 'sphinxext-opengraph>=0.9.1', 'plotly>=5.14.0', 'polars>=0.20.30', 'sphinx-design>=0.5.0', 'sphinx-design>=0.6.0', 'sphinxcontrib-sass>=0.3.4', 'pydata-sphinx-theme>=0.15.3', 'sphinx-remove-toctrees>=1.0.0.post1', 'towncrier>=24.8.0', 'matplotlib>=3.5.0', 'scikit-image>=0.19.0', 'pandas>=1.4.0', 'seaborn>=0.9.0', 'pooch>=1.6.0', 'plotly>=5.14.0', 'matplotlib>=3.5.0', 'scikit-image>=0.19.0', 'pandas>=1.4.0', 'pytest>=7.1.2', 'pytest-cov>=2.9.0', 'ruff>=0.11.7', 'mypy>=1.15', 'pyamg>=4.2.1', 'polars>=0.20.30', 'pyarrow>=12.0.0', 'numpydoc>=1.2.0', 'pooch>=1.6.0', 'conda-lock==3.0.1']",,,,0,0.0,0,6,0.0,0.12738858461984146
coverage,coverage,148913154,8,1,7032,1,0,178,6034,1,29,0,1,1,0,['tomli'],Ned Batchelder and 245 others,Apache-2.0,code coverage testing,0,0.0,0,1,0.0,0.3508773619358619
sortedcontainers,sortedcontainers,145424171,16,1,9550,1,0,40,4267,1,11,0,0,0,0,[],Grant Jenks,Apache 2.0,,0,0.0,0,0,0.0,1.0
azure-core,azure-core,140161992,10,1,45676,1,0,73,2340,1,21,1,4,1,0,"['requests>=2.21.0', 'typing-extensions>=4.6.0', 'aiohttp>=3.0', 'opentelemetry-api~=1.26']",Microsoft Corporation,MIT License,"azure, azure sdk",0,0.0,0,4,0.0,0.17094005169645404
wcwidth,wcwidth,138673303,7,1,14054,1,0,26,4220,1,10,0,0,0,0,[],Jeff Quast,MIT,"cjk, combining, console, eastasian, emoji, emulator, terminal, unicode, wcswidth, wcwidth, xterm",0,0.0,0,0,0.0,1.0
async-timeout,async-timeout,136350038,13,1,4008,1,0,20,3361,1,41,0,0,0,0,[],Andrew Svetlov <andrew.svetlov@gmail.com>,Apache 2,,0,0.0,0,0,0.0,1.0
msal,msal,137610401,4,1,9534,1,0,66,2537,1,21,1,6,1,0,"['requests<3,>=2.0.0', 'PyJWT', 'cryptography<49,>=2.5', 'pymsalruntime<0.19,>=0.14', 'pymsalruntime<0.19,>=0.17', 'pymsalruntime<0.19,>=0.18']",Microsoft Corporation,MIT,,0,0.0,0,6,0.0,0.12738858461984146
networkx,networkx,137588897,8,1,3138,0,0,94,6799,1,0,0,30,1,0,"['numpy>=1.25', 'scipy>=1.11.2', 'matplotlib>=3.8', 'pandas>=2.0', 'pre-commit>=4.1', 'mypy>=1.15', 'sphinx>=8.0', 'pydata-sphinx-theme>=0.16', 'sphinx-gallery>=0.18', 'numpydoc>=1.8.0', 'pillow>=10', 'texext>=0.6.7', 'myst-nb>=1.1', 'intersphinx-registry', 'osmnx>=2.0.0', 'momepy>=0.7.2', 'contextily>=1.6', 'seaborn>=0.13', 'cairocffi>=1.7', 'igraph>=0.11', 'scikit-learn>=1.5', 'lxml>=4.6', 'pygraphviz>=1.14', 'pydot>=3.0.1', 'sympy>=1.10', 'pytest>=7.2', 'pytest-cov>=4.0', 'pytest-xdist>=3.0', 'pytest-mpl', 'pytest-randomly']",,,"Networks, Graph Theory, Mathematics, network, graph, discrete mathematics, math",0,0.0,0,10,0.0,0.0843884181485989
asn1crypto,asn1crypto,128048011,10,1,11708,1,0,33,3686,1,5,0,0,0,0,[],wbond,MIT,asn1 crypto pki x509 certificate rsa dsa ec dh,0,0.0,0,0,0.0,1.0
bcrypt,bcrypt,134780545,6,1,9195,0,0,28,4578,1,0,0,2,1,0,"['pytest!=3.3.0,>=3.2.1', 'mypy']",,Apache-2.0,,0,0.0,0,2,0.0,0.0525605822475271
events,events,75164786,6,1,3046,1,0,7,4637,1,14,0,0,0,0,[],Nicola Iarocci,BSD,,0,0.0,0,0,0.0,1.0
dnspython,dnspython,131338923,9,1,3348,0,0,50,4506,1,0,0,21,1,0,"['black>=25.1.0', 'coverage>=7.0', 'flake8>=7', 'hypercorn>=0.17.0', 'mypy>=1.17', 'pylint>=3', 'pytest-cov>=6.2.0', 'pytest>=8.4', 'quart-trio>=0.12.0', 'sphinx-rtd-theme>=3.0.0', 'sphinx>=8.2.0', 'twine>=6.1.0', 'wheel>=0.45.0', 'cryptography>=45', 'h2>=4.2.0', 'httpcore>=1.0.0', 'httpx>=0.28.0', 'aioquic>=1.2.0', 'idna>=3.10', 'trio>=0.30', 'wmi>=1.5.1']",,ISC,,0,0.0,0,10,0.0,0.0843884181485989
google-genai,google-genai,187550585,12,1,45382,0,0,70,347,1,0,0,11,1,0,"['anyio<5.0.0,>=4.8.0', 'google-auth<3.0.0,>=2.14.1', 'httpx<1.0.0,>=0.28.1', 'pydantic<3.0.0,>=2.9.0', 'requests<3.0.0,>=2.28.1', 'tenacity<9.2.0,>=8.2.3', 'websockets<15.1.0,>=13.0.0', 'typing-extensions<5.0.0,>=4.11.0', 'aiohttp<3.13.3', 'sentencepiece>=0.2.0', 'protobuf']",,,,0,0.0,0,10,0.0,0.0843884181485989
opentelemetry-exporter-otlp-proto-http,opentelemetry-exporter-otlp-proto-http,162056383,38,1,900,0,1,47,1549,1,0,0,7,1,0,"['googleapis-common-protos~=1.52', 'opentelemetry-api~=1.15', 'opentelemetry-exporter-otlp-proto-common==1.38.0', 'opentelemetry-proto==1.38.0', 'opentelemetry-sdk~=1.38.0', 'requests~=2.7', 'typing-extensions>=4.5.0']",,,,0,0.0,0,7,0.0,0.11299418771624567
poetry-core,poetry-core,129751145,11,1,2735,0,1,60,2115,1,17,0,0,0,0,[],Sébastien Eustace,,"packaging, dependency, poetry",0,0.0,0,0,0.0,1.0
openai,openai,134034130,6,1,27227,0,1,361,2104,1,0,0,16,1,0,"['anyio<5,>=3.5.0', 'distro<2,>=1.7.0', 'httpx<1,>=0.23.0', 'jiter<1,>=0.10.0', 'pydantic<3,>=1.9.0', 'sniffio', 'tqdm>4', 'typing-extensions<5,>=4.11', 'aiohttp', 'httpx-aiohttp>=0.1.9', 'numpy>=1', 'pandas-stubs>=1.1.0.11', 'pandas>=1.2.3', 'websockets<16,>=13', 'numpy>=2.0.2', 'sounddevice>=0.5.1']",,Apache-2.0,,0,0.0,0,10,0.0,0.04391305234372573
google-cloud-core,google-cloud-core,130007883,17,1,1406,1,0,55,3342,1,10,1,6,1,0,"['google-api-core!=2.0.*,!=2.1.*,!=2.2.*,!=2.3.0,<3.0.0,>=1.31.6', 'google-auth<3.0.0,>=1.25.0', 'importlib-metadata>1.0.0', 'grpcio<2.0.0,>=1.38.0', 'grpcio<2.0.0,>=1.75.1', 'grpcio-status<2.0.0,>=1.38.0']",Google LLC,Apache 2.0,,0,0.0,0,6,0.0,0.12738858461984146
matplotlib,matplotlib,122769029,10,1,3741,0,0,136,7257,1,34,0,13,1,0,"['contourpy>=1.0.1', 'cycler>=0.10', 'fonttools>=4.22.0', 'kiwisolver>=1.3.1', 'numpy>=1.23', 'packaging>=20.0', 'pillow>=8', 'pyparsing>=3', 'python-dateutil>=2.7', 'meson-python<0.17.0,>=0.13.1', 'pybind11!=2.13.3,>=2.13.2', 'setuptools_scm>=7', 'setuptools>=64']","John D. Hunter, Michael Droettboom","License agreement for matplotlib versions 1.3.0 and later =========================================================  1. This LICENSE AGREEMENT is between the Matplotlib Development Team (""MDT""), and the Individual or Organization (""Licensee"") accessing and otherwise using matplotlib software in source or binary form and its associated documentation.  2. Subject to the terms and conditions of this License Agreement, MDT hereby grants Licensee a nonexclusive, royalty-free, world-wide license to reproduce, analyze, test, perform and/or display publicly, prepare derivative works, distribute, and otherwise use matplotlib alone or in any derivative version, provided, however, that MDT's License Agreement and MDT's notice of copyright, i.e., ""Copyright (c) 2012- Matplotlib Development Team; All Rights Reserved"" are retained in matplotlib  alone or in any derivative version prepared by Licensee.  3. In the event Licensee prepares a derivative work that is based on or incorporates matplotlib or any part thereof, and wants to make the derivative work available to others as provided herein, then Licensee hereby agrees to include in any such work a brief summary of the changes made to matplotlib .  4. MDT is making matplotlib available to Licensee on an ""AS IS"" basis.  MDT MAKES NO REPRESENTATIONS OR WARRANTIES, EXPRESS OR IMPLIED.  BY WAY OF EXAMPLE, BUT NOT LIMITATION, MDT MAKES NO AND DISCLAIMS ANY REPRESENTATION OR WARRANTY OF MERCHANTABILITY OR FITNESS FOR ANY PARTICULAR PURPOSE OR THAT THE USE OF MATPLOTLIB WILL NOT INFRINGE ANY THIRD PARTY RIGHTS.  5. MDT SHALL NOT BE LIABLE TO LICENSEE OR ANY OTHER USERS OF MATPLOTLIB FOR ANY INCIDENTAL, SPECIAL, OR CONSEQUENTIAL DAMAGES OR LOSS AS A RESULT OF MODIFYING, DISTRIBUTING, OR OTHERWISE USING MATPLOTLIB , OR ANY DERIVATIVE THEREOF, EVEN IF ADVISED OF THE POSSIBILITY THEREOF.  6. This License Agreement will automatically terminate upon a material breach of its terms and conditions.  7. Nothing in this License Agreement shall be deemed to create any relationship of agency, partnership, or joint venture between MDT and Licensee.  This License Agreement does not grant permission to use MDT trademarks or trade name in a trademark sense to endorse or promote products or services of Licensee, or any third party.  8. By copying, installing or otherwise using matplotlib , Licensee agrees to be bound by the terms and conditions of this License Agreement.  License agreement for matplotlib versions prior to 1.3.0 ========================================================  1. This LICENSE AGREEMENT is between John D. Hunter (""JDH""), and the Individual or Organization (""Licensee"") accessing and otherwise using matplotlib software in source or binary form and its associated documentation.  2. Subject to the terms and conditions of this License Agreement, JDH hereby grants Licensee a nonexclusive, royalty-free, world-wide license to reproduce, analyze, test, perform and/or display publicly, prepare derivative works, distribute, and otherwise use matplotlib alone or in any derivative version, provided, however, that JDH's License Agreement and JDH's notice of copyright, i.e., ""Copyright (c) 2002-2011 John D. Hunter; All Rights Reserved"" are retained in matplotlib  alone or in any derivative version prepared by Licensee.  3. In the event Licensee prepares a derivative work that is based on or incorporates matplotlib  or any part thereof, and wants to make the derivative work available to others as provided herein, then Licensee hereby agrees to include in any such work a brief summary of the changes made to matplotlib.  4. JDH is making matplotlib  available to Licensee on an ""AS IS"" basis.  JDH MAKES NO REPRESENTATIONS OR WARRANTIES, EXPRESS OR IMPLIED.  BY WAY OF EXAMPLE, BUT NOT LIMITATION, JDH MAKES NO AND DISCLAIMS ANY REPRESENTATION OR WARRANTY OF MERCHANTABILITY OR FITNESS FOR ANY PARTICULAR PURPOSE OR THAT THE USE OF MATPLOTLIB WILL NOT INFRINGE ANY THIRD PARTY RIGHTS.  5. JDH SHALL NOT BE LIABLE TO LICENSEE OR ANY OTHER USERS OF MATPLOTLIB FOR ANY INCIDENTAL, SPECIAL, OR CONSEQUENTIAL DAMAGES OR LOSS AS A RESULT OF MODIFYING, DISTRIBUTING, OR OTHERWISE USING MATPLOTLIB , OR ANY DERIVATIVE THEREOF, EVEN IF ADVISED OF THE POSSIBILITY THEREOF.  6. This License Agreement will automatically terminate upon a material breach of its terms and conditions.  7. Nothing in this License Agreement shall be deemed to create any relationship of agency, partnership, or joint venture between JDH and Licensee.  This License Agreement does not grant permission to use JDH trademarks or trade name in a trademark sense to endorse or promote products or services of Licensee, or any third party.  8. By copying, installing or otherwise using matplotlib, Licensee agrees to be bound by the terms and conditions of this License Agreement.",,0,0.0,0,10,0.0,0.0843884181485989
gitpython,gitpython,132103540,9,1,11190,1,0,98,5726,1,30,0,16,1,0,"['gitdb<5,>=4.0.1', 'typing-extensions>=3.10.0.2', 'coverage', 'ddt!=1.4.3,>=1.1.1', 'mock', 'mypy', 'pre-commit', 'pytest>=7.3.1', 'pytest-cov', 'pytest-instafail', 'pytest-mock', 'pytest-sugar', 'typing-extensions', 'sphinx<7.2,>=7.1.2', 'sphinx_rtd_theme', 'sphinx-autodoc-typehints']","Sebastian Thiel, Michael Trier",BSD-3-Clause,,0,0.0,0,10,0.022222222222222223,0.017370723133023153
websockets,websockets,133755179,10,1,5420,0,0,47,4391,1,0,0,0,0,0,[],,BSD-3-Clause,WebSocket,0,0.0,0,0,0.0,1.0
joblib,joblib,126703109,6,1,4407,0,1,107,6236,1,0,0,0,0,0,[],,BSD 3-Clause,,0,0.0,0,0,0.0,1.0
threadpoolctl,threadpoolctl,163243647,13,1,13069,1,0,12,2364,1,13,0,0,0,0,[],Thomas Moreau,BSD-3-Clause,,0,0.0,0,0,0.0,1.0
huggingface-hub,huggingface-hub,134308738,15,1,7284,1,0,223,1795,1,18,1,108,1,0,"['filelock', 'fsspec>=2023.5.0', 'hf-xet<2.0.0,>=1.2.0', 'httpx<1,>=0.23.0', 'packaging>=20.9', 'pyyaml>=5.1', 'shellingham', 'tqdm>=4.42.1', 'typer-slim', 'typing-extensions>=3.7.4.3', 'authlib>=1.3.2', 'fastapi', 'httpx', 'itsdangerous', 'torch', 'safetensors', 'toml', 'fastai>=2.4', 'fastcore>=1.3.27', 'hf-xet<2.0.0,>=1.1.3', 'mcp>=1.8.0', 'authlib>=1.3.2', 'fastapi', 'httpx', 'itsdangerous', 'jedi', 'Jinja2', 'pytest>=8.4.2', 'pytest-cov', 'pytest-env', 'pytest-xdist', 'pytest-vcr', 'pytest-asyncio', 'pytest-rerunfailures<16.0', 'pytest-mock', 'urllib3<2.0', 'soundfile', 'Pillow', 'numpy', 'fastapi', 'typing-extensions>=4.8.0', 'types-PyYAML', 'types-simplejson', 'types-toml', 'types-tqdm', 'types-urllib3', 'ruff>=0.9.0', 'mypy==1.15.0', 'libcst>=1.4.0', 'ty', 'authlib>=1.3.2', 'fastapi', 'httpx', 'itsdangerous', 'jedi', 'Jinja2', 'pytest>=8.4.2', 'pytest-cov', 'pytest-env', 'pytest-xdist', 'pytest-vcr', 'pytest-asyncio', 'pytest-rerunfailures<16.0', 'pytest-mock', 'urllib3<2.0', 'soundfile', 'Pillow', 'numpy', 'fastapi', 'ruff>=0.9.0', 'mypy==1.15.0', 'libcst>=1.4.0', 'ty', 'typing-extensions>=4.8.0', 'types-PyYAML', 'types-simplejson', 'types-toml', 'types-tqdm', 'types-urllib3', 'authlib>=1.3.2', 'fastapi', 'httpx', 'itsdangerous', 'jedi', 'Jinja2', 'pytest>=8.4.2', 'pytest-cov', 'pytest-env', 'pytest-xdist', 'pytest-vcr', 'pytest-asyncio', 'pytest-rerunfailures<16.0', 'pytest-mock', 'urllib3<2.0', 'soundfile', 'Pillow', 'numpy', 'fastapi', 'ruff>=0.9.0', 'mypy==1.15.0', 'libcst>=1.4.0', 'ty', 'typing-extensions>=4.8.0', 'types-PyYAML', 'types-simplejson', 'types-toml', 'types-tqdm', 'types-urllib3']","Hugging Face, Inc.",Apache,model-hub machine-learning models natural-language-processing deep-learning pytorch pretrained-models,0,0.0,0,10,0.0,0.0843884181485989
deprecated,deprecated,124516093,10,1,3472,1,1,27,2924,1,15,0,7,1,0,"['wrapt<3,>=1.10', 'inspect2', 'tox', 'PyTest', 'PyTest-Cov', 'bump2version<1', 'setuptools']",Laurent LAPORTE,MIT,"deprecate, deprecated, deprecation, warning, warn, decorator",0,0.0,0,7,0.0,0.033631260087843985
chardet,chardet,117494398,7,1,2011,1,0,15,6909,1,12,0,0,0,0,[],Mark Pilgrim,LGPL,"encoding,i18n,xml",0,0.0,0,0,0.0,1.0
opentelemetry-exporter-otlp-proto-grpc,opentelemetry-exporter-otlp-proto-grpc,154464463,38,1,900,0,1,54,1702,1,0,0,8,1,0,"['googleapis-common-protos~=1.57', 'grpcio<2.0.0,>=1.63.2', 'grpcio<2.0.0,>=1.66.2', 'opentelemetry-api~=1.15', 'opentelemetry-exporter-otlp-proto-common==1.38.0', 'opentelemetry-proto==1.38.0', 'opentelemetry-sdk~=1.38.0', 'typing-extensions>=4.6.0']",,,,0,0.0,0,8,0.0,0.10152277059153791
azure-identity,azure-identity,135030388,14,1,87435,0,0,80,2339,1,0,0,5,1,0,"['azure-core>=1.31.0', 'cryptography>=2.5', 'msal>=1.30.0', 'msal-extensions>=1.2.0', 'typing-extensions>=4.0.0']",,,"azure, azure sdk",0,0.0,0,5,0.0,0.14598556863940548
fonttools,fonttools,117231397,9,1,108747,1,0,228,4359,1,15,0,28,1,0,"['lxml>=4.0', 'brotli>=1.0.1', 'brotlicffi>=0.8.0', 'zopfli>=0.1.4', 'unicodedata2>=15.1.0', 'lz4>=1.7.4.2', 'scipy', 'munkres', 'pycairo', 'matplotlib', 'sympy', 'xattr', 'skia-pathops>=0.5.0', 'uharfbuzz>=0.23.0', 'lxml>=4.0', 'brotli>=1.0.1', 'brotlicffi>=0.8.0', 'zopfli>=0.1.4', 'unicodedata2>=15.1.0', 'lz4>=1.7.4.2', 'scipy', 'munkres', 'pycairo', 'matplotlib', 'sympy', 'xattr', 'skia-pathops>=0.5.0', 'uharfbuzz>=0.23.0']",Just van Rossum,MIT,,0,0.0,0,10,0.0,0.019327448143112817
smmap,smmap,124184640,5,1,3121,1,0,17,5276,1,15,0,0,0,0,[],Sebastian Thiel,BSD-3-Clause,,0,0.0,0,0,0.0,1.0
zstandard,zstandard,115937900,9,1,2026,0,0,42,3367,1,0,0,2,1,0,"['cffi~=1.17', 'cffi>=2.0.0b']",,,"zstandard, zstd, compression",0,0.0,0,2,0.0,0.25974050510584634
opentelemetry-instrumentation,opentelemetry-instrumentation,87772092,29,1,5868,0,1,64,1990,1,0,0,4,1,0,"['opentelemetry-api~=1.4', 'opentelemetry-semantic-conventions==0.59b0', 'packaging>=18.0', 'wrapt<2.0.0,>=1.0.0']",,,,0,0.0,0,4,0.0,0.17094005169645404
gitdb,gitdb,121939818,5,1,43,1,0,22,5616,1,15,0,1,1,0,"['smmap<6,>=3.0.1']",Sebastian Thiel,BSD License,,0,0.0,0,1,0.0,0.3508773619358619
tabulate,tabulate,119259876,8,1,31107,0,0,27,4642,1,0,0,1,1,0,['wcwidth'],,MIT,,0,0.0,0,1,0.0,0.3508773619358619
keyring,keyring,117483028,7,1,19531,0,1,203,5937,1,0,0,24,1,0,"['pywin32-ctypes>=0.2.0', 'SecretStorage>=3.2', 'jeepney>=0.4.2', 'importlib_metadata>=4.11.4', 'jaraco.classes', 'jaraco.functools', 'jaraco.context', 'pytest!=8.1.*,>=6', 'pyfakefs', 'sphinx>=3.5', 'jaraco.packaging>=9.3', 'rst.linker>=1.9', 'furo', 'sphinx-lint', 'jaraco.tidelift>=1.4', 'pytest-checkdocs>=2.4', 'pytest-ruff>=0.2.1', 'pytest-cov', 'pytest-enabler>=3.4', 'pytest-mypy>=1.0.1', 'pygobject-stubs', 'shtab', 'types-pywin32', 'shtab>=1.1.0']",,,,0,0.0,0,10,0.0,0.0843884181485989
opentelemetry-exporter-otlp-proto-common,opentelemetry-exporter-otlp-proto-common,143800955,40,1,701,0,1,27,918,1,0,0,1,1,0,['opentelemetry-proto==1.38.0'],,,,0,0.0,0,1,0.0,0.3508773619358619
distro,distro,117835595,6,1,5400,1,0,16,3502,1,9,0,0,0,0,[],Nir Cohen,"Apache License, Version 2.0",,0,0.0,0,0,0.0,1.0
itsdangerous,itsdangerous,117340301,12,1,1111,0,1,27,5266,0,0,0,0,0,0,[],,,,0,0.0,0,0,0.0,1.0
google-resumable-media,google-resumable-media,116330801,22,1,964,1,0,49,3137,1,21,0,4,1,0,"['google-crc32c<2.0.0,>=1.0.0', 'requests<3.0.0,>=2.18.0', 'aiohttp<4.0.0,>=3.6.2', 'google-auth<2.0.0,>=1.22.0']",Google Cloud Platform,Apache 2.0,,0,0.0,0,4,0.0,0.17094005169645404
google-api-python-client,google-api-python-client,113270679,24,1,5405,1,0,275,5383,1,10,1,5,1,0,"['httplib2<1.0.0,>=0.19.0', 'google-auth!=2.24.0,!=2.25.0,<3.0.0,>=1.32.0', 'google-auth-httplib2<1.0.0,>=0.2.0', 'google-api-core!=2.0.*,!=2.1.*,!=2.2.*,!=2.3.0,<3.0.0,>=1.31.5', 'uritemplate<5,>=3.0.1']",Google LLC,Apache 2.0,google api client,0,0.0,0,5,0.0,0.14598556863940548
paramiko,paramiko,115023103,8,1,2353,0,1,150,5506,1,0,0,7,1,0,"['bcrypt>=3.2', 'cryptography>=3.3', 'invoke>=2.0', 'pynacl>=1.5', 'pyasn1>=0.1.7', 'gssapi>=1.4.1', 'pywin32>=2.1.8']",,,,0,0.0,0,7,0.0,0.11299418771624567
prompt-toolkit,prompt-toolkit,114513811,14,1,5246,0,0,136,4131,1,17,0,1,1,0,['wcwidth'],Jonathan Slenders,,,0,0.0,0,1,0.0,0.3508773619358619
ruamel-yaml,ruamel-yaml,114102921,11,1,23752,0,1,270,4017,1,19,0,4,1,0,"['ruamel.yaml.clib>=0.2.7', 'ruamel.yaml.jinja2>=0.2', 'ryd', 'mercurial>5.7']",Anthon van der Neut,,yaml 1.2 parser round-trip preserve quotes order config,0,0.0,0,4,0.0,0.17094005169645404
google-crc32c,google-crc32c,113830208,13,1,1352,1,0,23,2151,1,10,1,2,1,0,"['importlib_resources>=1.3', 'pytest']",Google LLC,Apache 2.0,,0,0.0,0,2,0.0,0.047586818036479184
kiwisolver,kiwisolver,110177398,10,1,1230,0,0,22,4335,1,0,0,0,0,0,[],,"=========================
         The Kiwi licensing terms
        =========================
        Kiwi is licensed under the terms of the Modified BSD License (also known as
        New or Revised BSD), as follows:
        
        Copyright (c) 2013-2025, Nucleic Development Team
        
        All rights reserved.
        
        Redistribution and use in source and binary forms, with or without
        modification, are permitted provided that the following conditions are met:
        
        Redistributions of source code must retain the above copyright notice, this
        list of conditions and the following disclaimer.
        
        Redistributions in binary form must reproduce the above copyright notice, this
        list of conditions and the following disclaimer in the documentation and/or
        other materials provided with the distribution.
        
        Neither the name of the Nucleic Development Team nor the names of its
        contributors may be used to endorse or promote products derived from this
        software without specific prior written permission.
        
        THIS SOFTWARE IS PROVIDED BY THE COPYRIGHT HOLDERS AND CONTRIBUTORS ""AS IS"" AND
        ANY EXPRESS OR IMPLIED WARRANTIES, INCLUDING, BUT NOT LIMITED TO, THE IMPLIED
        WARRANTIES OF MERCHANTABILITY AND FITNESS FOR A PARTICULAR PURPOSE ARE
        DISCLAIMED.  IN NO EVENT SHALL THE COPYRIGHT OWNER OR CONTRIBUTORS BE LIABLE
        FOR ANY DIRECT, INDIRECT, INCIDENTAL, SPECIAL, EXEMPLARY, OR CONSEQUENTIAL
        DAMAGES (INCLUDING, BUT NOT LIMITED TO, PROCUREMENT OF SUBSTITUTE GOODS OR
        SERVICES; LOSS OF USE, DATA, OR PROFITS; OR BUSINESS INTERRUPTION) HOWEVER
        CAUSED AND ON ANY THEORY OF LIABILITY, WHETHER IN CONTRACT, STRICT LIABILITY,
        OR TORT (INCLUDING NEGLIGENCE OR OTHERWISE) ARISING IN ANY WAY OUT OF THE USE
        OF THIS SOFTWARE, EVEN IF ADVISED OF THE POSSIBILITY OF SUCH DAMAGE.
        
        About Kiwi
        ----------
        Chris Colbert began the Kiwi project in December 2013 in an effort to
        create a blisteringly fast UI constraint solver. Chris is still the
        project lead.
        
        The Nucleic Development Team is the set of all contributors to the Nucleic
        project and its subprojects.
        
        The core team that coordinates development on GitHub can be found here:
        http://github.com/nucleic. The current team consists of:
        
        * Chris Colbert
        
        Our Copyright Policy
        --------------------
        Nucleic uses a shared copyright model. Each contributor maintains copyright
        over their contributions to Nucleic. But, it is important to note that these
        contributions are typically only changes to the repositories. Thus, the Nucleic
        source code, in its entirety is not the copyright of any single person or
        institution. Instead, it is the collective copyright of the entire Nucleic
        Development Team. If individual contributors want to maintain a record of what
        changes/contributions they have specific copyright on, they should indicate
        their copyright in the commit message of the change, when they commit the
        change to one of the Nucleic repositories.
        
        With this in mind, the following banner should be used in any source code file
        to indicate the copyright and license terms:
        
        #------------------------------------------------------------------------------
        # Copyright (c) 2013-2025, Nucleic Development Team.
        #
        # Distributed under the terms of the Modified BSD License.
        #
        # The full license is in the file LICENSE, distributed with this software.
        #------------------------------------------------------------------------------
        ",,0,0.0,0,0,0.0,1.0
pyproject-hooks,pyproject-hooks,109178828,15,1,676,0,1,4,1450,1,0,0,0,0,0,[],,,,0,0.0,0,0,0.0,1.0
langsmith,langsmith,112755562,9,1,13390,0,1,406,880,1,0,0,17,1,0,"['httpx<1,>=0.23.0', 'orjson>=3.9.14', 'packaging>=23.2', 'pydantic<3,>=1', 'requests-toolbelt>=1.0.0', 'requests>=2.0.0', 'zstandard>=0.23.0', 'claude-agent-sdk>=0.1.0', 'langsmith-pyo3>=0.1.0rc2', 'openai-agents>=0.0.3', 'opentelemetry-api>=1.30.0', 'opentelemetry-exporter-otlp-proto-http>=1.30.0', 'opentelemetry-sdk>=1.30.0', 'pytest>=7.0.0', 'rich>=13.9.4', 'vcrpy>=7.0.0', 'vcrpy>=7.0.0']",,MIT,"evaluation, langchain, langsmith, language, llm, nlp, platform, tracing, translation",0,0.0,0,10,0.0,0.0843884181485989
build,build,108414595,5,1,3834,0,0,29,2008,1,0,0,9,1,0,"['packaging>=19.1', 'pyproject_hooks', 'colorama', 'importlib-metadata>=4.6', 'tomli>=1.1.0', 'uv>=0.1.18', 'virtualenv>=20.11', 'virtualenv>=20.17', 'virtualenv>=20.31']",,,,0,0.0,0,9,0.0,0.0921658638571875
jaraco-classes,jaraco-classes,109584792,14,1,1422,1,0,20,3933,1,15,0,13,1,0,"['more-itertools', 'sphinx>=3.5', 'jaraco.packaging>=9.3', 'rst.linker>=1.9', 'furo', 'sphinx-lint', 'jaraco.tidelift>=1.4', 'pytest>=6', 'pytest-checkdocs>=2.4', 'pytest-cov', 'pytest-mypy', 'pytest-enabler>=2.2', 'pytest-ruff>=0.2.1']",Jason R. Coombs,,,0,0.0,0,10,0.0,0.026515183402102346
blinker,blinker,107810576,7,1,1022,0,1,17,5760,1,14,0,0,0,0,[],Jason Kirtland,,,0,0.0,0,0,0.0,1.0
fastjsonschema,fastjsonschema,106914811,14,1,494,1,0,45,3335,1,15,0,8,1,0,"['colorama', 'jsonschema', 'json-spec', 'pylint', 'pytest', 'pytest-benchmark', 'pytest-cache', 'validictory']",Michal Horejsek,BSD,,0,0.0,0,8,0.0,0.016857537254050918
secretstorage,secretstorage,109255208,13,1,2818,0,0,23,4581,1,0,0,2,1,0,"['cryptography>=2.0', 'jeepney>=0.6']",,,,0,0.0,0,2,0.0,0.25974050510584634
dill,dill,109191270,4,1,8539,1,0,29,4416,1,12,0,2,1,0,"['objgraph>=1.7.2', 'gprof2dot>=2022.7.29']",Mike McKerns,BSD-3-Clause,,0,0.0,0,2,0.0,0.25974050510584634
backoff,backoff,107296939,7,1,13535,1,1,37,4211,1,9,0,0,0,0,[],Bob Green,MIT,"retry,backoff,decorators",0,0.0,0,0,0.0,1.0
jeepney,jeepney,106095912,7,1,370,0,1,14,3191,1,0,0,7,1,0,"['pytest', 'pytest-trio', 'pytest-asyncio>=0.17', 'testpath', 'trio', 'async-timeout', 'trio']",,,,0,0.0,0,6,0.0,0.023459317485844157
defusedxml,defusedxml,102526041,10,1,31353,1,0,13,4659,1,16,0,0,0,0,[],Christian Heimes,PSFL,xml bomb DoS,0,0.0,0,0,0.0,1.0
redis,redis,111966153,5,1,10383,0,1,156,4793,1,0,0,7,1,0,"['async-timeout>=4.0.3', 'pybreaker>=1.4.0', 'hiredis>=3.2.0', 'pyjwt>=2.9.0', 'cryptography>=36.0.1', 'pyopenssl>=20.0.1', 'requests>=2.31.0']",,,"Redis, database, key-value-store",0,0.0,0,7,0.0,0.11299418771624567
rapidfuzz,rapidfuzz,105893893,9,1,11347,0,1,172,2075,1,0,0,1,1,0,['numpy'],,,,0,0.0,0,1,0.0,0.3508773619358619
cycler,cycler,101091463,6,1,903,0,0,6,3795,1,0,0,7,1,0,"['ipython', 'matplotlib', 'numpydoc', 'sphinx', 'pytest', 'pytest-cov', 'pytest-xdist']",,"Copyright (c) 2015, matplotlib project All rights reserved.  Redistribution and use in source and binary forms, with or without modification, are permitted provided that the following conditions are met:  * Redistributions of source code must retain the above copyright notice, this list of conditions and the following disclaimer.  * Redistributions in binary form must reproduce the above copyright notice, this list of conditions and the following disclaimer in the documentation and/or other materials provided with the distribution.  * Neither the name of the matplotlib project nor the names of its contributors may be used to endorse or promote products derived from this software without specific prior written permission.  THIS SOFTWARE IS PROVIDED BY THE COPYRIGHT HOLDERS AND CONTRIBUTORS ""AS IS"" AND ANY EXPRESS OR IMPLIED WARRANTIES, INCLUDING, BUT NOT LIMITED TO, THE IMPLIED WARRANTIES OF MERCHANTABILITY AND FITNESS FOR A PARTICULAR PURPOSE ARE DISCLAIMED. IN NO EVENT SHALL THE COPYRIGHT HOLDER OR CONTRIBUTORS BE LIABLE FOR ANY DIRECT, INDIRECT, INCIDENTAL, SPECIAL, EXEMPLARY, OR CONSEQUENTIAL DAMAGES (INCLUDING, BUT NOT LIMITED TO, PROCUREMENT OF SUBSTITUTE GOODS OR SERVICES; LOSS OF USE, DATA, OR PROFITS; OR BUSINESS INTERRUPTION) HOWEVER CAUSED AND ON ANY THEORY OF LIABILITY, WHETHER IN CONTRACT, STRICT LIABILITY, OR TORT (INCLUDING NEGLIGENCE OR OTHERWISE) ARISING IN ANY WAY OUT OF THE USE OF THIS SOFTWARE, EVEN IF ADVISED OF THE POSSIBILITY OF SUCH DAMAGE.",cycle kwargs,0,0.0,0,7,0.047619047619047616,0.012082577603034583
google-auth-oauthlib,google-auth-oauthlib,107547758,20,1,1478,1,0,26,3166,1,21,0,3,1,0,"['google-auth<2.42.0,>=2.15.0', 'requests-oauthlib>=0.7.0', 'click>=6.0.0']",Google Cloud Platform,Apache 2.0,google auth oauth client oauthlib,0,0.0,0,3,0.0,0.2061857491852643
ruff,ruff,101040066,4,1,24454,1,1,384,1183,1,0,0,0,0,0,[],,,"automation, flake8, pycodestyle, pyflakes, pylint, clippy",0,0.0,0,0,0.0,1.0
google-cloud-bigquery,google-cloud-bigquery,112244488,21,1,4766,0,1,182,3342,1,0,0,32,1,0,"['google-api-core', 'google-auth<3.0.0,>=2.14.1', 'google-cloud-core<3.0.0,>=2.4.1', 'google-resumable-media<3.0.0,>=2.0.0', 'packaging>=24.2.0', 'python-dateutil<3.0.0,>=2.8.2', 'requests<3.0.0,>=2.21.0', 'google-cloud-bigquery-storage<3.0.0,>=2.18.0', 'grpcio<2.0.0,>=1.47.0', 'grpcio<2.0.0,>=1.49.1', 'pyarrow>=4.0.0', 'pandas>=1.3.0', 'pandas-gbq>=0.26.1', 'grpcio<2.0.0,>=1.47.0', 'grpcio<2.0.0,>=1.49.1', 'pyarrow>=3.0.0', 'db-dtypes<2.0.0,>=1.0.4', 'ipywidgets>=7.7.1', 'ipykernel>=6.2.0', 'geopandas<2.0.0,>=0.9.0', 'Shapely<3.0.0,>=1.8.4', 'ipython>=7.23.1', 'bigquery-magics>=0.6.0', 'matplotlib<=3.9.2,>=3.7.1', 'matplotlib>=3.10.3', 'tqdm<5.0.0,>=4.23.4', 'opentelemetry-api>=1.1.0', 'opentelemetry-sdk>=1.1.0', 'opentelemetry-instrumentation>=0.20b0', 'proto-plus<2.0.0,>=1.22.3', 'protobuf!=4.21.0,!=4.21.1,!=4.21.2,!=4.21.3,!=4.21.4,!=4.21.5,<7.0.0,>=3.20.2', 'google-cloud-bigquery']",,Apache 2.0,,0,0.0,0,10,0.044444444444444446,0.0315451374850758
hatchling,hatchling,111702796,9,1,2280,0,1,76,1413,1,0,0,5,1,0,"['packaging>=24.2', 'pathspec>=0.10.1', 'pluggy>=1.0.0', 'tomli>=1.2.2', 'trove-classifiers']",,,"build, hatch, packaging",0,0.0,0,5,0.0,0.14598556863940548
typer,typer,107504256,5,1,11887,0,1,65,2164,1,0,0,4,1,0,"['click>=8.0.0', 'typing-extensions>=3.7.4.3', 'shellingham>=1.3.0', 'rich>=10.11.0']",,,,0,0.0,0,4,0.0,0.17094005169645404
opentelemetry-util-http,opentelemetry-util-http,71996213,23,1,1588,0,1,54,1739,1,0,0,0,0,0,[],,,,0,0.0,0,0,0.0,1.0
uritemplate,uritemplate,100493774,11,1,1798,1,1,13,4943,1,22,0,0,0,0,[],Ian Stapleton Cordasco,BSD 3-Clause OR Apache-2.0,rfc 6570 uri template,0,0.0,0,0,0.0,1.0
prometheus-client,prometheus-client,94372048,17,1,542,0,0,56,3939,1,0,0,1,1,0,['twisted'],,,"prometheus, monitoring, instrumentation, client",0,0.0,0,1,0.0,0.3508773619358619
contourpy,contourpy,96870437,9,1,1468,0,1,23,1524,1,0,0,19,1,0,"['numpy>=1.25', 'furo', 'sphinx>=7.2', 'sphinx-copybutton', 'bokeh', 'selenium', 'contourpy', 'bokeh', 'docutils-stubs', 'mypy==1.17.0', 'types-Pillow', 'contourpy', 'matplotlib', 'Pillow', 'pytest', 'pytest-cov', 'pytest-rerunfailures', 'pytest-xdist', 'wurlitzer']",,"BSD 3-Clause License
         
         Copyright (c) 2021-2025, ContourPy Developers.
         All rights reserved.
         
         Redistribution and use in source and binary forms, with or without
         modification, are permitted provided that the following conditions are met:
         
         1. Redistributions of source code must retain the above copyright notice, this
            list of conditions and the following disclaimer.
         
         2. Redistributions in binary form must reproduce the above copyright notice,
            this list of conditions and the following disclaimer in the documentation
            and/or other materials provided with the distribution.
         
         3. Neither the name of the copyright holder nor the names of its
            contributors may be used to endorse or promote products derived from
            this software without specific prior written permission.
         
         THIS SOFTWARE IS PROVIDED BY THE COPYRIGHT HOLDERS AND CONTRIBUTORS ""AS IS""
         AND ANY EXPRESS OR IMPLIED WARRANTIES, INCLUDING, BUT NOT LIMITED TO, THE
         IMPLIED WARRANTIES OF MERCHANTABILITY AND FITNESS FOR A PARTICULAR PURPOSE ARE
         DISCLAIMED. IN NO EVENT SHALL THE COPYRIGHT HOLDER OR CONTRIBUTORS BE LIABLE
         FOR ANY DIRECT, INDIRECT, INCIDENTAL, SPECIAL, EXEMPLARY, OR CONSEQUENTIAL
         DAMAGES (INCLUDING, BUT NOT LIMITED TO, PROCUREMENT OF SUBSTITUTE GOODS OR
         SERVICES; LOSS OF USE, DATA, OR PROFITS; OR BUSINESS INTERRUPTION) HOWEVER
         CAUSED AND ON ANY THEORY OF LIABILITY, WHETHER IN CONTRACT, STRICT LIABILITY,
         OR TORT (INCLUDING NEGLIGENCE OR OTHERWISE) ARISING IN ANY WAY OUT OF THE USE
         OF THIS SOFTWARE, EVEN IF ADVISED OF THE POSSIBILITY OF SUCH DAMAGE.
         ",,0,0.0,1,9,0.0,0.048306268762262045
webencodings,webencodings,79253400,12,1,1037,1,0,6,4717,1,16,0,0,0,0,[],Geoffrey Sneddon,BSD,,0,0.0,0,0,0.0,1.0
alembic,alembic,104486040,7,1,5737,0,1,138,5106,1,0,0,5,1,0,"['SQLAlchemy>=1.4.0', 'Mako', 'typing-extensions>=4.12', 'tomli', 'tzdata']",,,,0,0.0,0,5,0.0,0.14598556863940548
pytest-cov,pytest-cov,99899710,10,1,29236,0,0,53,5690,1,0,0,6,1,1,"['coverage', 'pluggy>=1.2', 'pytest>=7', 'process-tests', 'pytest-xdist', 'virtualenv']",,,"cover, coverage, distributed, parallel, py.test, pytest",0,0.0,0,6,0.0,0.034750848472603756
httplib2,httplib2,97983524,8,1,1248,1,0,42,5013,1,12,0,1,1,0,"['pyparsing<4,>=3.0.4']",Joe Gregorio,MIT,,0,0.0,0,1,0.0,0.3508773619358619
opentelemetry-exporter-otlp,opentelemetry-exporter-otlp,131104203,27,1,1162,0,1,62,1926,1,0,0,2,1,0,"['opentelemetry-exporter-otlp-proto-grpc==1.38.0', 'opentelemetry-exporter-otlp-proto-http==1.38.0']",,,,0,0.0,0,2,0.0,0.25974050510584634
transformers,transformers,113449187,12,1,17496,1,0,200,3384,1,143,1,457,1,0,"['filelock', 'huggingface-hub<1.0,>=0.34.0', 'numpy>=1.17', 'packaging>=20.0', 'pyyaml>=5.1', 'regex!=2019.12.17', 'requests', 'tokenizers<=0.23.0,>=0.22.0', 'safetensors>=0.4.3', 'tqdm>=4.27', 'fugashi>=1.0', 'ipadic<2.0,>=1.0.0', 'unidic_lite>=1.0.7', 'unidic>=1.0.2', 'sudachipy>=0.6.6', 'sudachidict_core>=20220729', 'rhoknp<1.3.1,>=1.1.0', 'scikit-learn', 'tensorflow<2.16,>2.9', 'onnxconverter-common', 'tf2onnx', 'tensorflow-text<2.16', 'keras-nlp<0.14.0,>=0.3.1', 'keras<2.16,>2.9', 'tensorflow-cpu<2.16,>2.9', 'onnxconverter-common', 'tf2onnx', 'tensorflow-text<2.16', 'keras-nlp<0.14.0,>=0.3.1', 'tensorflow-probability<0.24', 'torch>=2.2', 'accelerate>=0.26.0', 'accelerate>=0.26.0', 'hf_xet', 'faiss-cpu', 'datasets>=2.15.0', 'jax<=0.4.13,>=0.4.1', 'jaxlib<=0.4.13,>=0.4.1', 'flax<=0.7.0,>=0.4.1', 'optax<=0.1.4,>=0.0.8', 'scipy<1.13.0', 'tokenizers<=0.23.0,>=0.22.0', 'ftfy', 'onnxruntime>=1.4.0', 'onnxruntime-tools>=1.4.2', 'onnxconverter-common', 'tf2onnx', 'onnxruntime>=1.4.0', 'onnxruntime-tools>=1.4.2', 'cookiecutter==1.7.3', 'sagemaker>=2.31.0', 'deepspeed>=0.9.3', 'accelerate>=0.26.0', 'optuna', 'ray', 'sigopt', 'kernels<=0.9,>=0.6.1', 'kernels<=0.9,>=0.6.1', 'optuna', 'ray', 'openai>=1.98.0', 'pydantic>=2', 'uvicorn', 'fastapi', 'starlette', 'torch>=2.2', 'accelerate>=0.26.0', 'librosa', 'pyctcdecode>=0.4.0', 'phonemizer', 'kenlm', 'torchaudio', 'librosa', 'pyctcdecode>=0.4.0', 'phonemizer', 'kenlm', 'torchaudio', 'librosa', 'pyctcdecode>=0.4.0', 'phonemizer', 'kenlm', 'librosa', 'pyctcdecode>=0.4.0', 'phonemizer', 'kenlm', 'librosa', 'pyctcdecode>=0.4.0', 'phonemizer', 'kenlm', 'Pillow<=15.0,>=10.0.1', 'timm!=1.0.18,<=1.0.19', 'torchvision', 'Pillow<=15.0,>=10.0.1', 'natten<0.15.0,>=0.14.6', 'codecarbon>=2.8.1', 'av', 'num2words', 'sentencepiece!=0.1.92,>=0.1.91', 'protobuf', 'tiktoken', 'blobfile', 'mistral-common', 'jinja2>=3.1.0', 'pytest>=7.2.0', 'pytest-asyncio', 'pytest-rich', 'pytest-xdist', 'pytest-order', 'pytest-rerunfailures<16.0', 'timeout-decorator', 'parameterized>=0.9', 'psutil', 'datasets>=2.15.0', 'dill<0.3.5', 'evaluate>=0.2.0', 'pytest-timeout', 'ruff==0.13.1', 'rouge-score!=0.0.7,!=0.0.8,!=0.1,!=0.1.1', 'nltk<=3.8.1', 'GitPython<3.1.19', 'sacremoses', 'rjieba', 'beautifulsoup4', 'tensorboard', 'pydantic>=2', 'sentencepiece!=0.1.92,>=0.1.91', 'sacrebleu<2.0.0,>=1.4.12', 'libcst', 'faiss-cpu', 'datasets>=2.15.0', 'cookiecutter==1.7.3', 'mistral-common', 'openai>=1.98.0', 'pydantic>=2', 'uvicorn', 'fastapi', 'starlette', 'torch>=2.2', 'accelerate>=0.26.0', 'deepspeed>=0.9.3', 'accelerate>=0.26.0', 'pytest>=7.2.0', 'pytest-asyncio', 'pytest-rich', 'pytest-xdist', 'pytest-order', 'pytest-rerunfailures<16.0', 'timeout-decorator', 'parameterized>=0.9', 'psutil', 'datasets>=2.15.0', 'dill<0.3.5', 'evaluate>=0.2.0', 'pytest-timeout', 'ruff==0.13.1', 'rouge-score!=0.0.7,!=0.0.8,!=0.1,!=0.1.1', 'nltk<=3.8.1', 'GitPython<3.1.19', 'sacremoses', 'rjieba', 'beautifulsoup4', 'tensorboard', 'pydantic>=2', 'sentencepiece!=0.1.92,>=0.1.91', 'sacrebleu<2.0.0,>=1.4.12', 'libcst', 'faiss-cpu', 'datasets>=2.15.0', 'cookiecutter==1.7.3', 'mistral-common', 'openai>=1.98.0', 'pydantic>=2', 'uvicorn', 'fastapi', 'starlette', 'torch>=2.2', 'accelerate>=0.26.0', 'optuna', 'sentencepiece!=0.1.92,>=0.1.91', 'protobuf', 'ruff==0.13.1', 'datasets>=2.15.0', 'ruff==0.13.1', 'GitPython<3.1.19', 'urllib3<2.0.0', 'libcst', 'rich', 'pandas<2.3.0', 'tensorflow<2.16,>2.9', 'onnxconverter-common', 'tf2onnx', 'tensorflow-text<2.16', 'keras-nlp<0.14.0,>=0.3.1', 'torch>=2.2', 'accelerate>=0.26.0', 'jax<=0.4.13,>=0.4.1', 'jaxlib<=0.4.13,>=0.4.1', 'flax<=0.7.0,>=0.4.1', 'optax<=0.1.4,>=0.0.8', 'scipy<1.13.0', 'sentencepiece!=0.1.92,>=0.1.91', 'protobuf', 'tokenizers<=0.23.0,>=0.22.0', 'torchaudio', 'librosa', 'pyctcdecode>=0.4.0', 'phonemizer', 'kenlm', 'Pillow<=15.0,>=10.0.1', 'kernels<=0.9,>=0.6.1', 'optuna', 'ray', 'timm!=1.0.18,<=1.0.19', 'torchvision', 'Pillow<=15.0,>=10.0.1', 'codecarbon>=2.8.1', 'accelerate>=0.26.0', 'av', 'num2words', 'mistral-common', 'jinja2>=3.1.0', 'pytest>=7.2.0', 'pytest-asyncio', 'pytest-rich', 'pytest-xdist', 'pytest-order', 'pytest-rerunfailures<16.0', 'timeout-decorator', 'parameterized>=0.9', 'psutil', 'datasets>=2.15.0', 'dill<0.3.5', 'evaluate>=0.2.0', 'pytest-timeout', 'ruff==0.13.1', 'rouge-score!=0.0.7,!=0.0.8,!=0.1,!=0.1.1', 'nltk<=3.8.1', 'GitPython<3.1.19', 'sacremoses', 'rjieba', 'beautifulsoup4', 'tensorboard', 'pydantic>=2', 'sentencepiece!=0.1.92,>=0.1.91', 'sacrebleu<2.0.0,>=1.4.12', 'libcst', 'faiss-cpu', 'datasets>=2.15.0', 'cookiecutter==1.7.3', 'mistral-common', 'openai>=1.98.0', 'pydantic>=2', 'uvicorn', 'fastapi', 'starlette', 'torch>=2.2', 'accelerate>=0.26.0', 'torch>=2.2', 'accelerate>=0.26.0', 'sentencepiece!=0.1.92,>=0.1.91', 'protobuf', 'tokenizers<=0.23.0,>=0.22.0', 'torchaudio', 'librosa', 'pyctcdecode>=0.4.0', 'phonemizer', 'kenlm', 'Pillow<=15.0,>=10.0.1', 'kernels<=0.9,>=0.6.1', 'optuna', 'ray', 'timm!=1.0.18,<=1.0.19', 'torchvision', 'Pillow<=15.0,>=10.0.1', 'codecarbon>=2.8.1', 'datasets>=2.15.0', 'ruff==0.13.1', 'GitPython<3.1.19', 'urllib3<2.0.0', 'libcst', 'rich', 'pandas<2.3.0', 'fugashi>=1.0', 'ipadic<2.0,>=1.0.0', 'unidic_lite>=1.0.7', 'unidic>=1.0.2', 'sudachipy>=0.6.6', 'sudachidict_core>=20220729', 'rhoknp<1.3.1,>=1.1.0', 'scikit-learn', 'cookiecutter==1.7.3', 'onnxruntime>=1.4.0', 'onnxruntime-tools>=1.4.2', 'num2words', 'pytest>=7.2.0', 'pytest-asyncio', 'pytest-rich', 'pytest-xdist', 'pytest-order', 'pytest-rerunfailures<16.0', 'timeout-decorator', 'parameterized>=0.9', 'psutil', 'datasets>=2.15.0', 'dill<0.3.5', 'evaluate>=0.2.0', 'pytest-timeout', 'ruff==0.13.1', 'rouge-score!=0.0.7,!=0.0.8,!=0.1,!=0.1.1', 'nltk<=3.8.1', 'GitPython<3.1.19', 'sacremoses', 'rjieba', 'beautifulsoup4', 'tensorboard', 'pydantic>=2', 'sentencepiece!=0.1.92,>=0.1.91', 'sacrebleu<2.0.0,>=1.4.12', 'libcst', 'faiss-cpu', 'datasets>=2.15.0', 'cookiecutter==1.7.3', 'mistral-common', 'openai>=1.98.0', 'pydantic>=2', 'uvicorn', 'fastapi', 'starlette', 'torch>=2.2', 'accelerate>=0.26.0', 'tensorflow<2.16,>2.9', 'onnxconverter-common', 'tf2onnx', 'tensorflow-text<2.16', 'keras-nlp<0.14.0,>=0.3.1', 'sentencepiece!=0.1.92,>=0.1.91', 'protobuf', 'tokenizers<=0.23.0,>=0.22.0', 'Pillow<=15.0,>=10.0.1', 'datasets>=2.15.0', 'ruff==0.13.1', 'GitPython<3.1.19', 'urllib3<2.0.0', 'libcst', 'rich', 'pandas<2.3.0', 'scikit-learn', 'cookiecutter==1.7.3', 'onnxconverter-common', 'tf2onnx', 'onnxruntime>=1.4.0', 'onnxruntime-tools>=1.4.2', 'librosa', 'pyctcdecode>=0.4.0', 'phonemizer', 'kenlm', 'tensorflow<2.16,>2.9', 'onnxconverter-common', 'tf2onnx', 'tensorflow-text<2.16', 'keras-nlp<0.14.0,>=0.3.1', 'torch>=2.2', 'accelerate>=0.26.0', 'jax<=0.4.13,>=0.4.1', 'jaxlib<=0.4.13,>=0.4.1', 'flax<=0.7.0,>=0.4.1', 'optax<=0.1.4,>=0.0.8', 'scipy<1.13.0', 'sentencepiece!=0.1.92,>=0.1.91', 'protobuf', 'tokenizers<=0.23.0,>=0.22.0', 'torchaudio', 'librosa', 'pyctcdecode>=0.4.0', 'phonemizer', 'kenlm', 'Pillow<=15.0,>=10.0.1', 'kernels<=0.9,>=0.6.1', 'optuna', 'ray', 'timm!=1.0.18,<=1.0.19', 'torchvision', 'Pillow<=15.0,>=10.0.1', 'codecarbon>=2.8.1', 'accelerate>=0.26.0', 'av', 'num2words', 'mistral-common', 'jinja2>=3.1.0', 'pytest>=7.2.0', 'pytest-asyncio', 'pytest-rich', 'pytest-xdist', 'pytest-order', 'pytest-rerunfailures<16.0', 'timeout-decorator', 'parameterized>=0.9', 'psutil', 'datasets>=2.15.0', 'dill<0.3.5', 'evaluate>=0.2.0', 'pytest-timeout', 'ruff==0.13.1', 'rouge-score!=0.0.7,!=0.0.8,!=0.1,!=0.1.1', 'nltk<=3.8.1', 'GitPython<3.1.19', 'sacremoses', 'rjieba', 'beautifulsoup4', 'tensorboard', 'pydantic>=2', 'sentencepiece!=0.1.92,>=0.1.91', 'sacrebleu<2.0.0,>=1.4.12', 'libcst', 'faiss-cpu', 'datasets>=2.15.0', 'cookiecutter==1.7.3', 'mistral-common', 'openai>=1.98.0', 'pydantic>=2', 'uvicorn', 'fastapi', 'starlette', 'torch>=2.2', 'accelerate>=0.26.0', 'datasets>=2.15.0', 'ruff==0.13.1', 'GitPython<3.1.19', 'urllib3<2.0.0', 'libcst', 'rich', 'pandas<2.3.0', 'fugashi>=1.0', 'ipadic<2.0,>=1.0.0', 'unidic_lite>=1.0.7', 'unidic>=1.0.2', 'sudachipy>=0.6.6', 'sudachidict_core>=20220729', 'rhoknp<1.3.1,>=1.1.0', 'scikit-learn', 'cookiecutter==1.7.3', 'filelock', 'huggingface-hub<1.0,>=0.34.0', 'importlib_metadata', 'numpy>=1.17', 'packaging>=20.0', 'protobuf', 'regex!=2019.12.17', 'requests', 'sentencepiece!=0.1.92,>=0.1.91', 'torch>=2.2', 'tokenizers<=0.23.0,>=0.22.0', 'tqdm>=4.27', 'optimum-benchmark>=0.3.0', 'opentelemetry-api', 'opentelemetry-exporter-otlp', 'opentelemetry-sdk']",The Hugging Face team (past and future) with the help of all our contributors (https://github.com/huggingface/transformers/graphs/contributors),Apache 2.0 License,NLP vision speech deep learning transformer pytorch tensorflow jax BERT GPT-2 Wav2Vec2 ViT,0,0.0,0,10,0.0,0.05327012610294119
msal-extensions,msal-extensions,98557372,15,1,6524,0,0,15,2326,0,0,0,2,1,0,"['msal<2,>=1.29', 'portalocker<4,>=1.4']",,MIT License,,0,0.0,0,2,0.0,0.25974050510584634
cloudpickle,cloudpickle,110014641,11,1,5752,1,0,42,3873,1,30,1,0,0,0,[],The cloudpickle developer team,BSD-3-Clause,,0,0.0,0,0,0.0,1.0
setuptools-scm,setuptools-scm,100187644,14,1,5128,0,0,98,3925,1,0,0,5,1,0,"['packaging>=20', 'setuptools', 'tomli>=1', 'typing-extensions', 'rich']",,"Permission is hereby granted, free of charge, to any person obtaining a copy
        of this software and associated documentation files (the ""Software""), to deal
        in the Software without restriction, including without limitation the rights
        to use, copy, modify, merge, publish, distribute, sublicense, and/or sell
        copies of the Software, and to permit persons to whom the Software is
        furnished to do so, subject to the following conditions:
        
        The above copyright notice and this permission notice shall be included in
        all copies or substantial portions of the Software.
        
        THE SOFTWARE IS PROVIDED ""AS IS"", WITHOUT WARRANTY OF ANY KIND, EXPRESS OR
        IMPLIED, INCLUDING BUT NOT LIMITED TO THE WARRANTIES OF MERCHANTABILITY,
        FITNESS FOR A PARTICULAR PURPOSE AND NONINFRINGEMENT. IN NO EVENT SHALL THE
        AUTHORS OR COPYRIGHT HOLDERS BE LIABLE FOR ANY CLAIM, DAMAGES OR OTHER
        LIABILITY, WHETHER IN AN ACTION OF CONTRACT, TORT OR OTHERWISE, ARISING FROM,
        OUT OF OR IN CONNECTION WITH THE SOFTWARE OR THE USE OR OTHER DEALINGS IN
        THE SOFTWARE.
        ",,0,0.0,0,5,0.0,0.03147270321274402
ruamel-yaml-clib,ruamel-yaml-clib,95771738,16,1,1908,0,1,16,2312,1,19,0,0,0,0,[],Anthon van der Neut,MIT,yaml 1.2 parser c-library config,0,0.0,0,0,0.0,1.0
jiter,jiter,100254160,5,1,3863,1,0,17,555,1,0,0,0,0,0,[],,,,0,0.0,0,0,0.0,1.0
tzlocal,tzlocal,97504313,7,1,6251,0,0,48,4820,1,0,0,6,1,0,"['tzdata', 'pytest>=4.3', 'pytest-mock>=3.3', 'pytest-cov', 'check-manifest', 'zest.releaser']",,MIT,timezone,0,0.0,0,6,0.0,0.029600751365162485
google-auth-httplib2,google-auth-httplib2,98284618,20,1,1579,1,0,8,3312,1,21,0,2,1,0,"['google-auth<3.0.0,>=1.32.0', 'httplib2<1.0.0,>=0.19.0']",Google Cloud Platform,Apache 2.0,google auth oauth client,0,0.0,0,2,0.0,0.25974050510584634
pydantic-settings,pydantic-settings,100645883,17,1,992,0,1,39,2287,1,0,0,10,1,0,"['pydantic>=2.7.0', 'python-dotenv>=0.21.0', 'typing-inspection>=0.4.0', 'boto3-stubs', 'boto3>=1.35.0', 'azure-identity>=1.16.0', 'azure-keyvault-secrets>=4.8.0', 'google-cloud-secret-manager>=2.23.1', 'tomli>=2.0.1', 'pyyaml>=6.0.1']",,,,0,0.0,0,10,0.0,0.03890952744112669
docker,docker,91112254,6,1,1844,0,1,65,3267,0,0,0,12,1,0,"['pywin32>=304', 'requests>=2.26.0', 'urllib3>=1.26.0', 'coverage==7.2.7', 'pytest-cov==4.1.0', 'pytest-timeout==2.1.0', 'pytest==7.4.2', 'ruff==0.1.8', 'myst-parser==0.18.0', 'sphinx==5.1.1', 'paramiko>=2.4.3', 'websocket-client>=1.3.0']",,,,0,0.0,0,10,0.0,0.0843884181485989
orjson,orjson,99073243,6,1,40358,0,0,144,2556,0,0,0,0,0,0,[],,,,0,0.0,0,0,0.0,1.0
jaraco-functools,jaraco-functools,95759562,16,1,1501,0,1,49,3947,1,0,0,14,1,0,"['more_itertools', 'pytest!=8.1.*,>=6', 'jaraco.classes', 'sphinx>=3.5', 'jaraco.packaging>=9.3', 'rst.linker>=1.9', 'furo', 'sphinx-lint', 'jaraco.tidelift>=1.4', 'pytest-checkdocs>=2.4', 'pytest-ruff>=0.2.1', 'pytest-cov', 'pytest-enabler>=2.2', 'pytest-mypy']",,,,0,0.0,0,10,0.0,0.0843884181485989
opentelemetry-instrumentation-requests,opentelemetry-instrumentation-requests,62318748,38,1,1279,0,1,61,1926,1,0,0,5,1,0,"['opentelemetry-api~=1.12', 'opentelemetry-instrumentation==0.59b0', 'opentelemetry-semantic-conventions==0.59b0', 'opentelemetry-util-http==0.59b0', 'requests~=2.0']",,,,0,0.0,0,5,0.0,0.14598556863940548
types-requests,types-requests,89085013,14,1,1294,0,1,131,1754,0,0,0,1,1,0,['urllib3>=2'],,,,0,0.0,0,1,0.0,0.3508773619358619
marshmallow,marshmallow,93205275,11,1,5409,0,1,191,4394,1,0,0,13,1,0,"['backports-datetime-fromisoformat', 'typing-extensions', 'marshmallow', 'tox', 'pre-commit<5.0,>=3.5', 'autodocsumm==0.2.14', 'furo==2025.9.25', 'sphinx-copybutton==0.5.2', 'sphinx-issues==5.0.1', 'sphinx==8.2.3', 'sphinxext-opengraph==0.13.0', 'pytest', 'simplejson']",,,,0,0.0,1,10,0.0,0.1
importlib-resources,importlib-resources,91230526,19,1,2443,0,1,81,2908,1,0,0,15,1,0,"['zipp>=3.1.0', 'pytest!=8.1.*,>=6', 'zipp>=3.17', 'jaraco.test>=5.4', 'sphinx>=3.5', 'jaraco.packaging>=9.3', 'rst.linker>=1.9', 'furo', 'sphinx-lint', 'jaraco.tidelift>=1.4', 'pytest-checkdocs>=2.4', 'pytest-ruff>=0.2.1', 'pytest-cov', 'pytest-enabler>=2.2', 'pytest-mypy']",,,,0,0.0,0,10,0.0,0.0843884181485989
ipython,ipython,91233160,7,1,1387,0,1,209,6896,1,28,1,39,1,0,"['colorama>=0.4.4', 'decorator>=4.3.2', 'ipython-pygments-lexers>=1.0.0', 'jedi>=0.18.1', 'matplotlib-inline>=0.1.5', 'pexpect>4.3', 'prompt_toolkit<3.1.0,>=3.0.41', 'pygments>=2.11.0', 'stack_data>=0.6.0', 'traitlets>=5.13.0', 'typing_extensions>=4.6', 'black', 'docrepr', 'exceptiongroup', 'intersphinx_registry', 'ipykernel', 'ipython', 'setuptools>=70.0', 'sphinx_toml==0.0.4', 'sphinx-rtd-theme>=0.1.8', 'sphinx>=8.0', 'typing_extensions', 'pytest>=7.0.0', 'pytest-asyncio>=1.0.0', 'testpath>=0.2', 'packaging>=20.1.0', 'setuptools>=61.2', 'ipython', 'curio', 'jupyter_ai', 'ipython', 'nbformat', 'nbclient', 'ipykernel>6.30', 'numpy>=1.27', 'pandas>2.1', 'trio>=0.1.0', 'matplotlib>3.9', 'ipython']",The IPython Development Team,,"Interactive, Interpreter, Shell, Embedding",0,0.0,0,10,0.0,0.0843884181485989
xmltodict,xmltodict,93091196,9,1,13722,0,0,36,4834,1,12,0,2,1,0,"['pytest', 'pytest-cov']",Martin Blech,"Copyright (C) 2012 Martin Blech and individual contributors.
        
        Permission is hereby granted, free of charge, to any person obtaining a copy of this software and associated documentation files (the ""Software""), to deal in the Software without restriction, including without limitation the rights to use, copy, modify, merge, publish, distribute, sublicense, and/or sell copies of the Software, and to permit persons to whom the Software is furnished to do so, subject to the following conditions:
        
        The above copyright notice and this permission notice shall be included in all copies or substantial portions of the Software.
        
        THE SOFTWARE IS PROVIDED ""AS IS"", WITHOUT WARRANTY OF ANY KIND, EXPRESS OR IMPLIED, INCLUDING BUT NOT LIMITED TO THE WARRANTIES OF MERCHANTABILITY, FITNESS FOR A PARTICULAR PURPOSE AND NONINFRINGEMENT. IN NO EVENT SHALL THE AUTHORS OR COPYRIGHT HOLDERS BE LIABLE FOR ANY CLAIM, DAMAGES OR OTHER LIABILITY, WHETHER IN AN ACTION OF CONTRACT, TORT OR OTHERWISE, ARISING FROM, OUT OF OR IN CONNECTION WITH THE SOFTWARE OR THE USE OR OTHER DEALINGS IN THE SOFTWARE.
        ",,0,0.0,0,2,0.0,0.02152742684179319
py4j,py4j,93240442,4,1,341,1,0,34,5813,1,19,0,0,0,0,[],Barthelemy Dagenais,BSD License,,0,0.0,0,0,0.0,1.0
jaraco-context,jaraco-context,91150905,14,1,2745,0,1,27,4297,1,0,0,14,1,0,"['backports.tarfile', 'sphinx>=3.5', 'jaraco.packaging>=9.3', 'rst.linker>=1.9', 'furo', 'sphinx-lint', 'jaraco.tidelift>=1.4', 'pytest!=8.1.*,>=6', 'pytest-checkdocs>=2.4', 'pytest-cov', 'pytest-mypy', 'pytest-enabler>=2.2', 'portend', 'pytest-ruff>=0.2.1']",,,,0,0.0,0,10,0.0,0.026515183402102346
sqlparse,sqlparse,93786168,8,1,2315,0,1,36,4964,1,0,0,3,1,0,"['build', 'hatch', 'sphinx']",,,,0,0.0,0,3,0.0,0.038414758846221
black,black,87402340,5,1,83294,0,1,66,2810,1,0,0,13,1,0,"['click>=8.0.0', 'mypy-extensions>=0.4.3', 'packaging>=22.0', 'pathspec>=0.9.0', 'platformdirs>=2', 'pytokens>=0.3.0', 'tomli>=1.1.0', 'typing-extensions>=4.0.1', 'colorama>=0.4.3', 'aiohttp>=3.10', 'ipython>=7.8.0', 'tokenize-rt>=3.2.0', 'uvloop>=0.15.2']",,,"automation, autopep8, formatter, gofmt, pyfmt, rustfmt, yapf",0,0.0,0,10,0.0,0.0843884181485989
babel,babel,86459087,5,1,66,1,1,45,5363,1,14,0,9,1,0,"['pytz>=2015.7', 'tzdata', 'backports.zoneinfo', 'freezegun~=1.0', 'jinja2>=3.0', 'pytest-cov', 'pytest>=6.0', 'pytz', 'setuptools']",Armin Ronacher,BSD-3-Clause,,0,0.0,0,9,0.0,0.01736562525182227
azure-storage-blob,azure-storage-blob,89694553,18,1,25095,1,0,83,2971,1,21,1,5,1,0,"['azure-core>=1.30.0', 'cryptography>=2.1.4', 'typing-extensions>=4.6.0', 'isodate>=0.6.1', 'azure-core']",Microsoft Corporation,MIT License,"azure, azure sdk",0,0.0,0,5,0.1,0.09221260262336736
nest-asyncio,nest-asyncio,82719726,12,1,1819,1,0,36,2633,1,15,0,0,0,0,[],Ewald R. de Wit,BSD,"asyncio,nested,eventloop",0,0.0,0,0,0.0,1.0
pyzmq,pyzmq,98946918,5,1,2791,0,1,106,5564,1,34,0,1,1,0,['cffi'],"Brian E. Granger, Min Ragan-Kelley","BSD 3-Clause License
         
         Copyright (c) 2009-2012, Brian Granger, Min Ragan-Kelley
         
         All rights reserved.
         
         Redistribution and use in source and binary forms, with or without
         modification, are permitted provided that the following conditions are met:
         
         1. Redistributions of source code must retain the above copyright notice, this
            list of conditions and the following disclaimer.
         
         2. Redistributions in binary form must reproduce the above copyright notice,
            this list of conditions and the following disclaimer in the documentation
            and/or other materials provided with the distribution.
         
         3. Neither the name of the copyright holder nor the names of its
            contributors may be used to endorse or promote products derived from
            this software without specific prior written permission.
         
         THIS SOFTWARE IS PROVIDED BY THE COPYRIGHT HOLDERS AND CONTRIBUTORS ""AS IS""
         AND ANY EXPRESS OR IMPLIED WARRANTIES, INCLUDING, BUT NOT LIMITED TO, THE
         IMPLIED WARRANTIES OF MERCHANTABILITY AND FITNESS FOR A PARTICULAR PURPOSE ARE
         DISCLAIMED. IN NO EVENT SHALL THE COPYRIGHT HOLDER OR CONTRIBUTORS BE LIABLE
         FOR ANY DIRECT, INDIRECT, INCIDENTAL, SPECIAL, EXEMPLARY, OR CONSEQUENTIAL
         DAMAGES (INCLUDING, BUT NOT LIMITED TO, PROCUREMENT OF SUBSTITUTE GOODS OR
         SERVICES; LOSS OF USE, DATA, OR PROFITS; OR BUSINESS INTERRUPTION) HOWEVER
         CAUSED AND ON ANY THEORY OF LIABILITY, WHETHER IN CONTRACT, STRICT LIABILITY,
         OR TORT (INCLUDING NEGLIGENCE OR OTHERWISE) ARISING IN ANY WAY OUT OF THE USE
         OF THIS SOFTWARE, EVEN IF ADVISED OF THE POSSIBILITY OF SUCH DAMAGE.
         ",,0,0.0,0,1,0.0,0.1844167633067642
langchain,langchain,94736474,9,1,2639,0,1,465,1124,0,0,0,20,1,0,"['langchain-core<2.0.0,>=1.0.6', 'langgraph<1.1.0,>=1.0.2', 'pydantic<3.0.0,>=2.7.4', 'langchain-anthropic', 'langchain-aws', 'langchain-azure-ai', 'langchain-community', 'langchain-deepseek', 'langchain-fireworks', 'langchain-google-genai', 'langchain-google-vertexai', 'langchain-groq', 'langchain-huggingface', 'langchain-mistralai', 'langchain-model-profiles', 'langchain-ollama', 'langchain-openai', 'langchain-perplexity', 'langchain-together', 'langchain-xai']",,MIT,,0,0.0,0,10,0.0,0.04391305234372573
mako,mako,85851368,4,1,1459,1,0,77,6901,1,10,0,4,1,0,"['MarkupSafe>=0.9.2', 'pytest', 'Babel', 'lingua']",Mike Bayer,MIT,,0,0.0,0,4,0.0,0.043824577425263696
jsonpointer,jsonpointer,84891351,11,1,1021,1,0,28,5226,1,11,0,0,0,0,[],Stefan Kögl,Modified BSD License,,0,0.0,0,0,0.0,1.0
cython,cython,84407607,6,1,4567,1,0,146,6658,1,63,0,0,0,0,[],"Robert Bradshaw, Stefan Behnel, David Woods, Greg Ewing, et al.",Apache-2.0,,0,0.0,0,0,0.0,1.0
traitlets,traitlets,84480188,9,1,7486,0,1,53,4368,1,0,0,9,1,0,"['myst-parser', 'pydata-sphinx-theme', 'sphinx', 'argcomplete>=3.0.3', 'mypy>=1.7.0', 'pre-commit', 'pytest-mock', 'pytest-mypy-testing', 'pytest<8.2,>=7.0']",,"BSD 3-Clause License  - Copyright (c) 2001-, IPython Development Team  All rights reserved.  Redistribution and use in source and binary forms, with or without modification, are permitted provided that the following conditions are met:  1. Redistributions of source code must retain the above copyright notice, this list of conditions and the following disclaimer.  2. Redistributions in binary form must reproduce the above copyright notice, this list of conditions and the following disclaimer in the documentation and/or other materials provided with the distribution.  3. Neither the name of the copyright holder nor the names of its contributors may be used to endorse or promote products derived from this software without specific prior written permission.  THIS SOFTWARE IS PROVIDED BY THE COPYRIGHT HOLDERS AND CONTRIBUTORS ""AS IS"" AND ANY EXPRESS OR IMPLIED WARRANTIES, INCLUDING, BUT NOT LIMITED TO, THE IMPLIED WARRANTIES OF MERCHANTABILITY AND FITNESS FOR A PARTICULAR PURPOSE ARE DISCLAIMED. IN NO EVENT SHALL THE COPYRIGHT HOLDER OR CONTRIBUTORS BE LIABLE FOR ANY DIRECT, INDIRECT, INCIDENTAL, SPECIAL, EXEMPLARY, OR CONSEQUENTIAL DAMAGES (INCLUDING, BUT NOT LIMITED TO, PROCUREMENT OF SUBSTITUTE GOODS OR SERVICES; LOSS OF USE, DATA, OR PROFITS; OR BUSINESS INTERRUPTION) HOWEVER CAUSED AND ON ANY THEORY OF LIABILITY, WHETHER IN CONTRACT, STRICT LIABILITY, OR TORT (INCLUDING NEGLIGENCE OR OTHERWISE) ARISING IN ANY WAY OUT OF THE USE OF THIS SOFTWARE, EVEN IF ADVISED OF THE POSSIBILITY OF SUCH DAMAGE.","Interactive, Interpreter, Shell, Web",0,0.0,0,9,0.027777777777777776,0.025071284581072398
parso,parso,82849966,5,1,6384,1,0,28,3108,1,12,0,5,1,0,"['pytest', 'docopt', 'flake8==5.0.4', 'mypy==0.971', 'types-setuptools==67.2.0.1']",David Halter,MIT,python parser parsing,0,0.0,0,5,0.0,0.04205383488315703
toml,toml,82055599,4,1,5933,1,0,16,4654,1,15,0,0,0,0,[],William Pearson,MIT,,0,0.0,0,0,0.0,1.0
tokenizers,tokenizers,91196514,10,1,5006,0,1,99,2213,1,0,0,12,1,0,"['huggingface-hub<2.0,>=0.16.4', 'pytest', 'pytest-asyncio', 'requests', 'numpy', 'datasets', 'black==22.3', 'ruff', 'sphinx', 'sphinx-rtd-theme', 'setuptools-rust', 'tokenizers']",,,"NLP, tokenizer, BPE, transformer, deep learning",0,0.0,0,10,0.0,0.01327702487362133
jedi,jedi,83032259,4,1,19782,1,0,35,4787,1,12,0,34,1,0,"['parso<0.9.0,>=0.8.4', 'Jinja2==2.11.3', 'MarkupSafe==1.1.1', 'Pygments==2.8.1', 'alabaster==0.7.12', 'babel==2.9.1', 'chardet==4.0.0', 'commonmark==0.8.1', 'docutils==0.17.1', 'future==0.18.2', 'idna==2.10', 'imagesize==1.2.0', 'mock==1.0.1', 'packaging==20.9', 'pyparsing==2.4.7', 'pytz==2021.1', 'readthedocs-sphinx-ext==2.1.4', 'recommonmark==0.5.0', 'requests==2.25.1', 'six==1.15.0', 'snowballstemmer==2.1.0', 'sphinx-rtd-theme==0.4.3', 'sphinx==1.8.5', 'sphinxcontrib-serializinghtml==1.1.4', 'sphinxcontrib-websupport==1.2.4', 'urllib3==1.26.4', 'flake8==5.0.4', 'mypy==0.971', 'types-setuptools==67.2.0.1', 'Django', 'attrs', 'colorama', 'docopt', 'pytest<9.0.0']",David Halter,MIT,python completion refactoring vim,0,0.0,0,10,0.0,0.0843884181485989
snowflake-sqlalchemy,snowflake-sqlalchemy,83024207,20,1,27220,0,1,51,3110,1,0,0,13,1,0,"['snowflake-connector-python<4.0.0', 'sqlalchemy>=1.4.19', 'mock', 'numpy', 'pre-commit', 'pytest', 'pytest-cov', 'pytest-rerunfailures', 'pytest-timeout', 'pytz', 'setuptools', 'syrupy==4.6.1', 'snowflake-connector-python']",,,"Snowflake, analytics, cloud, database, db, warehouse",0,0.0,0,10,0.0,0.01676587291470645
awswrangler,awswrangler,80257823,11,1,14358,0,1,161,2459,1,19,0,29,1,0,"['boto3<2,>=1.20.32', 'botocore<2,>=1.23.32', 'numpy<3.0,>=1.26', 'packaging<26.0,>=21.1', 'pandas<3.0.0,>=1.2.0', 'pyarrow<22.0.0,>=8.0.0', 'setuptools', 'typing-extensions<5,>=4.4.0', 'deltalake<1.3.0,>=0.18.0', 'geopandas<2,>=1.0.0', 'aiohttp<4,>=3.12.14', 'async-timeout<6.0.0,>=4.0.3', 'gremlinpython<4,>=3.7.1', 'requests<3,>=2.0.0', 'modin<0.38,>=0.31', 'pymysql<2,>=1.0.0', 'requests<3,>=2.0.0', 'openpyxl<4,>=3.0.0', 'jsonpath-ng<2,>=1.5.3', 'opensearch-py<4,>=2.0.0', 'requests-aws4auth<2,>=1.1.1', 'oracledb<4,>=1', 'pg8000<2,>=1.29.0', 'progressbar2<5,>=4.0.0', 'ray', 'redshift-connector<3,>=2.0.0', 'requests<3,>=2.0.0', 'sparqlwrapper<3,>=2.0.0', 'pyodbc<6,>=4']",Amazon Web Services,Apache-2.0,"aws, pandas",0,0.0,0,10,0.0,0.03058047111342591
mypy,mypy,80925257,4,1,430,0,1,131,5918,1,0,0,9,1,0,"['typing_extensions>=4.6.0', 'mypy_extensions>=1.0.0', 'pathspec>=0.9.0', 'tomli>=1.1.0', 'psutil>=4.0', 'setuptools>=50', 'lxml', 'pip', 'orjson']",,MIT,,0,0.0,0,9,0.0,0.06337026107970573
tornado,tornado,81536135,7,1,1599,1,1,78,5667,1,8,0,0,0,0,[],Facebook,Apache-2.0,,0,0.0,0,0,0.0,1.0
kubernetes,kubernetes,79043052,10,1,51,1,0,108,3286,1,10,0,11,1,1,"['certifi>=14.05.14', 'six>=1.9.0', 'python-dateutil>=2.5.3', 'pyyaml>=5.4.1', 'google-auth>=1.0.1', 'websocket-client!=0.40.0,!=0.41.*,!=0.42.*,>=0.32.0', 'requests', 'requests-oauthlib', 'urllib3<2.4.0,>=1.24.2', 'durationpy>=0.7', 'adal>=1.0.2']",Kubernetes,Apache License Version 2.0,"Swagger, OpenAPI, Kubernetes",0,0.0,0,10,0.0,0.03730528657180937
email-validator,email-validator,81751749,15,1,24959,1,0,32,3868,1,15,0,2,1,0,"['dnspython>=2.0.0', 'idna>=2.0.0']",Joshua Tauberer,Unlicense,email address validator,0,0.0,0,2,0.0,0.25974050510584634
google-cloud-secret-manager,google-cloud-secret-manager,94592502,27,1,7925,1,0,59,2164,1,10,1,8,1,0,"['google-api-core', 'google-auth!=2.24.0,!=2.25.0,<3.0.0,>=2.14.1', 'grpcio<2.0.0,>=1.33.2', 'grpcio<2.0.0,>=1.75.1', 'proto-plus<2.0.0,>=1.22.3', 'proto-plus<2.0.0,>=1.25.0', 'protobuf!=4.21.0,!=4.21.1,!=4.21.2,!=4.21.3,!=4.21.4,!=4.21.5,<7.0.0,>=3.20.2', 'grpc-google-iam-v1<1.0.0,>=0.14.0']",Google LLC,Apache 2.0,,0,0.0,0,8,0.10714285714285714,0.03481864703125163
executing,executing,78931887,9,1,7706,1,0,36,2351,1,9,0,7,1,0,"['asttokens>=2.1.0', 'ipython', 'pytest', 'coverage', 'coverage-enable-subprocess', 'littleutils', 'rich']",Alex Hall,MIT,,0,0.0,0,7,0.0,0.02395082370686062
grpc-google-iam-v1,grpc-google-iam-v1,78354662,18,1,7939,0,1,22,3347,1,0,0,3,1,0,"['grpcio<2.0.0,>=1.44.0', 'googleapis-common-protos', 'protobuf!=4.21.1,!=4.21.2,!=4.21.3,!=4.21.4,!=4.21.5,<7.0.0,>=3.20.2']",,Apache 2.0,,0,0.0,0,3,0.6666666666666666,0.16832674329385186
cachecontrol,cachecontrol,74277435,12,1,1231,0,1,52,4540,1,41,0,17,1,0,"['requests>=2.16.0', 'msgpack<2.0.0,>=0.5.2', 'cachecontrol', 'cherrypy', 'cheroot>=11.1.2', 'codespell', 'furo', 'mypy', 'pytest', 'pytest-cov', 'ruff', 'sphinx', 'sphinx-copybutton', 'types-redis', 'types-requests', 'filelock>=3.8.0', 'redis>=2.10.5']","Eric Larson, Frost Ming, William Woodruff",,"requests, http, caching, web",0,0.0,1,10,0.0,0.01634655837933596
sentry-sdk,sentry-sdk,77129534,10,1,5253,1,0,306,2676,1,28,1,54,1,0,"['urllib3>=1.26.11', 'certifi', 'aiohttp>=3.5', 'anthropic>=0.16', 'arq>=0.23', 'asyncpg>=0.23', 'apache-beam>=2.12', 'bottle>=0.12.13', 'celery>=3', 'celery-redbeat>=2', 'chalice>=1.16.0', 'clickhouse-driver>=0.2.0', 'django>=1.8', 'falcon>=1.4', 'fastapi>=0.79.0', 'flask>=0.11', 'blinker>=1.1', 'markupsafe', 'grpcio>=1.21.1', 'protobuf>=3.8.0', 'httpcore', 'httpx>=0.16.0', 'huey>=2', 'huggingface_hub>=0.22', 'langchain>=0.0.210', 'langgraph>=0.6.6', 'launchdarkly-server-sdk>=9.8.0', 'litellm>=1.77.5', 'litestar>=2.0.0', 'loguru>=0.5', 'mcp>=1.15.0', 'openai>=1.0.0', 'tiktoken>=0.3.0', 'openfeature-sdk>=0.7.1', 'opentelemetry-distro>=0.35b0', 'opentelemetry-distro', 'opentelemetry-distro', 'pure_eval', 'executing', 'asttokens', 'pydantic-ai>=1.0.0', 'pymongo>=3.1', 'pyspark>=2.4.4', 'quart>=0.16.1', 'blinker>=1.1', 'rq>=0.6', 'sanic>=0.8', 'sqlalchemy>=1.2', 'starlette>=0.19.1', 'starlite>=1.48', 'statsig>=0.55.3', 'tornado>=6', 'UnleashClient>=6.0.1', 'google-genai>=1.29.0']",Sentry Team and Contributors,MIT,,0,0.0,0,10,0.0,0.0843884181485989
matplotlib-inline,matplotlib-inline,80202303,17,1,893,0,0,9,1744,1,0,0,6,1,0,"['traitlets', 'flake8', 'nbdime', 'nbval', 'notebook', 'pytest']",,,"ipython, jupyter, matplotlib, python",0,0.0,0,6,0.0,0.014755412733359976
tinycss2,tinycss2,58545699,8,1,1330,0,1,17,4466,1,0,0,5,1,0,"['webencodings>=0.4', 'sphinx', 'furo', 'pytest', 'ruff']",,,"css, parser",0,0.0,0,5,0.0,0.029608958253062423
aiofiles,aiofiles,78457043,8,1,5185,0,1,16,3883,1,0,0,0,0,0,[],,Apache-2.0,,0,0.0,0,0,0.0,1.0
pkginfo,pkginfo,72845875,7,1,11466,1,0,52,6070,1,34,0,3,1,0,"['pytest', 'pytest-cov', 'wheel']","Tres Seaver, Agendaless Consulting",MIT,distribution sdist installed metadata,0,0.0,0,3,0.0,0.02024312940993635
ply,ply,74646628,3,1,517,1,0,15,4966,1,13,0,0,0,0,[],David Beazley,BSD,,0,0.0,0,0,0.0,1.0
sympy,sympy,80678887,5,1,11169,1,1,67,6419,1,22,1,3,1,0,"['mpmath<1.4,>=1.1.0', 'pytest>=7.1.0', 'hypothesis>=6.70.0']",SymPy development team,BSD,Math CAS,0,0.0,0,3,0.0,0.2061857491852643
nodeenv,nodeenv,72549029,7,1,20678,1,0,74,5333,1,14,0,0,0,0,[],Eugene Kalinin,BSD,,0,0.0,0,0,0.0,1.0
pymysql,pymysql,71484291,7,1,3360,0,0,44,6004,1,0,0,2,1,0,"['cryptography', 'PyNaCl>=1.4.0']",,,MySQL,0,0.0,0,2,0.0,0.06639561372073079
asttokens,asttokens,75734036,9,1,3187,1,0,35,3269,1,30,0,5,1,0,"['astroid<5,>=2', 'astroid<5,>=2', 'pytest<9.0', 'pytest-cov', 'pytest-xdist']","Dmitry Sagalovskiy, Grist Labs",Apache 2.0,"code, ast, parse, tokenize, refactor",0,0.0,0,4,0.16666666666666666,0.03220683335608942
markdown,markdown,74372879,8,1,2590,0,1,58,6488,1,33,0,9,1,0,"['coverage', 'pyyaml', 'mkdocs>=1.6', 'mkdocs-nature>=0.6', 'mdx_gh_links>=0.2', 'mkdocstrings', 'mkdocs-gen-files', 'mkdocs-section-index', 'mkdocs-literate-nav']","Manfred Stienstra, Yuri Takhteyev",,"markdown, markdown-parser, python-markdown, markdown-to-html",0,0.0,0,9,0.0,0.07824555360189651
installer,installer,68862615,9,1,613,0,1,13,2619,1,0,0,0,0,0,[],,,,0,0.0,0,0,0.0,1.0
torch,torch,72643092,5,1,27093,0,1,44,2542,1,0,0,26,1,0,"['filelock', 'typing-extensions>=4.10.0', 'setuptools', 'sympy>=1.13.3', 'networkx>=2.5.1', 'jinja2', 'fsspec>=0.8.5', 'nvidia-cuda-nvrtc-cu12==12.8.93', 'nvidia-cuda-runtime-cu12==12.8.90', 'nvidia-cuda-cupti-cu12==12.8.90', 'nvidia-cudnn-cu12==9.10.2.21', 'nvidia-cublas-cu12==12.8.4.1', 'nvidia-cufft-cu12==11.3.3.83', 'nvidia-curand-cu12==10.3.9.90', 'nvidia-cusolver-cu12==11.7.3.90', 'nvidia-cusparse-cu12==12.5.8.93', 'nvidia-cusparselt-cu12==0.7.1', 'nvidia-nccl-cu12==2.27.5', 'nvidia-nvshmem-cu12==3.3.20', 'nvidia-nvtx-cu12==12.8.90', 'nvidia-nvjitlink-cu12==12.8.93', 'nvidia-cufile-cu12==1.13.1.3', 'triton==3.5.1', 'optree>=0.13.0', 'opt-einsum>=3.3', 'pyyaml']",,BSD-3-Clause,"pytorch, machine learning",0,0.0,0,10,0.0,0.028071835739679342
isort,isort,69145269,5,1,10389,0,1,149,4368,1,0,0,2,1,0,"['colorama', 'setuptools']",,,"Clean, Imports, Lint, Refactor, Sort",0,0.0,0,2,0.0,0.04164198947784345
uv,uv,74281488,2,1,10202,1,1,232,646,1,0,0,0,0,0,[],,,"uv, requirements, packaging",0,0.0,0,0,0.0,1.0
termcolor,termcolor,74275373,9,1,4904,0,1,19,6375,1,0,0,2,1,0,"['pytest', 'pytest-cov']",,,"ANSI, ANSI color, ANSI colour, color, colour, formatting, termcolor, terminal",0,0.0,0,2,0.0,0.02152742684179319
gunicorn,gunicorn,72496509,8,1,1988,0,0,87,5802,1,0,0,11,1,0,"['packaging', 'importlib-metadata', 'eventlet!=0.36.0,>=0.24.1', 'gevent>=1.4.0', 'setproctitle', 'gevent', 'eventlet', 'coverage', 'pytest', 'pytest-cov', 'tornado>=0.2']",,MIT,,0,0.0,0,10,0.06666666666666667,0.017051598124601625
aliyun-python-sdk-core,aliyun-python-sdk-core,80718732,22,1,407,1,0,94,3516,1,13,0,0,0,0,[],Alibaba Cloud,Apache License 2.0,"aliyun, sdk, core",0,0.0,0,0,0.0,1.0
langchain-core,langchain-core,75220074,14,1,2618,0,1,233,733,0,0,0,7,1,0,"['jsonpatch<2.0.0,>=1.33.0', 'langsmith<1.0.0,>=0.3.45', 'packaging<26.0.0,>=23.2.0', 'pydantic<3.0.0,>=2.7.4', 'pyyaml<7.0.0,>=5.3.0', 'tenacity!=8.4.0,<10.0.0,>=8.1.0', 'typing-extensions<5.0.0,>=4.7.0']",,MIT,,0,0.0,0,7,0.0,0.11299418771624567
stack-data,stack-data,71539245,10,1,17186,1,0,21,2167,1,9,0,8,1,0,"['executing', 'asttokens', 'pure-eval', 'pytest', 'typeguard', 'pygments', 'littleutils', 'cython']",Alex Hall,MIT,,0,0.0,0,8,0.10714285714285714,0.014993581536258665
pure-eval,pure-eval,71387843,9,1,5426,1,0,9,2167,1,9,0,1,1,0,['pytest'],Alex Hall,MIT,,0,0.0,0,1,0.0,0.04900487238984376
watchfiles,watchfiles,70406076,10,1,3079,1,1,28,1348,1,0,0,1,1,0,['anyio>=3.0.0'],,MIT,,0,0.0,0,1,0.0,0.3508773619358619
mccabe,mccabe,70302822,6,1,3995,1,0,13,4656,1,11,0,0,0,0,[],Tarek Ziade,Expat license,flake8 mccabe,0,0.0,0,0,0.0,1.0
uvloop,uvloop,72097390,6,1,3112,0,0,83,3511,1,0,0,11,1,0,"['aiohttp>=3.10.5', 'flake8~=6.1', 'psutil', 'pycodestyle~=2.11.0', 'pyOpenSSL~=25.3.0', 'mypy>=0.800', 'setuptools>=60', 'Cython~=3.0', 'Sphinx~=4.1.2', 'sphinxcontrib-asyncio~=0.3.0', 'sphinx_rtd_theme~=0.5.2']",,MIT License,"asyncio, networking",0,0.0,0,10,0.0,0.015524608788067301
future,future,63387716,6,1,2589,1,1,52,4514,1,12,0,0,0,0,[],Ed Schofield,MIT,future past python3 migration futurize backport six 2to3 modernize pasteurize 3to2,0,0.0,0,0,0.0,1.0
mpmath,mpmath,73997729,6,1,6905,1,1,34,6630,1,17,0,8,1,0,"['pytest', 'pycodestyle', 'pytest-cov', 'codecov', 'wheel', 'sphinx', 'gmpy2', 'pytest']",Fredrik Johansson,BSD,,0,0.0,0,7,0.0,0.0156578698038976
dulwich,dulwich,64313223,7,1,3363,0,1,157,4444,1,0,0,14,1,0,"['urllib3>=2.2.2', 'typing_extensions>=4.6.0', 'fastimport', 'urllib3>=2.2.2', 'gpg', 'paramiko', 'rich', 'ruff==0.13.2', 'mypy==1.18.2', 'dissolve>=0.1.1', 'codespell==2.4.1', 'merge3', 'atheris', 'patiencediff']",,,"vcs, git",0,0.0,0,9,0.0,0.044032415075136784
pycodestyle,pycodestyle,67274091,11,1,3462,1,0,23,3463,1,17,0,0,0,0,[],Johann C. Rocholl,MIT,"pycodestyle, pep8, PEP 8, PEP-8, PEP8",0,0.0,0,0,0.0,1.0
hf-xet,hf-xet,75258148,6,1,3104,0,1,62,316,0,0,0,1,1,0,['pytest'],,,,0,0.0,0,1,0.0,0.04900487238984376
pytest-asyncio,pytest-asyncio,74803947,14,1,2389,0,0,72,3878,1,0,0,7,1,0,"['backports-asyncio-runner<2,>=1.1', 'pytest<10,>=8.2', 'typing-extensions>=4.12', 'sphinx>=5.3', 'sphinx-rtd-theme>=1', 'coverage>=6.2', 'hypothesis>=5.7.1']",,,,0,0.0,0,7,0.0,0.11299418771624567
python-json-logger,python-json-logger,67136648,18,1,1774,0,1,37,4653,1,0,0,20,1,0,"['typing_extensions', 'orjson', 'msgspec', 'validate-pyproject', 'black', 'pylint', 'mypy', 'pytest', 'freezegun', 'backports.zoneinfo', 'tzdata', 'build', 'mkdocs', 'mkdocs-material>=8.5', 'mkdocs-awesome-pages-plugin', 'mdx_truly_sane_lists', 'mkdocstrings', 'mkdocs-gen-files', 'mkdocs-literate-nav', 'mike']",,BSD-2-Clause License,,0,0.0,0,10,0.022222222222222223,0.016239779573429966
grpcio-health-checking,grpcio-health-checking,87608268,22,1,216,1,0,257,3412,1,16,0,2,1,0,"['protobuf<7.0.0,>=6.31.1', 'grpcio>=1.76.0']",The gRPC Authors,Apache License 2.0,,0,0.0,0,2,0.0,0.25974050510584634
pymongo,pymongo,68360453,7,1,6856,0,1,166,6148,1,23,1,22,1,0,"['dnspython<3.0.0,>=1.16.0', 'pymongo-auth-aws<2.0.0,>=1.1.0', 'furo==2025.7.19', 'readthedocs-sphinx-search~=0.3', 'sphinx-autobuild>=2020.9.1', 'sphinx-rtd-theme<4,>=2', 'sphinx<9,>=5.3', 'sphinxcontrib-shellcheck<2,>=1', 'certifi', 'pymongo-auth-aws<2.0.0,>=1.1.0', 'pymongocrypt<2.0.0,>=1.13.0', 'pykerberos', 'winkerberos>=0.5.0', 'certifi', 'cryptography>=2.5', 'pyopenssl>=17.2.0', 'requests<3.0.0', 'service-identity>=18.1.0', 'python-snappy', 'pytest-asyncio>=0.24.0', 'pytest>=8.2', 'zstandard']",The MongoDB Python Team,"Apache License
                                   Version 2.0, January 2004
                                http://www.apache.org/licenses/
        
           TERMS AND CONDITIONS FOR USE, REPRODUCTION, AND DISTRIBUTION
        
           1. Definitions.
        
              ""License"" shall mean the terms and conditions for use, reproduction,
              and distribution as defined by Sections 1 through 9 of this document.
        
              ""Licensor"" shall mean the copyright owner or entity authorized by
              the copyright owner that is granting the License.
        
              ""Legal Entity"" shall mean the union of the acting entity and all
              other entities that control, are controlled by, or are under common
              control with that entity. For the purposes of this definition,
              ""control"" means (i) the power, direct or indirect, to cause the
              direction or management of such entity, whether by contract or
              otherwise, or (ii) ownership of fifty percent (50%) or more of the
              outstanding shares, or (iii) beneficial ownership of such entity.
        
              ""You"" (or ""Your"") shall mean an individual or Legal Entity
              exercising permissions granted by this License.
        
              ""Source"" form shall mean the preferred form for making modifications,
              including but not limited to software source code, documentation
              source, and configuration files.
        
              ""Object"" form shall mean any form resulting from mechanical
              transformation or translation of a Source form, including but
              not limited to compiled object code, generated documentation,
              and conversions to other media types.
        
              ""Work"" shall mean the work of authorship, whether in Source or
              Object form, made available under the License, as indicated by a
              copyright notice that is included in or attached to the work
              (an example is provided in the Appendix below).
        
              ""Derivative Works"" shall mean any work, whether in Source or Object
              form, that is based on (or derived from) the Work and for which the
              editorial revisions, annotations, elaborations, or other modifications
              represent, as a whole, an original work of authorship. For the purposes
              of this License, Derivative Works shall not include works that remain
              separable from, or merely link (or bind by name) to the interfaces of,
              the Work and Derivative Works thereof.
        
              ""Contribution"" shall mean any work of authorship, including
              the original version of the Work and any modifications or additions
              to that Work or Derivative Works thereof, that is intentionally
              submitted to Licensor for inclusion in the Work by the copyright owner
              or by an individual or Legal Entity authorized to submit on behalf of
              the copyright owner. For the purposes of this definition, ""submitted""
              means any form of electronic, verbal, or written communication sent
              to the Licensor or its representatives, including but not limited to
              communication on electronic mailing lists, source code control systems,
              and issue tracking systems that are managed by, or on behalf of, the
              Licensor for the purpose of discussing and improving the Work, but
              excluding communication that is conspicuously marked or otherwise
              designated in writing by the copyright owner as ""Not a Contribution.""
        
              ""Contributor"" shall mean Licensor and any individual or Legal Entity
              on behalf of whom a Contribution has been received by Licensor and
              subsequently incorporated within the Work.
        
           2. Grant of Copyright License. Subject to the terms and conditions of
              this License, each Contributor hereby grants to You a perpetual,
              worldwide, non-exclusive, no-charge, royalty-free, irrevocable
              copyright license to reproduce, prepare Derivative Works of,
              publicly display, publicly perform, sublicense, and distribute the
              Work and such Derivative Works in Source or Object form.
        
           3. Grant of Patent License. Subject to the terms and conditions of
              this License, each Contributor hereby grants to You a perpetual,
              worldwide, non-exclusive, no-charge, royalty-free, irrevocable
              (except as stated in this section) patent license to make, have made,
              use, offer to sell, sell, import, and otherwise transfer the Work,
              where such license applies only to those patent claims licensable
              by such Contributor that are necessarily infringed by their
              Contribution(s) alone or by combination of their Contribution(s)
              with the Work to which such Contribution(s) was submitted. If You
              institute patent litigation against any entity (including a
              cross-claim or counterclaim in a lawsuit) alleging that the Work
              or a Contribution incorporated within the Work constitutes direct
              or contributory patent infringement, then any patent licenses
              granted to You under this License for that Work shall terminate
              as of the date such litigation is filed.
        
           4. Redistribution. You may reproduce and distribute copies of the
              Work or Derivative Works thereof in any medium, with or without
              modifications, and in Source or Object form, provided that You
              meet the following conditions:
        
              (a) You must give any other recipients of the Work or
                  Derivative Works a copy of this License; and
        
              (b) You must cause any modified files to carry prominent notices
                  stating that You changed the files; and
        
              (c) You must retain, in the Source form of any Derivative Works
                  that You distribute, all copyright, patent, trademark, and
                  attribution notices from the Source form of the Work,
                  excluding those notices that do not pertain to any part of
                  the Derivative Works; and
        
              (d) If the Work includes a ""NOTICE"" text file as part of its
                  distribution, then any Derivative Works that You distribute must
                  include a readable copy of the attribution notices contained
                  within such NOTICE file, excluding those notices that do not
                  pertain to any part of the Derivative Works, in at least one
                  of the following places: within a NOTICE text file distributed
                  as part of the Derivative Works; within the Source form or
                  documentation, if provided along with the Derivative Works; or,
                  within a display generated by the Derivative Works, if and
                  wherever such third-party notices normally appear. The contents
                  of the NOTICE file are for informational purposes only and
                  do not modify the License. You may add Your own attribution
                  notices within Derivative Works that You distribute, alongside
                  or as an addendum to the NOTICE text from the Work, provided
                  that such additional attribution notices cannot be construed
                  as modifying the License.
        
              You may add Your own copyright statement to Your modifications and
              may provide additional or different license terms and conditions
              for use, reproduction, or distribution of Your modifications, or
              for any such Derivative Works as a whole, provided Your use,
              reproduction, and distribution of the Work otherwise complies with
              the conditions stated in this License.
        
           5. Submission of Contributions. Unless You explicitly state otherwise,
              any Contribution intentionally submitted for inclusion in the Work
              by You to the Licensor shall be under the terms and conditions of
              this License, without any additional terms or conditions.
              Notwithstanding the above, nothing herein shall supersede or modify
              the terms of any separate license agreement you may have executed
              with Licensor regarding such Contributions.
        
           6. Trademarks. This License does not grant permission to use the trade
              names, trademarks, service marks, or product names of the Licensor,
              except as required for reasonable and customary use in describing the
              origin of the Work and reproducing the content of the NOTICE file.
        
           7. Disclaimer of Warranty. Unless required by applicable law or
              agreed to in writing, Licensor provides the Work (and each
              Contributor provides its Contributions) on an ""AS IS"" BASIS,
              WITHOUT WARRANTIES OR CONDITIONS OF ANY KIND, either express or
              implied, including, without limitation, any warranties or conditions
              of TITLE, NON-INFRINGEMENT, MERCHANTABILITY, or FITNESS FOR A
              PARTICULAR PURPOSE. You are solely responsible for determining the
              appropriateness of using or redistributing the Work and assume any
              risks associated with Your exercise of permissions under this License.
        
           8. Limitation of Liability. In no event and under no legal theory,
              whether in tort (including negligence), contract, or otherwise,
              unless required by applicable law (such as deliberate and grossly
              negligent acts) or agreed to in writing, shall any Contributor be
              liable to You for damages, including any direct, indirect, special,
              incidental, or consequential damages of any character arising as a
              result of this License or out of the use or inability to use the
              Work (including but not limited to damages for loss of goodwill,
              work stoppage, computer failure or malfunction, or any and all
              other commercial damages or losses), even if such Contributor
              has been advised of the possibility of such damages.
        
           9. Accepting Warranty or Additional Liability. While redistributing
              the Work or Derivative Works thereof, You may choose to offer,
              and charge a fee for, acceptance of support, warranty, indemnity,
              or other liability obligations and/or rights consistent with this
              License. However, in accepting such obligations, You may act only
              on Your own behalf and on Your sole responsibility, not on behalf
              of any other Contributor, and only if You agree to indemnify,
              defend, and hold each Contributor harmless for any liability
              incurred by, or claims asserted against, such Contributor by reason
              of your accepting any such warranty or additional liability.
        
           END OF TERMS AND CONDITIONS
        
           APPENDIX: How to apply the Apache License to your work.
        
              To apply the Apache License to your work, attach the following
              boilerplate notice, with the fields enclosed by brackets ""[]""
              replaced with your own identifying information. (Don't include
              the brackets!)  The text should be enclosed in the appropriate
              comment syntax for the file format. We also recommend that a
              file or class name and description of purpose be included on the
              same ""printed page"" as the copyright notice for easier
              identification within third-party archives.
        
           Copyright [yyyy] [name of copyright owner]
        
           Licensed under the Apache License, Version 2.0 (the ""License"");
           you may not use this file except in compliance with the License.
           You may obtain a copy of the License at
        
               http://www.apache.org/licenses/LICENSE-2.0
        
           Unless required by applicable law or agreed to in writing, software
           distributed under the License is distributed on an ""AS IS"" BASIS,
           WITHOUT WARRANTIES OR CONDITIONS OF ANY KIND, either express or implied.
           See the License for the specific language governing permissions and
           limitations under the License.","bson, gridfs, mongo, mongodb, pymongo",0,0.0,0,9,0.0,0.0921658638571875
poetry,poetry,62236433,6,1,5181,0,1,180,2824,1,17,0,23,1,0,"['build<2.0.0,>=1.2.1', 'cachecontrol', 'cleo<3.0.0,>=2.1.0', 'dulwich<0.25.0,>=0.24.0', 'fastjsonschema<3.0.0,>=2.18.0', 'findpython<0.8.0,>=0.6.2', 'importlib-metadata>=4.4', 'installer<0.8.0,>=0.7.0', 'keyring<26.0.0,>=25.1.0', 'packaging>=24.2', 'pbs-installer', 'pkginfo<2.0,>=1.12', 'platformdirs<5,>=3.0.0', 'poetry-core==2.2.1', 'pyproject-hooks<2.0.0,>=1.0.0', 'requests<3.0,>=2.26', 'requests-toolbelt<2.0.0,>=1.0.0', 'shellingham<2.0,>=1.5', 'tomli<3.0.0,>=2.0.1', 'tomlkit<1.0.0,>=0.11.4', 'trove-classifiers>=2022.5.19', 'virtualenv>=20.26.6', 'xattr<2.0.0,>=1.0.0']",Sébastien Eustace,,"packaging, dependency, poetry",0,0.0,0,10,0.0,0.02013494007535267
crashtest,crashtest,61784280,9,1,349,1,1,4,2060,1,17,0,0,0,0,[],Sébastien Eustace,MIT,,0,0.0,0,0,0.0,1.0
typing-inspect,typing-inspect,69099370,14,1,157,1,0,12,3121,1,15,0,3,1,0,"['mypy-extensions', 'typing-extensions', 'typing']",Ivan Levkivskyi,MIT,typing function annotations type hints hinting checking checker typehints typehinting typechecking inspect reflection introspection,0,0.0,0,3,0.0,0.2061857491852643
pytest-xdist,pytest-xdist,67004416,12,1,1165,0,1,71,5787,1,0,0,5,1,0,"['execnet>=2.1', 'pytest>=7.0.0', 'filelock', 'psutil>=3.0', 'setproctitle']",,,,0,0.0,0,5,0.0,0.048685716743749996
tiktoken,tiktoken,65242302,8,1,4783,0,0,18,1074,1,13,0,3,1,0,"['regex>=2022.1.18', 'requests>=2.26.0', 'blobfile>=2']",Shantanu Jain,"MIT License
        
        Copyright (c) 2022 OpenAI, Shantanu Jain
        
        Permission is hereby granted, free of charge, to any person obtaining a copy
        of this software and associated documentation files (the ""Software""), to deal
        in the Software without restriction, including without limitation the rights
        to use, copy, modify, merge, publish, distribute, sublicense, and/or sell
        copies of the Software, and to permit persons to whom the Software is
        furnished to do so, subject to the following conditions:
        
        The above copyright notice and this permission notice shall be included in all
        copies or substantial portions of the Software.
        
        THE SOFTWARE IS PROVIDED ""AS IS"", WITHOUT WARRANTY OF ANY KIND, EXPRESS OR
        IMPLIED, INCLUDING BUT NOT LIMITED TO THE WARRANTIES OF MERCHANTABILITY,
        FITNESS FOR A PARTICULAR PURPOSE AND NONINFRINGEMENT. IN NO EVENT SHALL THE
        AUTHORS OR COPYRIGHT HOLDERS BE LIABLE FOR ANY CLAIM, DAMAGES OR OTHER
        LIABILITY, WHETHER IN AN ACTION OF CONTRACT, TORT OR OTHERWISE, ARISING FROM,
        OUT OF OR IN CONNECTION WITH THE SOFTWARE OR THE USE OR OTHER DEALINGS IN THE
        SOFTWARE.
        ",,0,0.0,0,3,0.0,0.2061857491852643
editables,editables,71234610,9,1,1934,0,1,5,1986,1,0,0,0,0,0,[],,,,0,0.0,0,0,0.0,1.0
httptools,httptools,65662442,9,1,2744,0,0,26,3677,1,0,0,0,0,0,[],,,,0,0.0,0,0,0.0,1.0
identify,identify,63815639,8,1,3752,1,0,181,3201,1,11,0,1,1,0,['ukkonen'],Chris Kuehl,MIT,,0,0.0,0,1,0.0,0.3508773619358619
debugpy,debugpy,63734737,7,1,172,1,1,51,2124,1,21,1,0,0,0,[],Microsoft Corporation,MIT,,0,0.0,0,0,0.0,1.0
jsonpatch,jsonpatch,64017456,9,1,1338,1,1,42,5227,1,11,0,1,1,0,['jsonpointer'],Stefan Kögl,Modified BSD License,,0,0.0,0,1,0.0,0.3508773619358619
shapely,shapely,66637473,7,1,5225,0,1,130,6605,1,12,0,9,1,0,"['numpy>=1.21', 'pytest', 'pytest-cov', 'scipy-doctest', 'numpydoc==1.1.*', 'matplotlib', 'sphinx', 'sphinx-book-theme', 'sphinx-remove-toctrees']",Sean Gillies,BSD 3-Clause,"geometry, topology, gis",0,0.0,0,9,0.0,0.013404191466162934
asgiref,asgiref,70159993,7,1,7817,1,0,69,3611,1,26,1,4,1,0,"['typing_extensions>=4', 'pytest', 'pytest-asyncio', 'mypy>=1.14.0']",Django Software Foundation,BSD-3-Clause,,0,0.0,0,4,0.0,0.03241603884593576
docstring-parser,docstring-parser,65362756,16,1,1944,0,0,25,2776,1,0,0,5,1,0,"['pre-commit>=2.16.0', 'pydoctor>=25.4.0', 'pytest', 'pydoctor>=25.4.0', 'pytest']",,MIT,,0,0.0,0,3,0.0,0.04569634507699995
execnet,execnet,64801132,7,1,1574,0,0,34,5896,1,24,0,4,1,0,"['hatch', 'pre-commit', 'pytest', 'tox']",holger krekel and others,,,0,0.0,0,4,0.0,0.03466332193968734
aioitertools,aioitertools,64623762,12,1,2611,0,0,20,2706,1,0,0,1,1,0,['typing_extensions>=4.0'],,,,0,0.0,0,1,0.0,0.3508773619358619
cleo,cleo,58750133,4,1,11408,1,1,36,4261,1,17,0,2,1,0,"['crashtest', 'rapidfuzz']",Sébastien Eustace,MIT,"cli,commands",0,0.0,0,2,0.0,0.16498256013351076
pre-commit,pre-commit,64146069,10,1,480,1,0,200,4176,1,15,0,5,1,0,"['cfgv>=2.0.0', 'identify>=1.0.0', 'nodeenv>=0.11.1', 'pyyaml>=5.1', 'virtualenv>=20.10.0']",Anthony Sottile,MIT,,0,0.0,0,5,0.0,0.14598556863940548
datadog,datadog,62350641,7,1,9014,0,0,65,3909,1,0,0,3,1,0,"['configparser<5', 'requests>=2.6.0', 'typing']",,BSD-3-Clause,datadog,0,0.0,0,3,0.0,0.2061857491852643
typedload,typedload,65828064,9,1,3975,1,0,60,2786,1,24,0,0,0,0,[],Salvo 'LtWorf' Tomaselli,"This software is released under the GNU General Public License 3.
        
        An exception to this is granted to Appgate Cybersecurity, Inc., which
        is allowed to use this software under the GNU Lesser General Public
        License 3. Because the author works there.
        
        Verbatim text of GNU GPL 3 and GNU LGPL 3 follows.
        
        =====================================================================
                            GNU GENERAL PUBLIC LICENSE
                               Version 3, 29 June 2007
        
         Copyright (C) 2007 Free Software Foundation, Inc. <http://fsf.org/>
         Everyone is permitted to copy and distribute verbatim copies
         of this license document, but changing it is not allowed.
        
                                    Preamble
        
          The GNU General Public License is a free, copyleft license for
        software and other kinds of works.
        
          The licenses for most software and other practical works are designed
        to take away your freedom to share and change the works.  By contrast,
        the GNU General Public License is intended to guarantee your freedom to
        share and change all versions of a program--to make sure it remains free
        software for all its users.  We, the Free Software Foundation, use the
        GNU General Public License for most of our software; it applies also to
        any other work released this way by its authors.  You can apply it to
        your programs, too.
        
          When we speak of free software, we are referring to freedom, not
        price.  Our General Public Licenses are designed to make sure that you
        have the freedom to distribute copies of free software (and charge for
        them if you wish), that you receive source code or can get it if you
        want it, that you can change the software or use pieces of it in new
        free programs, and that you know you can do these things.
        
          To protect your rights, we need to prevent others from denying you
        these rights or asking you to surrender the rights.  Therefore, you have
        certain responsibilities if you distribute copies of the software, or if
        you modify it: responsibilities to respect the freedom of others.
        
          For example, if you distribute copies of such a program, whether
        gratis or for a fee, you must pass on to the recipients the same
        freedoms that you received.  You must make sure that they, too, receive
        or can get the source code.  And you must show them these terms so they
        know their rights.
        
          Developers that use the GNU GPL protect your rights with two steps:
        (1) assert copyright on the software, and (2) offer you this License
        giving you legal permission to copy, distribute and/or modify it.
        
          For the developers' and authors' protection, the GPL clearly explains
        that there is no warranty for this free software.  For both users' and
        authors' sake, the GPL requires that modified versions be marked as
        changed, so that their problems will not be attributed erroneously to
        authors of previous versions.
        
          Some devices are designed to deny users access to install or run
        modified versions of the software inside them, although the manufacturer
        can do so.  This is fundamentally incompatible with the aim of
        protecting users' freedom to change the software.  The systematic
        pattern of such abuse occurs in the area of products for individuals to
        use, which is precisely where it is most unacceptable.  Therefore, we
        have designed this version of the GPL to prohibit the practice for those
        products.  If such problems arise substantially in other domains, we
        stand ready to extend this provision to those domains in future versions
        of the GPL, as needed to protect the freedom of users.
        
          Finally, every program is threatened constantly by software patents.
        States should not allow patents to restrict development and use of
        software on general-purpose computers, but in those that do, we wish to
        avoid the special danger that patents applied to a free program could
        make it effectively proprietary.  To prevent this, the GPL assures that
        patents cannot be used to render the program non-free.
        
          The precise terms and conditions for copying, distribution and
        modification follow.
        
                               TERMS AND CONDITIONS
        
          0. Definitions.
        
          ""This License"" refers to version 3 of the GNU General Public License.
        
          ""Copyright"" also means copyright-like laws that apply to other kinds of
        works, such as semiconductor masks.
        
          ""The Program"" refers to any copyrightable work licensed under this
        License.  Each licensee is addressed as ""you"".  ""Licensees"" and
        ""recipients"" may be individuals or organizations.
        
          To ""modify"" a work means to copy from or adapt all or part of the work
        in a fashion requiring copyright permission, other than the making of an
        exact copy.  The resulting work is called a ""modified version"" of the
        earlier work or a work ""based on"" the earlier work.
        
          A ""covered work"" means either the unmodified Program or a work based
        on the Program.
        
          To ""propagate"" a work means to do anything with it that, without
        permission, would make you directly or secondarily liable for
        infringement under applicable copyright law, except executing it on a
        computer or modifying a private copy.  Propagation includes copying,
        distribution (with or without modification), making available to the
        public, and in some countries other activities as well.
        
          To ""convey"" a work means any kind of propagation that enables other
        parties to make or receive copies.  Mere interaction with a user through
        a computer network, with no transfer of a copy, is not conveying.
        
          An interactive user interface displays ""Appropriate Legal Notices""
        to the extent that it includes a convenient and prominently visible
        feature that (1) displays an appropriate copyright notice, and (2)
        tells the user that there is no warranty for the work (except to the
        extent that warranties are provided), that licensees may convey the
        work under this License, and how to view a copy of this License.  If
        the interface presents a list of user commands or options, such as a
        menu, a prominent item in the list meets this criterion.
        
          1. Source Code.
        
          The ""source code"" for a work means the preferred form of the work
        for making modifications to it.  ""Object code"" means any non-source
        form of a work.
        
          A ""Standard Interface"" means an interface that either is an official
        standard defined by a recognized standards body, or, in the case of
        interfaces specified for a particular programming language, one that
        is widely used among developers working in that language.
        
          The ""System Libraries"" of an executable work include anything, other
        than the work as a whole, that (a) is included in the normal form of
        packaging a Major Component, but which is not part of that Major
        Component, and (b) serves only to enable use of the work with that
        Major Component, or to implement a Standard Interface for which an
        implementation is available to the public in source code form.  A
        ""Major Component"", in this context, means a major essential component
        (kernel, window system, and so on) of the specific operating system
        (if any) on which the executable work runs, or a compiler used to
        produce the work, or an object code interpreter used to run it.
        
          The ""Corresponding Source"" for a work in object code form means all
        the source code needed to generate, install, and (for an executable
        work) run the object code and to modify the work, including scripts to
        control those activities.  However, it does not include the work's
        System Libraries, or general-purpose tools or generally available free
        programs which are used unmodified in performing those activities but
        which are not part of the work.  For example, Corresponding Source
        includes interface definition files associated with source files for
        the work, and the source code for shared libraries and dynamically
        linked subprograms that the work is specifically designed to require,
        such as by intimate data communication or control flow between those
        subprograms and other parts of the work.
        
          The Corresponding Source need not include anything that users
        can regenerate automatically from other parts of the Corresponding
        Source.
        
          The Corresponding Source for a work in source code form is that
        same work.
        
          2. Basic Permissions.
        
          All rights granted under this License are granted for the term of
        copyright on the Program, and are irrevocable provided the stated
        conditions are met.  This License explicitly affirms your unlimited
        permission to run the unmodified Program.  The output from running a
        covered work is covered by this License only if the output, given its
        content, constitutes a covered work.  This License acknowledges your
        rights of fair use or other equivalent, as provided by copyright law.
        
          You may make, run and propagate covered works that you do not
        convey, without conditions so long as your license otherwise remains
        in force.  You may convey covered works to others for the sole purpose
        of having them make modifications exclusively for you, or provide you
        with facilities for running those works, provided that you comply with
        the terms of this License in conveying all material for which you do
        not control copyright.  Those thus making or running the covered works
        for you must do so exclusively on your behalf, under your direction
        and control, on terms that prohibit them from making any copies of
        your copyrighted material outside their relationship with you.
        
          Conveying under any other circumstances is permitted solely under
        the conditions stated below.  Sublicensing is not allowed; section 10
        makes it unnecessary.
        
          3. Protecting Users' Legal Rights From Anti-Circumvention Law.
        
          No covered work shall be deemed part of an effective technological
        measure under any applicable law fulfilling obligations under article
        11 of the WIPO copyright treaty adopted on 20 December 1996, or
        similar laws prohibiting or restricting circumvention of such
        measures.
        
          When you convey a covered work, you waive any legal power to forbid
        circumvention of technological measures to the extent such circumvention
        is effected by exercising rights under this License with respect to
        the covered work, and you disclaim any intention to limit operation or
        modification of the work as a means of enforcing, against the work's
        users, your or third parties' legal rights to forbid circumvention of
        technological measures.
        
          4. Conveying Verbatim Copies.
        
          You may convey verbatim copies of the Program's source code as you
        receive it, in any medium, provided that you conspicuously and
        appropriately publish on each copy an appropriate copyright notice;
        keep intact all notices stating that this License and any
        non-permissive terms added in accord with section 7 apply to the code;
        keep intact all notices of the absence of any warranty; and give all
        recipients a copy of this License along with the Program.
        
          You may charge any price or no price for each copy that you convey,
        and you may offer support or warranty protection for a fee.
        
          5. Conveying Modified Source Versions.
        
          You may convey a work based on the Program, or the modifications to
        produce it from the Program, in the form of source code under the
        terms of section 4, provided that you also meet all of these conditions:
        
            a) The work must carry prominent notices stating that you modified
            it, and giving a relevant date.
        
            b) The work must carry prominent notices stating that it is
            released under this License and any conditions added under section
            7.  This requirement modifies the requirement in section 4 to
            ""keep intact all notices"".
        
            c) You must license the entire work, as a whole, under this
            License to anyone who comes into possession of a copy.  This
            License will therefore apply, along with any applicable section 7
            additional terms, to the whole of the work, and all its parts,
            regardless of how they are packaged.  This License gives no
            permission to license the work in any other way, but it does not
            invalidate such permission if you have separately received it.
        
            d) If the work has interactive user interfaces, each must display
            Appropriate Legal Notices; however, if the Program has interactive
            interfaces that do not display Appropriate Legal Notices, your
            work need not make them do so.
        
          A compilation of a covered work with other separate and independent
        works, which are not by their nature extensions of the covered work,
        and which are not combined with it such as to form a larger program,
        in or on a volume of a storage or distribution medium, is called an
        ""aggregate"" if the compilation and its resulting copyright are not
        used to limit the access or legal rights of the compilation's users
        beyond what the individual works permit.  Inclusion of a covered work
        in an aggregate does not cause this License to apply to the other
        parts of the aggregate.
        
          6. Conveying Non-Source Forms.
        
          You may convey a covered work in object code form under the terms
        of sections 4 and 5, provided that you also convey the
        machine-readable Corresponding Source under the terms of this License,
        in one of these ways:
        
            a) Convey the object code in, or embodied in, a physical product
            (including a physical distribution medium), accompanied by the
            Corresponding Source fixed on a durable physical medium
            customarily used for software interchange.
        
            b) Convey the object code in, or embodied in, a physical product
            (including a physical distribution medium), accompanied by a
            written offer, valid for at least three years and valid for as
            long as you offer spare parts or customer support for that product
            model, to give anyone who possesses the object code either (1) a
            copy of the Corresponding Source for all the software in the
            product that is covered by this License, on a durable physical
            medium customarily used for software interchange, for a price no
            more than your reasonable cost of physically performing this
            conveying of source, or (2) access to copy the
            Corresponding Source from a network server at no charge.
        
            c) Convey individual copies of the object code with a copy of the
            written offer to provide the Corresponding Source.  This
            alternative is allowed only occasionally and noncommercially, and
            only if you received the object code with such an offer, in accord
            with subsection 6b.
        
            d) Convey the object code by offering access from a designated
            place (gratis or for a charge), and offer equivalent access to the
            Corresponding Source in the same way through the same place at no
            further charge.  You need not require recipients to copy the
            Corresponding Source along with the object code.  If the place to
            copy the object code is a network server, the Corresponding Source
            may be on a different server (operated by you or a third party)
            that supports equivalent copying facilities, provided you maintain
            clear directions next to the object code saying where to find the
            Corresponding Source.  Regardless of what server hosts the
            Corresponding Source, you remain obligated to ensure that it is
            available for as long as needed to satisfy these requirements.
        
            e) Convey the object code using peer-to-peer transmission, provided
            you inform other peers where the object code and Corresponding
            Source of the work are being offered to the general public at no
            charge under subsection 6d.
        
          A separable portion of the object code, whose source code is excluded
        from the Corresponding Source as a System Library, need not be
        included in conveying the object code work.
        
          A ""User Product"" is either (1) a ""consumer product"", which means any
        tangible personal property which is normally used for personal, family,
        or household purposes, or (2) anything designed or sold for incorporation
        into a dwelling.  In determining whether a product is a consumer product,
        doubtful cases shall be resolved in favor of coverage.  For a particular
        product received by a particular user, ""normally used"" refers to a
        typical or common use of that class of product, regardless of the status
        of the particular user or of the way in which the particular user
        actually uses, or expects or is expected to use, the product.  A product
        is a consumer product regardless of whether the product has substantial
        commercial, industrial or non-consumer uses, unless such uses represent
        the only significant mode of use of the product.
        
          ""Installation Information"" for a User Product means any methods,
        procedures, authorization keys, or other information required to install
        and execute modified versions of a covered work in that User Product from
        a modified version of its Corresponding Source.  The information must
        suffice to ensure that the continued functioning of the modified object
        code is in no case prevented or interfered with solely because
        modification has been made.
        
          If you convey an object code work under this section in, or with, or
        specifically for use in, a User Product, and the conveying occurs as
        part of a transaction in which the right of possession and use of the
        User Product is transferred to the recipient in perpetuity or for a
        fixed term (regardless of how the transaction is characterized), the
        Corresponding Source conveyed under this section must be accompanied
        by the Installation Information.  But this requirement does not apply
        if neither you nor any third party retains the ability to install
        modified object code on the User Product (for example, the work has
        been installed in ROM).
        
          The requirement to provide Installation Information does not include a
        requirement to continue to provide support service, warranty, or updates
        for a work that has been modified or installed by the recipient, or for
        the User Product in which it has been modified or installed.  Access to a
        network may be denied when the modification itself materially and
        adversely affects the operation of the network or violates the rules and
        protocols for communication across the network.
        
          Corresponding Source conveyed, and Installation Information provided,
        in accord with this section must be in a format that is publicly
        documented (and with an implementation available to the public in
        source code form), and must require no special password or key for
        unpacking, reading or copying.
        
          7. Additional Terms.
        
          ""Additional permissions"" are terms that supplement the terms of this
        License by making exceptions from one or more of its conditions.
        Additional permissions that are applicable to the entire Program shall
        be treated as though they were included in this License, to the extent
        that they are valid under applicable law.  If additional permissions
        apply only to part of the Program, that part may be used separately
        under those permissions, but the entire Program remains governed by
        this License without regard to the additional permissions.
        
          When you convey a copy of a covered work, you may at your option
        remove any additional permissions from that copy, or from any part of
        it.  (Additional permissions may be written to require their own
        removal in certain cases when you modify the work.)  You may place
        additional permissions on material, added by you to a covered work,
        for which you have or can give appropriate copyright permission.
        
          Notwithstanding any other provision of this License, for material you
        add to a covered work, you may (if authorized by the copyright holders of
        that material) supplement the terms of this License with terms:
        
            a) Disclaiming warranty or limiting liability differently from the
            terms of sections 15 and 16 of this License; or
        
            b) Requiring preservation of specified reasonable legal notices or
            author attributions in that material or in the Appropriate Legal
            Notices displayed by works containing it; or
        
            c) Prohibiting misrepresentation of the origin of that material, or
            requiring that modified versions of such material be marked in
            reasonable ways as different from the original version; or
        
            d) Limiting the use for publicity purposes of names of licensors or
            authors of the material; or
        
            e) Declining to grant rights under trademark law for use of some
            trade names, trademarks, or service marks; or
        
            f) Requiring indemnification of licensors and authors of that
            material by anyone who conveys the material (or modified versions of
            it) with contractual assumptions of liability to the recipient, for
            any liability that these contractual assumptions directly impose on
            those licensors and authors.
        
          All other non-permissive additional terms are considered ""further
        restrictions"" within the meaning of section 10.  If the Program as you
        received it, or any part of it, contains a notice stating that it is
        governed by this License along with a term that is a further
        restriction, you may remove that term.  If a license document contains
        a further restriction but permits relicensing or conveying under this
        License, you may add to a covered work material governed by the terms
        of that license document, provided that the further restriction does
        not survive such relicensing or conveying.
        
          If you add terms to a covered work in accord with this section, you
        must place, in the relevant source files, a statement of the
        additional terms that apply to those files, or a notice indicating
        where to find the applicable terms.
        
          Additional terms, permissive or non-permissive, may be stated in the
        form of a separately written license, or stated as exceptions;
        the above requirements apply either way.
        
          8. Termination.
        
          You may not propagate or modify a covered work except as expressly
        provided under this License.  Any attempt otherwise to propagate or
        modify it is void, and will automatically terminate your rights under
        this License (including any patent licenses granted under the third
        paragraph of section 11).
        
          However, if you cease all violation of this License, then your
        license from a particular copyright holder is reinstated (a)
        provisionally, unless and until the copyright holder explicitly and
        finally terminates your license, and (b) permanently, if the copyright
        holder fails to notify you of the violation by some reasonable means
        prior to 60 days after the cessation.
        
          Moreover, your license from a particular copyright holder is
        reinstated permanently if the copyright holder notifies you of the
        violation by some reasonable means, this is the first time you have
        received notice of violation of this License (for any work) from that
        copyright holder, and you cure the violation prior to 30 days after
        your receipt of the notice.
        
          Termination of your rights under this section does not terminate the
        licenses of parties who have received copies or rights from you under
        this License.  If your rights have been terminated and not permanently
        reinstated, you do not qualify to receive new licenses for the same
        material under section 10.
        
          9. Acceptance Not Required for Having Copies.
        
          You are not required to accept this License in order to receive or
        run a copy of the Program.  Ancillary propagation of a covered work
        occurring solely as a consequence of using peer-to-peer transmission
        to receive a copy likewise does not require acceptance.  However,
        nothing other than this License grants you permission to propagate or
        modify any covered work.  These actions infringe copyright if you do
        not accept this License.  Therefore, by modifying or propagating a
        covered work, you indicate your acceptance of this License to do so.
        
          10. Automatic Licensing of Downstream Recipients.
        
          Each time you convey a covered work, the recipient automatically
        receives a license from the original licensors, to run, modify and
        propagate that work, subject to this License.  You are not responsible
        for enforcing compliance by third parties with this License.
        
          An ""entity transaction"" is a transaction transferring control of an
        organization, or substantially all assets of one, or subdividing an
        organization, or merging organizations.  If propagation of a covered
        work results from an entity transaction, each party to that
        transaction who receives a copy of the work also receives whatever
        licenses to the work the party's predecessor in interest had or could
        give under the previous paragraph, plus a right to possession of the
        Corresponding Source of the work from the predecessor in interest, if
        the predecessor has it or can get it with reasonable efforts.
        
          You may not impose any further restrictions on the exercise of the
        rights granted or affirmed under this License.  For example, you may
        not impose a license fee, royalty, or other charge for exercise of
        rights granted under this License, and you may not initiate litigation
        (including a cross-claim or counterclaim in a lawsuit) alleging that
        any patent claim is infringed by making, using, selling, offering for
        sale, or importing the Program or any portion of it.
        
          11. Patents.
        
          A ""contributor"" is a copyright holder who authorizes use under this
        License of the Program or a work on which the Program is based.  The
        work thus licensed is called the contributor's ""contributor version"".
        
          A contributor's ""essential patent claims"" are all patent claims
        owned or controlled by the contributor, whether already acquired or
        hereafter acquired, that would be infringed by some manner, permitted
        by this License, of making, using, or selling its contributor version,
        but do not include claims that would be infringed only as a
        consequence of further modification of the contributor version.  For
        purposes of this definition, ""control"" includes the right to grant
        patent sublicenses in a manner consistent with the requirements of
        this License.
        
          Each contributor grants you a non-exclusive, worldwide, royalty-free
        patent license under the contributor's essential patent claims, to
        make, use, sell, offer for sale, import and otherwise run, modify and
        propagate the contents of its contributor version.
        
          In the following three paragraphs, a ""patent license"" is any express
        agreement or commitment, however denominated, not to enforce a patent
        (such as an express permission to practice a patent or covenant not to
        sue for patent infringement).  To ""grant"" such a patent license to a
        party means to make such an agreement or commitment not to enforce a
        patent against the party.
        
          If you convey a covered work, knowingly relying on a patent license,
        and the Corresponding Source of the work is not available for anyone
        to copy, free of charge and under the terms of this License, through a
        publicly available network server or other readily accessible means,
        then you must either (1) cause the Corresponding Source to be so
        available, or (2) arrange to deprive yourself of the benefit of the
        patent license for this particular work, or (3) arrange, in a manner
        consistent with the requirements of this License, to extend the patent
        license to downstream recipients.  ""Knowingly relying"" means you have
        actual knowledge that, but for the patent license, your conveying the
        covered work in a country, or your recipient's use of the covered work
        in a country, would infringe one or more identifiable patents in that
        country that you have reason to believe are valid.
        
          If, pursuant to or in connection with a single transaction or
        arrangement, you convey, or propagate by procuring conveyance of, a
        covered work, and grant a patent license to some of the parties
        receiving the covered work authorizing them to use, propagate, modify
        or convey a specific copy of the covered work, then the patent license
        you grant is automatically extended to all recipients of the covered
        work and works based on it.
        
          A patent license is ""discriminatory"" if it does not include within
        the scope of its coverage, prohibits the exercise of, or is
        conditioned on the non-exercise of one or more of the rights that are
        specifically granted under this License.  You may not convey a covered
        work if you are a party to an arrangement with a third party that is
        in the business of distributing software, under which you make payment
        to the third party based on the extent of your activity of conveying
        the work, and under which the third party grants, to any of the
        parties who would receive the covered work from you, a discriminatory
        patent license (a) in connection with copies of the covered work
        conveyed by you (or copies made from those copies), or (b) primarily
        for and in connection with specific products or compilations that
        contain the covered work, unless you entered into that arrangement,
        or that patent license was granted, prior to 28 March 2007.
        
          Nothing in this License shall be construed as excluding or limiting
        any implied license or other defenses to infringement that may
        otherwise be available to you under applicable patent law.
        
          12. No Surrender of Others' Freedom.
        
          If conditions are imposed on you (whether by court order, agreement or
        otherwise) that contradict the conditions of this License, they do not
        excuse you from the conditions of this License.  If you cannot convey a
        covered work so as to satisfy simultaneously your obligations under this
        License and any other pertinent obligations, then as a consequence you may
        not convey it at all.  For example, if you agree to terms that obligate you
        to collect a royalty for further conveying from those to whom you convey
        the Program, the only way you could satisfy both those terms and this
        License would be to refrain entirely from conveying the Program.
        
          13. Use with the GNU Affero General Public License.
        
          Notwithstanding any other provision of this License, you have
        permission to link or combine any covered work with a work licensed
        under version 3 of the GNU Affero General Public License into a single
        combined work, and to convey the resulting work.  The terms of this
        License will continue to apply to the part which is the covered work,
        but the special requirements of the GNU Affero General Public License,
        section 13, concerning interaction through a network will apply to the
        combination as such.
        
          14. Revised Versions of this License.
        
          The Free Software Foundation may publish revised and/or new versions of
        the GNU General Public License from time to time.  Such new versions will
        be similar in spirit to the present version, but may differ in detail to
        address new problems or concerns.
        
          Each version is given a distinguishing version number.  If the
        Program specifies that a certain numbered version of the GNU General
        Public License ""or any later version"" applies to it, you have the
        option of following the terms and conditions either of that numbered
        version or of any later version published by the Free Software
        Foundation.  If the Program does not specify a version number of the
        GNU General Public License, you may choose any version ever published
        by the Free Software Foundation.
        
          If the Program specifies that a proxy can decide which future
        versions of the GNU General Public License can be used, that proxy's
        public statement of acceptance of a version permanently authorizes you
        to choose that version for the Program.
        
          Later license versions may give you additional or different
        permissions.  However, no additional obligations are imposed on any
        author or copyright holder as a result of your choosing to follow a
        later version.
        
          15. Disclaimer of Warranty.
        
          THERE IS NO WARRANTY FOR THE PROGRAM, TO THE EXTENT PERMITTED BY
        APPLICABLE LAW.  EXCEPT WHEN OTHERWISE STATED IN WRITING THE COPYRIGHT
        HOLDERS AND/OR OTHER PARTIES PROVIDE THE PROGRAM ""AS IS"" WITHOUT WARRANTY
        OF ANY KIND, EITHER EXPRESSED OR IMPLIED, INCLUDING, BUT NOT LIMITED TO,
        THE IMPLIED WARRANTIES OF MERCHANTABILITY AND FITNESS FOR A PARTICULAR
        PURPOSE.  THE ENTIRE RISK AS TO THE QUALITY AND PERFORMANCE OF THE PROGRAM
        IS WITH YOU.  SHOULD THE PROGRAM PROVE DEFECTIVE, YOU ASSUME THE COST OF
        ALL NECESSARY SERVICING, REPAIR OR CORRECTION.
        
          16. Limitation of Liability.
        
          IN NO EVENT UNLESS REQUIRED BY APPLICABLE LAW OR AGREED TO IN WRITING
        WILL ANY COPYRIGHT HOLDER, OR ANY OTHER PARTY WHO MODIFIES AND/OR CONVEYS
        THE PROGRAM AS PERMITTED ABOVE, BE LIABLE TO YOU FOR DAMAGES, INCLUDING ANY
        GENERAL, SPECIAL, INCIDENTAL OR CONSEQUENTIAL DAMAGES ARISING OUT OF THE
        USE OR INABILITY TO USE THE PROGRAM (INCLUDING BUT NOT LIMITED TO LOSS OF
        DATA OR DATA BEING RENDERED INACCURATE OR LOSSES SUSTAINED BY YOU OR THIRD
        PARTIES OR A FAILURE OF THE PROGRAM TO OPERATE WITH ANY OTHER PROGRAMS),
        EVEN IF SUCH HOLDER OR OTHER PARTY HAS BEEN ADVISED OF THE POSSIBILITY OF
        SUCH DAMAGES.
        
          17. Interpretation of Sections 15 and 16.
        
          If the disclaimer of warranty and limitation of liability provided
        above cannot be given local legal effect according to their terms,
        reviewing courts shall apply local law that most closely approximates
        an absolute waiver of all civil liability in connection with the
        Program, unless a warranty or assumption of liability accompanies a
        copy of the Program in return for a fee.
        
                             END OF TERMS AND CONDITIONS
        
                    How to Apply These Terms to Your New Programs
        
          If you develop a new program, and you want it to be of the greatest
        possible use to the public, the best way to achieve this is to make it
        free software which everyone can redistribute and change under these terms.
        
          To do so, attach the following notices to the program.  It is safest
        to attach them to the start of each source file to most effectively
        state the exclusion of warranty; and each file should have at least
        the ""copyright"" line and a pointer to where the full notice is found.
        
            <one line to give the program's name and a brief idea of what it does.>
            Copyright (C) <year>  <name of author>
        
            This program is free software: you can redistribute it and/or modify
            it under the terms of the GNU General Public License as published by
            the Free Software Foundation, either version 3 of the License, or
            (at your option) any later version.
        
            This program is distributed in the hope that it will be useful,
            but WITHOUT ANY WARRANTY; without even the implied warranty of
            MERCHANTABILITY or FITNESS FOR A PARTICULAR PURPOSE.  See the
            GNU General Public License for more details.
        
            You should have received a copy of the GNU General Public License
            along with this program.  If not, see <http://www.gnu.org/licenses/>.
        
        Also add information on how to contact you by electronic and paper mail.
        
          If the program does terminal interaction, make it output a short
        notice like this when it starts in an interactive mode:
        
            <program>  Copyright (C) <year>  <name of author>
            This program comes with ABSOLUTELY NO WARRANTY; for details type `show w'.
            This is free software, and you are welcome to redistribute it
            under certain conditions; type `show c' for details.
        
        The hypothetical commands `show w' and `show c' should show the appropriate
        parts of the General Public License.  Of course, your program's commands
        might be different; for a GUI interface, you would use an ""about box"".
        
          You should also get your employer (if you work as a programmer) or school,
        if any, to sign a ""copyright disclaimer"" for the program, if necessary.
        For more information on this, and how to apply and follow the GNU GPL, see
        <http://www.gnu.org/licenses/>.
        
          The GNU General Public License does not permit incorporating your program
        into proprietary programs.  If your program is a subroutine library, you
        may consider it more useful to permit linking proprietary applications with
        the library.  If this is what you want to do, use the GNU Lesser General
        Public License instead of this License.  But first, please read
        <http://www.gnu.org/philosophy/why-not-lgpl.html>.
        ============================================================================
        
                           GNU LESSER GENERAL PUBLIC LICENSE
                               Version 3, 29 June 2007
        
         Copyright (C) 2007 Free Software Foundation, Inc. <https://fsf.org/>
         Everyone is permitted to copy and distribute verbatim copies
         of this license document, but changing it is not allowed.
        
        
          This version of the GNU Lesser General Public License incorporates
        the terms and conditions of version 3 of the GNU General Public
        License, supplemented by the additional permissions listed below.
        
          0. Additional Definitions.
        
          As used herein, ""this License"" refers to version 3 of the GNU Lesser
        General Public License, and the ""GNU GPL"" refers to version 3 of the GNU
        General Public License.
        
          ""The Library"" refers to a covered work governed by this License,
        other than an Application or a Combined Work as defined below.
        
          An ""Application"" is any work that makes use of an interface provided
        by the Library, but which is not otherwise based on the Library.
        Defining a subclass of a class defined by the Library is deemed a mode
        of using an interface provided by the Library.
        
          A ""Combined Work"" is a work produced by combining or linking an
        Application with the Library.  The particular version of the Library
        with which the Combined Work was made is also called the ""Linked
        Version"".
        
          The ""Minimal Corresponding Source"" for a Combined Work means the
        Corresponding Source for the Combined Work, excluding any source code
        for portions of the Combined Work that, considered in isolation, are
        based on the Application, and not on the Linked Version.
        
          The ""Corresponding Application Code"" for a Combined Work means the
        object code and/or source code for the Application, including any data
        and utility programs needed for reproducing the Combined Work from the
        Application, but excluding the System Libraries of the Combined Work.
        
          1. Exception to Section 3 of the GNU GPL.
        
          You may convey a covered work under sections 3 and 4 of this License
        without being bound by section 3 of the GNU GPL.
        
          2. Conveying Modified Versions.
        
          If you modify a copy of the Library, and, in your modifications, a
        facility refers to a function or data to be supplied by an Application
        that uses the facility (other than as an argument passed when the
        facility is invoked), then you may convey a copy of the modified
        version:
        
           a) under this License, provided that you make a good faith effort to
           ensure that, in the event an Application does not supply the
           function or data, the facility still operates, and performs
           whatever part of its purpose remains meaningful, or
        
           b) under the GNU GPL, with none of the additional permissions of
           this License applicable to that copy.
        
          3. Object Code Incorporating Material from Library Header Files.
        
          The object code form of an Application may incorporate material from
        a header file that is part of the Library.  You may convey such object
        code under terms of your choice, provided that, if the incorporated
        material is not limited to numerical parameters, data structure
        layouts and accessors, or small macros, inline functions and templates
        (ten or fewer lines in length), you do both of the following:
        
           a) Give prominent notice with each copy of the object code that the
           Library is used in it and that the Library and its use are
           covered by this License.
        
           b) Accompany the object code with a copy of the GNU GPL and this license
           document.
        
          4. Combined Works.
        
          You may convey a Combined Work under terms of your choice that,
        taken together, effectively do not restrict modification of the
        portions of the Library contained in the Combined Work and reverse
        engineering for debugging such modifications, if you also do each of
        the following:
        
           a) Give prominent notice with each copy of the Combined Work that
           the Library is used in it and that the Library and its use are
           covered by this License.
        
           b) Accompany the Combined Work with a copy of the GNU GPL and this license
           document.
        
           c) For a Combined Work that displays copyright notices during
           execution, include the copyright notice for the Library among
           these notices, as well as a reference directing the user to the
           copies of the GNU GPL and this license document.
        
           d) Do one of the following:
        
               0) Convey the Minimal Corresponding Source under the terms of this
               License, and the Corresponding Application Code in a form
               suitable for, and under terms that permit, the user to
               recombine or relink the Application with a modified version of
               the Linked Version to produce a modified Combined Work, in the
               manner specified by section 6 of the GNU GPL for conveying
               Corresponding Source.
        
               1) Use a suitable shared library mechanism for linking with the
               Library.  A suitable mechanism is one that (a) uses at run time
               a copy of the Library already present on the user's computer
               system, and (b) will operate properly with a modified version
               of the Library that is interface-compatible with the Linked
               Version.
        
           e) Provide Installation Information, but only if you would otherwise
           be required to provide such information under section 6 of the
           GNU GPL, and only to the extent that such information is
           necessary to install and execute a modified version of the
           Combined Work produced by recombining or relinking the
           Application with a modified version of the Linked Version. (If
           you use option 4d0, the Installation Information must accompany
           the Minimal Corresponding Source and Corresponding Application
           Code. If you use option 4d1, you must provide the Installation
           Information in the manner specified by section 6 of the GNU GPL
           for conveying Corresponding Source.)
        
          5. Combined Libraries.
        
          You may place library facilities that are a work based on the
        Library side by side in a single library together with other library
        facilities that are not Applications and are not covered by this
        License, and convey such a combined library under terms of your
        choice, if you do both of the following:
        
           a) Accompany the combined library with a copy of the same work based
           on the Library, uncombined with any other library facilities,
           conveyed under the terms of this License.
        
           b) Give prominent notice with the combined library that part of it
           is a work based on the Library, and explaining where to find the
           accompanying uncombined form of the same work.
        
          6. Revised Versions of the GNU Lesser General Public License.
        
          The Free Software Foundation may publish revised and/or new versions
        of the GNU Lesser General Public License from time to time. Such new
        versions will be similar in spirit to the present version, but may
        differ in detail to address new problems or concerns.
        
          Each version is given a distinguishing version number. If the
        Library as you received it specifies that a certain numbered version
        of the GNU Lesser General Public License ""or any later version""
        applies to it, you have the option of following the terms and
        conditions either of that published version or of any later version
        published by the Free Software Foundation. If the Library as you
        received it does not specify a version number of the GNU Lesser
        General Public License, you may choose any version of the GNU Lesser
        General Public License ever published by the Free Software Foundation.
        
          If the Library as you received it specifies that a proxy can decide
        whether future versions of the GNU Lesser General Public License shall
        apply, that proxy's public statement of acceptance of any version is
        permanent authorization for you to choose that version for the
        Library.
        ","typing, types, mypy, json, schema, json-schema, python3, namedtuple, enums, dataclass, pydantic",0,0.0,0,0,0.0,1.0
cfgv,cfgv,62969554,4,1,8289,1,0,20,2845,1,15,0,0,0,0,[],Anthony Sottile,MIT,,0,0.0,0,0,0.0,1.0
jsonpath-ng,jsonpath-ng,59705285,11,1,17528,1,0,10,3177,1,14,0,0,0,0,[],Tomas Aparicio,Apache 2.0,,0,0.0,0,0,0.0,1.0
watchdog,watchdog,62083231,8,1,41727,1,1,54,5420,1,18,0,1,1,0,['PyYAML>=3.10'],Mickaël Schoentgen,Apache-2.0,python filesystem monitoring monitor FSEvents kqueue inotify ReadDirectoryChangesW polling DirectorySnapshot,0,0.0,0,1,0.0,0.3508773619358619
pycryptodome,pycryptodome,61753504,12,1,1971,1,1,58,4179,1,11,0,0,0,0,[],Helder Eijs,"BSD, Public Domain",,0,0.0,0,0,0.0,1.0
google-cloud-batch,google-cloud-batch,88771286,18,1,7753,1,0,61,1234,1,10,1,7,1,0,"['google-api-core', 'google-auth!=2.24.0,!=2.25.0,<3.0.0,>=2.14.1', 'grpcio<2.0.0,>=1.33.2', 'grpcio<2.0.0,>=1.75.1', 'proto-plus<2.0.0,>=1.22.3', 'proto-plus<2.0.0,>=1.25.0', 'protobuf!=4.21.0,!=4.21.1,!=4.21.2,!=4.21.3,!=4.21.4,!=4.21.5,<7.0.0,>=3.20.2']",Google LLC,Apache 2.0,,0,0.0,0,7,0.14285714285714285,0.03605651043777646
smart-open,smart-open,57565315,10,1,22137,0,1,72,3959,1,0,0,24,1,0,"['wrapt', 'boto3>=1.9.17', 'google-cloud-storage>=2.6.0', 'google-api-core<2.28', 'azure-storage-blob', 'azure-common', 'azure-core', 'requests', 'requests', 'paramiko', 'backports.zstd>=1.0.0', 'smart_open', 'smart_open', 'moto', 'responses', 'pytest', 'pytest-rerunfailures', 'pytest_benchmark', 'pytest-timeout', 'pytest-xdist', 'awscli', 'pyopenssl', 'numpy', 'flake8']",,,,0,0.0,0,9,0.027777777777777776,0.016107995416405715
msrest,msrest,60839384,6,1,20513,1,0,70,3565,1,21,1,7,1,1,"['azure-core', 'certifi', 'isodate', 'requests-oauthlib', 'requests', 'aiodns', 'aiohttp']",Microsoft Corporation,MIT License,,0,0.0,0,7,0.0,0.025136323607568043
brotli,brotli,42253925,6,1,4588,1,0,10,3328,1,18,0,0,0,0,[],The Brotli Authors,MIT,,0,0.0,0,0,0.0,1.0
sphinx,sphinx,71238659,6,1,2323,0,1,229,6455,1,0,0,38,1,0,"['sphinxcontrib-applehelp>=1.0.7', 'sphinxcontrib-devhelp>=1.0.6', 'sphinxcontrib-htmlhelp>=2.0.6', 'sphinxcontrib-jsmath>=1.0.1', 'sphinxcontrib-qthelp>=1.0.6', 'sphinxcontrib-serializinghtml>=1.1.9', 'Jinja2>=3.1', 'Pygments>=2.17', 'docutils<0.22,>=0.20', 'snowballstemmer>=2.2', 'babel>=2.13', 'alabaster>=0.7.14', 'imagesize>=1.3', 'requests>=2.30.0', 'roman-numerals-py>=1.0.0', 'packaging>=23.0', 'colorama>=0.4.6', 'sphinxcontrib-websupport', 'ruff==0.9.9', 'mypy==1.15.0', 'sphinx-lint>=0.9', 'types-colorama==0.4.15.20240311', 'types-defusedxml==0.7.0.20240218', 'types-docutils==0.21.0.20241128', 'types-Pillow==10.2.0.20240822', 'types-Pygments==2.19.0.20250219', 'types-requests==2.32.0.20241016', 'types-urllib3==1.26.25.14', 'pyright==1.1.395', 'pytest>=8.0', 'pypi-attestations==0.0.21', 'betterproto==2.0.0b6', 'pytest>=8.0', 'pytest-xdist', 'defusedxml>=0.7.1', 'cython>=3.0', 'setuptools>=70.0', 'typing_extensions>=4.9']",,,,0,0.0,0,10,0.0,0.0843884181485989
poetry-plugin-export,poetry-plugin-export,50090146,20,1,2291,0,1,21,1327,1,17,0,2,1,0,"['poetry<3.0.0,>=2.0.0', 'poetry-core<3.0.0,>=1.7.0']",Sébastien Eustace,MIT,,0,0.0,0,2,0.0,0.25974050510584634
argcomplete,argcomplete,72802353,11,1,14960,0,0,136,4750,1,14,0,5,1,0,"['coverage', 'mypy', 'pexpect', 'ruff', 'wheel']",Andrey Kislyuk,Apache Software License,,0,0.0,0,5,0.0,0.03475615813173594
rfc3339-validator,rfc3339-validator,57451644,17,1,590,1,0,5,2220,1,15,0,1,1,0,['six'],Nicolas Aimetti,MIT license,rfc3339 validator,0,0.0,0,1,0.0,0.3508773619358619
notebook,notebook,58737574,8,1,5946,0,1,191,3768,1,0,0,23,1,0,"['jupyter-server<3,>=2.4.0', 'jupyterlab-server<3,>=2.28.0', 'jupyterlab<4.6,>=4.5.0rc0', 'notebook-shim<0.3,>=0.2', 'tornado>=6.2.0', 'hatch', 'pre-commit', 'myst-parser', 'nbsphinx', 'pydata-sphinx-theme', 'sphinx>=1.3.6', 'sphinxcontrib-github-alt', 'sphinxcontrib-spelling', 'importlib-resources>=5.0', 'ipykernel', 'jupyter-server', 'jupyterlab-server', 'nbval', 'pytest-console-scripts', 'pytest-timeout', 'pytest-tornasync', 'pytest>=7.0', 'requests']",,"BSD 3-Clause License
        
        - Copyright (c) 2001-2015, IPython Development Team
        - Copyright (c) 2015-, Jupyter Development Team
        
        All rights reserved.
        
        Redistribution and use in source and binary forms, with or without
        modification, are permitted provided that the following conditions are met:
        
        1. Redistributions of source code must retain the above copyright notice, this
           list of conditions and the following disclaimer.
        
        2. Redistributions in binary form must reproduce the above copyright notice,
           this list of conditions and the following disclaimer in the documentation
           and/or other materials provided with the distribution.
        
        3. Neither the name of the copyright holder nor the names of its
           contributors may be used to endorse or promote products derived from
           this software without specific prior written permission.
        
        THIS SOFTWARE IS PROVIDED BY THE COPYRIGHT HOLDERS AND CONTRIBUTORS ""AS IS""
        AND ANY EXPRESS OR IMPLIED WARRANTIES, INCLUDING, BUT NOT LIMITED TO, THE
        IMPLIED WARRANTIES OF MERCHANTABILITY AND FITNESS FOR A PARTICULAR PURPOSE ARE
        DISCLAIMED. IN NO EVENT SHALL THE COPYRIGHT HOLDER OR CONTRIBUTORS BE LIABLE
        FOR ANY DIRECT, INDIRECT, INCIDENTAL, SPECIAL, EXEMPLARY, OR CONSEQUENTIAL
        DAMAGES (INCLUDING, BUT NOT LIMITED TO, PROCUREMENT OF SUBSTITUTE GOODS OR
        SERVICES; LOSS OF USE, DATA, OR PROFITS; OR BUSINESS INTERRUPTION) HOWEVER
        CAUSED AND ON ANY THEORY OF LIABILITY, WHETHER IN CONTRACT, STRICT LIABILITY,
        OR TORT (INCLUDING NEGLIGENCE OR OTHERWISE) ARISING IN ANY WAY OUT OF THE USE
        OF THIS SOFTWARE, EVEN IF ADVISED OF THE POSSIBILITY OF SUCH DAMAGE.","Jupyter, JupyterLab, Notebook",0,0.0,0,10,0.0,0.0562675045063734
pendulum,pendulum,60465395,8,1,5782,0,1,56,3428,1,0,0,3,1,0,"['python-dateutil>=2.6', 'tzdata>=2020.1', 'time-machine>=2.6.0']",,MIT License,"datetime, date, time",0,0.0,0,3,0.0,0.2061857491852643
scramp,scramp,53805130,6,1,18029,0,0,15,2477,1,16,1,1,1,0,['asn1crypto>=1.5.1'],The Contributors,MIT No Attribution,"SASL, SCRAM, authentication",0,0.0,0,1,0.0,0.3508773619358619
types-python-dateutil,types-python-dateutil,39169729,21,1,1121,0,1,56,1754,0,0,0,0,0,0,[],,,,0,0.0,0,0,0.0,1.0
lz4,lz4,57238453,3,1,2579,1,0,86,5044,1,18,0,6,1,0,"['pytest!=3.3.0', 'psutil', 'pytest-cov', 'sphinx>=1.6.0', 'sphinx_bootstrap_theme', 'flake8']",Jonathan Underwood,,,0,0.0,0,6,0.0,0.01197086227911504
dbt-core,dbt-core,67200636,8,1,2363,1,0,306,2473,1,8,0,22,1,0,"['agate<1.10,>=1.7.0', 'Jinja2<4,>=3.1.3', 'mashumaro', 'click<9.0,>=8.0.2', 'jsonschema<5.0,>=4.19.1', 'networkx<4.0,>=2.3', 'protobuf<7.0,>=6.0', 'requests<3.0.0', 'snowplow-tracker<2.0,>=1.0.2', 'pathspec<0.13,>=0.9', 'sqlparse<0.6.0,>=0.5.0', 'dbt-extractor<=0.6,>=0.5.0', 'dbt-semantic-interfaces<0.10,>=0.9.0', 'dbt-common<2.0,>=1.27.0', 'dbt-adapters<2.0,>=1.15.5', 'dbt-protos<2.0,>=1.0.346', 'pydantic<3', 'packaging>20.9', 'pytz>=2015.7', 'pyyaml>=6.0', 'daff>=1.3.46', 'typing-extensions>=4.4']",dbt Labs,,,0,0.0,0,10,0.0,0.0843884181485989
dbt-adapters,dbt-adapters,61158771,12,1,2985,0,1,66,675,1,0,0,7,1,0,"['agate<2.0,>=1.0', 'dbt-common<2.0,>=1.36', 'dbt-protos<2.0,>=1.0.291', 'mashumaro', 'protobuf<7.0,>=6.0', 'pytz>=2015.7', 'typing-extensions<5.0,>=4.0']",,,"adapter, adapters, database, dbt, dbt Cloud, dbt Core, dbt Labs, dbt-core, elt",0,0.0,0,7,0.0,0.11299418771624567
azure-common,azure-common,55901460,12,1,4096,1,0,33,3743,1,21,1,1,1,0,['azure-nspkg'],Microsoft Corporation,MIT License,,0,0.0,0,1,0.0,0.3508773619358619
dbt-common,dbt-common,68991977,10,1,2116,0,1,53,675,1,0,0,33,1,0,"['agate<1.10,>=1.7.0', 'colorama<0.5,>=0.3.9', 'dbt-protos<2.0.0,>=1.0.291', 'deepdiff<9.0,>=7.0', 'isodate<0.7,>=0.6', 'jinja2<4,>=3.1.3', 'jsonschema<5.0,>=4.0', 'mashumaro', 'pathspec<0.13,>=0.9', 'protobuf<7.0,>=6.0', 'python-dateutil<3.0,>=2.0', 'requests<3.0.0', 'typing-extensions<5.0,>=4.4', 'check-wheel-contents', 'twine', 'wheel', 'black<24.0,>=23.3', 'flake8', 'flake8-docstrings', 'flake8-pyproject', 'mypy<2.0,>=1.3', 'pytest<8.0,>=7.3', 'types-jinja2<3.0,>=2.11', 'types-jsonschema<5.0,>=4.17', 'types-protobuf<7.0,>=6.0', 'types-python-dateutil<3.0,>=2.8', 'types-pyyaml<7.0,>=6.0', 'types-requests', 'hypothesis<7.0,>=6.87', 'pytest-cov<5.0,>=4.1', 'pytest-mock', 'pytest-xdist<4.0,>=3.2', 'pytest<8.0,>=7.3']",,,,0,0.0,0,10,0.0,0.0843884181485989
databricks-sdk,databricks-sdk,59416454,14,1,37694,0,0,98,974,0,0,0,27,1,0,"['requests<3,>=2.28.1', 'google-auth~=2.0', 'protobuf!=5.26.*,!=5.27.*,!=5.28.*,!=5.29.0,!=5.29.1,!=5.29.2,!=5.29.3,!=5.29.4,!=6.30.0,!=6.30.1,!=6.31.0,<7.0,>=4.25.8', 'pytest', 'pytest-cov', 'pytest-xdist<4.0,>=3.6.1', 'pytest-mock', 'black', 'pycodestyle', 'autoflake', 'isort', 'wheel', 'ipython', 'ipywidgets', 'requests-mock', 'pyfakefs', 'databricks-connect', 'pytest-rerunfailures', 'openai', 'langchain-openai', 'httpx', 'build', 'ipython<10,>=8', 'ipywidgets<9,>=8', 'openai', 'langchain-openai', 'httpx']",,,"databricks, sdk",0,0.0,0,10,0.0,0.011953253983220937
jupyter-core,jupyter-core,56809834,12,1,68,0,1,64,3796,1,0,0,13,1,0,"['platformdirs>=2.5', 'traitlets>=5.3', 'intersphinx-registry', 'myst-parser', 'pydata-sphinx-theme', 'sphinx-autodoc-typehints', 'sphinxcontrib-spelling', 'traitlets', 'ipykernel', 'pre-commit', 'pytest-cov', 'pytest-timeout', 'pytest<9']",,,,0,0.0,0,10,0.06666666666666667,0.019693876512567963
py,py,54489930,2,1,1321,1,0,65,6446,1,63,0,0,0,0,[],"holger krekel, Ronny Pfannschmidt, Benjamin Peterson and others",MIT license,,0,0.0,0,0,0.0,1.0
slack-sdk,slack-sdk,58337810,9,1,13483,1,0,126,1937,1,23,1,6,1,0,"['aiodns>1.0', 'aiohttp<4,>=3.7.3', 'boto3<=2', 'SQLAlchemy<3,>=1.4', 'websockets<16,>=9.1', 'websocket-client<2,>=1']","Slack Technologies, LLC",MIT,"slack, slack-api, web-api, slack-rtm, websocket, chat, chatbot, chatops",0,0.0,0,6,0.0,0.12738858461984146
pytest-mock,pytest-mock,56090877,11,1,2355,0,1,66,4146,1,0,0,4,1,0,"['pytest>=6.2.5', 'pre-commit', 'pytest-asyncio', 'tox']",,MIT,"pytest, mock",0,0.0,0,4,0.0,0.050222949333639716
arrow,arrow,56320784,5,1,5703,0,1,65,4752,1,0,0,15,1,0,"['python-dateutil>=2.7.0', 'backports.zoneinfo==0.2.1', 'tzdata', 'doc8', 'sphinx>=7.0.0', 'sphinx-autobuild', 'sphinx-autodoc-typehints', 'sphinx_rtd_theme>=1.3.0', 'dateparser==1.*', 'pre-commit', 'pytest', 'pytest-cov', 'pytest-mock', 'pytz==2025.2', 'simplejson==3.*']",,,"arrow, date, time, datetime, timestamp, timezone, humanize",0,0.0,0,10,0.0,0.0562675045063734
google-analytics-admin,google-analytics-admin,82077934,22,1,7874,1,0,59,1948,1,10,1,7,1,0,"['google-api-core', 'google-auth!=2.24.0,!=2.25.0,<3.0.0,>=2.14.1', 'grpcio<2.0.0,>=1.33.2', 'grpcio<2.0.0,>=1.75.1', 'proto-plus<2.0.0,>=1.22.3', 'proto-plus<2.0.0,>=1.25.0', 'protobuf!=4.21.0,!=4.21.1,!=4.21.2,!=4.21.3,!=4.21.4,!=4.21.5,<7.0.0,>=3.20.2']",Google LLC,Apache 2.0,,0,0.0,0,7,0.14285714285714285,0.03605651043777646
backports-tarfile,backports-tarfile,55426756,17,1,861,0,0,4,595,1,0,0,11,1,0,"['sphinx>=3.5', 'jaraco.packaging>=9.3', 'rst.linker>=1.9', 'furo', 'sphinx-lint', 'pytest!=8.1.*,>=6', 'pytest-checkdocs>=2.4', 'pytest-cov', 'pytest-enabler>=2.2', 'jaraco.test', 'pytest!=8.0.*']",,,,0,0.0,0,10,0.0,0.026515183402102342
ipykernel,ipykernel,56079119,9,1,2182,0,1,142,3784,1,0,0,34,1,0,"['appnope>=0.1.2', 'comm>=0.1.1', 'debugpy>=1.6.5', 'ipython>=7.23.1', 'jupyter-client>=8.0.0', 'jupyter-core!=5.0.*,>=4.12', 'matplotlib-inline>=0.1', 'nest-asyncio>=1.4', 'packaging>=22', 'psutil>=5.7', 'pyzmq>=25', 'tornado>=6.2', 'traitlets>=5.4.0', 'coverage', 'matplotlib', 'pytest-cov', 'trio', 'intersphinx-registry', 'myst-parser', 'pydata-sphinx-theme', 'sphinx-autodoc-typehints', 'sphinx<8.2.0', 'sphinxcontrib-github-alt', 'sphinxcontrib-spelling', 'trio', 'pyqt5', 'pyside6', 'flaky', 'ipyparallel', 'pre-commit', 'pytest-asyncio>=0.23.5', 'pytest-cov', 'pytest-timeout', 'pytest<9,>=7.0']",,,"Interactive, Interpreter, Shell, Web",0,0.0,0,10,0.0,0.0843884181485989
requests-file,requests-file,55378785,13,1,1127,0,0,16,3910,1,0,0,1,1,0,['requests>=1.0.0'],,Apache 2.0,,0,0.0,0,1,0.0,0.3508773619358619
databricks-sql-connector,databricks-sql-connector,55763898,24,1,4106,0,0,91,1550,1,10,0,12,1,0,"['thrift<0.21.0,>=0.16.0', 'pandas<2.3.0,>=1.2.5', 'pandas<2.3.0,>=2.2.3', 'lz4<5.0.0,>=4.0.2', 'requests<3.0.0,>=2.18.1', 'oauthlib<4.0.0,>=3.1.0', 'openpyxl<4.0.0,>=3.0.10', 'urllib3>=1.26', 'python-dateutil<3.0.0,>=2.8.0', 'pyarrow>=14.0.1', 'pyarrow>=18.0.0', 'pyjwt<3.0.0,>=2.0.0']",Databricks,Apache-2.0,,0,0.0,0,10,0.0,0.0843884181485989
google-cloud-aiplatform,google-cloud-aiplatform,52242324,23,1,27104,1,0,177,1839,1,10,1,240,1,0,"['google-api-core', 'google-auth<3.0.0,>=2.14.1', 'proto-plus<2.0.0,>=1.22.3', 'protobuf!=4.21.0,!=4.21.1,!=4.21.2,!=4.21.3,!=4.21.4,!=4.21.5,<7.0.0,>=3.20.2', 'packaging>=14.3', 'google-cloud-storage<4.0.0,>=1.32.0', 'google-cloud-storage<4.0.0,>=2.10.0', 'google-cloud-bigquery!=3.20.0,<4.0.0,>=1.15.0', 'google-cloud-resource-manager<3.0.0,>=1.3.3', 'shapely<3.0.0', 'google-genai<2.0.0,>=1.37.0', 'pydantic<3', 'typing_extensions', 'docstring_parser<1', 'requests>=2.28.1', 'requests-toolbelt<=1.0.0', 'pyarrow<8.0.0,>=3.0.0', 'scikit-learn', 'tensorflow<3.0.0,>=2.3.0', 'requests>=2.28.1', 'uvicorn', 'jsonschema', 'httpx<=0.28.1,>=0.23.0', 'numpy>=1.15.0', 'docker>=5.0.3', 'lit-nlp==0.4.0', 'werkzeug<4.0.0,>=2.0.0', 'google-cloud-bigquery', 'explainable-ai-sdk>=1.0.0', 'immutabledict', 'tqdm>=4.23.0', 'mlflow>=1.27.0', 'tensorboard-plugin-profile<2.18.0,>=2.4.0', 'aiohttp', 'bigframes', 'google-api-core<3.0.0,>=2.11', 'ray', 'pyarrow>=14.0.0', 'urllib3<1.27,>=1.21.1', 'fastapi<=0.114.0,>=0.71.0', 'pyarrow>=10.0.1', 'pyarrow>=6.0.1', 'ray', 'litellm!=1.77.2,!=1.77.3,!=1.77.4,>=1.72.4', 'pyyaml', 'google-cloud-bigquery-storage', 'pyyaml<7,>=5.3.1', 'mlflow<=2.16.0,>=1.27.0', 'tensorflow<3.0.0,>=2.3.0', 'ruamel.yaml', 'requests-toolbelt<=1.0.0', 'google-vizier>=0.1.6', 'pandas>=1.0.0', 'starlette>=0.17.1', 'scikit-learn<1.6.0', 'pandas>=1.0.0', 'numpy>=1.15.0', 'tensorboard-plugin-profile<2.18.0,>=2.4.0', 'werkzeug<4.0.0,>=2.0.0', 'pyarrow<8.0.0,>=3.0.0', 'scikit-learn', 'tensorflow<3.0.0,>=2.3.0', 'requests>=2.28.1', 'uvicorn', 'jsonschema', 'httpx<=0.28.1,>=0.23.0', 'numpy>=1.15.0', 'docker>=5.0.3', 'lit-nlp==0.4.0', 'werkzeug<4.0.0,>=2.0.0', 'google-cloud-bigquery', 'explainable-ai-sdk>=1.0.0', 'immutabledict', 'tqdm>=4.23.0', 'mlflow>=1.27.0', 'tensorboard-plugin-profile<2.18.0,>=2.4.0', 'ray', 'pyarrow>=14.0.0', 'urllib3<1.27,>=1.21.1', 'fastapi<=0.114.0,>=0.71.0', 'pyarrow>=10.0.1', 'pyarrow>=6.0.1', 'ray', 'litellm!=1.77.2,!=1.77.3,!=1.77.4,>=1.72.4', 'pyyaml', 'google-cloud-bigquery-storage', 'pyyaml<7,>=5.3.1', 'mlflow<=2.16.0,>=1.27.0', 'tensorflow<3.0.0,>=2.3.0', 'ruamel.yaml', 'requests-toolbelt<=1.0.0', 'google-vizier>=0.1.6', 'pandas>=1.0.0', 'starlette>=0.17.1', 'scikit-learn<1.6.0', 'tensorboard-plugin-profile<2.18.0,>=2.4.0', 'werkzeug<4.0.0,>=2.0.0', 'sentencepiece>=0.2.0', 'nltk', 'google-vizier>=0.1.6', 'grpcio-testing', 'grpcio-tools>=1.63.0', 'ipython', 'kfp<3.0.0,>=2.6.0', 'pytest-asyncio', 'pytest-cov', 'mock', 'pytest-xdist', 'Pillow', 'scikit-learn<1.6.0', 'scikit-learn', 'tensorflow==2.14.1', 'tensorflow==2.19.0', 'protobuf<=5.29.4', 'torch<2.1.0,>=2.0.0', 'torch>=2.2.0', 'requests-toolbelt<=1.0.0', 'immutabledict', 'xgboost', 'tensorflow<3.0.0,>=2.3.0', 'tensorflow<3.0.0,>=2.3.0', 'pandas>=1.0.0', 'lit-nlp==0.4.0', 'explainable-ai-sdk>=1.0.0', 'tensorboard-plugin-profile<2.18.0,>=2.4.0', 'werkzeug<4.0.0,>=2.0.0', 'pyyaml<7,>=5.3.1', 'google-vizier>=0.1.6', 'docker>=5.0.3', 'fastapi<=0.114.0,>=0.71.0', 'httpx<=0.28.1,>=0.23.0', 'starlette>=0.17.1', 'uvicorn', 'pyarrow<8.0.0,>=3.0.0', 'pyarrow>=10.0.1', 'pyarrow>=14.0.0', 'urllib3<1.27,>=1.21.1', 'requests>=2.28.1', 'mlflow<=2.16.0,>=1.27.0', 'mlflow>=1.27.0', 'ray', 'ray', 'google-cloud-bigquery-storage', 'google-cloud-bigquery', 'pandas>=1.0.0', 'pyarrow>=6.0.1', 'immutabledict', 'ray', 'ray', 'google-cloud-bigquery-storage', 'google-cloud-bigquery', 'pandas>=1.0.0', 'pyarrow>=6.0.1', 'immutabledict', 'pytest-xdist', 'ray', 'scikit-learn<1.6.0', 'tensorflow', 'torch<2.1.0,>=2.0.0', 'xgboost', 'xgboost_ray', 'google-adk<2.0.0,>=1.0.0', 'opentelemetry-instrumentation-google-genai<1.0.0,>=0.3b0', 'cloudpickle<4.0,>=3.0', 'google-cloud-trace<2', 'opentelemetry-sdk<2', 'opentelemetry-exporter-gcp-logging<2.0.0,>=1.11.0a0', 'opentelemetry-exporter-gcp-trace<2', 'opentelemetry-exporter-otlp-proto-http<2', 'pydantic<3,>=2.11.1', 'typing_extensions', 'packaging>=24.0', 'cloudpickle<4.0,>=3.0', 'google-cloud-trace<2', 'google-cloud-logging<4', 'opentelemetry-sdk<2', 'opentelemetry-exporter-gcp-logging<2.0.0,>=1.11.0a0', 'opentelemetry-exporter-gcp-trace<2', 'opentelemetry-exporter-otlp-proto-http<2', 'pydantic<3,>=2.11.1', 'typing_extensions', 'pandas>=1.0.0', 'tqdm>=4.23.0', 'scikit-learn<1.6.0', 'scikit-learn', 'jsonschema', 'ruamel.yaml', 'pyyaml', 'litellm!=1.77.2,!=1.77.3,!=1.77.4,>=1.72.4', 'langchain<0.4,>=0.3', 'langchain-core<0.4,>=0.3', 'langchain-google-vertexai<3,>=2.0.22', 'langgraph<0.4,>=0.2.45', 'openinference-instrumentation-langchain<0.2,>=0.1.19', 'langchain-google-vertexai<3,>=2.0.22', 'opentelemetry-sdk<2', 'absl-py', 'cloudpickle<4.0,>=3.0', 'openinference-instrumentation-langchain<0.2,>=0.1.19', 'langchain<0.4,>=0.3', 'opentelemetry-exporter-gcp-trace<2', 'pydantic<3,>=2.11.1', 'opentelemetry-exporter-otlp-proto-http<2', 'langchain-core<0.4,>=0.3', 'pytest-xdist', 'opentelemetry-exporter-gcp-logging<2.0.0,>=1.11.0a0', 'google-cloud-trace<2', 'langgraph<0.4,>=0.2.45', 'typing_extensions', 'sentencepiece>=0.2.0', 'ag2', 'openinference-instrumentation-autogen<0.2,>=0.1.6', 'ag2', 'opentelemetry-sdk<2', 'absl-py', 'cloudpickle<4.0,>=3.0', 'openinference-instrumentation-autogen<0.2,>=0.1.6', 'opentelemetry-exporter-gcp-trace<2', 'pydantic<3,>=2.11.1', 'opentelemetry-exporter-otlp-proto-http<2', 'pytest-xdist', 'opentelemetry-exporter-gcp-logging<2.0.0,>=1.11.0a0', 'google-cloud-trace<2', 'typing_extensions', 'llama-index', 'llama-index-llms-google-genai', 'openinference-instrumentation-llama-index<4.0,>=3.0', 'opentelemetry-sdk<2', 'openinference-instrumentation-llama-index<4.0,>=3.0', 'absl-py', 'llama-index-llms-google-genai', 'cloudpickle<4.0,>=3.0', 'opentelemetry-exporter-gcp-trace<2', 'pydantic<3,>=2.11.1', 'llama-index', 'opentelemetry-exporter-otlp-proto-http<2', 'pytest-xdist', 'opentelemetry-exporter-gcp-logging<2.0.0,>=1.11.0a0', 'google-cloud-trace<2', 'typing_extensions']",Google LLC,Apache 2.0,,0,0.0,0,10,0.044444444444444446,0.0315451374850758
dataclasses-json,dataclasses-json,55650339,16,1,23875,1,1,77,2773,1,10,0,2,1,0,"['marshmallow<4.0.0,>=3.18.0', 'typing-inspect<1,>=0.4.0']",Charles Li,MIT,,0,0.0,0,2,0.0,0.25974050510584634
httpx-sse,httpx-sse,54760270,9,1,8860,0,0,8,1022,1,0,0,0,0,0,[],,MIT,,0,0.0,0,0,0.0,1.0
jupyter-client,jupyter-client,53101925,14,1,4512,0,1,95,3786,1,0,0,22,1,0,"['importlib-metadata>=4.8.3', 'jupyter-core!=5.0.*,>=4.12', 'python-dateutil>=2.8.2', 'pyzmq>=23.0', 'tornado>=6.2', 'traitlets>=5.3', 'ipykernel', 'myst-parser', 'pydata-sphinx-theme', 'sphinx-autodoc-typehints', 'sphinx>=4', 'sphinxcontrib-github-alt', 'sphinxcontrib-spelling', 'coverage', 'ipykernel>=6.14', 'mypy', 'paramiko', 'pre-commit', 'pytest-cov', 'pytest-jupyter', 'pytest-timeout', 'pytest<8.2.0']",,"BSD 3-Clause License  - Copyright (c) 2001-2015, IPython Development Team - Copyright (c) 2015-, Jupyter Development Team  All rights reserved.  Redistribution and use in source and binary forms, with or without modification, are permitted provided that the following conditions are met:  1. Redistributions of source code must retain the above copyright notice, this list of conditions and the following disclaimer.  2. Redistributions in binary form must reproduce the above copyright notice, this list of conditions and the following disclaimer in the documentation and/or other materials provided with the distribution.  3. Neither the name of the copyright holder nor the names of its contributors may be used to endorse or promote products derived from this software without specific prior written permission.  THIS SOFTWARE IS PROVIDED BY THE COPYRIGHT HOLDERS AND CONTRIBUTORS ""AS IS"" AND ANY EXPRESS OR IMPLIED WARRANTIES, INCLUDING, BUT NOT LIMITED TO, THE IMPLIED WARRANTIES OF MERCHANTABILITY AND FITNESS FOR A PARTICULAR PURPOSE ARE DISCLAIMED. IN NO EVENT SHALL THE COPYRIGHT HOLDER OR CONTRIBUTORS BE LIABLE FOR ANY DIRECT, INDIRECT, INCIDENTAL, SPECIAL, EXEMPLARY, OR CONSEQUENTIAL DAMAGES (INCLUDING, BUT NOT LIMITED TO, PROCUREMENT OF SUBSTITUTE GOODS OR SERVICES; LOSS OF USE, DATA, OR PROFITS; OR BUSINESS INTERRUPTION) HOWEVER CAUSED AND ON ANY THEORY OF LIABILITY, WHETHER IN CONTRACT, STRICT LIABILITY, OR TORT (INCLUDING NEGLIGENCE OR OTHERWISE) ARISING IN ANY WAY OUT OF THE USE OF THIS SOFTWARE, EVEN IF ADVISED OF THE POSSIBILITY OF SUCH DAMAGE.","Interactive, Interpreter, Shell, Web",0,0.0,0,10,0.022222222222222223,0.045929972492187505
multiprocess,multiprocess,59027621,12,1,5685,1,0,23,3808,1,12,0,1,1,0,['dill>=0.4.0'],Mike McKerns,BSD-3-Clause,,0,0.0,0,1,0.0,0.3508773619358619
pyflakes,pyflakes,52704515,8,1,2688,1,0,42,6140,1,15,0,0,0,0,[],A lot of people,MIT,,0,0.0,0,0,0.0,1.0
comm,comm,52647085,4,1,1334,0,0,10,1846,1,20,1,1,1,0,['pytest'],Jupyter contributors,"BSD 3-Clause License
        
        Copyright (c) 2022, Jupyter
        All rights reserved.
        
        Redistribution and use in source and binary forms, with or without
        modification, are permitted provided that the following conditions are met:
        
        1. Redistributions of source code must retain the above copyright notice, this
           list of conditions and the following disclaimer.
        
        2. Redistributions in binary form must reproduce the above copyright notice,
           this list of conditions and the following disclaimer in the documentation
           and/or other materials provided with the distribution.
        
        3. Neither the name of the copyright holder nor the names of its
           contributors may be used to endorse or promote products derived from
           this software without specific prior written permission.
        
        THIS SOFTWARE IS PROVIDED BY THE COPYRIGHT HOLDERS AND CONTRIBUTORS ""AS IS""
        AND ANY EXPRESS OR IMPLIED WARRANTIES, INCLUDING, BUT NOT LIMITED TO, THE
        IMPLIED WARRANTIES OF MERCHANTABILITY AND FITNESS FOR A PARTICULAR PURPOSE ARE
        DISCLAIMED. IN NO EVENT SHALL THE COPYRIGHT HOLDER OR CONTRIBUTORS BE LIABLE
        FOR ANY DIRECT, INDIRECT, INCIDENTAL, SPECIAL, EXEMPLARY, OR CONSEQUENTIAL
        DAMAGES (INCLUDING, BUT NOT LIMITED TO, PROCUREMENT OF SUBSTITUTE GOODS OR
        SERVICES; LOSS OF USE, DATA, OR PROFITS; OR BUSINESS INTERRUPTION) HOWEVER
        CAUSED AND ON ANY THEORY OF LIABILITY, WHETHER IN CONTRACT, STRICT LIABILITY,
        OR TORT (INCLUDING NEGLIGENCE OR OTHERWISE) ARISING IN ANY WAY OUT OF THE USE
        OF THIS SOFTWARE, EVEN IF ADVISED OF THE POSSIBILITY OF SUCH DAMAGE.","ipykernel, jupyter, xeus-python",0,0.0,0,1,0.0,0.04900487238984376
redshift-connector,redshift-connector,50169796,18,1,67875,1,0,55,1844,1,19,0,11,1,0,"['scramp<1.5.0,>=1.2.0', 'pytz>=2020.1', 'beautifulsoup4<5.0.0,>=4.7.0', 'boto3<2.0.0,>=1.9.201', 'requests<3.0.0,>=2.23.0', 'lxml<6.0.0,>=4.6.5', 'botocore<2.0.0,>=1.12.201', 'packaging', 'setuptools', 'numpy', 'pandas']",Amazon Web Services,Apache License 2.0,redshift dbapi,0,0.0,0,10,0.0,0.03058047111342591
semver,semver,53901912,6,1,3585,0,0,47,4945,1,0,0,0,0,0,[],,"Copyright (c) 2013, Konstantine Rybnikov All rights reserved.  Redistribution and use in source and binary forms, with or without modification, are permitted provided that the following conditions are met:  Redistributions of source code must retain the above copyright notice, this list of conditions and the following disclaimer.  Redistributions in binary form must reproduce the above copyright notice, this list of conditions and the following disclaimer in the documentation and/or other materials provided with the distribution.  Neither the name of the python-semver org nor the names of its contributors may be used to endorse or promote products derived from this software without specific prior written permission.  THIS SOFTWARE IS PROVIDED BY THE COPYRIGHT HOLDERS AND CONTRIBUTORS ""AS IS"" AND ANY EXPRESS OR IMPLIED WARRANTIES, INCLUDING, BUT NOT LIMITED TO, THE IMPLIED WARRANTIES OF MERCHANTABILITY AND FITNESS FOR A PARTICULAR PURPOSE ARE DISCLAIMED. IN NO EVENT SHALL THE COPYRIGHT HOLDER OR CONTRIBUTORS BE LIABLE FOR ANY DIRECT, INDIRECT, INCIDENTAL, SPECIAL, EXEMPLARY, OR CONSEQUENTIAL DAMAGES (INCLUDING, BUT NOT LIMITED TO, PROCUREMENT OF SUBSTITUTE GOODS OR SERVICES; LOSS OF USE, DATA, OR PROFITS; OR BUSINESS INTERRUPTION) HOWEVER CAUSED AND ON ANY THEORY OF LIABILITY, WHETHER IN CONTRACT, STRICT LIABILITY, OR TORT (INCLUDING NEGLIGENCE OR OTHERWISE) ARISING IN ANY WAY OUT OF THE USE OF THIS SOFTWARE, EVEN IF ADVISED OF THE POSSIBILITY OF SUCH DAMAGE. ",,0,0.0,0,0,0.0,1.0
mistune,mistune,51855576,7,1,434,0,1,48,4287,1,0,0,1,1,0,['typing-extensions'],,BSD-3-Clause,,0,0.0,0,1,0.0,0.3508773619358619
nvidia-nccl-cu12,nvidia-nccl-cu12,52310315,16,1,342,1,0,25,1102,1,26,1,0,0,0,[],Nvidia CUDA Installer Team,,"cuda, nvidia, runtime, machine learning, deep learning",0,0.0,0,0,0.0,1.0
pygithub,pygithub,54060439,8,1,2524,0,1,106,5025,1,0,0,5,1,0,"['pynacl>=1.4.0', 'requests>=2.14.0', 'pyjwt', 'typing-extensions>=4.5.0', 'urllib3>=1.26.0']",,,github,0,0.0,0,5,0.0,0.029623589065426007
google-cloud-pubsub,google-cloud-pubsub,47125094,19,1,7837,1,0,148,3342,1,10,1,15,1,0,"['grpcio<2.0.0,>=1.51.3', 'grpcio<2.0.0,>=1.75.1', 'google-auth<3.0.0,>=2.14.1', 'google-api-core', 'proto-plus<2.0.0,>=1.22.0', 'proto-plus<2.0.0,>=1.22.2', 'proto-plus<2.0.0,>=1.25.0', 'protobuf!=4.21.0,!=4.21.1,!=4.21.2,!=4.21.3,!=4.21.4,!=4.21.5,<7.0.0,>=3.20.2', 'grpc-google-iam-v1<1.0.0,>=0.12.4', 'grpcio-status>=1.33.2', 'opentelemetry-api<=1.22.0', 'opentelemetry-api>=1.27.0', 'opentelemetry-sdk<=1.22.0', 'opentelemetry-sdk>=1.27.0', 'libcst>=0.3.10']",Google LLC,Apache 2.0,,0,0.0,0,10,0.044444444444444446,0.0315451374850758
bashlex,bashlex,58045249,7,1,300,1,0,16,4077,1,11,0,1,1,0,['enum34'],Idan Kamara,GPLv3+,,0,0.0,0,1,0.0,0.3508773619358619
xlsxwriter,xlsxwriter,49704629,10,1,1709,1,0,175,4661,1,13,0,0,0,0,[],John McNamara,BSD-2-Clause,,0,0.0,0,0,0.0,1.0
text-unidecode,text-unidecode,49047133,14,1,1184,1,0,5,4743,1,15,0,0,0,0,[],Mikhail Korobov,Artistic License,,0,0.0,0,0,0.0,1.0
typeguard,typeguard,49491876,9,1,2131,0,0,73,3617,1,0,0,2,1,0,"['importlib_metadata>=3.6', 'typing_extensions>=4.14.0']",,,,0,0.0,0,2,0.0,0.25974050510584634
mcp,mcp,54529579,3,1,84174,0,1,46,367,1,15,0,18,1,0,"['anyio>=4.5', 'httpx-sse>=0.4', 'httpx>=0.27.1', 'jsonschema>=4.20.0', 'pydantic-settings>=2.5.2', 'pydantic<3.0.0,>=2.11.0', 'pyjwt', 'python-multipart>=0.0.9', 'pywin32>=310', 'sse-starlette>=1.6.1', 'starlette>=0.27', 'typing-extensions>=4.9.0', 'typing-inspection>=0.4.1', 'uvicorn>=0.31.1', 'python-dotenv>=1.0.0', 'typer>=0.16.0', 'rich>=13.9.4', 'websockets>=15.0.1']","Anthropic, PBC.",MIT,"automation, git, llm, mcp",0,0.0,0,10,0.0,0.025867706150116278
cattrs,cattrs,55102192,6,1,6429,0,1,41,2903,1,0,0,11,1,0,"['attrs>=25.4.0', 'exceptiongroup>=1.1.1', 'typing-extensions>=4.14.0', 'pymongo>=4.4.0', 'cbor2>=5.4.6', 'msgpack>=1.0.5', 'msgspec>=0.19.0', 'orjson>=3.11.3', 'pyyaml>=6.0', 'tomlkit>=0.11.8', 'ujson>=5.10.0']",,MIT,"attrs, dataclasses, serialization",0,0.0,0,10,0.0,0.0843884181485989
invoke,invoke,49993476,6,1,1537,1,1,66,4633,1,12,0,0,0,0,[],Jeff Forcier,BSD,,0,0.0,0,0,0.0,1.0
bleach,bleach,49567755,6,1,29728,1,0,60,5751,0,0,0,2,1,0,"['webencodings', 'tinycss2<1.5,>=1.1.0']",,Apache Software License,,0,0.0,0,2,0.0,0.25974050510584634
pyspark,pyspark,48692740,7,1,2118,1,0,59,3055,1,16,1,15,1,0,"['py4j==0.10.9.9', 'numpy>=1.21', 'numpy>=1.21', 'pandas>=2.0.0', 'pyarrow>=11.0.0', 'numpy>=1.21', 'pandas>=2.0.0', 'pyarrow>=11.0.0', 'numpy>=1.21', 'pandas>=2.0.0', 'pyarrow>=11.0.0', 'grpcio>=1.67.0', 'grpcio-status>=1.67.0', 'googleapis-common-protos>=1.65.0', 'numpy>=1.21']",Spark Developers,http://www.apache.org/licenses/LICENSE-2.0,,0,0.0,0,4,0.0,0.17094005169645404
lark,lark,45995314,4,1,752,0,0,20,1866,1,0,0,4,1,0,"['regex', 'js2py', 'atomicwrites', 'interegular<0.4.0,>=0.3.1']",,MIT,"Earley, LALR, parser, parsing, ast",0,0.0,0,4,0.0,0.17094005169645404
h2,h2,49389630,2,1,2549,0,1,46,3691,1,0,0,2,1,0,"['hyperframe<7,>=6.1', 'hpack<5,>=4.1']",,"The MIT License (MIT)
        
        Copyright (c) 2015-2020 Cory Benfield and contributors
        
        Permission is hereby granted, free of charge, to any person obtaining a copy
        of this software and associated documentation files (the ""Software""), to deal
        in the Software without restriction, including without limitation the rights
        to use, copy, modify, merge, publish, distribute, sublicense, and/or sell
        copies of the Software, and to permit persons to whom the Software is
        furnished to do so, subject to the following conditions:
        
        The above copyright notice and this permission notice shall be included in
        all copies or substantial portions of the Software.
        
        THE SOFTWARE IS PROVIDED ""AS IS"", WITHOUT WARRANTY OF ANY KIND, EXPRESS OR
        IMPLIED, INCLUDING BUT NOT LIMITED TO THE WARRANTIES OF MERCHANTABILITY,
        FITNESS FOR A PARTICULAR PURPOSE AND NONINFRINGEMENT. IN NO EVENT SHALL THE
        AUTHORS OR COPYRIGHT HOLDERS BE LIABLE FOR ANY CLAIM, DAMAGES OR OTHER
        LIABILITY, WHETHER IN AN ACTION OF CONTRACT, TORT OR OTHERWISE, ARISING FROM,
        OUT OF OR IN CONNECTION WITH THE SOFTWARE OR THE USE OR OTHER DEALINGS IN
        THE SOFTWARE.
        ",,0,0.0,0,2,0.0,0.25974050510584634
pysocks,pysocks,46636506,7,1,12538,1,0,19,4358,1,6,0,0,0,0,[],Anorov,BSD,"socks,proxy",0,0.0,0,0,0.0,1.0
nbformat,nbformat,48188121,8,1,121,0,1,41,3796,1,0,0,13,1,0,"['fastjsonschema>=2.15', 'jsonschema>=2.6', 'jupyter-core!=5.0.*,>=4.12', 'traitlets>=5.1', 'myst-parser', 'pydata-sphinx-theme', 'sphinx', 'sphinxcontrib-github-alt', 'sphinxcontrib-spelling', 'pep440', 'pre-commit', 'pytest', 'testpath']",,"BSD 3-Clause License  - Copyright (c) 2001-2015, IPython Development Team - Copyright (c) 2015-, Jupyter Development Team  All rights reserved.  Redistribution and use in source and binary forms, with or without modification, are permitted provided that the following conditions are met:  1. Redistributions of source code must retain the above copyright notice, this list of conditions and the following disclaimer.  2. Redistributions in binary form must reproduce the above copyright notice, this list of conditions and the following disclaimer in the documentation and/or other materials provided with the distribution.  3. Neither the name of the copyright holder nor the names of its contributors may be used to endorse or promote products derived from this software without specific prior written permission.  THIS SOFTWARE IS PROVIDED BY THE COPYRIGHT HOLDERS AND CONTRIBUTORS ""AS IS"" AND ANY EXPRESS OR IMPLIED WARRANTIES, INCLUDING, BUT NOT LIMITED TO, THE IMPLIED WARRANTIES OF MERCHANTABILITY AND FITNESS FOR A PARTICULAR PURPOSE ARE DISCLAIMED. IN NO EVENT SHALL THE COPYRIGHT HOLDER OR CONTRIBUTORS BE LIABLE FOR ANY DIRECT, INDIRECT, INCIDENTAL, SPECIAL, EXEMPLARY, OR CONSEQUENTIAL DAMAGES (INCLUDING, BUT NOT LIMITED TO, PROCUREMENT OF SUBSTITUTE GOODS OR SERVICES; LOSS OF USE, DATA, OR PROFITS; OR BUSINESS INTERRUPTION) HOWEVER CAUSED AND ON ANY THEORY OF LIABILITY, WHETHER IN CONTRACT, STRICT LIABILITY, OR TORT (INCLUDING NEGLIGENCE OR OTHERWISE) ARISING IN ANY WAY OUT OF THE USE OF THIS SOFTWARE, EVEN IF ADVISED OF THE POSSIBILITY OF SUCH DAMAGE.","Interactive, Interpreter, Shell, Web",0,0.0,0,10,0.0,0.04391305234372573
durationpy,durationpy,46865019,10,1,0,1,0,10,3225,1,10,0,0,0,0,[],Ilia Choly,MIT,,0,0.0,0,0,0.0,1.0
flake8,flake8,49116642,6,1,2663,1,0,94,5581,1,11,0,3,1,0,"['mccabe<0.8.0,>=0.7.0', 'pycodestyle<2.15.0,>=2.14.0', 'pyflakes<3.5.0,>=3.4.0']",Tarek Ziade,MIT,,0,0.0,0,3,0.0,0.2061857491852643
pymupdf,pymupdf,69628497,7,1,2160,0,1,131,2917,1,7,0,0,0,0,[],Artifex,Dual Licensed - GNU AFFERO GPL 3.0 or Artifex Commercial License,,0,0.0,0,0,0.0,1.0
loguru,loguru,45763756,6,1,18885,0,0,21,2542,1,0,0,27,1,0,"['colorama>=0.3.4', 'aiocontextvars>=0.2.0', 'win32-setctime>=1.0.0', 'pre-commit==4.0.1', 'tox==3.27.1', 'tox==4.23.2', 'pytest==6.1.2', 'pytest==8.3.2', 'pytest-cov==2.12.1', 'pytest-cov==5.0.0', 'pytest-cov==6.0.0', 'pytest-mypy-plugins==1.9.3', 'pytest-mypy-plugins==3.1.0', 'colorama==0.4.5', 'colorama==0.4.6', 'freezegun==1.1.0', 'freezegun==1.5.0', 'exceptiongroup==1.1.3', 'mypy==v0.910', 'mypy==v0.971', 'mypy==v1.4.1', 'mypy==v1.13.0', 'Sphinx==8.1.3', 'sphinx-rtd-theme==3.0.2', 'myst-parser==4.0.0', 'build==1.2.2', 'twine==6.0.1']",,,"loguru, logging, logger, log",0,0.0,0,10,0.0,0.0843884181485989
swe-rex,swe-rex,55180459,7,1,3644,0,1,14,400,1,0,0,26,1,1,"['fastapi', 'uvicorn', 'requests', 'pydantic>=2', 'pexpect', 'bashlex', 'python-multipart', 'rich', 'mike', 'mkdocs-material', 'mkdocs-glightbox', 'mkdocs-include-markdown-plugin', 'mkdocstrings', 'pytest', 'pytest-cov', 'pre-commit', 'pytest-asyncio', 'griffe-pydantic', 'swe-rex', 'swe-rex', 'swe-rex', 'modal>=1.0', 'boto3', 'boto3', 'daytona', 'daytona-sdk>=0.21']",,,"nlp, agents, code",0,0.0,0,10,0.022222222222222223,0.021069547640383997
zope-interface,zope-interface,49771747,14,1,43337,1,0,83,6898,1,32,1,9,1,0,"['Sphinx', 'repoze.sphinx.autointerface', 'furo', 'coverage', 'zope.event', 'zope.testing', 'coverage', 'zope.event', 'zope.testing']",Zope Foundation and Contributors,ZPL-2.1,"interface, components, plugins",0,0.0,0,6,0.0,0.10182859423656816
snowflake-snowpark-python,snowflake-snowpark-python,46149657,25,1,170300,1,1,59,1264,1,14,1,68,1,0,"['setuptools>=40.6.0', 'wheel', 'snowflake-connector-python<5.0.0,>=3.17.0', 'typing-extensions<5.0.0,>=4.1.0', 'pyyaml', 'cloudpickle!=2.1.0,!=2.2.0,<=3.1.1,>=1.6.0', 'protobuf<6.32,>=3.20', 'python-dateutil', 'tzlocal', 'snowflake-connector-python', 'snowflake-connector-python', 'modin<0.38.0,>=0.36.0', 'pandas<=2.3.1', 'tqdm', 'ipywidgets', 'snowflake-connector-python', 'pytest<8.0.0', 'pytest-cov', 'wrapt', 'coverage', 'sphinx==5.0.2', 'cachetools', 'pytest-timeout', 'pytest-xdist', 'openpyxl', 'matplotlib', 'pre-commit', 'graphviz', 'pytest-assume', 'decorator', 'tox', 'snowflake.core<2,>=1.0.0', 'psutil', 'lxml', 'snowflake-connector-python', 'modin<0.38.0,>=0.36.0', 'pandas<=2.3.1', 'tqdm', 'ipywidgets', 'pytest<8.0.0', 'pytest-cov', 'wrapt', 'coverage', 'sphinx==5.0.2', 'cachetools', 'pytest-timeout', 'pytest-xdist', 'openpyxl', 'matplotlib', 'pre-commit', 'graphviz', 'pytest-assume', 'decorator', 'tox', 'snowflake.core<2,>=1.0.0', 'psutil', 'lxml', 'scipy', 'statsmodels', 'scikit-learn', 'plotly<6.0.0', 'snowflake-ml-python>=1.8.0', 's3fs', 'ray', 'pandas', 'requests', 'opentelemetry-api<2.0.0,>=1.0.0', 'opentelemetry-sdk<2.0.0,>=1.0.0']","Snowflake, Inc","Apache License, Version 2.0",Snowflake db database cloud analytics warehouse,0,0.0,0,10,0.0,0.024084985242739262
deepdiff,deepdiff,51962564,8,1,5805,0,1,88,4074,1,0,0,28,1,0,"['orderly-set<6,>=5.4.1', 'click~=8.1.0', 'pyyaml~=6.0.0', 'coverage~=7.6.0', 'bump2version~=1.0.0', 'jsonpickle~=4.0.0', 'ipdb~=0.13.0', 'numpy~=2.2.0', 'numpy~=2.0', 'python-dateutil~=2.9.0', 'orjson~=3.10.0', 'tomli~=2.2.0', 'tomli-w~=1.2.0', 'pandas~=2.2.0', 'polars~=1.21.0', 'nox==2025.5.1', 'uuid6==2025.0.1', 'Sphinx~=6.2.0', 'sphinx-sitemap~=2.6.0', 'sphinxemoji~=0.3.0', 'orjson', 'flake8~=7.1.0', 'flake8-pyproject~=1.2.3', 'pydantic~=2.10.0', 'pytest~=8.3.0', 'pytest-benchmark~=5.1.0', 'pytest-cov~=6.0.0', 'python-dotenv~=1.0.0']",,,,0,0.0,0,10,0.0,0.0843884181485989
pbs-installer,pbs-installer,42983367,13,1,389,0,1,55,863,1,0,0,3,1,0,"['httpx<1,>=0.27.0', 'zstandard>=0.21.0', 'pbs-installer']",,MIT,,0,0.0,1,3,0.0,0.3333333333333333
python-slugify,python-slugify,47113392,14,1,7373,1,0,47,4787,1,11,0,2,1,0,"['text-unidecode', 'Unidecode']",Val Neekman,MIT,,0,0.0,0,2,0.0,0.25974050510584634
hyperframe,hyperframe,48668926,10,1,1840,0,1,21,3877,1,0,0,0,0,0,[],,"The MIT License (MIT)  Copyright (c) 2014 Cory Benfield  Permission is hereby granted, free of charge, to any person obtaining a copy of this software and associated documentation files (the ""Software""), to deal in the Software without restriction, including without limitation the rights to use, copy, modify, merge, publish, distribute, sublicense, and/or sell copies of the Software, and to permit persons to whom the Software is furnished to do so, subject to the following conditions:  The above copyright notice and this permission notice shall be included in all copies or substantial portions of the Software.  THE SOFTWARE IS PROVIDED ""AS IS"", WITHOUT WARRANTY OF ANY KIND, EXPRESS OR IMPLIED, INCLUDING BUT NOT LIMITED TO THE WARRANTIES OF MERCHANTABILITY, FITNESS FOR A PARTICULAR PURPOSE AND NONINFRINGEMENT. IN NO EVENT SHALL THE AUTHORS OR COPYRIGHT HOLDERS BE LIABLE FOR ANY CLAIM, DAMAGES OR OTHER LIABILITY, WHETHER IN AN ACTION OF CONTRACT, TORT OR OTHERWISE, ARISING FROM, OUT OF OR IN CONNECTION WITH THE SOFTWARE OR THE USE OR OTHER DEALINGS IN THE SOFTWARE. ",,0,0.0,0,0,0.0,1.0
safetensors,safetensors,49392900,11,1,853,0,1,46,1156,1,0,0,37,1,0,"['numpy>=1.21.6', 'packaging', 'safetensors', 'torch>=1.10', 'safetensors', 'tensorflow>=2.11.0', 'safetensors', 'tensorflow==2.18.0', 'safetensors', 'flax>=0.6.3', 'jax>=0.3.25', 'jaxlib>=0.3.25', 'mlx>=0.0.9', 'safetensors', 'paddlepaddle>=2.4.1', 'ruff', 'safetensors', 'h5py>=3.7.0', 'huggingface-hub>=0.12.1', 'setuptools-rust>=1.5.2', 'pytest>=7.2.0', 'pytest-benchmark>=4.0.0', 'hypothesis>=6.70.2', 'safetensors', 'huggingface-hub>=0.12.1', 'setuptools-rust>=1.5.2', 'pytest>=7.2.0', 'pytest-benchmark>=4.0.0', 'hypothesis>=6.70.2', 'safetensors', 'safetensors', 'safetensors', 'safetensors', 'safetensors', 'safetensors', 'safetensors', 'safetensors']",,,,0,0.0,1,7,0.0,0.14285714285714282
pycryptodomex,pycryptodomex,44091574,13,1,1969,1,1,51,3562,1,11,0,0,0,0,[],Helder Eijs,"BSD, Public Domain",,0,0.0,0,0,0.0,1.0
hpack,hpack,48426929,5,1,2132,0,1,12,3876,1,0,0,0,0,0,[],,"The MIT License (MIT)  Copyright (c) 2014 Cory Benfield  Permission is hereby granted, free of charge, to any person obtaining a copy of this software and associated documentation files (the ""Software""), to deal in the Software without restriction, including without limitation the rights to use, copy, modify, merge, publish, distribute, sublicense, and/or sell copies of the Software, and to permit persons to whom the Software is furnished to do so, subject to the following conditions:  The above copyright notice and this permission notice shall be included in all copies or substantial portions of the Software.  THE SOFTWARE IS PROVIDED ""AS IS"", WITHOUT WARRANTY OF ANY KIND, EXPRESS OR IMPLIED, INCLUDING BUT NOT LIMITED TO THE WARRANTIES OF MERCHANTABILITY, FITNESS FOR A PARTICULAR PURPOSE AND NONINFRINGEMENT. IN NO EVENT SHALL THE AUTHORS OR COPYRIGHT HOLDERS BE LIABLE FOR ANY CLAIM, DAMAGES OR OTHER LIABILITY, WHETHER IN AN ACTION OF CONTRACT, TORT OR OTHERWISE, ARISING FROM, OUT OF OR IN CONNECTION WITH THE SOFTWARE OR THE USE OR OTHER DEALINGS IN THE SOFTWARE. ",,0,0.0,0,0,0.0,1.0
humanfriendly,humanfriendly,46518739,13,1,7191,1,0,118,4532,1,12,0,3,1,0,"['monotonic', 'pyreadline', 'pyreadline3']",Peter Odding,MIT,,0,0.0,0,3,0.0,0.2061857491852643
authlib,authlib,46964786,7,1,8207,0,1,53,2926,1,0,0,1,1,0,['cryptography'],,BSD-3-Clause,,0,0.0,0,1,0.0,0.06933610606050224
simplejson,simplejson,45173968,10,1,1545,1,0,108,7266,1,12,0,0,0,0,[],Bob Ippolito,MIT License,,0,0.0,0,0,0.0,1.0
findpython,findpython,42282737,10,1,4706,0,0,25,1370,1,0,0,2,1,0,"['packaging>=20', 'platformdirs>=4.3.6']",,MIT,,0,0.0,0,2,0.0,0.25974050510584634
nbconvert,nbconvert,45327078,9,1,3837,0,0,102,3786,1,0,0,43,1,0,"['beautifulsoup4', 'bleach', 'defusedxml', 'importlib-metadata>=3.6', 'jinja2>=3.0', 'jupyter-core>=4.7', 'jupyterlab-pygments', 'markupsafe>=2.0', 'mistune<4,>=2.0.3', 'nbclient>=0.5.0', 'nbformat>=5.7', 'packaging', 'pandocfilters>=1.4.1', 'pygments>=2.4.1', 'traitlets>=5.1', 'flaky', 'ipykernel', 'ipython', 'ipywidgets>=7.5', 'myst-parser', 'nbsphinx>=0.2.12', 'playwright', 'pydata-sphinx-theme', 'pyqtwebengine>=5.15', 'pytest>=7', 'sphinx==5.0.2', 'sphinxcontrib-spelling', 'tornado>=6.1', 'ipykernel', 'ipython', 'myst-parser', 'nbsphinx>=0.2.12', 'pydata-sphinx-theme', 'sphinx==5.0.2', 'sphinxcontrib-spelling', 'pyqtwebengine>=5.15', 'pyqtwebengine>=5.15', 'tornado>=6.1', 'flaky', 'ipykernel', 'ipywidgets>=7.5', 'pytest>=7', 'playwright']",,"BSD 3-Clause License
        
        - Copyright (c) 2001-2015, IPython Development Team
        - Copyright (c) 2015-, Jupyter Development Team
        
        All rights reserved.
        
        Redistribution and use in source and binary forms, with or without
        modification, are permitted provided that the following conditions are met:
        
        1. Redistributions of source code must retain the above copyright notice, this
           list of conditions and the following disclaimer.
        
        2. Redistributions in binary form must reproduce the above copyright notice,
           this list of conditions and the following disclaimer in the documentation
           and/or other materials provided with the distribution.
        
        3. Neither the name of the copyright holder nor the names of its
           contributors may be used to endorse or promote products derived from
           this software without specific prior written permission.
        
        THIS SOFTWARE IS PROVIDED BY THE COPYRIGHT HOLDERS AND CONTRIBUTORS ""AS IS""
        AND ANY EXPRESS OR IMPLIED WARRANTIES, INCLUDING, BUT NOT LIMITED TO, THE
        IMPLIED WARRANTIES OF MERCHANTABILITY AND FITNESS FOR A PARTICULAR PURPOSE ARE
        DISCLAIMED. IN NO EVENT SHALL THE COPYRIGHT HOLDER OR CONTRIBUTORS BE LIABLE
        FOR ANY DIRECT, INDIRECT, INCIDENTAL, SPECIAL, EXEMPLARY, OR CONSEQUENTIAL
        DAMAGES (INCLUDING, BUT NOT LIMITED TO, PROCUREMENT OF SUBSTITUTE GOODS OR
        SERVICES; LOSS OF USE, DATA, OR PROFITS; OR BUSINESS INTERRUPTION) HOWEVER
        CAUSED AND ON ANY THEORY OF LIABILITY, WHETHER IN CONTRACT, STRICT LIABILITY,
        OR TORT (INCLUDING NEGLIGENCE OR OTHERWISE) ARISING IN ANY WAY OUT OF THE USE
        OF THIS SOFTWARE, EVEN IF ADVISED OF THE POSSIBILITY OF SUCH DAMAGE.","Interactive, Interpreter, Shell, Web",0,0.0,0,10,0.0,0.037514315944621915
google-cloud-monitoring,google-cloud-monitoring,57556567,23,1,8362,1,0,80,3342,1,10,1,8,1,0,"['google-api-core', 'google-auth!=2.24.0,!=2.25.0,<3.0.0,>=2.14.1', 'grpcio<2.0.0,>=1.33.2', 'grpcio<2.0.0,>=1.75.1', 'proto-plus<2.0.0,>=1.22.3', 'proto-plus<2.0.0,>=1.25.0', 'protobuf!=4.21.0,!=4.21.1,!=4.21.2,!=4.21.3,!=4.21.4,!=4.21.5,<7.0.0,>=3.20.2', 'pandas>=0.23.2']",Google LLC,Apache 2.0,,0,0.0,0,8,0.10714285714285714,0.03481864703125163
graphql-core,graphql-core,46791907,12,1,9674,1,0,97,3700,1,19,0,1,1,0,"['typing-extensions<5,>=4.7']",Christoph Zwerschke,MIT license,graphql,0,0.0,0,1,0.0,0.3508773619358619
google-cloud-compute,google-cloud-compute,58063623,20,1,8724,1,0,66,1779,1,10,1,7,1,0,"['google-api-core', 'google-auth!=2.24.0,!=2.25.0,<3.0.0,>=2.14.1', 'grpcio<2.0.0,>=1.33.2', 'grpcio<2.0.0,>=1.75.1', 'proto-plus<2.0.0,>=1.22.3', 'proto-plus<2.0.0,>=1.25.0', 'protobuf!=4.21.0,!=4.21.1,!=4.21.2,!=4.21.3,!=4.21.4,!=4.21.5,<7.0.0,>=3.20.2']",Google LLC,Apache 2.0,,0,0.0,0,7,0.14285714285714285,0.03605651043777646
google-cloud-kms,google-cloud-kms,57936525,16,1,8437,1,0,72,2682,1,10,1,8,1,0,"['google-api-core', 'google-auth!=2.24.0,!=2.25.0,<3.0.0,>=2.14.1', 'grpcio<2.0.0,>=1.33.2', 'grpcio<2.0.0,>=1.75.1', 'proto-plus<2.0.0,>=1.22.3', 'proto-plus<2.0.0,>=1.25.0', 'protobuf!=4.21.0,!=4.21.1,!=4.21.2,!=4.21.3,!=4.21.4,!=4.21.5,<7.0.0,>=3.20.2', 'grpc-google-iam-v1<1.0.0,>=0.14.0']",Google LLC,Apache 2.0,,0,0.0,0,8,0.10714285714285714,0.03481864703125163
mysql-connector-python,mysql-connector-python,44553801,22,1,4851,0,0,51,2924,1,28,0,6,1,0,"['dnspython==2.6.1', 'gssapi==1.8.3', 'opentelemetry-api==1.33.1', 'opentelemetry-sdk==1.33.1', 'opentelemetry-exporter-otlp-proto-http==1.33.1', 'fido2==1.1.2']",Oracle and/or its affiliates,GNU GPLv2 (with FOSS License Exception),"mysql, database, db, connector, driver",0,0.0,0,6,0.0,0.12738858461984146
aenum,aenum,45192880,5,1,2674,1,0,52,3634,1,12,0,0,0,0,[],Ethan Furman,BSD License,,0,0.0,0,0,0.0,1.0
google-cloud-logging,google-cloud-logging,51600034,20,1,3291,1,0,69,3342,1,10,1,11,1,0,"['google-api-core', 'google-auth!=2.24.0,!=2.25.0,<3.0.0,>=2.14.1', 'google-cloud-appengine-logging<2.0.0,>=0.1.3', 'google-cloud-audit-log<1.0.0,>=0.3.1', 'google-cloud-core<3.0.0,>=2.0.0', 'grpc-google-iam-v1<1.0.0,>=0.12.4', 'opentelemetry-api>=1.9.0', 'proto-plus<2.0.0,>=1.22.0', 'protobuf!=4.21.0,!=4.21.1,!=4.21.2,!=4.21.3,!=4.21.4,!=4.21.5,<7.0.0,>=3.20.2', 'proto-plus<2.0.0,>=1.22.2', 'proto-plus<2.0.0,>=1.25.0']",Google LLC,Apache 2.0,,0,0.0,0,10,0.0,0.029673054181972594
google-cloud-vision,google-cloud-vision,58734056,19,1,7982,1,0,87,3342,1,10,1,7,1,0,"['google-api-core', 'google-auth!=2.24.0,!=2.25.0,<3.0.0,>=2.14.1', 'grpcio<2.0.0,>=1.33.2', 'grpcio<2.0.0,>=1.75.1', 'proto-plus<2.0.0,>=1.22.3', 'proto-plus<2.0.0,>=1.25.0', 'protobuf!=4.21.0,!=4.21.1,!=4.21.2,!=4.21.3,!=4.21.4,!=4.21.5,<7.0.0,>=3.20.2']",Google LLC,Apache 2.0,,0,0.0,0,7,0.14285714285714285,0.03605651043777646
wsproto,wsproto,44807887,7,1,3968,0,1,14,3377,1,0,0,1,1,0,"['h11<1,>=0.16.0']",,,,0,0.0,0,1,0.0,0.3508773619358619
google-cloud-dlp,google-cloud-dlp,56883952,16,1,8054,1,0,84,2838,1,10,1,7,1,0,"['google-api-core', 'google-auth!=2.24.0,!=2.25.0,<3.0.0,>=2.14.1', 'grpcio<2.0.0,>=1.33.2', 'grpcio<2.0.0,>=1.75.1', 'proto-plus<2.0.0,>=1.22.3', 'proto-plus<2.0.0,>=1.25.0', 'protobuf!=4.21.0,!=4.21.1,!=4.21.2,!=4.21.3,!=4.21.4,!=4.21.5,<7.0.0,>=3.20.2']",Google LLC,Apache 2.0,,0,0.0,0,7,0.14285714285714285,0.03605651043777646
nvidia-cublas-cu12,nvidia-cublas-cu12,43477239,18,1,32,1,0,22,1102,1,26,1,0,0,0,[],Nvidia CUDA Installer Team,LicenseRef-NVIDIA-Proprietary,"cuda, nvidia, runtime, machine learning, deep learning",0,0.0,0,0,0.0,1.0
argon2-cffi,argon2-cffi,43096812,11,1,2676,0,1,18,3635,1,0,0,1,1,0,['argon2-cffi-bindings'],,,"hash, hashing, password, security",0,0.0,0,1,0.0,0.15570285940036888
google-cloud-tasks,google-cloud-tasks,56473491,18,1,8019,1,0,63,2742,1,10,1,8,1,0,"['google-api-core', 'google-auth!=2.24.0,!=2.25.0,<3.0.0,>=2.14.1', 'grpcio<2.0.0,>=1.33.2', 'grpcio<2.0.0,>=1.75.1', 'proto-plus<2.0.0,>=1.22.3', 'proto-plus<2.0.0,>=1.25.0', 'protobuf!=4.21.0,!=4.21.1,!=4.21.2,!=4.21.3,!=4.21.4,!=4.21.5,<7.0.0,>=3.20.2', 'grpc-google-iam-v1<1.0.0,>=0.14.0']",Google LLC,Apache 2.0,,0,0.0,0,8,0.10714285714285714,0.03481864703125163
pg8000,pg8000,38813267,6,1,87549,0,0,101,6288,1,16,1,2,1,0,"['python-dateutil>=2.8.2', 'scramp>=1.4.5']",The Contributors,BSD 3-Clause License,"dbapi, postgresql",0,0.0,0,2,0.0,0.25974050510584634
argon2-cffi-bindings,argon2-cffi-bindings,42824688,20,1,5617,0,1,3,1455,1,0,0,2,1,0,"['cffi>=1.0.1', 'cffi>=2.0.0b1']",,,"password, hash, hashing, security, bindings, cffi",0,0.0,0,2,0.0,0.25974050510584634
toolz,toolz,42491125,5,1,3918,0,0,31,4456,1,20,1,0,0,0,[],PyToolz Contributors,,"functional, utility, itertools, functools",0,0.0,0,0,0.0,1.0
narwhals,narwhals,45080634,8,1,9364,0,1,226,641,1,0,0,14,1,0,"['cudf>=24.10.0', 'dask', 'duckdb>=1.1', 'ibis-framework>=6.0.0', 'packaging', 'pyarrow-hotfix', 'rich', 'modin', 'pandas>=1.1.3', 'polars>=0.20.4', 'pyarrow>=13.0.0', 'pyspark>=3.5.0', 'pyspark', 'sqlframe!=3.39.3,>=3.22.0']",,,"cudf, dask, dataframes, interoperability, modin, pandas, polars, pyarrow",0,0.0,0,10,0.0,0.06340250693203736
nltk,nltk,44455014,4,1,143,1,0,63,5974,1,9,1,20,1,0,"['click', 'joblib', 'regex>=2021.8.3', 'tqdm', 'numpy', 'python-crfsuite', 'scikit-learn', 'scipy', 'matplotlib', 'pyparsing', 'twython', 'requests', 'matplotlib', 'numpy', 'scipy', 'twython', 'requests', 'python-crfsuite', 'pyparsing', 'scikit-learn']",NLTK Team,"Apache License, Version 2.0","NLP, CL, natural language processing, computational linguistics, parsing, tagging, tokenizing, syntax, linguistics, language, natural language, text analytics",0,0.0,0,10,0.0,0.011409713495211778
triton,triton,42552359,6,1,0,1,0,18,1642,1,15,0,14,1,0,"['importlib-metadata', 'cmake<4.0,>=3.20', 'lit', 'autopep8', 'isort', 'numpy', 'pytest', 'pytest-forked', 'pytest-xdist', 'scipy>=1.7.1', 'llnl-hatchet', 'matplotlib', 'pandas', 'tabulate']",Philippe Tillet,,"Compiler, Deep Learning",0,0.0,0,10,0.0,0.016489513964335668
jupyter-server,jupyter-server,43334680,14,1,3748,0,1,155,2674,1,0,0,42,1,0,"['anyio>=3.1.0', 'argon2-cffi>=21.1', 'jinja2>=3.0.3', 'jupyter-client>=7.4.4', 'jupyter-core!=5.0.*,>=4.12', 'jupyter-events>=0.11.0', 'jupyter-server-terminals>=0.4.4', 'nbconvert>=6.4.4', 'nbformat>=5.3.0', 'overrides>=5.0', 'packaging>=22.0', 'prometheus-client>=0.9', 'pywinpty>=2.0.1', 'pyzmq>=24', 'send2trash>=1.8.2', 'terminado>=0.8.3', 'tornado>=6.2.0', 'traitlets>=5.6.0', 'websocket-client>=1.7', 'ipykernel', 'jinja2', 'jupyter-client', 'myst-parser', 'nbformat', 'prometheus-client', 'pydata-sphinx-theme', 'send2trash', 'sphinx-autodoc-typehints', 'sphinxcontrib-github-alt', 'sphinxcontrib-openapi>=0.8.0', 'sphinxcontrib-spelling', 'sphinxemoji', 'tornado', 'typing-extensions', 'flaky', 'ipykernel', 'pre-commit', 'pytest-console-scripts', 'pytest-jupyter', 'pytest-timeout', 'pytest<9,>=7.0', 'requests']",,"BSD 3-Clause License
        
        - Copyright (c) 2001-2015, IPython Development Team
        - Copyright (c) 2015-, Jupyter Development Team
        
        All rights reserved.
        
        Redistribution and use in source and binary forms, with or without
        modification, are permitted provided that the following conditions are met:
        
        1. Redistributions of source code must retain the above copyright notice, this
           list of conditions and the following disclaimer.
        
        2. Redistributions in binary form must reproduce the above copyright notice,
           this list of conditions and the following disclaimer in the documentation
           and/or other materials provided with the distribution.
        
        3. Neither the name of the copyright holder nor the names of its
           contributors may be used to endorse or promote products derived from
           this software without specific prior written permission.
        
        THIS SOFTWARE IS PROVIDED BY THE COPYRIGHT HOLDERS AND CONTRIBUTORS ""AS IS""
        AND ANY EXPRESS OR IMPLIED WARRANTIES, INCLUDING, BUT NOT LIMITED TO, THE
        IMPLIED WARRANTIES OF MERCHANTABILITY AND FITNESS FOR A PARTICULAR PURPOSE ARE
        DISCLAIMED. IN NO EVENT SHALL THE COPYRIGHT HOLDER OR CONTRIBUTORS BE LIABLE
        FOR ANY DIRECT, INDIRECT, INCIDENTAL, SPECIAL, EXEMPLARY, OR CONSEQUENTIAL
        DAMAGES (INCLUDING, BUT NOT LIMITED TO, PROCUREMENT OF SUBSTITUTE GOODS OR
        SERVICES; LOSS OF USE, DATA, OR PROFITS; OR BUSINESS INTERRUPTION) HOWEVER
        CAUSED AND ON ANY THEORY OF LIABILITY, WHETHER IN CONTRACT, STRICT LIABILITY,
        OR TORT (INCLUDING NEGLIGENCE OR OTHERWISE) ARISING IN ANY WAY OUT OF THE USE
        OF THIS SOFTWARE, EVEN IF ADVISED OF THE POSSIBILITY OF SUCH DAMAGE.","ipython, jupyter",0,0.0,0,10,0.0,0.0843884181485989
google-cloud-speech,google-cloud-speech,56693182,19,1,7981,1,0,91,3295,1,10,1,7,1,0,"['google-api-core', 'google-auth!=2.24.0,!=2.25.0,<3.0.0,>=2.14.1', 'grpcio<2.0.0,>=1.33.2', 'grpcio<2.0.0,>=1.75.1', 'proto-plus<2.0.0,>=1.22.3', 'proto-plus<2.0.0,>=1.25.0', 'protobuf!=4.21.0,!=4.21.1,!=4.21.2,!=4.21.3,!=4.21.4,!=4.21.5,<7.0.0,>=3.20.2']",Google LLC,Apache 2.0,,0,0.0,0,7,0.14285714285714285,0.03605651043777646
nvidia-cusparse-cu12,nvidia-cusparse-cu12,42471952,20,1,34,1,0,21,1102,1,26,1,1,1,0,['nvidia-nvjitlink-cu12'],Nvidia CUDA Installer Team,LicenseRef-NVIDIA-Proprietary,"cuda, nvidia, runtime, machine learning, deep learning",0,0.0,0,1,0.0,0.3508773619358619
nbclient,nbclient,42408989,8,1,3882,0,1,43,2111,1,0,0,32,1,0,"['jupyter-client>=6.1.12', 'jupyter-core!=5.0.*,>=4.12', 'nbformat>=5.1', 'traitlets>=5.4', 'pre-commit', 'autodoc-traits', 'flaky', 'ipykernel>=6.19.3', 'ipython', 'ipywidgets', 'mock', 'moto', 'myst-parser', 'nbconvert>=7.1.0', 'pytest-asyncio', 'pytest-cov>=4.0', 'pytest<8,>=7.0', 'sphinx-book-theme', 'sphinx>=1.7', 'sphinxcontrib-spelling', 'testpath', 'xmltodict', 'flaky', 'ipykernel>=6.19.3', 'ipython', 'ipywidgets', 'nbconvert>=7.1.0', 'pytest-asyncio', 'pytest-cov>=4.0', 'pytest<8,>=7.0', 'testpath', 'xmltodict']",,"BSD 3-Clause License  Copyright (c) 2020-, Jupyter Development Team  All rights reserved.  Redistribution and use in source and binary forms, with or without modification, are permitted provided that the following conditions are met:  1. Redistributions of source code must retain the above copyright notice, this list of conditions and the following disclaimer.  2. Redistributions in binary form must reproduce the above copyright notice, this list of conditions and the following disclaimer in the documentation and/or other materials provided with the distribution.  3. Neither the name of the copyright holder nor the names of its contributors may be used to endorse or promote products derived from this software without specific prior written permission.  THIS SOFTWARE IS PROVIDED BY THE COPYRIGHT HOLDERS AND CONTRIBUTORS ""AS IS"" AND ANY EXPRESS OR IMPLIED WARRANTIES, INCLUDING, BUT NOT LIMITED TO, THE IMPLIED WARRANTIES OF MERCHANTABILITY AND FITNESS FOR A PARTICULAR PURPOSE ARE DISCLAIMED. IN NO EVENT SHALL THE COPYRIGHT HOLDER OR CONTRIBUTORS BE LIABLE FOR ANY DIRECT, INDIRECT, INCIDENTAL, SPECIAL, EXEMPLARY, OR CONSEQUENTIAL DAMAGES (INCLUDING, BUT NOT LIMITED TO, PROCUREMENT OF SUBSTITUTE GOODS OR SERVICES; LOSS OF USE, DATA, OR PROFITS; OR BUSINESS INTERRUPTION) HOWEVER CAUSED AND ON ANY THEORY OF LIABILITY, WHETHER IN CONTRACT, STRICT LIABILITY, OR TORT (INCLUDING NEGLIGENCE OR OTHERWISE) ARISING IN ANY WAY OUT OF THE USE OF THIS SOFTWARE, EVEN IF ADVISED OF THE POSSIBILITY OF SUCH DAMAGE.","executor, jupyter, notebook, pipeline",0,0.0,0,10,0.0,0.014836395247906873
nvidia-cudnn-cu12,nvidia-cudnn-cu12,40912275,17,1,72,1,0,39,1102,1,26,1,1,1,0,['nvidia-cublas-cu12'],Nvidia CUDA Installer Team,,"cuda, nvidia, runtime, machine learning, deep learning",0,0.0,0,1,0.0,0.3508773619358619
nvidia-cusolver-cu12,nvidia-cusolver-cu12,41713823,20,1,37,1,0,21,1102,1,26,1,3,1,0,"['nvidia-cublas-cu12', 'nvidia-nvjitlink-cu12', 'nvidia-cusparse-cu12']",Nvidia CUDA Installer Team,LicenseRef-NVIDIA-Proprietary,"cuda, nvidia, runtime, machine learning, deep learning",0,0.0,0,3,0.3333333333333333,0.1683267432938519
elasticsearch,elasticsearch,44054856,13,1,5542,0,0,164,4442,1,0,0,44,1,0,"['anyio', 'elastic-transport<10,>=9.2.0', 'python-dateutil', 'sniffio', 'typing-extensions', 'aiohttp<4,>=3', 'aiohttp', 'black', 'build', 'coverage', 'httpx', 'isort', 'jinja2', 'mapbox-vector-tile', 'mypy', 'nox', 'numpy', 'orjson', 'pandas', 'pyarrow', 'pydantic', 'pyright', 'pytest', 'pytest-asyncio', 'pytest-cov', 'pytest-mock', 'python-dateutil', 'pyyaml>=5.4', 'requests<3,>=2', 'simsimd', 'tqdm', 'trio', 'twine', 'types-python-dateutil', 'types-tqdm', 'unasync', 'sphinx', 'sphinx-autodoc-typehints', 'sphinx-rtd-theme>=2.0', 'orjson>=3', 'pyarrow>=1', 'requests!=2.32.2,<3.0.0,>=2.4.0', 'numpy>=1', 'simsimd>=3']",,,"REST, client, elastic, elasticsearch, index, kibana, mapping, search",0,0.0,0,10,0.0,0.01908999075987526
opentelemetry-exporter-prometheus,opentelemetry-exporter-prometheus,44910677,33,1,875,0,1,46,1926,1,0,0,3,1,0,"['opentelemetry-api~=1.12', 'opentelemetry-sdk~=1.38.0', 'prometheus-client<1.0.0,>=0.5.0']",,,,0,0.0,0,3,0.0,0.2061857491852643
nvidia-curand-cu12,nvidia-curand-cu12,41738274,18,1,32,1,0,21,1102,1,26,1,0,0,0,[],Nvidia CUDA Installer Team,NVIDIA Proprietary Software,"cuda, nvidia, runtime, machine learning, deep learning",0,0.0,0,0,0.0,1.0
jupyterlab,jupyterlab,42453724,10,1,10540,0,1,578,3459,1,0,0,55,1,1,"['async-lru>=1.0.0', 'httpx<1,>=0.25.0', 'importlib-metadata>=4.8.3', 'ipykernel!=6.30.0,>=6.5.0', 'jinja2>=3.0.3', 'jupyter-core', 'jupyter-lsp>=2.0.0', 'jupyter-server<3,>=2.4.0', 'jupyterlab-server<3,>=2.28.0', 'notebook-shim>=0.2', 'packaging', 'setuptools>=41.1.0', 'tomli>=1.2.2', 'tornado>=6.2.0', 'traitlets', 'build', 'bump2version', 'coverage', 'hatch', 'pre-commit', 'pytest-cov', 'ruff==0.11.12', 'jsx-lexer', 'myst-parser', 'pydata-sphinx-theme>=0.13.0', 'pytest', 'pytest-check-links', 'pytest-jupyter', 'sphinx-copybutton', 'sphinx<8.2.0,>=1.8', 'altair==6.0.0', 'ipython==8.16.1', 'ipywidgets==8.1.5', 'jupyterlab-geojson==3.4.0', 'jupyterlab-language-pack-zh-cn==4.3.post1', 'matplotlib==3.10.0', 'nbconvert>=7.0.0', 'pandas==2.2.3', 'scipy==1.15.1', 'coverage', 'pytest-check-links>=0.7', 'pytest-console-scripts', 'pytest-cov', 'pytest-jupyter>=0.5.3', 'pytest-timeout', 'pytest-tornasync', 'pytest>=7.0', 'requests', 'requests-cache', 'virtualenv', 'copier<10,>=9', 'jinja2-time<0.3', 'pydantic<3.0', 'pyyaml-include<3.0', 'tomli-w<2.0']",,"Copyright (c) 2015-2025 Project Jupyter Contributors
        All rights reserved.
        
        Redistribution and use in source and binary forms, with or without
        modification, are permitted provided that the following conditions are met:
        
        1. Redistributions of source code must retain the above copyright notice, this
           list of conditions and the following disclaimer.
        
        2. Redistributions in binary form must reproduce the above copyright notice,
           this list of conditions and the following disclaimer in the documentation
           and/or other materials provided with the distribution.
        
        3. Neither the name of the copyright holder nor the names of its
           contributors may be used to endorse or promote products derived from
           this software without specific prior written permission.
        
        THIS SOFTWARE IS PROVIDED BY THE COPYRIGHT HOLDERS AND CONTRIBUTORS ""AS IS""
        AND ANY EXPRESS OR IMPLIED WARRANTIES, INCLUDING, BUT NOT LIMITED TO, THE
        IMPLIED WARRANTIES OF MERCHANTABILITY AND FITNESS FOR A PARTICULAR PURPOSE ARE
        DISCLAIMED. IN NO EVENT SHALL THE COPYRIGHT HOLDER OR CONTRIBUTORS BE LIABLE
        FOR ANY DIRECT, INDIRECT, INCIDENTAL, SPECIAL, EXEMPLARY, OR CONSEQUENTIAL
        DAMAGES (INCLUDING, BUT NOT LIMITED TO, PROCUREMENT OF SUBSTITUTE GOODS OR
        SERVICES; LOSS OF USE, DATA, OR PROFITS; OR BUSINESS INTERRUPTION) HOWEVER
        CAUSED AND ON ANY THEORY OF LIABILITY, WHETHER IN CONTRACT, STRICT LIABILITY,
        OR TORT (INCLUDING NEGLIGENCE OR OTHERWISE) ARISING IN ANY WAY OUT OF THE USE
        OF THIS SOFTWARE, EVEN IF ADVISED OF THE POSSIBILITY OF SUCH DAMAGE.
        
        Semver File License
        ===================
        
        The semver.py file is from https://github.com/podhmo/python-semver
        which is licensed under the ""MIT"" license.  See the semver.py file for details.","ipython, jupyter",0,0.0,0,10,0.0,0.021438541701419282
google-cloud-resource-manager,google-cloud-resource-manager,44537470,29,1,8013,1,0,66,3342,1,10,1,8,1,0,"['google-api-core', 'google-auth!=2.24.0,!=2.25.0,<3.0.0,>=2.14.1', 'grpcio<2.0.0,>=1.33.2', 'grpcio<2.0.0,>=1.75.1', 'proto-plus<2.0.0,>=1.22.3', 'proto-plus<2.0.0,>=1.25.0', 'protobuf!=4.21.0,!=4.21.1,!=4.21.2,!=4.21.3,!=4.21.4,!=4.21.5,<7.0.0,>=3.20.2', 'grpc-google-iam-v1<1.0.0,>=0.14.0']",Google LLC,Apache 2.0,,0,0.0,0,8,0.10714285714285714,0.03481864703125163
nvidia-cufft-cu12,nvidia-cufft-cu12,41766928,17,1,31,1,0,21,1102,1,26,1,1,1,0,['nvidia-nvjitlink-cu12'],Nvidia CUDA Installer Team,LicenseRef-NVIDIA-Proprietary,"cuda, nvidia, runtime, machine learning, deep learning",0,0.0,0,1,0.0,0.3508773619358619
selenium,selenium,40380785,8,1,6426,1,0,223,6420,0,0,0,6,1,0,"['urllib3', 'trio<1.0,>=0.31.0', 'trio-websocket<1.0,>=0.12.2', 'certifi>=2025.10.5', 'typing_extensions<5.0,>=4.15.0', 'websocket-client<2.0,>=1.8.0']",,Apache-2.0,,0,0.0,0,6,0.0,0.07235680209354771
nvidia-cuda-nvrtc-cu12,nvidia-cuda-nvrtc-cu12,41993714,22,1,31,1,0,23,1102,1,26,1,0,0,0,[],Nvidia CUDA Installer Team,LicenseRef-NVIDIA-Proprietary,"cuda, nvidia, runtime, machine learning, deep learning",0,0.0,0,0,0.0,1.0
google-cloud-workflows,google-cloud-workflows,55012464,22,1,7908,1,0,50,1885,1,10,1,7,1,0,"['google-api-core', 'google-auth!=2.24.0,!=2.25.0,<3.0.0,>=2.14.1', 'grpcio<2.0.0,>=1.33.2', 'grpcio<2.0.0,>=1.75.1', 'proto-plus<2.0.0,>=1.22.3', 'proto-plus<2.0.0,>=1.25.0', 'protobuf!=4.21.0,!=4.21.1,!=4.21.2,!=4.21.3,!=4.21.4,!=4.21.5,<7.0.0,>=3.20.2']",Google LLC,Apache 2.0,,0,0.0,0,7,0.14285714285714285,0.03605651043777646
xlrd,xlrd,43648063,4,1,2107,1,0,25,7190,1,13,0,5,1,0,"['wheel', 'twine', 'sphinx', 'pytest', 'pytest-cov']",Chris Withers,BSD,"xls, excel, spreadsheet, workbook",0,0.0,0,5,0.0,0.016115236334219935
nvidia-cuda-cupti-cu12,nvidia-cuda-cupti-cu12,41929148,22,1,73,1,0,21,1102,1,26,1,0,0,0,[],Nvidia CUDA Installer Team,LicenseRef-NVIDIA-Proprietary,"cuda, nvidia, runtime, machine learning, deep learning",0,0.0,0,0,0.0,1.0
nvidia-nvjitlink-cu12,nvidia-nvjitlink-cu12,41760938,21,1,51,1,0,22,1102,1,26,1,0,0,0,[],Nvidia CUDA Installer Team,LicenseRef-NVIDIA-Proprietary,"cuda, nvidia, runtime, machine learning, deep learning",0,0.0,0,0,0.0,1.0
pyrsistent,pyrsistent,41274937,10,1,26926,1,0,75,4395,1,17,0,0,0,0,[],Tobias Gustafsson,MIT,,0,0.0,0,0,0.0,1.0
botocore-stubs,botocore-stubs,47987820,14,1,1775,0,1,961,1627,1,0,0,2,1,0,"['types-awscrt', 'botocore']",,,"botocore, type-annotations, pyright, mypy, boto3",0,0.0,0,2,0.0,0.09939114090709089
google-cloud-language,google-cloud-language,54844996,21,1,8117,1,0,68,3342,1,10,1,7,1,0,"['google-api-core', 'google-auth!=2.24.0,!=2.25.0,<3.0.0,>=2.14.1', 'grpcio<2.0.0,>=1.33.2', 'grpcio<2.0.0,>=1.75.1', 'proto-plus<2.0.0,>=1.22.3', 'proto-plus<2.0.0,>=1.25.0', 'protobuf!=4.21.0,!=4.21.1,!=4.21.2,!=4.21.3,!=4.21.4,!=4.21.5,<7.0.0,>=3.20.2']",Google LLC,Apache 2.0,,0,0.0,0,7,0.14285714285714285,0.03605651043777646
gcsfs,gcsfs,43493767,5,1,628,1,0,78,3069,0,0,0,9,1,0,"['aiohttp!=4.0.0a0,!=4.0.0a1', 'decorator>4.1.2', 'fsspec==2025.10.0', 'google-auth>=1.2', 'google-auth-oauthlib', 'google-cloud-storage', 'requests', 'fusepy', 'crcmod']",,BSD,"google-cloud-storage, gcloud, file-system",0,0.0,0,9,0.0,0.03263620284343042
faker,faker,43181575,5,1,14479,1,0,450,5448,1,6,0,1,1,0,['tzdata'],joke2k,MIT License,faker fixtures data test mock generator,0,0.0,0,1,0.0,0.3508773619358619
cssselect2,cssselect2,20943099,10,1,1178,0,1,12,3060,1,0,0,6,1,0,"['tinycss2', 'webencodings', 'sphinx', 'furo', 'pytest', 'ruff']",,,"css, elementtree",0,0.0,0,6,0.26666666666666666,0.031161129789001225
structlog,structlog,39248317,9,1,8009,0,1,42,4454,1,0,0,1,1,0,['typing-extensions'],,,"log, logging, structure, structured",0,0.0,0,1,0.0,0.3508773619358619
types-awscrt,types-awscrt,47310619,12,1,2087,0,1,86,1210,1,0,0,0,0,0,[],,"MIT License
        
        Copyright (c) 2022 Vlad Emelianov
        
        Permission is hereby granted, free of charge, to any person obtaining a copy
        of this software and associated documentation files (the ""Software""), to deal
        in the Software without restriction, including without limitation the rights
        to use, copy, modify, merge, publish, distribute, sublicense, and/or sell
        copies of the Software, and to permit persons to whom the Software is
        furnished to do so, subject to the following conditions:
        
        The above copyright notice and this permission notice shall be included in all
        copies or substantial portions of the Software.
        
        THE SOFTWARE IS PROVIDED ""AS IS"", WITHOUT WARRANTY OF ANY KIND, EXPRESS OR
        IMPLIED, INCLUDING BUT NOT LIMITED TO THE WARRANTIES OF MERCHANTABILITY,
        FITNESS FOR A PARTICULAR PURPOSE AND NONINFRINGEMENT. IN NO EVENT SHALL THE
        AUTHORS OR COPYRIGHT HOLDERS BE LIABLE FOR ANY CLAIM, DAMAGES OR OTHER
        LIABILITY, WHETHER IN AN ACTION OF CONTRACT, TORT OR OTHERWISE, ARISING FROM,
        OUT OF OR IN CONNECTION WITH THE SOFTWARE OR THE USE OR OTHER DEALINGS IN THE
        SOFTWARE.
        ","awscrt, type-annotations, pyright, mypy, boto3",0,0.0,0,0,0.0,1.0
json5,json5,39058694,5,1,17678,0,1,52,3895,1,0,0,11,1,0,"['build==1.2.2.post1', 'coverage==7.5.4', 'coverage==7.8.0', 'mypy==1.14.1', 'mypy==1.15.0', 'pip==25.0.1', 'pylint==3.2.7', 'pylint==3.3.6', 'ruff==0.11.2', 'twine==6.1.0', 'uv==0.6.11']",,"Files: Everything except for the benchmarks/*.json files.
        
        Apache License
                                   Version 2.0, January 2004
                                http://www.apache.org/licenses/
        
           TERMS AND CONDITIONS FOR USE, REPRODUCTION, AND DISTRIBUTION
        
           1. Definitions.
        
              ""License"" shall mean the terms and conditions for use, reproduction,
              and distribution as defined by Sections 1 through 9 of this document.
        
              ""Licensor"" shall mean the copyright owner or entity authorized by
              the copyright owner that is granting the License.
        
              ""Legal Entity"" shall mean the union of the acting entity and all
              other entities that control, are controlled by, or are under common
              control with that entity. For the purposes of this definition,
              ""control"" means (i) the power, direct or indirect, to cause the
              direction or management of such entity, whether by contract or
              otherwise, or (ii) ownership of fifty percent (50%) or more of the
              outstanding shares, or (iii) beneficial ownership of such entity.
        
              ""You"" (or ""Your"") shall mean an individual or Legal Entity
              exercising permissions granted by this License.
        
              ""Source"" form shall mean the preferred form for making modifications,
              including but not limited to software source code, documentation
              source, and configuration files.
        
              ""Object"" form shall mean any form resulting from mechanical
              transformation or translation of a Source form, including but
              not limited to compiled object code, generated documentation,
              and conversions to other media types.
        
              ""Work"" shall mean the work of authorship, whether in Source or
              Object form, made available under the License, as indicated by a
              copyright notice that is included in or attached to the work
              (an example is provided in the Appendix below).
        
              ""Derivative Works"" shall mean any work, whether in Source or Object
              form, that is based on (or derived from) the Work and for which the
              editorial revisions, annotations, elaborations, or other modifications
              represent, as a whole, an original work of authorship. For the purposes
              of this License, Derivative Works shall not include works that remain
              separable from, or merely link (or bind by name) to the interfaces of,
              the Work and Derivative Works thereof.
        
              ""Contribution"" shall mean any work of authorship, including
              the original version of the Work and any modifications or additions
              to that Work or Derivative Works thereof, that is intentionally
              submitted to Licensor for inclusion in the Work by the copyright owner
              or by an individual or Legal Entity authorized to submit on behalf of
              the copyright owner. For the purposes of this definition, ""submitted""
              means any form of electronic, verbal, or written communication sent
              to the Licensor or its representatives, including but not limited to
              communication on electronic mailing lists, source code control systems,
              and issue tracking systems that are managed by, or on behalf of, the
              Licensor for the purpose of discussing and improving the Work, but
              excluding communication that is conspicuously marked or otherwise
              designated in writing by the copyright owner as ""Not a Contribution.""
        
              ""Contributor"" shall mean Licensor and any individual or Legal Entity
              on behalf of whom a Contribution has been received by Licensor and
              subsequently incorporated within the Work.
        
           2. Grant of Copyright License. Subject to the terms and conditions of
              this License, each Contributor hereby grants to You a perpetual,
              worldwide, non-exclusive, no-charge, royalty-free, irrevocable
              copyright license to reproduce, prepare Derivative Works of,
              publicly display, publicly perform, sublicense, and distribute the
              Work and such Derivative Works in Source or Object form.
        
           3. Grant of Patent License. Subject to the terms and conditions of
              this License, each Contributor hereby grants to You a perpetual,
              worldwide, non-exclusive, no-charge, royalty-free, irrevocable
              (except as stated in this section) patent license to make, have made,
              use, offer to sell, sell, import, and otherwise transfer the Work,
              where such license applies only to those patent claims licensable
              by such Contributor that are necessarily infringed by their
              Contribution(s) alone or by combination of their Contribution(s)
              with the Work to which such Contribution(s) was submitted. If You
              institute patent litigation against any entity (including a
              cross-claim or counterclaim in a lawsuit) alleging that the Work
              or a Contribution incorporated within the Work constitutes direct
              or contributory patent infringement, then any patent licenses
              granted to You under this License for that Work shall terminate
              as of the date such litigation is filed.
        
           4. Redistribution. You may reproduce and distribute copies of the
              Work or Derivative Works thereof in any medium, with or without
              modifications, and in Source or Object form, provided that You
              meet the following conditions:
        
              (a) You must give any other recipients of the Work or
                  Derivative Works a copy of this License; and
        
              (b) You must cause any modified files to carry prominent notices
                  stating that You changed the files; and
        
              (c) You must retain, in the Source form of any Derivative Works
                  that You distribute, all copyright, patent, trademark, and
                  attribution notices from the Source form of the Work,
                  excluding those notices that do not pertain to any part of
                  the Derivative Works; and
        
              (d) If the Work includes a ""NOTICE"" text file as part of its
                  distribution, then any Derivative Works that You distribute must
                  include a readable copy of the attribution notices contained
                  within such NOTICE file, excluding those notices that do not
                  pertain to any part of the Derivative Works, in at least one
                  of the following places: within a NOTICE text file distributed
                  as part of the Derivative Works; within the Source form or
                  documentation, if provided along with the Derivative Works; or,
                  within a display generated by the Derivative Works, if and
                  wherever such third-party notices normally appear. The contents
                  of the NOTICE file are for informational purposes only and
                  do not modify the License. You may add Your own attribution
                  notices within Derivative Works that You distribute, alongside
                  or as an addendum to the NOTICE text from the Work, provided
                  that such additional attribution notices cannot be construed
                  as modifying the License.
        
              You may add Your own copyright statement to Your modifications and
              may provide additional or different license terms and conditions
              for use, reproduction, or distribution of Your modifications, or
              for any such Derivative Works as a whole, provided Your use,
              reproduction, and distribution of the Work otherwise complies with
              the conditions stated in this License.
        
           5. Submission of Contributions. Unless You explicitly state otherwise,
              any Contribution intentionally submitted for inclusion in the Work
              by You to the Licensor shall be under the terms and conditions of
              this License, without any additional terms or conditions.
              Notwithstanding the above, nothing herein shall supersede or modify
              the terms of any separate license agreement you may have executed
              with Licensor regarding such Contributions.
        
           6. Trademarks. This License does not grant permission to use the trade
              names, trademarks, service marks, or product names of the Licensor,
              except as required for reasonable and customary use in describing the
              origin of the Work and reproducing the content of the NOTICE file.
        
           7. Disclaimer of Warranty. Unless required by applicable law or
              agreed to in writing, Licensor provides the Work (and each
              Contributor provides its Contributions) on an ""AS IS"" BASIS,
              WITHOUT WARRANTIES OR CONDITIONS OF ANY KIND, either express or
              implied, including, without limitation, any warranties or conditions
              of TITLE, NON-INFRINGEMENT, MERCHANTABILITY, or FITNESS FOR A
              PARTICULAR PURPOSE. You are solely responsible for determining the
              appropriateness of using or redistributing the Work and assume any
              risks associated with Your exercise of permissions under this License.
        
           8. Limitation of Liability. In no event and under no legal theory,
              whether in tort (including negligence), contract, or otherwise,
              unless required by applicable law (such as deliberate and grossly
              negligent acts) or agreed to in writing, shall any Contributor be
              liable to You for damages, including any direct, indirect, special,
              incidental, or consequential damages of any character arising as a
              result of this License or out of the use or inability to use the
              Work (including but not limited to damages for loss of goodwill,
              work stoppage, computer failure or malfunction, or any and all
              other commercial damages or losses), even if such Contributor
              has been advised of the possibility of such damages.
        
           9. Accepting Warranty or Additional Liability. While redistributing
              the Work or Derivative Works thereof, You may choose to offer,
              and charge a fee for, acceptance of support, warranty, indemnity,
              or other liability obligations and/or rights consistent with this
              License. However, in accepting such obligations, You may act only
              on Your own behalf and on Your sole responsibility, not on behalf
              of any other Contributor, and only if You agree to indemnify,
              defend, and hold each Contributor harmless for any liability
              incurred by, or claims asserted against, such Contributor by reason
              of your accepting any such warranty or additional liability.
        
           END OF TERMS AND CONDITIONS
        
           APPENDIX: How to apply the Apache License to your work.
        
              To apply the Apache License to your work, attach the following
              boilerplate notice, with the fields enclosed by brackets ""{}""
              replaced with your own identifying information. (Don't include
              the brackets!)  The text should be enclosed in the appropriate
              comment syntax for the file format. We also recommend that a
              file or class name and description of purpose be included on the
              same ""printed page"" as the copyright notice for easier
              identification within third-party archives.
        
           Copyright {yyyy} {name of copyright owner}
        
           Licensed under the Apache License, Version 2.0 (the ""License"");
           you may not use this file except in compliance with the License.
           You may obtain a copy of the License at
        
               http://www.apache.org/licenses/LICENSE-2.0
        
           Unless required by applicable law or agreed to in writing, software
           distributed under the License is distributed on an ""AS IS"" BASIS,
           WITHOUT WARRANTIES OR CONDITIONS OF ANY KIND, either express or implied.
           See the License for the specific language governing permissions and
           limitations under the License.
        
        ---
        
        File: benchmarks/64KB-min.json
        
        MIT License
        
        Copyright (c) Microsoft Corporation.
        
        Permission is hereby granted, free of charge, to any person obtaining a copy
        of this software and associated documentation files (the ""Software""), to deal
        in the Software without restriction, including without limitation the rights
        to use, copy, modify, merge, publish, distribute, sublicense, and/or sell
        copies of the Software, and to permit persons to whom the Software is
        furnished to do so, subject to the following conditions:
        
        The above copyright notice and this permission notice shall be included in all
        copies or substantial portions of the Software.
        
        THE SOFTWARE IS PROVIDED ""AS IS"", WITHOUT WARRANTY OF ANY KIND, EXPRESS OR
        IMPLIED, INCLUDING BUT NOT LIMITED TO THE WARRANTIES OF MERCHANTABILITY,
        FITNESS FOR A PARTICULAR PURPOSE AND NONINFRINGEMENT. IN NO EVENT SHALL THE
        AUTHORS OR COPYRIGHT HOLDERS BE LIABLE FOR ANY CLAIM, DAMAGES OR OTHER
        LIABILITY, WHETHER IN AN ACTION OF CONTRACT, TORT OR OTHERWISE, ARISING FROM,
        OUT OF OR IN CONNECTION WITH THE SOFTWARE OR THE USE OR OTHER DEALINGS IN THE
        SOFTWARE
        
        ---
        
        File: benchmarks/bitly-usa-gov.json
        
        The MIT License (MIT)
        
        Copyright (c) 2017 Wes McKinney
        
        Permission is hereby granted, free of charge, to any person obtaining a copy
        of this software and associated documentation files (the ""Software""), to deal
        in the Software without restriction, including without limitation the rights
        to use, copy, modify, merge, publish, distribute, sublicense, and/or sell
        copies of the Software, and to permit persons to whom the Software is
        furnished to do so, subject to the following conditions:
        
        The above copyright notice and this permission notice shall be included in all
        copies or substantial portions of the Software.
        
        THE SOFTWARE IS PROVIDED ""AS IS"", WITHOUT WARRANTY OF ANY KIND, EXPRESS OR
        IMPLIED, INCLUDING BUT NOT LIMITED TO THE WARRANTIES OF MERCHANTABILITY,
        FITNESS FOR A PARTICULAR PURPOSE AND NONINFRINGEMENT. IN NO EVENT SHALL THE
        AUTHORS OR COPYRIGHT HOLDERS BE LIABLE FOR ANY CLAIM, DAMAGES OR OTHER
        LIABILITY, WHETHER IN AN ACTION OF CONTRACT, TORT OR OTHERWISE, ARISING FROM,
        OUT OF OR IN CONNECTION WITH THE SOFTWARE OR THE USE OR OTHER DEALINGS IN THE
        SOFTWARE.
        
        ---
        
        File: benchmarks/twitter.json
        
        The MIT License (MIT)
        
        Copyright (c) 2014 Milo Yip
        
        Permission is hereby granted, free of charge, to any person obtaining a copy
        of this software and associated documentation files (the ""Software""), to deal
        in the Software without restriction, including without limitation the rights
        to use, copy, modify, merge, publish, distribute, sublicense, and/or sell
        copies of the Software, and to permit persons to whom the Software is
        furnished to do so, subject to the following conditions:
        
        The above copyright notice and this permission notice shall be included in all
        copies or substantial portions of the Software.
        
        THE SOFTWARE IS PROVIDED ""AS IS"", WITHOUT WARRANTY OF ANY KIND, EXPRESS OR
        IMPLIED, INCLUDING BUT NOT LIMITED TO THE WARRANTIES OF MERCHANTABILITY,
        FITNESS FOR A PARTICULAR PURPOSE AND NONINFRINGEMENT. IN NO EVENT SHALL THE
        AUTHORS OR COPYRIGHT HOLDERS BE LIABLE FOR ANY CLAIM, DAMAGES OR OTHER
        LIABILITY, WHETHER IN AN ACTION OF CONTRACT, TORT OR OTHERWISE, ARISING FROM,
        OUT OF OR IN CONNECTION WITH THE SOFTWARE OR THE USE OR OTHER DEALINGS IN THE
        SOFTWARE.
        ",json5,0,0.0,0,10,0.0,0.0843884181485989
flatbuffers,flatbuffers,38751060,11,1,117,1,1,25,2707,1,12,0,0,0,0,[],Derek Bailey,Apache 2.0,,0,0.0,0,0,0.0,1.0
google-cloud-dataform,google-cloud-dataform,53436829,21,1,7760,1,0,30,1234,1,10,1,8,1,0,"['google-api-core', 'google-auth!=2.24.0,!=2.25.0,<3.0.0,>=2.14.1', 'grpcio<2.0.0,>=1.33.2', 'grpcio<2.0.0,>=1.75.1', 'proto-plus<2.0.0,>=1.22.3', 'proto-plus<2.0.0,>=1.25.0', 'protobuf!=4.21.0,!=4.21.1,!=4.21.2,!=4.21.3,!=4.21.4,!=4.21.5,<7.0.0,>=3.20.2', 'grpc-google-iam-v1<1.0.0,>=0.14.0']",Google LLC,Apache 2.0,,0,0.0,0,8,0.10714285714285714,0.03481864703125163
pandocfilters,pandocfilters,40130757,13,1,7827,1,0,16,4454,1,15,0,0,0,0,[],John MacFarlane,BSD-3-Clause,pandoc,0,0.0,0,0,0.0,1.0
jupyterlab-pygments,jupyterlab-pygments,39972574,19,1,1470,0,1,7,2373,1,0,0,0,0,0,[],,"Copyright (c) 2015 Project Jupyter Contributors All rights reserved.  Redistribution and use in source and binary forms, with or without modification, are permitted provided that the following conditions are met:  1. Redistributions of source code must retain the above copyright notice, this list of conditions and the following disclaimer.  2. Redistributions in binary form must reproduce the above copyright notice, this list of conditions and the following disclaimer in the documentation and/or other materials provided with the distribution.  3. Neither the name of the copyright holder nor the names of its contributors may be used to endorse or promote products derived from this software without specific prior written permission.  THIS SOFTWARE IS PROVIDED BY THE COPYRIGHT HOLDERS AND CONTRIBUTORS ""AS IS"" AND ANY EXPRESS OR IMPLIED WARRANTIES, INCLUDING, BUT NOT LIMITED TO, THE IMPLIED WARRANTIES OF MERCHANTABILITY AND FITNESS FOR A PARTICULAR PURPOSE ARE DISCLAIMED. IN NO EVENT SHALL THE COPYRIGHT HOLDER OR CONTRIBUTORS BE LIABLE FOR ANY DIRECT, INDIRECT, INCIDENTAL, SPECIAL, EXEMPLARY, OR CONSEQUENTIAL DAMAGES (INCLUDING, BUT NOT LIMITED TO, PROCUREMENT OF SUBSTITUTE GOODS OR SERVICES; LOSS OF USE, DATA, OR PROFITS; OR BUSINESS INTERRUPTION) HOWEVER CAUSED AND ON ANY THEORY OF LIABILITY, WHETHER IN CONTRACT, STRICT LIABILITY, OR TORT (INCLUDING NEGLIGENCE OR OTHERWISE) ARISING IN ANY WAY OUT OF THE USE OF THIS SOFTWARE, EVEN IF ADVISED OF THE POSSIBILITY OF SUCH DAMAGE.",,0,0.0,0,0,0.0,1.0
absl-py,absl-py,37927450,7,1,2147,0,1,48,2979,1,18,0,0,0,0,[],The Abseil Authors,,,0,0.0,0,0,0.0,1.0
xxhash,xxhash,44713164,6,1,11822,1,0,42,4133,1,6,0,0,0,0,[],Yue Du,BSD,,0,0.0,0,0,0.0,1.0
google-cloud-videointelligence,google-cloud-videointelligence,53069509,30,1,8427,1,0,70,3111,1,10,1,7,1,0,"['google-api-core', 'google-auth!=2.24.0,!=2.25.0,<3.0.0,>=2.14.1', 'grpcio<2.0.0,>=1.33.2', 'grpcio<2.0.0,>=1.75.1', 'proto-plus<2.0.0,>=1.22.3', 'proto-plus<2.0.0,>=1.25.0', 'protobuf!=4.21.0,!=4.21.1,!=4.21.2,!=4.21.3,!=4.21.4,!=4.21.5,<7.0.0,>=3.20.2']",Google LLC,Apache 2.0,,0,0.0,0,7,0.14285714285714285,0.03605651043777646
confluent-kafka,confluent-kafka,41719476,15,1,16534,0,0,54,3469,1,0,0,301,1,1,"['attrs>=21.2.0', 'cachetools>=5.5.0', 'certifi', 'httpx>=0.26', 'authlib>=1.0.0', 'attrs>=21.2.0', 'cachetools>=5.5.0', 'certifi', 'httpx>=0.26', 'authlib>=1.0.0', 'azure-identity', 'azure-keyvault-keys', 'boto3>=1.35', 'cel-python>=0.4.0', 'google-re2<1.1.20251105', 'google-auth', 'google-api-core', 'google-cloud-kms', 'hkdf==0.0.3', 'hvac', 'jsonata-python', 'pyyaml>=6.0.0', 'tink', 'attrs>=21.2.0', 'cachetools>=5.5.0', 'certifi', 'httpx>=0.26', 'authlib>=1.0.0', 'fastavro<1.8.0', 'fastavro<2', 'requests', 'avro<2,>=1.11.1', 'attrs>=21.2.0', 'cachetools>=5.5.0', 'certifi', 'httpx>=0.26', 'authlib>=1.0.0', 'pyrsistent', 'jsonschema', 'orjson>=3.10', 'attrs>=21.2.0', 'cachetools>=5.5.0', 'certifi', 'httpx>=0.26', 'authlib>=1.0.0', 'googleapis-common-protos', 'protobuf', 'attrs>=21.2.0', 'cachetools>=5.5.0', 'certifi', 'httpx>=0.26', 'authlib>=1.0.0', 'sphinx', 'sphinx-rtd-theme', 'tomli', 'pandoc', 'confluent-kafka', 'fastapi', 'pydantic', 'uvicorn', 'six', 'attrs', 'cachetools', 'httpx>=0.26', 'authlib>=1.0.0', 'fastavro<1.8.0', 'fastavro<2', 'requests', 'avro<2,>=1.11.1', 'pyrsistent', 'jsonschema', 'orjson>=3.10', 'googleapis-common-protos', 'protobuf', 'azure-identity', 'azure-keyvault-keys', 'boto3', 'cel-python>=0.4.0', 'google-auth', 'google-api-core', 'google-cloud-kms', 'hkdf==0.0.3', 'hvac', 'jsonata-python', 'pyyaml>=6.0.0', 'tink', 'urllib3<3', 'flake8', 'orjson', 'pytest', 'pytest-timeout', 'requests-mock', 'respx', 'pytest_cov', 'pluggy<1.6.0', 'pytest-asyncio', 'async-timeout', 'attrs>=21.2.0', 'cachetools>=5.5.0', 'certifi', 'httpx>=0.26', 'authlib>=1.0.0', 'azure-identity', 'azure-keyvault-keys', 'boto3>=1.35', 'cel-python>=0.4.0', 'google-re2<1.1.20251105', 'google-auth', 'google-api-core', 'google-cloud-kms', 'hkdf==0.0.3', 'hvac', 'jsonata-python', 'pyyaml>=6.0.0', 'tink', 'fastavro<1.8.0', 'fastavro<2', 'requests', 'avro<2,>=1.11.1', 'pyrsistent', 'jsonschema', 'orjson>=3.10', 'googleapis-common-protos', 'protobuf', 'sphinx', 'sphinx-rtd-theme', 'tomli', 'pandoc', 'attrs>=21.2.0', 'cachetools>=5.5.0', 'certifi', 'httpx>=0.26', 'authlib>=1.0.0', 'azure-identity', 'azure-keyvault-keys', 'boto3>=1.35', 'cel-python>=0.4.0', 'google-re2<1.1.20251105', 'google-auth', 'google-api-core', 'google-cloud-kms', 'hkdf==0.0.3', 'hvac', 'jsonata-python', 'pyyaml>=6.0.0', 'tink', 'fastavro<1.8.0', 'fastavro<2', 'requests', 'avro<2,>=1.11.1', 'pyrsistent', 'jsonschema', 'orjson>=3.10', 'googleapis-common-protos', 'protobuf', 'urllib3<3', 'flake8', 'orjson', 'pytest', 'pytest-timeout', 'requests-mock', 'respx', 'pytest_cov', 'pluggy<1.6.0', 'pytest-asyncio', 'async-timeout', 'attrs>=21.2.0', 'cachetools>=5.5.0', 'certifi', 'httpx>=0.26', 'authlib>=1.0.0', 'azure-identity', 'azure-keyvault-keys', 'boto3>=1.35', 'cel-python>=0.4.0', 'google-re2<1.1.20251105', 'google-auth', 'google-api-core', 'google-cloud-kms', 'hkdf==0.0.3', 'hvac', 'jsonata-python', 'pyyaml>=6.0.0', 'tink', 'fastavro<1.8.0', 'fastavro<2', 'requests', 'avro<2,>=1.11.1', 'pyrsistent', 'jsonschema', 'orjson>=3.10', 'googleapis-common-protos', 'protobuf', 'confluent-kafka', 'fastapi', 'pydantic', 'uvicorn', 'six', 'attrs', 'cachetools', 'httpx>=0.26', 'authlib>=1.0.0', 'fastavro<1.8.0', 'fastavro<2', 'requests', 'avro<2,>=1.11.1', 'pyrsistent', 'jsonschema', 'orjson>=3.10', 'googleapis-common-protos', 'protobuf', 'azure-identity', 'azure-keyvault-keys', 'boto3', 'cel-python>=0.4.0', 'google-auth', 'google-api-core', 'google-cloud-kms', 'hkdf==0.0.3', 'hvac', 'jsonata-python', 'pyyaml>=6.0.0', 'tink', 'psutil', 'opentelemetry-distro', 'opentelemetry-exporter-otlp', 'psutil', 'opentelemetry-distro', 'opentelemetry-exporter-otlp', 'sphinx', 'sphinx-rtd-theme', 'tomli', 'pandoc', 'confluent-kafka', 'fastapi', 'pydantic', 'uvicorn', 'six', 'attrs', 'cachetools', 'httpx>=0.26', 'authlib>=1.0.0', 'fastavro<1.8.0', 'fastavro<2', 'requests', 'avro<2,>=1.11.1', 'pyrsistent', 'jsonschema', 'orjson>=3.10', 'googleapis-common-protos', 'protobuf', 'azure-identity', 'azure-keyvault-keys', 'boto3', 'cel-python>=0.4.0', 'google-auth', 'google-api-core', 'google-cloud-kms', 'hkdf==0.0.3', 'hvac', 'jsonata-python', 'pyyaml>=6.0.0', 'tink', 'urllib3<3', 'flake8', 'orjson', 'pytest', 'pytest-timeout', 'requests-mock', 'respx', 'pytest_cov', 'pluggy<1.6.0', 'pytest-asyncio', 'async-timeout', 'attrs>=21.2.0', 'cachetools>=5.5.0', 'certifi', 'httpx>=0.26', 'authlib>=1.0.0', 'azure-identity', 'azure-keyvault-keys', 'boto3>=1.35', 'cel-python>=0.4.0', 'google-re2<1.1.20251105', 'google-auth', 'google-api-core', 'google-cloud-kms', 'hkdf==0.0.3', 'hvac', 'jsonata-python', 'pyyaml>=6.0.0', 'tink', 'fastavro<1.8.0', 'fastavro<2', 'requests', 'avro<2,>=1.11.1', 'pyrsistent', 'jsonschema', 'orjson>=3.10', 'googleapis-common-protos', 'protobuf']",,,,0,0.0,0,5,0.0,0.14598556863940548
types-s3transfer,types-s3transfer,46172661,16,1,2229,0,1,30,1228,1,0,0,0,0,0,[],,"MIT License
        
        Copyright (c) 2022 Vlad Emelianov
        
        Permission is hereby granted, free of charge, to any person obtaining a copy
        of this software and associated documentation files (the ""Software""), to deal
        in the Software without restriction, including without limitation the rights
        to use, copy, modify, merge, publish, distribute, sublicense, and/or sell
        copies of the Software, and to permit persons to whom the Software is
        furnished to do so, subject to the following conditions:
        
        The above copyright notice and this permission notice shall be included in all
        copies or substantial portions of the Software.
        
        THE SOFTWARE IS PROVIDED ""AS IS"", WITHOUT WARRANTY OF ANY KIND, EXPRESS OR
        IMPLIED, INCLUDING BUT NOT LIMITED TO THE WARRANTIES OF MERCHANTABILITY,
        FITNESS FOR A PARTICULAR PURPOSE AND NONINFRINGEMENT. IN NO EVENT SHALL THE
        AUTHORS OR COPYRIGHT HOLDERS BE LIABLE FOR ANY CLAIM, DAMAGES OR OTHER
        LIABILITY, WHETHER IN AN ACTION OF CONTRACT, TORT OR OTHERWISE, ARISING FROM,
        OUT OF OR IN CONNECTION WITH THE SOFTWARE OR THE USE OR OTHER DEALINGS IN THE
        SOFTWARE.
        ","s3transfer, type-annotations, pyright, mypy, boto3",0,0.0,0,0,0.0,1.0
types-protobuf,types-protobuf,41465781,14,1,1535,0,1,110,1754,0,0,0,0,0,0,[],,,,0,0.0,0,0,0.0,1.0
types-pyyaml,types-pyyaml,40646431,12,1,1052,0,1,60,1754,0,0,0,0,0,0,[],,,,0,0.0,0,0,0.0,1.0
nvidia-cuda-runtime-cu12,nvidia-cuda-runtime-cu12,40792388,24,1,30,1,0,21,1102,1,26,1,0,0,0,[],Nvidia CUDA Installer Team,LicenseRef-NVIDIA-Proprietary,"cuda, nvidia, runtime, machine learning, deep learning",0,0.0,0,0,0.0,1.0
google-cloud-os-login,google-cloud-os-login,52024633,21,1,7905,1,0,49,2860,1,10,1,7,1,0,"['google-api-core', 'google-auth!=2.24.0,!=2.25.0,<3.0.0,>=2.14.1', 'grpcio<2.0.0,>=1.33.2', 'grpcio<2.0.0,>=1.75.1', 'proto-plus<2.0.0,>=1.22.3', 'proto-plus<2.0.0,>=1.25.0', 'protobuf!=4.21.0,!=4.21.1,!=4.21.2,!=4.21.3,!=4.21.4,!=4.21.5,<7.0.0,>=3.20.2']",Google LLC,Apache 2.0,,0,0.0,0,7,0.14285714285714285,0.03605651043777646
deprecation,deprecation,41214858,11,1,3366,1,1,13,3225,1,12,0,1,1,0,['packaging'],Brian Curtin,Apache 2,deprecation,0,0.0,0,1,0.0,0.3508773619358619
psycopg2,psycopg2,36280211,8,1,2962,1,1,64,5553,1,20,0,0,0,0,[],Federico Di Gregorio,LGPL with exceptions,,0,0.0,0,0,0.0,1.0
colorlog,colorlog,39595566,8,1,9527,1,0,70,4826,1,12,0,6,1,0,"['colorama', 'black', 'flake8', 'mypy', 'pytest', 'types-colorama']",Sam Clements,MIT License,,0,0.0,0,6,0.0,0.019312710660465904
plotly,plotly,38966798,6,1,4339,0,0,312,4546,1,0,0,34,1,0,"['narwhals>=1.15.1', 'packaging', 'numpy', 'kaleido>=1.1.0', 'pytest', 'requests', 'ruff==0.11.12', 'plotly', 'build', 'jupyter', 'plotly', 'plotly', 'anywidget', 'colorcet', 'fiona<=1.9.6', 'geopandas', 'inflect', 'numpy', 'orjson', 'pandas', 'pdfrw', 'pillow', 'plotly-geo', 'polars', 'pyarrow', 'pyshp', 'pytz', 'scikit-image', 'scipy', 'shapely', 'statsmodels', 'vaex', 'xarray', 'plotly']",,"MIT License
        
        Copyright (c) 2016-2024 Plotly Technologies Inc.
        
        Permission is hereby granted, free of charge, to any person obtaining a copy
        of this software and associated documentation files (the ""Software""), to deal
        in the Software without restriction, including without limitation the rights
        to use, copy, modify, merge, publish, distribute, sublicense, and/or sell
        copies of the Software, and to permit persons to whom the Software is
        furnished to do so, subject to the following conditions:
        
        The above copyright notice and this permission notice shall be included in
        all copies or substantial portions of the Software.
        
        THE SOFTWARE IS PROVIDED ""AS IS"", WITHOUT WARRANTY OF ANY KIND, EXPRESS OR
        IMPLIED, INCLUDING BUT NOT LIMITED TO THE WARRANTIES OF MERCHANTABILITY,
        FITNESS FOR A PARTICULAR PURPOSE AND NONINFRINGEMENT. IN NO EVENT SHALL THE
        AUTHORS OR COPYRIGHT HOLDERS BE LIABLE FOR ANY CLAIM, DAMAGES OR OTHER
        LIABILITY, WHETHER IN AN ACTION OF CONTRACT, TORT OR OTHERWISE, ARISING FROM,
        OUT OF OR IN CONNECTION WITH THE SOFTWARE OR THE USE OR OTHER DEALINGS IN
        THE SOFTWARE.
        ",,0,0.0,1,10,0.0,0.02447979916992189
altair,altair,38543634,6,1,6502,0,1,46,3423,1,24,1,44,1,0,"['jinja2', 'jsonschema>=3.0', 'narwhals>=1.27.1', 'packaging', 'typing-extensions>=4.12.0', 'altair-tiles>=0.3.0', 'anywidget>=0.9.0', 'numpy', 'pandas>=1.1.3', 'pyarrow>=11', 'vegafusion>=2.0.3', 'vl-convert-python>=1.8.0', 'duckdb>=1.0', 'geopandas>=0.14.3', 'hatch>=1.13.0', 'ipykernel', 'ipython', 'mistune', 'mypy', 'pandas-stubs', 'pandas>=1.1.3', 'polars>=0.20.3', 'pyarrow-stubs', 'pytest', 'pytest-cov', 'pytest-xdist', 'ruff>=0.9.5', 'taskipy>=1.14.1', 'tomli>=2.2.1', 'types-jsonschema', 'types-setuptools', 'docutils', 'jinja2', 'myst-parser', 'numpydoc', 'pillow', 'pydata-sphinx-theme>=0.14.1', 'scipy', 'scipy-stubs', 'sphinx', 'sphinx-copybutton', 'sphinx-design', 'sphinxext-altair', 'vl-convert-python>=1.8.0']",Vega-Altair Contributors,"Copyright (c) 2015-2025, Vega-Altair Developers All rights reserved.  Redistribution and use in source and binary forms, with or without modification, are permitted provided that the following conditions are met:  * Redistributions of source code must retain the above copyright notice, this list of conditions and the following disclaimer.  * Redistributions in binary form must reproduce the above copyright notice, this list of conditions and the following disclaimer in the documentation and/or other materials provided with the distribution.  * Neither the name of vega-altair nor the names of its contributors may be used to endorse or promote products derived from this software without specific prior written permission.  THIS SOFTWARE IS PROVIDED BY THE COPYRIGHT HOLDERS AND CONTRIBUTORS ""AS IS"" AND ANY EXPRESS OR IMPLIED WARRANTIES, INCLUDING, BUT NOT LIMITED TO, THE IMPLIED WARRANTIES OF MERCHANTABILITY AND FITNESS FOR A PARTICULAR PURPOSE ARE DISCLAIMED. IN NO EVENT SHALL THE COPYRIGHT HOLDER OR CONTRIBUTORS BE LIABLE FOR ANY DIRECT, INDIRECT, INCIDENTAL, SPECIAL, EXEMPLARY, OR CONSEQUENTIAL DAMAGES (INCLUDING, BUT NOT LIMITED TO, PROCUREMENT OF SUBSTITUTE GOODS OR SERVICES; LOSS OF USE, DATA, OR PROFITS; OR BUSINESS INTERRUPTION) HOWEVER CAUSED AND ON ANY THEORY OF LIABILITY, WHETHER IN CONTRACT, STRICT LIABILITY, OR TORT (INCLUDING NEGLIGENCE OR OTHERWISE) ARISING IN ANY WAY OUT OF THE USE OF THIS SOFTWARE, EVEN IF ADVISED OF THE POSSIBILITY OF SUCH DAMAGE. ","declarative, interactive, json, statistics, vega-lite, visualization",0,0.0,0,10,0.0,0.0676945031611866
boto3-stubs,boto3-stubs,46609329,11,1,75464,0,1,1546,2205,1,0,0,832,1,0,"['botocore-stubs', 'types-s3transfer', 'typing-extensions>=4.1.0', 'boto3-stubs-full<1.42.0,>=1.41.0', 'boto3==1.41.2', 'mypy-boto3-accessanalyzer<1.42.0,>=1.41.0', 'mypy-boto3-account<1.42.0,>=1.41.0', 'mypy-boto3-acm<1.42.0,>=1.41.0', 'mypy-boto3-acm-pca<1.42.0,>=1.41.0', 'mypy-boto3-aiops<1.42.0,>=1.41.0', 'mypy-boto3-amp<1.42.0,>=1.41.0', 'mypy-boto3-amplify<1.42.0,>=1.41.0', 'mypy-boto3-amplifybackend<1.42.0,>=1.41.0', 'mypy-boto3-amplifyuibuilder<1.42.0,>=1.41.0', 'mypy-boto3-apigateway<1.42.0,>=1.41.0', 'mypy-boto3-apigatewaymanagementapi<1.42.0,>=1.41.0', 'mypy-boto3-apigatewayv2<1.42.0,>=1.41.0', 'mypy-boto3-appconfig<1.42.0,>=1.41.0', 'mypy-boto3-appconfigdata<1.42.0,>=1.41.0', 'mypy-boto3-appfabric<1.42.0,>=1.41.0', 'mypy-boto3-appflow<1.42.0,>=1.41.0', 'mypy-boto3-appintegrations<1.42.0,>=1.41.0', 'mypy-boto3-application-autoscaling<1.42.0,>=1.41.0', 'mypy-boto3-application-insights<1.42.0,>=1.41.0', 'mypy-boto3-application-signals<1.42.0,>=1.41.0', 'mypy-boto3-applicationcostprofiler<1.42.0,>=1.41.0', 'mypy-boto3-appmesh<1.42.0,>=1.41.0', 'mypy-boto3-apprunner<1.42.0,>=1.41.0', 'mypy-boto3-appstream<1.42.0,>=1.41.0', 'mypy-boto3-appsync<1.42.0,>=1.41.0', 'mypy-boto3-arc-region-switch<1.42.0,>=1.41.0', 'mypy-boto3-arc-zonal-shift<1.42.0,>=1.41.0', 'mypy-boto3-artifact<1.42.0,>=1.41.0', 'mypy-boto3-athena<1.42.0,>=1.41.0', 'mypy-boto3-auditmanager<1.42.0,>=1.41.0', 'mypy-boto3-autoscaling<1.42.0,>=1.41.0', 'mypy-boto3-autoscaling-plans<1.42.0,>=1.41.0', 'mypy-boto3-b2bi<1.42.0,>=1.41.0', 'mypy-boto3-backup<1.42.0,>=1.41.0', 'mypy-boto3-backup-gateway<1.42.0,>=1.41.0', 'mypy-boto3-backupsearch<1.42.0,>=1.41.0', 'mypy-boto3-batch<1.42.0,>=1.41.0', 'mypy-boto3-bcm-dashboards<1.42.0,>=1.41.0', 'mypy-boto3-bcm-data-exports<1.42.0,>=1.41.0', 'mypy-boto3-bcm-pricing-calculator<1.42.0,>=1.41.0', 'mypy-boto3-bcm-recommended-actions<1.42.0,>=1.41.0', 'mypy-boto3-bedrock<1.42.0,>=1.41.0', 'mypy-boto3-bedrock-agent<1.42.0,>=1.41.0', 'mypy-boto3-bedrock-agent-runtime<1.42.0,>=1.41.0', 'mypy-boto3-bedrock-agentcore<1.42.0,>=1.41.0', 'mypy-boto3-bedrock-agentcore-control<1.42.0,>=1.41.0', 'mypy-boto3-bedrock-data-automation<1.42.0,>=1.41.0', 'mypy-boto3-bedrock-data-automation-runtime<1.42.0,>=1.41.0', 'mypy-boto3-bedrock-runtime<1.42.0,>=1.41.0', 'mypy-boto3-billing<1.42.0,>=1.41.0', 'mypy-boto3-billingconductor<1.42.0,>=1.41.0', 'mypy-boto3-braket<1.42.0,>=1.41.0', 'mypy-boto3-budgets<1.42.0,>=1.41.0', 'mypy-boto3-ce<1.42.0,>=1.41.0', 'mypy-boto3-chatbot<1.42.0,>=1.41.0', 'mypy-boto3-chime<1.42.0,>=1.41.0', 'mypy-boto3-chime-sdk-identity<1.42.0,>=1.41.0', 'mypy-boto3-chime-sdk-media-pipelines<1.42.0,>=1.41.0', 'mypy-boto3-chime-sdk-meetings<1.42.0,>=1.41.0', 'mypy-boto3-chime-sdk-messaging<1.42.0,>=1.41.0', 'mypy-boto3-chime-sdk-voice<1.42.0,>=1.41.0', 'mypy-boto3-cleanrooms<1.42.0,>=1.41.0', 'mypy-boto3-cleanroomsml<1.42.0,>=1.41.0', 'mypy-boto3-cloud9<1.42.0,>=1.41.0', 'mypy-boto3-cloudcontrol<1.42.0,>=1.41.0', 'mypy-boto3-clouddirectory<1.42.0,>=1.41.0', 'mypy-boto3-cloudformation<1.42.0,>=1.41.0', 'mypy-boto3-cloudfront<1.42.0,>=1.41.0', 'mypy-boto3-cloudfront-keyvaluestore<1.42.0,>=1.41.0', 'mypy-boto3-cloudhsm<1.42.0,>=1.41.0', 'mypy-boto3-cloudhsmv2<1.42.0,>=1.41.0', 'mypy-boto3-cloudsearch<1.42.0,>=1.41.0', 'mypy-boto3-cloudsearchdomain<1.42.0,>=1.41.0', 'mypy-boto3-cloudtrail<1.42.0,>=1.41.0', 'mypy-boto3-cloudtrail-data<1.42.0,>=1.41.0', 'mypy-boto3-cloudwatch<1.42.0,>=1.41.0', 'mypy-boto3-codeartifact<1.42.0,>=1.41.0', 'mypy-boto3-codebuild<1.42.0,>=1.41.0', 'mypy-boto3-codecatalyst<1.42.0,>=1.41.0', 'mypy-boto3-codecommit<1.42.0,>=1.41.0', 'mypy-boto3-codeconnections<1.42.0,>=1.41.0', 'mypy-boto3-codedeploy<1.42.0,>=1.41.0', 'mypy-boto3-codeguru-reviewer<1.42.0,>=1.41.0', 'mypy-boto3-codeguru-security<1.42.0,>=1.41.0', 'mypy-boto3-codeguruprofiler<1.42.0,>=1.41.0', 'mypy-boto3-codepipeline<1.42.0,>=1.41.0', 'mypy-boto3-codestar-connections<1.42.0,>=1.41.0', 'mypy-boto3-codestar-notifications<1.42.0,>=1.41.0', 'mypy-boto3-cognito-identity<1.42.0,>=1.41.0', 'mypy-boto3-cognito-idp<1.42.0,>=1.41.0', 'mypy-boto3-cognito-sync<1.42.0,>=1.41.0', 'mypy-boto3-comprehend<1.42.0,>=1.41.0', 'mypy-boto3-comprehendmedical<1.42.0,>=1.41.0', 'mypy-boto3-compute-optimizer<1.42.0,>=1.41.0', 'mypy-boto3-compute-optimizer-automation<1.42.0,>=1.41.0', 'mypy-boto3-config<1.42.0,>=1.41.0', 'mypy-boto3-connect<1.42.0,>=1.41.0', 'mypy-boto3-connect-contact-lens<1.42.0,>=1.41.0', 'mypy-boto3-connectcampaigns<1.42.0,>=1.41.0', 'mypy-boto3-connectcampaignsv2<1.42.0,>=1.41.0', 'mypy-boto3-connectcases<1.42.0,>=1.41.0', 'mypy-boto3-connectparticipant<1.42.0,>=1.41.0', 'mypy-boto3-controlcatalog<1.42.0,>=1.41.0', 'mypy-boto3-controltower<1.42.0,>=1.41.0', 'mypy-boto3-cost-optimization-hub<1.42.0,>=1.41.0', 'mypy-boto3-cur<1.42.0,>=1.41.0', 'mypy-boto3-customer-profiles<1.42.0,>=1.41.0', 'mypy-boto3-databrew<1.42.0,>=1.41.0', 'mypy-boto3-dataexchange<1.42.0,>=1.41.0', 'mypy-boto3-datapipeline<1.42.0,>=1.41.0', 'mypy-boto3-datasync<1.42.0,>=1.41.0', 'mypy-boto3-datazone<1.42.0,>=1.41.0', 'mypy-boto3-dax<1.42.0,>=1.41.0', 'mypy-boto3-deadline<1.42.0,>=1.41.0', 'mypy-boto3-detective<1.42.0,>=1.41.0', 'mypy-boto3-devicefarm<1.42.0,>=1.41.0', 'mypy-boto3-devops-guru<1.42.0,>=1.41.0', 'mypy-boto3-directconnect<1.42.0,>=1.41.0', 'mypy-boto3-discovery<1.42.0,>=1.41.0', 'mypy-boto3-dlm<1.42.0,>=1.41.0', 'mypy-boto3-dms<1.42.0,>=1.41.0', 'mypy-boto3-docdb<1.42.0,>=1.41.0', 'mypy-boto3-docdb-elastic<1.42.0,>=1.41.0', 'mypy-boto3-drs<1.42.0,>=1.41.0', 'mypy-boto3-ds<1.42.0,>=1.41.0', 'mypy-boto3-ds-data<1.42.0,>=1.41.0', 'mypy-boto3-dsql<1.42.0,>=1.41.0', 'mypy-boto3-dynamodb<1.42.0,>=1.41.0', 'mypy-boto3-dynamodbstreams<1.42.0,>=1.41.0', 'mypy-boto3-ebs<1.42.0,>=1.41.0', 'mypy-boto3-ec2<1.42.0,>=1.41.0', 'mypy-boto3-ec2-instance-connect<1.42.0,>=1.41.0', 'mypy-boto3-ecr<1.42.0,>=1.41.0', 'mypy-boto3-ecr-public<1.42.0,>=1.41.0', 'mypy-boto3-ecs<1.42.0,>=1.41.0', 'mypy-boto3-efs<1.42.0,>=1.41.0', 'mypy-boto3-eks<1.42.0,>=1.41.0', 'mypy-boto3-eks-auth<1.42.0,>=1.41.0', 'mypy-boto3-elasticache<1.42.0,>=1.41.0', 'mypy-boto3-elasticbeanstalk<1.42.0,>=1.41.0', 'mypy-boto3-elastictranscoder<1.42.0,>=1.41.0', 'mypy-boto3-elb<1.42.0,>=1.41.0', 'mypy-boto3-elbv2<1.42.0,>=1.41.0', 'mypy-boto3-emr<1.42.0,>=1.41.0', 'mypy-boto3-emr-containers<1.42.0,>=1.41.0', 'mypy-boto3-emr-serverless<1.42.0,>=1.41.0', 'mypy-boto3-entityresolution<1.42.0,>=1.41.0', 'mypy-boto3-es<1.42.0,>=1.41.0', 'mypy-boto3-events<1.42.0,>=1.41.0', 'mypy-boto3-evidently<1.42.0,>=1.41.0', 'mypy-boto3-evs<1.42.0,>=1.41.0', 'mypy-boto3-finspace<1.42.0,>=1.41.0', 'mypy-boto3-finspace-data<1.42.0,>=1.41.0', 'mypy-boto3-firehose<1.42.0,>=1.41.0', 'mypy-boto3-fis<1.42.0,>=1.41.0', 'mypy-boto3-fms<1.42.0,>=1.41.0', 'mypy-boto3-forecast<1.42.0,>=1.41.0', 'mypy-boto3-forecastquery<1.42.0,>=1.41.0', 'mypy-boto3-frauddetector<1.42.0,>=1.41.0', 'mypy-boto3-freetier<1.42.0,>=1.41.0', 'mypy-boto3-fsx<1.42.0,>=1.41.0', 'mypy-boto3-gamelift<1.42.0,>=1.41.0', 'mypy-boto3-gameliftstreams<1.42.0,>=1.41.0', 'mypy-boto3-geo-maps<1.42.0,>=1.41.0', 'mypy-boto3-geo-places<1.42.0,>=1.41.0', 'mypy-boto3-geo-routes<1.42.0,>=1.41.0', 'mypy-boto3-glacier<1.42.0,>=1.41.0', 'mypy-boto3-globalaccelerator<1.42.0,>=1.41.0', 'mypy-boto3-glue<1.42.0,>=1.41.0', 'mypy-boto3-grafana<1.42.0,>=1.41.0', 'mypy-boto3-greengrass<1.42.0,>=1.41.0', 'mypy-boto3-greengrassv2<1.42.0,>=1.41.0', 'mypy-boto3-groundstation<1.42.0,>=1.41.0', 'mypy-boto3-guardduty<1.42.0,>=1.41.0', 'mypy-boto3-health<1.42.0,>=1.41.0', 'mypy-boto3-healthlake<1.42.0,>=1.41.0', 'mypy-boto3-iam<1.42.0,>=1.41.0', 'mypy-boto3-identitystore<1.42.0,>=1.41.0', 'mypy-boto3-imagebuilder<1.42.0,>=1.41.0', 'mypy-boto3-importexport<1.42.0,>=1.41.0', 'mypy-boto3-inspector<1.42.0,>=1.41.0', 'mypy-boto3-inspector-scan<1.42.0,>=1.41.0', 'mypy-boto3-inspector2<1.42.0,>=1.41.0', 'mypy-boto3-internetmonitor<1.42.0,>=1.41.0', 'mypy-boto3-invoicing<1.42.0,>=1.41.0', 'mypy-boto3-iot<1.42.0,>=1.41.0', 'mypy-boto3-iot-data<1.42.0,>=1.41.0', 'mypy-boto3-iot-jobs-data<1.42.0,>=1.41.0', 'mypy-boto3-iot-managed-integrations<1.42.0,>=1.41.0', 'mypy-boto3-iotanalytics<1.42.0,>=1.41.0', 'mypy-boto3-iotdeviceadvisor<1.42.0,>=1.41.0', 'mypy-boto3-iotevents<1.42.0,>=1.41.0', 'mypy-boto3-iotevents-data<1.42.0,>=1.41.0', 'mypy-boto3-iotfleetwise<1.42.0,>=1.41.0', 'mypy-boto3-iotsecuretunneling<1.42.0,>=1.41.0', 'mypy-boto3-iotsitewise<1.42.0,>=1.41.0', 'mypy-boto3-iotthingsgraph<1.42.0,>=1.41.0', 'mypy-boto3-iottwinmaker<1.42.0,>=1.41.0', 'mypy-boto3-iotwireless<1.42.0,>=1.41.0', 'mypy-boto3-ivs<1.42.0,>=1.41.0', 'mypy-boto3-ivs-realtime<1.42.0,>=1.41.0', 'mypy-boto3-ivschat<1.42.0,>=1.41.0', 'mypy-boto3-kafka<1.42.0,>=1.41.0', 'mypy-boto3-kafkaconnect<1.42.0,>=1.41.0', 'mypy-boto3-kendra<1.42.0,>=1.41.0', 'mypy-boto3-kendra-ranking<1.42.0,>=1.41.0', 'mypy-boto3-keyspaces<1.42.0,>=1.41.0', 'mypy-boto3-keyspacesstreams<1.42.0,>=1.41.0', 'mypy-boto3-kinesis<1.42.0,>=1.41.0', 'mypy-boto3-kinesis-video-archived-media<1.42.0,>=1.41.0', 'mypy-boto3-kinesis-video-media<1.42.0,>=1.41.0', 'mypy-boto3-kinesis-video-signaling<1.42.0,>=1.41.0', 'mypy-boto3-kinesis-video-webrtc-storage<1.42.0,>=1.41.0', 'mypy-boto3-kinesisanalytics<1.42.0,>=1.41.0', 'mypy-boto3-kinesisanalyticsv2<1.42.0,>=1.41.0', 'mypy-boto3-kinesisvideo<1.42.0,>=1.41.0', 'mypy-boto3-kms<1.42.0,>=1.41.0', 'mypy-boto3-lakeformation<1.42.0,>=1.41.0', 'mypy-boto3-lambda<1.42.0,>=1.41.0', 'mypy-boto3-launch-wizard<1.42.0,>=1.41.0', 'mypy-boto3-lex-models<1.42.0,>=1.41.0', 'mypy-boto3-lex-runtime<1.42.0,>=1.41.0', 'mypy-boto3-lexv2-models<1.42.0,>=1.41.0', 'mypy-boto3-lexv2-runtime<1.42.0,>=1.41.0', 'mypy-boto3-license-manager<1.42.0,>=1.41.0', 'mypy-boto3-license-manager-linux-subscriptions<1.42.0,>=1.41.0', 'mypy-boto3-license-manager-user-subscriptions<1.42.0,>=1.41.0', 'mypy-boto3-lightsail<1.42.0,>=1.41.0', 'mypy-boto3-location<1.42.0,>=1.41.0', 'mypy-boto3-logs<1.42.0,>=1.41.0', 'mypy-boto3-lookoutequipment<1.42.0,>=1.41.0', 'mypy-boto3-m2<1.42.0,>=1.41.0', 'mypy-boto3-machinelearning<1.42.0,>=1.41.0', 'mypy-boto3-macie2<1.42.0,>=1.41.0', 'mypy-boto3-mailmanager<1.42.0,>=1.41.0', 'mypy-boto3-managedblockchain<1.42.0,>=1.41.0', 'mypy-boto3-managedblockchain-query<1.42.0,>=1.41.0', 'mypy-boto3-marketplace-agreement<1.42.0,>=1.41.0', 'mypy-boto3-marketplace-catalog<1.42.0,>=1.41.0', 'mypy-boto3-marketplace-deployment<1.42.0,>=1.41.0', 'mypy-boto3-marketplace-entitlement<1.42.0,>=1.41.0', 'mypy-boto3-marketplace-reporting<1.42.0,>=1.41.0', 'mypy-boto3-marketplacecommerceanalytics<1.42.0,>=1.41.0', 'mypy-boto3-mediaconnect<1.42.0,>=1.41.0', 'mypy-boto3-mediaconvert<1.42.0,>=1.41.0', 'mypy-boto3-medialive<1.42.0,>=1.41.0', 'mypy-boto3-mediapackage<1.42.0,>=1.41.0', 'mypy-boto3-mediapackage-vod<1.42.0,>=1.41.0', 'mypy-boto3-mediapackagev2<1.42.0,>=1.41.0', 'mypy-boto3-mediastore<1.42.0,>=1.41.0', 'mypy-boto3-mediastore-data<1.42.0,>=1.41.0', 'mypy-boto3-mediatailor<1.42.0,>=1.41.0', 'mypy-boto3-medical-imaging<1.42.0,>=1.41.0', 'mypy-boto3-memorydb<1.42.0,>=1.41.0', 'mypy-boto3-meteringmarketplace<1.42.0,>=1.41.0', 'mypy-boto3-mgh<1.42.0,>=1.41.0', 'mypy-boto3-mgn<1.42.0,>=1.41.0', 'mypy-boto3-migration-hub-refactor-spaces<1.42.0,>=1.41.0', 'mypy-boto3-migrationhub-config<1.42.0,>=1.41.0', 'mypy-boto3-migrationhuborchestrator<1.42.0,>=1.41.0', 'mypy-boto3-migrationhubstrategy<1.42.0,>=1.41.0', 'mypy-boto3-mpa<1.42.0,>=1.41.0', 'mypy-boto3-mq<1.42.0,>=1.41.0', 'mypy-boto3-mturk<1.42.0,>=1.41.0', 'mypy-boto3-mwaa<1.42.0,>=1.41.0', 'mypy-boto3-mwaa-serverless<1.42.0,>=1.41.0', 'mypy-boto3-neptune<1.42.0,>=1.41.0', 'mypy-boto3-neptune-graph<1.42.0,>=1.41.0', 'mypy-boto3-neptunedata<1.42.0,>=1.41.0', 'mypy-boto3-network-firewall<1.42.0,>=1.41.0', 'mypy-boto3-networkflowmonitor<1.42.0,>=1.41.0', 'mypy-boto3-networkmanager<1.42.0,>=1.41.0', 'mypy-boto3-networkmonitor<1.42.0,>=1.41.0', 'mypy-boto3-notifications<1.42.0,>=1.41.0', 'mypy-boto3-notificationscontacts<1.42.0,>=1.41.0', 'mypy-boto3-oam<1.42.0,>=1.41.0', 'mypy-boto3-observabilityadmin<1.42.0,>=1.41.0', 'mypy-boto3-odb<1.42.0,>=1.41.0', 'mypy-boto3-omics<1.42.0,>=1.41.0', 'mypy-boto3-opensearch<1.42.0,>=1.41.0', 'mypy-boto3-opensearchserverless<1.42.0,>=1.41.0', 'mypy-boto3-organizations<1.42.0,>=1.41.0', 'mypy-boto3-osis<1.42.0,>=1.41.0', 'mypy-boto3-outposts<1.42.0,>=1.41.0', 'mypy-boto3-panorama<1.42.0,>=1.41.0', 'mypy-boto3-partnercentral-channel<1.42.0,>=1.41.0', 'mypy-boto3-partnercentral-selling<1.42.0,>=1.41.0', 'mypy-boto3-payment-cryptography<1.42.0,>=1.41.0', 'mypy-boto3-payment-cryptography-data<1.42.0,>=1.41.0', 'mypy-boto3-pca-connector-ad<1.42.0,>=1.41.0', 'mypy-boto3-pca-connector-scep<1.42.0,>=1.41.0', 'mypy-boto3-pcs<1.42.0,>=1.41.0', 'mypy-boto3-personalize<1.42.0,>=1.41.0', 'mypy-boto3-personalize-events<1.42.0,>=1.41.0', 'mypy-boto3-personalize-runtime<1.42.0,>=1.41.0', 'mypy-boto3-pi<1.42.0,>=1.41.0', 'mypy-boto3-pinpoint<1.42.0,>=1.41.0', 'mypy-boto3-pinpoint-email<1.42.0,>=1.41.0', 'mypy-boto3-pinpoint-sms-voice<1.42.0,>=1.41.0', 'mypy-boto3-pinpoint-sms-voice-v2<1.42.0,>=1.41.0', 'mypy-boto3-pipes<1.42.0,>=1.41.0', 'mypy-boto3-polly<1.42.0,>=1.41.0', 'mypy-boto3-pricing<1.42.0,>=1.41.0', 'mypy-boto3-proton<1.42.0,>=1.41.0', 'mypy-boto3-qapps<1.42.0,>=1.41.0', 'mypy-boto3-qbusiness<1.42.0,>=1.41.0', 'mypy-boto3-qconnect<1.42.0,>=1.41.0', 'mypy-boto3-quicksight<1.42.0,>=1.41.0', 'mypy-boto3-ram<1.42.0,>=1.41.0', 'mypy-boto3-rbin<1.42.0,>=1.41.0', 'mypy-boto3-rds<1.42.0,>=1.41.0', 'mypy-boto3-rds-data<1.42.0,>=1.41.0', 'mypy-boto3-redshift<1.42.0,>=1.41.0', 'mypy-boto3-redshift-data<1.42.0,>=1.41.0', 'mypy-boto3-redshift-serverless<1.42.0,>=1.41.0', 'mypy-boto3-rekognition<1.42.0,>=1.41.0', 'mypy-boto3-repostspace<1.42.0,>=1.41.0', 'mypy-boto3-resiliencehub<1.42.0,>=1.41.0', 'mypy-boto3-resource-explorer-2<1.42.0,>=1.41.0', 'mypy-boto3-resource-groups<1.42.0,>=1.41.0', 'mypy-boto3-resourcegroupstaggingapi<1.42.0,>=1.41.0', 'mypy-boto3-rolesanywhere<1.42.0,>=1.41.0', 'mypy-boto3-route53<1.42.0,>=1.41.0', 'mypy-boto3-route53-recovery-cluster<1.42.0,>=1.41.0', 'mypy-boto3-route53-recovery-control-config<1.42.0,>=1.41.0', 'mypy-boto3-route53-recovery-readiness<1.42.0,>=1.41.0', 'mypy-boto3-route53domains<1.42.0,>=1.41.0', 'mypy-boto3-route53profiles<1.42.0,>=1.41.0', 'mypy-boto3-route53resolver<1.42.0,>=1.41.0', 'mypy-boto3-rtbfabric<1.42.0,>=1.41.0', 'mypy-boto3-rum<1.42.0,>=1.41.0', 'mypy-boto3-s3<1.42.0,>=1.41.0', 'mypy-boto3-s3control<1.42.0,>=1.41.0', 'mypy-boto3-s3outposts<1.42.0,>=1.41.0', 'mypy-boto3-s3tables<1.42.0,>=1.41.0', 'mypy-boto3-s3vectors<1.42.0,>=1.41.0', 'mypy-boto3-sagemaker<1.42.0,>=1.41.0', 'mypy-boto3-sagemaker-a2i-runtime<1.42.0,>=1.41.0', 'mypy-boto3-sagemaker-edge<1.42.0,>=1.41.0', 'mypy-boto3-sagemaker-featurestore-runtime<1.42.0,>=1.41.0', 'mypy-boto3-sagemaker-geospatial<1.42.0,>=1.41.0', 'mypy-boto3-sagemaker-metrics<1.42.0,>=1.41.0', 'mypy-boto3-sagemaker-runtime<1.42.0,>=1.41.0', 'mypy-boto3-savingsplans<1.42.0,>=1.41.0', 'mypy-boto3-scheduler<1.42.0,>=1.41.0', 'mypy-boto3-schemas<1.42.0,>=1.41.0', 'mypy-boto3-sdb<1.42.0,>=1.41.0', 'mypy-boto3-secretsmanager<1.42.0,>=1.41.0', 'mypy-boto3-security-ir<1.42.0,>=1.41.0', 'mypy-boto3-securityhub<1.42.0,>=1.41.0', 'mypy-boto3-securitylake<1.42.0,>=1.41.0', 'mypy-boto3-serverlessrepo<1.42.0,>=1.41.0', 'mypy-boto3-service-quotas<1.42.0,>=1.41.0', 'mypy-boto3-servicecatalog<1.42.0,>=1.41.0', 'mypy-boto3-servicecatalog-appregistry<1.42.0,>=1.41.0', 'mypy-boto3-servicediscovery<1.42.0,>=1.41.0', 'mypy-boto3-ses<1.42.0,>=1.41.0', 'mypy-boto3-sesv2<1.42.0,>=1.41.0', 'mypy-boto3-shield<1.42.0,>=1.41.0', 'mypy-boto3-signer<1.42.0,>=1.41.0', 'mypy-boto3-signin<1.42.0,>=1.41.0', 'mypy-boto3-simspaceweaver<1.42.0,>=1.41.0', 'mypy-boto3-snow-device-management<1.42.0,>=1.41.0', 'mypy-boto3-snowball<1.42.0,>=1.41.0', 'mypy-boto3-sns<1.42.0,>=1.41.0', 'mypy-boto3-socialmessaging<1.42.0,>=1.41.0', 'mypy-boto3-sqs<1.42.0,>=1.41.0', 'mypy-boto3-ssm<1.42.0,>=1.41.0', 'mypy-boto3-ssm-contacts<1.42.0,>=1.41.0', 'mypy-boto3-ssm-guiconnect<1.42.0,>=1.41.0', 'mypy-boto3-ssm-incidents<1.42.0,>=1.41.0', 'mypy-boto3-ssm-quicksetup<1.42.0,>=1.41.0', 'mypy-boto3-ssm-sap<1.42.0,>=1.41.0', 'mypy-boto3-sso<1.42.0,>=1.41.0', 'mypy-boto3-sso-admin<1.42.0,>=1.41.0', 'mypy-boto3-sso-oidc<1.42.0,>=1.41.0', 'mypy-boto3-stepfunctions<1.42.0,>=1.41.0', 'mypy-boto3-storagegateway<1.42.0,>=1.41.0', 'mypy-boto3-sts<1.42.0,>=1.41.0', 'mypy-boto3-supplychain<1.42.0,>=1.41.0', 'mypy-boto3-support<1.42.0,>=1.41.0', 'mypy-boto3-support-app<1.42.0,>=1.41.0', 'mypy-boto3-swf<1.42.0,>=1.41.0', 'mypy-boto3-synthetics<1.42.0,>=1.41.0', 'mypy-boto3-taxsettings<1.42.0,>=1.41.0', 'mypy-boto3-textract<1.42.0,>=1.41.0', 'mypy-boto3-timestream-influxdb<1.42.0,>=1.41.0', 'mypy-boto3-timestream-query<1.42.0,>=1.41.0', 'mypy-boto3-timestream-write<1.42.0,>=1.41.0', 'mypy-boto3-tnb<1.42.0,>=1.41.0', 'mypy-boto3-transcribe<1.42.0,>=1.41.0', 'mypy-boto3-transfer<1.42.0,>=1.41.0', 'mypy-boto3-translate<1.42.0,>=1.41.0', 'mypy-boto3-trustedadvisor<1.42.0,>=1.41.0', 'mypy-boto3-verifiedpermissions<1.42.0,>=1.41.0', 'mypy-boto3-voice-id<1.42.0,>=1.41.0', 'mypy-boto3-vpc-lattice<1.42.0,>=1.41.0', 'mypy-boto3-waf<1.42.0,>=1.41.0', 'mypy-boto3-waf-regional<1.42.0,>=1.41.0', 'mypy-boto3-wafv2<1.42.0,>=1.41.0', 'mypy-boto3-wellarchitected<1.42.0,>=1.41.0', 'mypy-boto3-wisdom<1.42.0,>=1.41.0', 'mypy-boto3-workdocs<1.42.0,>=1.41.0', 'mypy-boto3-workmail<1.42.0,>=1.41.0', 'mypy-boto3-workmailmessageflow<1.42.0,>=1.41.0', 'mypy-boto3-workspaces<1.42.0,>=1.41.0', 'mypy-boto3-workspaces-instances<1.42.0,>=1.41.0', 'mypy-boto3-workspaces-thin-client<1.42.0,>=1.41.0', 'mypy-boto3-workspaces-web<1.42.0,>=1.41.0', 'mypy-boto3-xray<1.42.0,>=1.41.0', 'mypy-boto3-cloudformation<1.42.0,>=1.41.0', 'mypy-boto3-dynamodb<1.42.0,>=1.41.0', 'mypy-boto3-ec2<1.42.0,>=1.41.0', 'mypy-boto3-lambda<1.42.0,>=1.41.0', 'mypy-boto3-rds<1.42.0,>=1.41.0', 'mypy-boto3-s3<1.42.0,>=1.41.0', 'mypy-boto3-sqs<1.42.0,>=1.41.0', 'mypy-boto3-accessanalyzer<1.42.0,>=1.41.0', 'mypy-boto3-account<1.42.0,>=1.41.0', 'mypy-boto3-acm<1.42.0,>=1.41.0', 'mypy-boto3-acm-pca<1.42.0,>=1.41.0', 'mypy-boto3-aiops<1.42.0,>=1.41.0', 'mypy-boto3-amp<1.42.0,>=1.41.0', 'mypy-boto3-amplify<1.42.0,>=1.41.0', 'mypy-boto3-amplifybackend<1.42.0,>=1.41.0', 'mypy-boto3-amplifyuibuilder<1.42.0,>=1.41.0', 'mypy-boto3-apigateway<1.42.0,>=1.41.0', 'mypy-boto3-apigatewaymanagementapi<1.42.0,>=1.41.0', 'mypy-boto3-apigatewayv2<1.42.0,>=1.41.0', 'mypy-boto3-appconfig<1.42.0,>=1.41.0', 'mypy-boto3-appconfigdata<1.42.0,>=1.41.0', 'mypy-boto3-appfabric<1.42.0,>=1.41.0', 'mypy-boto3-appflow<1.42.0,>=1.41.0', 'mypy-boto3-appintegrations<1.42.0,>=1.41.0', 'mypy-boto3-application-autoscaling<1.42.0,>=1.41.0', 'mypy-boto3-application-insights<1.42.0,>=1.41.0', 'mypy-boto3-application-signals<1.42.0,>=1.41.0', 'mypy-boto3-applicationcostprofiler<1.42.0,>=1.41.0', 'mypy-boto3-appmesh<1.42.0,>=1.41.0', 'mypy-boto3-apprunner<1.42.0,>=1.41.0', 'mypy-boto3-appstream<1.42.0,>=1.41.0', 'mypy-boto3-appsync<1.42.0,>=1.41.0', 'mypy-boto3-arc-region-switch<1.42.0,>=1.41.0', 'mypy-boto3-arc-zonal-shift<1.42.0,>=1.41.0', 'mypy-boto3-artifact<1.42.0,>=1.41.0', 'mypy-boto3-athena<1.42.0,>=1.41.0', 'mypy-boto3-auditmanager<1.42.0,>=1.41.0', 'mypy-boto3-autoscaling<1.42.0,>=1.41.0', 'mypy-boto3-autoscaling-plans<1.42.0,>=1.41.0', 'mypy-boto3-b2bi<1.42.0,>=1.41.0', 'mypy-boto3-backup<1.42.0,>=1.41.0', 'mypy-boto3-backup-gateway<1.42.0,>=1.41.0', 'mypy-boto3-backupsearch<1.42.0,>=1.41.0', 'mypy-boto3-batch<1.42.0,>=1.41.0', 'mypy-boto3-bcm-dashboards<1.42.0,>=1.41.0', 'mypy-boto3-bcm-data-exports<1.42.0,>=1.41.0', 'mypy-boto3-bcm-pricing-calculator<1.42.0,>=1.41.0', 'mypy-boto3-bcm-recommended-actions<1.42.0,>=1.41.0', 'mypy-boto3-bedrock<1.42.0,>=1.41.0', 'mypy-boto3-bedrock-agent<1.42.0,>=1.41.0', 'mypy-boto3-bedrock-agent-runtime<1.42.0,>=1.41.0', 'mypy-boto3-bedrock-agentcore<1.42.0,>=1.41.0', 'mypy-boto3-bedrock-agentcore-control<1.42.0,>=1.41.0', 'mypy-boto3-bedrock-data-automation<1.42.0,>=1.41.0', 'mypy-boto3-bedrock-data-automation-runtime<1.42.0,>=1.41.0', 'mypy-boto3-bedrock-runtime<1.42.0,>=1.41.0', 'mypy-boto3-billing<1.42.0,>=1.41.0', 'mypy-boto3-billingconductor<1.42.0,>=1.41.0', 'mypy-boto3-braket<1.42.0,>=1.41.0', 'mypy-boto3-budgets<1.42.0,>=1.41.0', 'mypy-boto3-ce<1.42.0,>=1.41.0', 'mypy-boto3-chatbot<1.42.0,>=1.41.0', 'mypy-boto3-chime<1.42.0,>=1.41.0', 'mypy-boto3-chime-sdk-identity<1.42.0,>=1.41.0', 'mypy-boto3-chime-sdk-media-pipelines<1.42.0,>=1.41.0', 'mypy-boto3-chime-sdk-meetings<1.42.0,>=1.41.0', 'mypy-boto3-chime-sdk-messaging<1.42.0,>=1.41.0', 'mypy-boto3-chime-sdk-voice<1.42.0,>=1.41.0', 'mypy-boto3-cleanrooms<1.42.0,>=1.41.0', 'mypy-boto3-cleanroomsml<1.42.0,>=1.41.0', 'mypy-boto3-cloud9<1.42.0,>=1.41.0', 'mypy-boto3-cloudcontrol<1.42.0,>=1.41.0', 'mypy-boto3-clouddirectory<1.42.0,>=1.41.0', 'mypy-boto3-cloudformation<1.42.0,>=1.41.0', 'mypy-boto3-cloudfront<1.42.0,>=1.41.0', 'mypy-boto3-ebs<1.42.0,>=1.41.0', 'mypy-boto3-cloudfront-keyvaluestore<1.42.0,>=1.41.0', 'mypy-boto3-cloudhsm<1.42.0,>=1.41.0', 'mypy-boto3-cloudhsmv2<1.42.0,>=1.41.0', 'mypy-boto3-cloudsearch<1.42.0,>=1.41.0', 'mypy-boto3-cloudsearchdomain<1.42.0,>=1.41.0', 'mypy-boto3-cloudtrail<1.42.0,>=1.41.0', 'mypy-boto3-cloudtrail-data<1.42.0,>=1.41.0', 'mypy-boto3-cloudwatch<1.42.0,>=1.41.0', 'mypy-boto3-codeartifact<1.42.0,>=1.41.0', 'mypy-boto3-codebuild<1.42.0,>=1.41.0', 'mypy-boto3-codecatalyst<1.42.0,>=1.41.0', 'mypy-boto3-codecommit<1.42.0,>=1.41.0', 'mypy-boto3-codeconnections<1.42.0,>=1.41.0', 'mypy-boto3-codedeploy<1.42.0,>=1.41.0', 'mypy-boto3-codeguru-reviewer<1.42.0,>=1.41.0', 'mypy-boto3-codeguru-security<1.42.0,>=1.41.0', 'mypy-boto3-codeguruprofiler<1.42.0,>=1.41.0', 'mypy-boto3-codepipeline<1.42.0,>=1.41.0', 'mypy-boto3-codestar-connections<1.42.0,>=1.41.0', 'mypy-boto3-codestar-notifications<1.42.0,>=1.41.0', 'mypy-boto3-cognito-identity<1.42.0,>=1.41.0', 'mypy-boto3-cognito-idp<1.42.0,>=1.41.0', 'mypy-boto3-cognito-sync<1.42.0,>=1.41.0', 'mypy-boto3-comprehend<1.42.0,>=1.41.0', 'mypy-boto3-comprehendmedical<1.42.0,>=1.41.0', 'mypy-boto3-compute-optimizer<1.42.0,>=1.41.0', 'mypy-boto3-compute-optimizer-automation<1.42.0,>=1.41.0', 'mypy-boto3-config<1.42.0,>=1.41.0', 'mypy-boto3-connect<1.42.0,>=1.41.0', 'mypy-boto3-connect-contact-lens<1.42.0,>=1.41.0', 'mypy-boto3-connectcampaigns<1.42.0,>=1.41.0', 'mypy-boto3-connectcampaignsv2<1.42.0,>=1.41.0', 'mypy-boto3-connectcases<1.42.0,>=1.41.0', 'mypy-boto3-connectparticipant<1.42.0,>=1.41.0', 'mypy-boto3-controlcatalog<1.42.0,>=1.41.0', 'mypy-boto3-controltower<1.42.0,>=1.41.0', 'mypy-boto3-cost-optimization-hub<1.42.0,>=1.41.0', 'mypy-boto3-cur<1.42.0,>=1.41.0', 'mypy-boto3-customer-profiles<1.42.0,>=1.41.0', 'mypy-boto3-databrew<1.42.0,>=1.41.0', 'mypy-boto3-dataexchange<1.42.0,>=1.41.0', 'mypy-boto3-datapipeline<1.42.0,>=1.41.0', 'mypy-boto3-datasync<1.42.0,>=1.41.0', 'mypy-boto3-datazone<1.42.0,>=1.41.0', 'mypy-boto3-dax<1.42.0,>=1.41.0', 'mypy-boto3-deadline<1.42.0,>=1.41.0', 'mypy-boto3-detective<1.42.0,>=1.41.0', 'mypy-boto3-devicefarm<1.42.0,>=1.41.0', 'mypy-boto3-devops-guru<1.42.0,>=1.41.0', 'mypy-boto3-directconnect<1.42.0,>=1.41.0', 'mypy-boto3-discovery<1.42.0,>=1.41.0', 'mypy-boto3-dlm<1.42.0,>=1.41.0', 'mypy-boto3-dms<1.42.0,>=1.41.0', 'mypy-boto3-docdb<1.42.0,>=1.41.0', 'mypy-boto3-docdb-elastic<1.42.0,>=1.41.0', 'mypy-boto3-drs<1.42.0,>=1.41.0', 'mypy-boto3-ds<1.42.0,>=1.41.0', 'mypy-boto3-ds-data<1.42.0,>=1.41.0', 'mypy-boto3-dsql<1.42.0,>=1.41.0', 'mypy-boto3-dynamodb<1.42.0,>=1.41.0', 'mypy-boto3-dynamodbstreams<1.42.0,>=1.41.0', 'mypy-boto3-ec2<1.42.0,>=1.41.0', 'mypy-boto3-ec2-instance-connect<1.42.0,>=1.41.0', 'mypy-boto3-ecr<1.42.0,>=1.41.0', 'mypy-boto3-ecr-public<1.42.0,>=1.41.0', 'mypy-boto3-ecs<1.42.0,>=1.41.0', 'mypy-boto3-efs<1.42.0,>=1.41.0', 'mypy-boto3-eks<1.42.0,>=1.41.0', 'mypy-boto3-eks-auth<1.42.0,>=1.41.0', 'mypy-boto3-elasticache<1.42.0,>=1.41.0', 'mypy-boto3-elasticbeanstalk<1.42.0,>=1.41.0', 'mypy-boto3-elastictranscoder<1.42.0,>=1.41.0', 'mypy-boto3-elb<1.42.0,>=1.41.0', 'mypy-boto3-elbv2<1.42.0,>=1.41.0', 'mypy-boto3-emr<1.42.0,>=1.41.0', 'mypy-boto3-emr-containers<1.42.0,>=1.41.0', 'mypy-boto3-emr-serverless<1.42.0,>=1.41.0', 'mypy-boto3-entityresolution<1.42.0,>=1.41.0', 'mypy-boto3-es<1.42.0,>=1.41.0', 'mypy-boto3-events<1.42.0,>=1.41.0', 'mypy-boto3-evidently<1.42.0,>=1.41.0', 'mypy-boto3-evs<1.42.0,>=1.41.0', 'mypy-boto3-finspace<1.42.0,>=1.41.0', 'mypy-boto3-finspace-data<1.42.0,>=1.41.0', 'mypy-boto3-firehose<1.42.0,>=1.41.0', 'mypy-boto3-fis<1.42.0,>=1.41.0', 'mypy-boto3-fms<1.42.0,>=1.41.0', 'mypy-boto3-forecast<1.42.0,>=1.41.0', 'mypy-boto3-forecastquery<1.42.0,>=1.41.0', 'mypy-boto3-frauddetector<1.42.0,>=1.41.0', 'mypy-boto3-freetier<1.42.0,>=1.41.0', 'mypy-boto3-fsx<1.42.0,>=1.41.0', 'mypy-boto3-gamelift<1.42.0,>=1.41.0', 'mypy-boto3-gameliftstreams<1.42.0,>=1.41.0', 'mypy-boto3-geo-maps<1.42.0,>=1.41.0', 'mypy-boto3-geo-places<1.42.0,>=1.41.0', 'mypy-boto3-geo-routes<1.42.0,>=1.41.0', 'mypy-boto3-glacier<1.42.0,>=1.41.0', 'mypy-boto3-globalaccelerator<1.42.0,>=1.41.0', 'mypy-boto3-glue<1.42.0,>=1.41.0', 'mypy-boto3-grafana<1.42.0,>=1.41.0', 'mypy-boto3-greengrass<1.42.0,>=1.41.0', 'mypy-boto3-greengrassv2<1.42.0,>=1.41.0', 'mypy-boto3-groundstation<1.42.0,>=1.41.0', 'mypy-boto3-guardduty<1.42.0,>=1.41.0', 'mypy-boto3-health<1.42.0,>=1.41.0', 'mypy-boto3-healthlake<1.42.0,>=1.41.0', 'mypy-boto3-iam<1.42.0,>=1.41.0', 'mypy-boto3-identitystore<1.42.0,>=1.41.0', 'mypy-boto3-imagebuilder<1.42.0,>=1.41.0', 'mypy-boto3-importexport<1.42.0,>=1.41.0', 'mypy-boto3-inspector<1.42.0,>=1.41.0', 'mypy-boto3-inspector-scan<1.42.0,>=1.41.0', 'mypy-boto3-inspector2<1.42.0,>=1.41.0', 'mypy-boto3-internetmonitor<1.42.0,>=1.41.0', 'mypy-boto3-invoicing<1.42.0,>=1.41.0', 'mypy-boto3-iot<1.42.0,>=1.41.0', 'mypy-boto3-iot-data<1.42.0,>=1.41.0', 'mypy-boto3-iot-jobs-data<1.42.0,>=1.41.0', 'mypy-boto3-iot-managed-integrations<1.42.0,>=1.41.0', 'mypy-boto3-iotanalytics<1.42.0,>=1.41.0', 'mypy-boto3-iotdeviceadvisor<1.42.0,>=1.41.0', 'mypy-boto3-iotevents<1.42.0,>=1.41.0', 'mypy-boto3-iotevents-data<1.42.0,>=1.41.0', 'mypy-boto3-iotfleetwise<1.42.0,>=1.41.0', 'mypy-boto3-iotsecuretunneling<1.42.0,>=1.41.0', 'mypy-boto3-iotsitewise<1.42.0,>=1.41.0', 'mypy-boto3-iotthingsgraph<1.42.0,>=1.41.0', 'mypy-boto3-iottwinmaker<1.42.0,>=1.41.0', 'mypy-boto3-iotwireless<1.42.0,>=1.41.0', 'mypy-boto3-ivs<1.42.0,>=1.41.0', 'mypy-boto3-ivs-realtime<1.42.0,>=1.41.0', 'mypy-boto3-ivschat<1.42.0,>=1.41.0', 'mypy-boto3-kafka<1.42.0,>=1.41.0', 'mypy-boto3-kafkaconnect<1.42.0,>=1.41.0', 'mypy-boto3-kendra<1.42.0,>=1.41.0', 'mypy-boto3-kendra-ranking<1.42.0,>=1.41.0', 'mypy-boto3-keyspaces<1.42.0,>=1.41.0', 'mypy-boto3-keyspacesstreams<1.42.0,>=1.41.0', 'mypy-boto3-kinesis<1.42.0,>=1.41.0', 'mypy-boto3-kinesis-video-archived-media<1.42.0,>=1.41.0', 'mypy-boto3-kinesis-video-media<1.42.0,>=1.41.0', 'mypy-boto3-kinesis-video-signaling<1.42.0,>=1.41.0', 'mypy-boto3-kinesis-video-webrtc-storage<1.42.0,>=1.41.0', 'mypy-boto3-kinesisanalytics<1.42.0,>=1.41.0', 'mypy-boto3-kinesisanalyticsv2<1.42.0,>=1.41.0', 'mypy-boto3-kinesisvideo<1.42.0,>=1.41.0', 'mypy-boto3-kms<1.42.0,>=1.41.0', 'mypy-boto3-lakeformation<1.42.0,>=1.41.0', 'mypy-boto3-lambda<1.42.0,>=1.41.0', 'mypy-boto3-launch-wizard<1.42.0,>=1.41.0', 'mypy-boto3-lex-models<1.42.0,>=1.41.0', 'mypy-boto3-lex-runtime<1.42.0,>=1.41.0', 'mypy-boto3-lexv2-models<1.42.0,>=1.41.0', 'mypy-boto3-lexv2-runtime<1.42.0,>=1.41.0', 'mypy-boto3-license-manager<1.42.0,>=1.41.0', 'mypy-boto3-license-manager-linux-subscriptions<1.42.0,>=1.41.0', 'mypy-boto3-license-manager-user-subscriptions<1.42.0,>=1.41.0', 'mypy-boto3-lightsail<1.42.0,>=1.41.0', 'mypy-boto3-location<1.42.0,>=1.41.0', 'mypy-boto3-logs<1.42.0,>=1.41.0', 'mypy-boto3-lookoutequipment<1.42.0,>=1.41.0', 'mypy-boto3-m2<1.42.0,>=1.41.0', 'mypy-boto3-machinelearning<1.42.0,>=1.41.0', 'mypy-boto3-macie2<1.42.0,>=1.41.0', 'mypy-boto3-mailmanager<1.42.0,>=1.41.0', 'mypy-boto3-managedblockchain<1.42.0,>=1.41.0', 'mypy-boto3-managedblockchain-query<1.42.0,>=1.41.0', 'mypy-boto3-marketplace-agreement<1.42.0,>=1.41.0', 'mypy-boto3-marketplace-catalog<1.42.0,>=1.41.0', 'mypy-boto3-marketplace-deployment<1.42.0,>=1.41.0', 'mypy-boto3-marketplace-entitlement<1.42.0,>=1.41.0', 'mypy-boto3-marketplace-reporting<1.42.0,>=1.41.0', 'mypy-boto3-marketplacecommerceanalytics<1.42.0,>=1.41.0', 'mypy-boto3-mediaconnect<1.42.0,>=1.41.0', 'mypy-boto3-mediaconvert<1.42.0,>=1.41.0', 'mypy-boto3-medialive<1.42.0,>=1.41.0', 'mypy-boto3-mediapackage<1.42.0,>=1.41.0', 'mypy-boto3-mediapackage-vod<1.42.0,>=1.41.0', 'mypy-boto3-mediapackagev2<1.42.0,>=1.41.0', 'mypy-boto3-mediastore<1.42.0,>=1.41.0', 'mypy-boto3-mediastore-data<1.42.0,>=1.41.0', 'mypy-boto3-mediatailor<1.42.0,>=1.41.0', 'mypy-boto3-medical-imaging<1.42.0,>=1.41.0', 'mypy-boto3-memorydb<1.42.0,>=1.41.0', 'mypy-boto3-meteringmarketplace<1.42.0,>=1.41.0', 'mypy-boto3-mgh<1.42.0,>=1.41.0', 'mypy-boto3-mgn<1.42.0,>=1.41.0', 'mypy-boto3-migration-hub-refactor-spaces<1.42.0,>=1.41.0', 'mypy-boto3-migrationhub-config<1.42.0,>=1.41.0', 'mypy-boto3-migrationhuborchestrator<1.42.0,>=1.41.0', 'mypy-boto3-migrationhubstrategy<1.42.0,>=1.41.0', 'mypy-boto3-mpa<1.42.0,>=1.41.0', 'mypy-boto3-mq<1.42.0,>=1.41.0', 'mypy-boto3-mturk<1.42.0,>=1.41.0', 'mypy-boto3-mwaa<1.42.0,>=1.41.0', 'mypy-boto3-mwaa-serverless<1.42.0,>=1.41.0', 'mypy-boto3-neptune<1.42.0,>=1.41.0', 'mypy-boto3-neptune-graph<1.42.0,>=1.41.0', 'mypy-boto3-neptunedata<1.42.0,>=1.41.0', 'mypy-boto3-network-firewall<1.42.0,>=1.41.0', 'mypy-boto3-networkflowmonitor<1.42.0,>=1.41.0', 'mypy-boto3-networkmanager<1.42.0,>=1.41.0', 'mypy-boto3-networkmonitor<1.42.0,>=1.41.0', 'mypy-boto3-notifications<1.42.0,>=1.41.0', 'mypy-boto3-notificationscontacts<1.42.0,>=1.41.0', 'mypy-boto3-oam<1.42.0,>=1.41.0', 'mypy-boto3-observabilityadmin<1.42.0,>=1.41.0', 'mypy-boto3-odb<1.42.0,>=1.41.0', 'mypy-boto3-omics<1.42.0,>=1.41.0', 'mypy-boto3-opensearch<1.42.0,>=1.41.0', 'mypy-boto3-opensearchserverless<1.42.0,>=1.41.0', 'mypy-boto3-organizations<1.42.0,>=1.41.0', 'mypy-boto3-osis<1.42.0,>=1.41.0', 'mypy-boto3-outposts<1.42.0,>=1.41.0', 'mypy-boto3-panorama<1.42.0,>=1.41.0', 'mypy-boto3-partnercentral-channel<1.42.0,>=1.41.0', 'mypy-boto3-partnercentral-selling<1.42.0,>=1.41.0', 'mypy-boto3-payment-cryptography<1.42.0,>=1.41.0', 'mypy-boto3-payment-cryptography-data<1.42.0,>=1.41.0', 'mypy-boto3-pca-connector-ad<1.42.0,>=1.41.0', 'mypy-boto3-pca-connector-scep<1.42.0,>=1.41.0', 'mypy-boto3-pcs<1.42.0,>=1.41.0', 'mypy-boto3-personalize<1.42.0,>=1.41.0', 'mypy-boto3-personalize-events<1.42.0,>=1.41.0', 'mypy-boto3-personalize-runtime<1.42.0,>=1.41.0', 'mypy-boto3-pi<1.42.0,>=1.41.0', 'mypy-boto3-pinpoint<1.42.0,>=1.41.0', 'mypy-boto3-pinpoint-email<1.42.0,>=1.41.0', 'mypy-boto3-pinpoint-sms-voice<1.42.0,>=1.41.0', 'mypy-boto3-pinpoint-sms-voice-v2<1.42.0,>=1.41.0', 'mypy-boto3-pipes<1.42.0,>=1.41.0', 'mypy-boto3-polly<1.42.0,>=1.41.0', 'mypy-boto3-pricing<1.42.0,>=1.41.0', 'mypy-boto3-proton<1.42.0,>=1.41.0', 'mypy-boto3-qapps<1.42.0,>=1.41.0', 'mypy-boto3-qbusiness<1.42.0,>=1.41.0', 'mypy-boto3-qconnect<1.42.0,>=1.41.0', 'mypy-boto3-quicksight<1.42.0,>=1.41.0', 'mypy-boto3-ram<1.42.0,>=1.41.0', 'mypy-boto3-rbin<1.42.0,>=1.41.0', 'mypy-boto3-rds<1.42.0,>=1.41.0', 'mypy-boto3-rds-data<1.42.0,>=1.41.0', 'mypy-boto3-redshift<1.42.0,>=1.41.0', 'mypy-boto3-redshift-data<1.42.0,>=1.41.0', 'mypy-boto3-redshift-serverless<1.42.0,>=1.41.0', 'mypy-boto3-rekognition<1.42.0,>=1.41.0', 'mypy-boto3-repostspace<1.42.0,>=1.41.0', 'mypy-boto3-resiliencehub<1.42.0,>=1.41.0', 'mypy-boto3-resource-explorer-2<1.42.0,>=1.41.0', 'mypy-boto3-resource-groups<1.42.0,>=1.41.0', 'mypy-boto3-resourcegroupstaggingapi<1.42.0,>=1.41.0', 'mypy-boto3-rolesanywhere<1.42.0,>=1.41.0', 'mypy-boto3-route53<1.42.0,>=1.41.0', 'mypy-boto3-route53-recovery-cluster<1.42.0,>=1.41.0', 'mypy-boto3-route53-recovery-control-config<1.42.0,>=1.41.0', 'mypy-boto3-route53-recovery-readiness<1.42.0,>=1.41.0', 'mypy-boto3-route53domains<1.42.0,>=1.41.0', 'mypy-boto3-route53profiles<1.42.0,>=1.41.0', 'mypy-boto3-route53resolver<1.42.0,>=1.41.0', 'mypy-boto3-rtbfabric<1.42.0,>=1.41.0', 'mypy-boto3-rum<1.42.0,>=1.41.0', 'mypy-boto3-s3<1.42.0,>=1.41.0', 'mypy-boto3-s3control<1.42.0,>=1.41.0', 'mypy-boto3-s3outposts<1.42.0,>=1.41.0', 'mypy-boto3-s3tables<1.42.0,>=1.41.0', 'mypy-boto3-s3vectors<1.42.0,>=1.41.0', 'mypy-boto3-sagemaker<1.42.0,>=1.41.0', 'mypy-boto3-sagemaker-a2i-runtime<1.42.0,>=1.41.0', 'mypy-boto3-sagemaker-edge<1.42.0,>=1.41.0', 'mypy-boto3-sagemaker-featurestore-runtime<1.42.0,>=1.41.0', 'mypy-boto3-sagemaker-geospatial<1.42.0,>=1.41.0', 'mypy-boto3-sagemaker-metrics<1.42.0,>=1.41.0', 'mypy-boto3-sagemaker-runtime<1.42.0,>=1.41.0', 'mypy-boto3-savingsplans<1.42.0,>=1.41.0', 'mypy-boto3-scheduler<1.42.0,>=1.41.0', 'mypy-boto3-schemas<1.42.0,>=1.41.0', 'mypy-boto3-sdb<1.42.0,>=1.41.0', 'mypy-boto3-secretsmanager<1.42.0,>=1.41.0', 'mypy-boto3-security-ir<1.42.0,>=1.41.0', 'mypy-boto3-securityhub<1.42.0,>=1.41.0', 'mypy-boto3-securitylake<1.42.0,>=1.41.0', 'mypy-boto3-serverlessrepo<1.42.0,>=1.41.0', 'mypy-boto3-service-quotas<1.42.0,>=1.41.0', 'mypy-boto3-servicecatalog<1.42.0,>=1.41.0', 'mypy-boto3-servicecatalog-appregistry<1.42.0,>=1.41.0', 'mypy-boto3-servicediscovery<1.42.0,>=1.41.0', 'mypy-boto3-ses<1.42.0,>=1.41.0', 'mypy-boto3-sesv2<1.42.0,>=1.41.0', 'mypy-boto3-shield<1.42.0,>=1.41.0', 'mypy-boto3-signer<1.42.0,>=1.41.0', 'mypy-boto3-signin<1.42.0,>=1.41.0', 'mypy-boto3-simspaceweaver<1.42.0,>=1.41.0', 'mypy-boto3-snow-device-management<1.42.0,>=1.41.0', 'mypy-boto3-snowball<1.42.0,>=1.41.0', 'mypy-boto3-sns<1.42.0,>=1.41.0', 'mypy-boto3-socialmessaging<1.42.0,>=1.41.0', 'mypy-boto3-sqs<1.42.0,>=1.41.0', 'mypy-boto3-ssm<1.42.0,>=1.41.0', 'mypy-boto3-ssm-contacts<1.42.0,>=1.41.0', 'mypy-boto3-ssm-guiconnect<1.42.0,>=1.41.0', 'mypy-boto3-ssm-incidents<1.42.0,>=1.41.0', 'mypy-boto3-ssm-quicksetup<1.42.0,>=1.41.0', 'mypy-boto3-ssm-sap<1.42.0,>=1.41.0', 'mypy-boto3-sso<1.42.0,>=1.41.0', 'mypy-boto3-sso-admin<1.42.0,>=1.41.0', 'mypy-boto3-sso-oidc<1.42.0,>=1.41.0', 'mypy-boto3-stepfunctions<1.42.0,>=1.41.0', 'mypy-boto3-storagegateway<1.42.0,>=1.41.0', 'mypy-boto3-sts<1.42.0,>=1.41.0', 'mypy-boto3-supplychain<1.42.0,>=1.41.0', 'mypy-boto3-support<1.42.0,>=1.41.0', 'mypy-boto3-support-app<1.42.0,>=1.41.0', 'mypy-boto3-swf<1.42.0,>=1.41.0', 'mypy-boto3-synthetics<1.42.0,>=1.41.0', 'mypy-boto3-taxsettings<1.42.0,>=1.41.0', 'mypy-boto3-textract<1.42.0,>=1.41.0', 'mypy-boto3-timestream-influxdb<1.42.0,>=1.41.0', 'mypy-boto3-timestream-query<1.42.0,>=1.41.0', 'mypy-boto3-timestream-write<1.42.0,>=1.41.0', 'mypy-boto3-tnb<1.42.0,>=1.41.0', 'mypy-boto3-transcribe<1.42.0,>=1.41.0', 'mypy-boto3-transfer<1.42.0,>=1.41.0', 'mypy-boto3-translate<1.42.0,>=1.41.0', 'mypy-boto3-trustedadvisor<1.42.0,>=1.41.0', 'mypy-boto3-verifiedpermissions<1.42.0,>=1.41.0', 'mypy-boto3-voice-id<1.42.0,>=1.41.0', 'mypy-boto3-vpc-lattice<1.42.0,>=1.41.0', 'mypy-boto3-waf<1.42.0,>=1.41.0', 'mypy-boto3-waf-regional<1.42.0,>=1.41.0', 'mypy-boto3-wafv2<1.42.0,>=1.41.0', 'mypy-boto3-wellarchitected<1.42.0,>=1.41.0', 'mypy-boto3-wisdom<1.42.0,>=1.41.0', 'mypy-boto3-workdocs<1.42.0,>=1.41.0', 'mypy-boto3-workmail<1.42.0,>=1.41.0', 'mypy-boto3-workmailmessageflow<1.42.0,>=1.41.0', 'mypy-boto3-workspaces<1.42.0,>=1.41.0', 'mypy-boto3-workspaces-instances<1.42.0,>=1.41.0', 'mypy-boto3-workspaces-thin-client<1.42.0,>=1.41.0', 'mypy-boto3-workspaces-web<1.42.0,>=1.41.0', 'mypy-boto3-xray<1.42.0,>=1.41.0']",,,"boto3, boto3-stubs, type-annotations, mypy, typeshed, autocomplete",0,0.0,0,10,0.0,0.047586818036479156
croniter,croniter,40186763,8,1,31123,1,0,99,5781,1,24,0,2,1,0,"['python-dateutil', 'pytz>2021.1']","Matsumoto Taichi, kiorky",MIT License,"datetime, iterator, cron",0,0.0,0,2,0.0,0.16498256013351076
google-cloud-appengine-logging,google-cloud-appengine-logging,38143764,30,1,8157,1,0,30,1634,1,10,1,7,1,0,"['google-api-core', 'google-auth!=2.24.0,!=2.25.0,<3.0.0,>=2.14.1', 'grpcio<2.0.0,>=1.33.2', 'grpcio<2.0.0,>=1.75.1', 'proto-plus<2.0.0,>=1.22.3', 'proto-plus<2.0.0,>=1.25.0', 'protobuf!=4.21.0,!=4.21.1,!=4.21.2,!=4.21.3,!=4.21.4,!=4.21.5,<7.0.0,>=3.20.2']",Google LLC,Apache 2.0,,0,0.0,0,7,0.14285714285714285,0.03605651043777646
overrides,overrides,38468466,9,1,5105,1,0,43,3836,1,13,0,1,1,0,['typing'],Mikko Korpela,"Apache License, Version 2.0","override,inheritence,OOP",0,0.0,0,1,0.0,0.3508773619358619
responses,responses,37457633,9,1,45339,1,0,61,4380,1,12,0,14,1,0,"['requests<3.0,>=2.30.0', 'urllib3<3.0,>=1.25.10', 'pyyaml', 'pytest>=7.0.0', 'coverage>=6.0.0', 'pytest-cov', 'pytest-asyncio', 'pytest-httpserver', 'flake8', 'types-PyYAML', 'types-requests', 'mypy', 'tomli-w', 'tomli']",David Cramer,Apache 2.0,,0,0.0,0,10,0.0,0.020593609666131194
google-cloud-redis,google-cloud-redis,50405431,18,1,8048,1,0,52,2755,1,10,1,7,1,0,"['google-api-core', 'google-auth!=2.24.0,!=2.25.0,<3.0.0,>=2.14.1', 'grpcio<2.0.0,>=1.33.2', 'grpcio<2.0.0,>=1.75.1', 'proto-plus<2.0.0,>=1.22.3', 'proto-plus<2.0.0,>=1.25.0', 'protobuf!=4.21.0,!=4.21.1,!=4.21.2,!=4.21.3,!=4.21.4,!=4.21.5,<7.0.0,>=3.20.2']",Google LLC,Apache 2.0,,0,0.0,0,7,0.14285714285714285,0.03605651043777646
sse-starlette,sse-starlette,40163740,13,1,10878,0,1,58,2101,1,0,0,9,1,0,"['anyio>=4.7.0', 'uvicorn>=0.34.0', 'fastapi>=0.115.12', 'sqlalchemy', 'starlette>=0.49.1', 'aiosqlite>=0.21.0', 'uvicorn>=0.34.0', 'granian>=2.3.1', 'daphne>=4.2.0']",,,,0,0.0,0,8,0.0,0.027255279903679135
db-dtypes,db-dtypes,36356672,9,1,1833,1,0,24,1521,1,21,0,5,1,0,"['numpy<=2.2.6,>=1.24.0', 'numpy>=1.24.0', 'packaging>=24.2.0', 'pandas>=1.5.3', 'pyarrow>=13.0.0']",The db-dtypes Authors,,"sql, pandas",0,0.0,0,5,0.0,0.14598556863940548
pytokens,pytokens,39354741,8,1,690,1,0,14,344,1,15,0,9,1,0,"['black', 'build', 'mypy', 'pytest', 'pytest-cov', 'setuptools', 'tox', 'twine', 'wheel']",Tushar Sadhwani,MIT,,0,0.0,0,9,0.027777777777777776,0.010336752290473202
astroid,astroid,37993416,7,1,2840,0,0,179,4498,0,0,0,1,1,0,['typing-extensions>=4'],,,"abstract syntax tree, python, static code analysis",0,0.0,0,1,0.0,0.3508773619358619
h5py,h5py,31476047,4,1,985,0,1,45,4312,1,0,0,1,1,0,['numpy>=1.21.2'],,,,0,0.0,0,1,0.0,0.3508773619358619
imageio,imageio,36178119,7,1,5162,0,0,98,4878,1,20,1,56,1,0,"['numpy', 'pillow>=8.3.2', 'imageio-ffmpeg', 'psutil', 'fsspec', 'pillow-heif', 'tifffile', 'av', 'astropy', 'rawpy', 'numpy>2', 'gdal', 'itk', 'black', 'flake8', 'pytest', 'pytest-cov', 'fsspec', 'sphinx<6', 'numpydoc', 'pydata-sphinx-theme', 'pytest', 'pytest-cov', 'fsspec', 'black', 'flake8', 'av', 'astropy', 'fsspec', 'imageio-ffmpeg', 'numpy>2', 'pillow-heif', 'psutil', 'rawpy', 'tifffile', 'fsspec', 'imageio-ffmpeg', 'pillow-heif', 'psutil', 'tifffile', 'astropy', 'av', 'black', 'flake8', 'fsspec', 'imageio-ffmpeg', 'numpydoc', 'numpy>2', 'pillow-heif', 'psutil', 'pydata-sphinx-theme', 'pytest', 'pytest-cov', 'rawpy', 'sphinx<6', 'tifffile']",ImageIO contributors,,"image, video, imread, imwrite, io, animation, ffmpeg, image processing, numpy, format conversion, scientific imaging, medical imaging, volumetric, video encoding, multimedia, gif, tiff, png, jpeg",0,0.0,0,10,0.0,0.010963688297710213
jupyterlab-server,jupyterlab-server,36506842,17,1,1308,0,1,116,2627,1,0,0,32,1,0,"['babel>=2.10', 'importlib-metadata>=4.8.3', 'jinja2>=3.0.3', 'json5>=0.9.0', 'jsonschema>=4.18.0', 'jupyter-server<3,>=1.21', 'packaging>=21.3', 'requests>=2.31', 'autodoc-traits', 'jinja2<3.2.0', 'mistune<4', 'myst-parser', 'pydata-sphinx-theme', 'sphinx', 'sphinx-copybutton', 'sphinxcontrib-openapi>0.8', 'openapi-core~=0.18.0', 'ruamel-yaml', 'hatch', 'ipykernel', 'openapi-core~=0.18.0', 'openapi-spec-validator<0.8.0,>=0.6.0', 'pytest-console-scripts', 'pytest-cov', 'pytest-jupyter', 'pytest-timeout', 'pytest<8,>=7.0', 'requests-mock', 'ruamel-yaml', 'sphinxcontrib-spelling', 'strict-rfc3339', 'werkzeug']",,"Copyright (c) 2015-2017, Project Jupyter Contributors
        All rights reserved.
        
        Redistribution and use in source and binary forms, with or without
        modification, are permitted provided that the following conditions are met:
        
        1. Redistributions of source code must retain the above copyright notice, this
           list of conditions and the following disclaimer.
        
        2. Redistributions in binary form must reproduce the above copyright notice,
           this list of conditions and the following disclaimer in the documentation
           and/or other materials provided with the distribution.
        
        3. Neither the name of the copyright holder nor the names of its
           contributors may be used to endorse or promote products derived from
           this software without specific prior written permission.
        
        THIS SOFTWARE IS PROVIDED BY THE COPYRIGHT HOLDERS AND CONTRIBUTORS ""AS IS""
        AND ANY EXPRESS OR IMPLIED WARRANTIES, INCLUDING, BUT NOT LIMITED TO, THE
        IMPLIED WARRANTIES OF MERCHANTABILITY AND FITNESS FOR A PARTICULAR PURPOSE ARE
        DISCLAIMED. IN NO EVENT SHALL THE COPYRIGHT HOLDER OR CONTRIBUTORS BE LIABLE
        FOR ANY DIRECT, INDIRECT, INCIDENTAL, SPECIAL, EXEMPLARY, OR CONSEQUENTIAL
        DAMAGES (INCLUDING, BUT NOT LIMITED TO, PROCUREMENT OF SUBSTITUTE GOODS OR
        SERVICES; LOSS OF USE, DATA, OR PROFITS; OR BUSINESS INTERRUPTION) HOWEVER
        CAUSED AND ON ANY THEORY OF LIABILITY, WHETHER IN CONTRACT, STRICT LIABILITY,
        OR TORT (INCLUDING NEGLIGENCE OR OTHERWISE) ARISING IN ANY WAY OUT OF THE USE
        OF THIS SOFTWARE, EVEN IF ADVISED OF THE POSSIBILITY OF SUCH DAMAGE.","jupyter, jupyterlab",0,0.0,0,10,0.0,0.0843884181485989
google-cloud-memcache,google-cloud-memcache,48546488,21,1,8049,1,0,40,2091,1,10,1,7,1,0,"['google-api-core', 'google-auth!=2.24.0,!=2.25.0,<3.0.0,>=2.14.1', 'grpcio<2.0.0,>=1.33.2', 'grpcio<2.0.0,>=1.75.1', 'proto-plus<2.0.0,>=1.22.3', 'proto-plus<2.0.0,>=1.25.0', 'protobuf!=4.21.0,!=4.21.1,!=4.21.2,!=4.21.3,!=4.21.4,!=4.21.5,<7.0.0,>=3.20.2']",Google LLC,Apache 2.0,,0,0.0,0,7,0.14285714285714285,0.03605651043777646
numba,numba,36894807,5,1,1842,1,0,124,4847,0,0,0,2,1,0,"['llvmlite<0.46,>=0.45.0dev0', 'numpy<2.4,>=1.22']",,BSD,,0,0.0,0,2,0.0,0.25974050510584634
webcolors,webcolors,37081364,9,1,1194,0,0,23,6234,1,13,0,0,0,0,[],James Bennett,BSD-3-Clause,"color, css, html, web",0,0.0,0,0,0.0,1.0
azure-keyvault-secrets,azure-keyvault-secrets,38298429,22,1,17286,1,0,24,2339,1,21,1,3,1,0,"['isodate>=0.6.1', 'azure-core>=1.31.0', 'typing-extensions>=4.6.0']",Microsoft Corporation,MIT License,"azure, azure sdk",0,0.0,0,3,0.0,0.2061857491852643
trio,trio,34814123,4,1,6802,0,0,42,3235,1,0,0,7,1,0,"['attrs>=23.2.0', 'sortedcontainers', 'idna', 'outcome', 'sniffio>=1.3.0', 'cffi>=1.14', 'exceptiongroup']",,,"async, io, networking, trio",0,0.0,0,7,0.0,0.05344826710709995
litellm,litellm,43510547,7,1,25931,0,1,1249,850,1,7,0,46,1,0,"['PyJWT<3.0.0,>=2.10.1', 'aiohttp>=3.10', 'apscheduler<4.0.0,>=3.10.4', 'azure-identity<2.0.0,>=1.15.0', 'azure-keyvault-secrets<5.0.0,>=4.8.0', 'azure-storage-blob<13.0.0,>=12.25.1', 'backoff', 'boto3==1.36.0', 'click', 'cryptography', 'diskcache<6.0.0,>=5.6.1', 'fastapi>=0.120.1', 'fastapi-sso<0.17.0,>=0.16.0', 'fastuuid>=0.13.0', 'google-cloud-iam<3.0.0,>=2.19.1', 'google-cloud-kms<3.0.0,>=2.21.3', 'gunicorn<24.0.0,>=23.0.0', 'httpx>=0.23.0', 'importlib-metadata>=6.8.0', 'jinja2<4.0.0,>=3.1.2', 'jsonschema<5.0.0,>=4.22.0', 'litellm-enterprise==0.1.22', 'litellm-proxy-extras==0.4.6', 'mcp<2.0.0,>=1.21.2', 'mlflow>3.1.4', 'numpydoc', 'openai>=2.8.0', 'orjson<4.0.0,>=3.9.7', 'polars<2.0.0,>=1.31.0', 'prisma==0.11.0', 'pydantic<3.0.0,>=2.5.0', 'pynacl<2.0.0,>=1.5.0', 'python-dotenv>=0.2.0', 'python-multipart<0.0.19,>=0.0.18', 'pyyaml<7.0.0,>=6.0.1', 'redisvl<0.5.0,>=0.4.1', 'resend>=0.8.0', 'rich==13.7.1', 'rq', 'semantic-router>=0.1.12', 'soundfile<0.13.0,>=0.12.1', 'tiktoken>=0.7.0', 'tokenizers', 'uvicorn<0.32.0,>=0.31.1', 'uvloop<0.22.0,>=0.21.0', 'websockets<14.0.0,>=13.1.0']",BerriAI,MIT,,0,0.0,0,10,0.0,0.04049486085086483
langchain-community,langchain-community,41112747,19,1,1874,0,0,98,715,0,0,0,13,1,0,"['langchain-core<2.0.0,>=1.0.1', 'langchain-classic<2.0.0,>=1.0.0', 'SQLAlchemy<3.0.0,>=1.4.0', 'requests<3.0.0,>=2.32.5', 'PyYAML<7.0.0,>=5.3.0', 'aiohttp<4.0.0,>=3.8.3', 'tenacity!=8.4.0,<10.0.0,>=8.1.0', 'dataclasses-json<0.7.0,>=0.6.7', 'pydantic-settings<3.0.0,>=2.10.1', 'langsmith<1.0.0,>=0.1.125', 'httpx-sse<1.0.0,>=0.4.0', 'numpy>=1.26.2', 'numpy>=2.1.0']",,MIT,,0,0.0,0,10,0.0,0.0843884181485989
nvidia-nvtx-cu12,nvidia-nvtx-cu12,35616520,16,1,198,1,0,21,1102,1,26,1,0,0,0,[],Nvidia CUDA Installer Team,Apache 2.0,"cuda, nvidia, runtime, machine learning, deep learning",0,0.0,0,0,0.0,1.0
lazy-object-proxy,lazy-object-proxy,34771495,17,1,3701,0,0,26,3999,1,0,0,0,0,0,[],,,,0,0.0,0,0,0.0,1.0
pylint,pylint,36344194,6,1,9721,0,0,209,6143,1,0,0,13,1,0,"['astroid<=4.1.dev0,>=4.0.2', 'colorama>=0.4.5', 'dill>=0.2', 'dill>=0.3.6', 'dill>=0.3.7', 'isort!=5.13,<8,>=5', 'mccabe<0.8,>=0.6', 'platformdirs>=2.2', 'tomli>=1.1', 'tomlkit>=0.10.1', 'typing-extensions>=3.10', 'pyenchant~=3.2', 'gitpython>3']",,,"lint, linter, python, static code analysis",0,0.0,0,10,0.0,0.0843884181485989
llvmlite,llvmlite,36216235,8,1,3850,1,1,67,3993,0,0,0,0,0,0,[],,BSD,,0,0.0,0,0,0.0,1.0
portalocker,portalocker,36188714,11,1,5717,0,0,47,5386,1,0,0,13,1,0,"['pywin32>=226', 'portalocker', 'coverage-conditional-plugin>=0.9.0', 'portalocker', 'pytest-cov>=2.8.1', 'pytest-mypy>=0.8.0', 'pytest-rerunfailures>=15.0', 'pytest-timeout>=2.1.0', 'pytest>=5.4.1', 'sphinx>=6.0.0', 'types-pywin32>=310.0.0.20250429', 'types-redis', 'redis']",,,"locking, locks, with, statement, windows, linux, unix",0,0.0,1,9,0.0,0.1111111111111111
antlr4-python3-runtime,antlr4-python3-runtime,34796927,22,1,0,0,0,22,4164,1,25,0,1,1,0,['typing'],"Terence Parr, Sam Harwell",BSD,,0,0.0,0,1,0.0,0.3508773619358619
google-pasta,google-pasta,36261911,12,1,0,1,0,10,2509,1,10,0,1,1,0,['six'],Nick Smith,Apache 2.0,python refactoring ast,0,0.0,0,1,0.0,0.3508773619358619
fqdn,fqdn,35348161,4,1,0,1,0,11,3091,1,6,0,1,1,0,['cached-property'],ypcrts,MPL 2.0,"fqdn,domain,hostname,RFC3686,dns",0,0.0,0,1,0.0,0.3508773619358619
ipython-pygments-lexers,ipython-pygments-lexers,37009873,23,1,665,0,1,3,311,1,0,0,1,1,0,['pygments'],,,,0,0.0,0,1,0.0,0.1844167633067642
isoduration,isoduration,34970576,11,1,4772,1,1,1,1847,1,12,0,1,1,0,['arrow'],Víctor Muñoz,,"datetime,date,time,duration,duration-parsing,duration-string,iso8601,iso8601-duration",0,0.0,0,1,0.0,0.049004872389843766
inflection,inflection,36127615,10,1,848,1,0,9,5020,1,13,0,0,0,0,[],Janne Vanhala,MIT,,0,0.0,0,0,0.0,1.0
uri-template,uri-template,34844014,12,1,6870,0,0,5,2126,1,0,0,20,1,0,"['types-PyYAML', 'mypy', 'flake8', 'flake8-annotations', 'flake8-bandit', 'flake8-bugbear', 'flake8-commas', 'flake8-comprehensions', 'flake8-continuation', 'flake8-datetimez', 'flake8-docstrings', 'flake8-import-order', 'flake8-literal', 'flake8-modern-annotations', 'flake8-noqa', 'flake8-pyproject', 'flake8-requirements', 'flake8-typechecking-import', 'flake8-use-fstring', 'pep8-naming']",,MIT License,config,0,0.0,0,10,0.0,0.03264602333519
widgetsnbextension,widgetsnbextension,34723821,18,1,500,1,0,139,3509,1,24,1,0,0,0,[],Jupyter Development Team,BSD 3-Clause License,"Interactive, Interpreter, Shell, Web, notebook, widgets, Jupyter",0,0.0,0,0,0.0,1.0
click-plugins,click-plugins,34341614,13,1,5340,1,0,9,3778,1,27,0,5,1,0,"['click>=4.0', 'pytest>=3.6', 'pytest-cov', 'wheel', 'coveralls']","Kevin Wurster, Sean Gillies",New BSD,click plugin setuptools entry-point,0,0.0,0,5,0.0,0.02792372825312501
pyphen,pyphen,16092563,6,1,1462,0,1,21,4702,1,0,0,4,1,0,"['sphinx', 'sphinx_rtd_theme', 'pytest', 'ruff']",,,hyphenation,0,0.0,0,4,0.0,0.03044240549687871
kombu,kombu,35369319,5,1,0,1,1,204,5602,1,9,0,27,1,0,"['amqp<6.0.0,>=5.1.1', 'vine==5.1.0', 'tzdata>=2025.2', 'packaging', 'msgpack==1.1.2', 'PyYAML>=3.10', 'redis!=4.5.5,!=5.0.2,<6.5,>=4.5.2', 'pymongo==4.15.3', 'boto3>=1.26.143', 'pycurl>=7.43.0.5', 'urllib3>=1.26.16', 'google-cloud-pubsub>=2.18.4', 'google-cloud-monitoring>=2.16.0', 'grpcio==1.75.1', 'protobuf==6.32.1', 'kazoo>=2.8.0', 'sqlalchemy<2.1,>=1.4.48', 'librabbitmq>=2.0.0', 'pyro4==4.82', 'softlayer_messaging>=1.0.3', 'azure-storage-queue>=12.6.0', 'azure-identity>=1.12.0', 'azure-servicebus>=7.10.0', 'qpid-python==1.36.0-1', 'qpid-tools==1.36.0-1', 'python-consul2==0.1.5', 'confluent-kafka>=2.2.0']",Ask Solem,BSD-3-Clause,messaging message amqp rabbitmq redis actor producer consumer,0,0.0,0,10,0.0,0.0843884181485989
google-cloud-bigtable,google-cloud-bigtable,42498460,21,1,4055,1,0,91,3342,1,10,1,9,1,0,"['google-api-core', 'google-cloud-core<3.0.0,>=1.4.4', 'google-auth!=2.24.0,!=2.25.0,<3.0.0,>=2.23.0', 'grpc-google-iam-v1<1.0.0,>=0.12.4', 'proto-plus<2.0.0,>=1.22.3', 'proto-plus<2.0.0,>=1.25.0', 'protobuf!=4.21.0,!=4.21.1,!=4.21.2,!=4.21.3,!=4.21.4,!=4.21.5,<7.0.0,>=3.20.2', 'google-crc32c<2.0.0dev,>=1.5.0', 'libcst>=0.2.5']",Google LLC,Apache 2.0,,0,0.0,0,9,0.05555555555555555,0.03256341527711793
send2trash,send2trash,34026585,10,1,2339,1,0,19,5395,1,14,0,4,1,0,"['pyobjc-framework-Cocoa', 'pywin32', 'pyobjc-framework-Cocoa', 'pywin32']",Andrew Senetar,BSD License,,0,0.0,0,2,0.0,0.25974050510584634
coloredlogs,coloredlogs,34871025,11,1,10367,1,0,63,4573,1,12,0,2,1,0,"['humanfriendly', 'capturer']",Peter Odding,MIT,,0,0.0,0,2,0.0,0.12405035034963485
outcome,outcome,33454703,7,1,1120,1,0,8,2800,1,13,0,1,1,0,['attrs'],Frazer McLean,MIT OR Apache-2.0,result,0,0.0,0,1,0.0,0.3508773619358619
datasets,datasets,41206647,8,1,11201,1,0,106,3750,1,16,1,128,1,0,"['filelock', 'numpy>=1.17', 'pyarrow>=21.0.0', 'dill<0.4.1,>=0.3.0', 'pandas', 'requests>=2.32.2', 'httpx<1.0.0', 'tqdm>=4.66.3', 'xxhash', 'multiprocess<0.70.19', 'fsspec', 'huggingface-hub<2.0,>=0.25.0', 'packaging', 'pyyaml>=5.1', 'torchcodec>=0.6.0', 'torch>=2.8.0', 'Pillow>=9.4.0', 'tensorflow>=2.6.0', 'tensorflow>=2.6.0', 'torch', 'jax>=0.3.14', 'jaxlib>=0.3.14', 'numba>=0.56.4', 'absl-py', 'decorator', 'joblib<1.3.0', 'joblibspark', 'pytest', 'pytest-datadir', 'pytest-xdist', 'aiohttp', 'elasticsearch<8.0.0,>=7.17.12', 'faiss-cpu>=1.8.0.post1', 'h5py', 'jax>=0.3.14', 'jaxlib>=0.3.14', 'lz4', 'moto', 'pyspark>=3.4', 'py7zr', 'rarfile>=4.0', 'sqlalchemy', 'protobuf<4.0.0', 'tensorflow>=2.6.0', 'tensorflow>=2.16.0', 'tiktoken', 'torch>=2.8.0', 'torchdata', 'transformers>=4.42.0', 'zstandard', 'polars', 'Pillow>=9.4.0', 'torchcodec>=0.7.0', 'nibabel>=5.3.1', 'ruff>=0.3.0', 'transformers', 'torch', 'tensorflow>=2.6.0', 'numba>=0.56.4', 'absl-py', 'decorator', 'joblib<1.3.0', 'joblibspark', 'pytest', 'pytest-datadir', 'pytest-xdist', 'aiohttp', 'elasticsearch<8.0.0,>=7.17.12', 'faiss-cpu>=1.8.0.post1', 'h5py', 'jax>=0.3.14', 'jaxlib>=0.3.14', 'lz4', 'moto', 'pyspark>=3.4', 'py7zr', 'rarfile>=4.0', 'sqlalchemy', 'protobuf<4.0.0', 'tensorflow>=2.6.0', 'tensorflow>=2.16.0', 'tiktoken', 'torch>=2.8.0', 'torchdata', 'transformers>=4.42.0', 'zstandard', 'polars', 'Pillow>=9.4.0', 'torchcodec>=0.7.0', 'nibabel>=5.3.1', 'numba>=0.56.4', 'absl-py', 'decorator', 'joblib<1.3.0', 'joblibspark', 'pytest', 'pytest-datadir', 'pytest-xdist', 'aiohttp', 'elasticsearch<8.0.0,>=7.17.12', 'h5py', 'jax>=0.3.14', 'jaxlib>=0.3.14', 'lz4', 'moto', 'pyspark>=3.4', 'py7zr', 'rarfile>=4.0', 'sqlalchemy', 'protobuf<4.0.0', 'tiktoken', 'torch>=2.8.0', 'torchdata', 'transformers>=4.42.0', 'zstandard', 'polars', 'Pillow>=9.4.0', 'torchcodec>=0.7.0', 'nibabel>=5.3.1', 'ruff>=0.3.0', 'tensorflow==2.12.0', 'torch==2.0.1', 'transformers==4.30.1', 'transformers', 'torch', 'tensorflow>=2.6.0', 'pdfplumber>=0.11.4', 'nibabel>=5.3.2']",HuggingFace Inc.,Apache 2.0,datasets machine learning datasets,0,0.0,0,10,0.0,0.043913052343725716
ipywidgets,ipywidgets,34768440,10,1,880,1,0,165,3764,1,24,1,10,1,0,"['comm>=0.1.3', 'ipython>=6.1.0', 'traitlets>=4.3.1', 'widgetsnbextension~=4.0.14', 'jupyterlab_widgets~=3.0.15', 'jsonschema', 'ipykernel', 'pytest>=3.6.0', 'pytest-cov', 'pytz']",Jupyter Development Team,BSD 3-Clause License,"Interactive, Interpreter, Shell, Web, ipython, widgets, Jupyter",0,0.0,0,10,0.0,0.014230341108812328
async-lru,async-lru,35144997,9,1,3184,1,0,17,3157,0,0,0,1,1,0,['typing_extensions>=4.0.0'],,MIT License,"asyncio, lru, lru_cache",0,0.0,0,1,0.0,0.3508773619358619
jupyterlab-widgets,jupyterlab-widgets,34379349,18,1,2744,0,0,73,3333,1,0,0,0,0,0,[],,"Copyright (c) 2015 Project Jupyter Contributors
        All rights reserved.
        
        Redistribution and use in source and binary forms, with or without
        modification, are permitted provided that the following conditions are met:
        
        1. Redistributions of source code must retain the above copyright notice, this
           list of conditions and the following disclaimer.
        
        2. Redistributions in binary form must reproduce the above copyright notice,
           this list of conditions and the following disclaimer in the documentation
           and/or other materials provided with the distribution.
        
        3. Neither the name of the copyright holder nor the names of its
           contributors may be used to endorse or promote products derived from
           this software without specific prior written permission.
        
        THIS SOFTWARE IS PROVIDED BY THE COPYRIGHT HOLDERS AND CONTRIBUTORS ""AS IS""
        AND ANY EXPRESS OR IMPLIED WARRANTIES, INCLUDING, BUT NOT LIMITED TO, THE
        IMPLIED WARRANTIES OF MERCHANTABILITY AND FITNESS FOR A PARTICULAR PURPOSE ARE
        DISCLAIMED. IN NO EVENT SHALL THE COPYRIGHT HOLDER OR CONTRIBUTORS BE LIABLE
        FOR ANY DIRECT, INDIRECT, INCIDENTAL, SPECIAL, EXEMPLARY, OR CONSEQUENTIAL
        DAMAGES (INCLUDING, BUT NOT LIMITED TO, PROCUREMENT OF SUBSTITUTE GOODS OR
        SERVICES; LOSS OF USE, DATA, OR PROFITS; OR BUSINESS INTERRUPTION) HOWEVER
        CAUSED AND ON ANY THEORY OF LIABILITY, WHETHER IN CONTRACT, STRICT LIABILITY,
        OR TORT (INCLUDING NEGLIGENCE OR OTHERWISE) ARISING IN ANY WAY OUT OF THE USE
        OF THIS SOFTWARE, EVEN IF ADVISED OF THE POSSIBILITY OF SUCH DAMAGE.
        
        ------------------------------------------------------------------------------
        
        This package bundles several JavaScript npm packages in the
        jupyterlab_widgets/static directory. Their licenses (as packaged in their
        distributions in the node_modules package installation directory) are copied
        below.
        
        ------------------------------------------------------------------------------
        From css-loader/LICENSE:
        
        Copyright JS Foundation and other contributors
        
        Permission is hereby granted, free of charge, to any person obtaining
        a copy of this software and associated documentation files (the
        'Software'), to deal in the Software without restriction, including
        without limitation the rights to use, copy, modify, merge, publish,
        distribute, sublicense, and/or sell copies of the Software, and to
        permit persons to whom the Software is furnished to do so, subject to
        the following conditions:
        
        The above copyright notice and this permission notice shall be
        included in all copies or substantial portions of the Software.
        
        THE SOFTWARE IS PROVIDED 'AS IS', WITHOUT WARRANTY OF ANY KIND,
        EXPRESS OR IMPLIED, INCLUDING BUT NOT LIMITED TO THE WARRANTIES OF
        MERCHANTABILITY, FITNESS FOR A PARTICULAR PURPOSE AND NONINFRINGEMENT.
        IN NO EVENT SHALL THE AUTHORS OR COPYRIGHT HOLDERS BE LIABLE FOR ANY
        CLAIM, DAMAGES OR OTHER LIABILITY, WHETHER IN AN ACTION OF CONTRACT,
        TORT OR OTHERWISE, ARISING FROM, OUT OF OR IN CONNECTION WITH THE
        SOFTWARE OR THE USE OR OTHER DEALINGS IN THE SOFTWARE.
        
        ------------------------------------------------------------------------------
        From style-loader/LICENSE:
        
        Copyright JS Foundation and other contributors
        
        Permission is hereby granted, free of charge, to any person obtaining
        a copy of this software and associated documentation files (the
        'Software'), to deal in the Software without restriction, including
        without limitation the rights to use, copy, modify, merge, publish,
        distribute, sublicense, and/or sell copies of the Software, and to
        permit persons to whom the Software is furnished to do so, subject to
        the following conditions:
        
        The above copyright notice and this permission notice shall be
        included in all copies or substantial portions of the Software.
        
        THE SOFTWARE IS PROVIDED 'AS IS', WITHOUT WARRANTY OF ANY KIND,
        EXPRESS OR IMPLIED, INCLUDING BUT NOT LIMITED TO THE WARRANTIES OF
        MERCHANTABILITY, FITNESS FOR A PARTICULAR PURPOSE AND NONINFRINGEMENT.
        IN NO EVENT SHALL THE AUTHORS OR COPYRIGHT HOLDERS BE LIABLE FOR ANY
        CLAIM, DAMAGES OR OTHER LIABILITY, WHETHER IN AN ACTION OF CONTRACT,
        TORT OR OTHERWISE, ARISING FROM, OUT OF OR IN CONNECTION WITH THE
        SOFTWARE OR THE USE OR OTHER DEALINGS IN THE SOFTWARE.
        
        ------------------------------------------------------------------------------
        From backbone/backbone.js
        
        //     (c) 2010-2015 Jeremy Ashkenas, DocumentCloud and Investigative Reporters & Editors
        //     Backbone may be freely distributed under the MIT license.
        //     For all details and documentation:
        //     http://backbonejs.org
        
        ------------------------------------------------------------------------------
        From base-64/LICENSE
        
        The MIT License (MIT)
        
        Copyright (c) 2014 Jameson Little
        
        Permission is hereby granted, free of charge, to any person obtaining a copy
        of this software and associated documentation files (the ""Software""), to deal
        in the Software without restriction, including without limitation the rights
        to use, copy, modify, merge, publish, distribute, sublicense, and/or sell
        copies of the Software, and to permit persons to whom the Software is
        furnished to do so, subject to the following conditions:
        
        The above copyright notice and this permission notice shall be included in
        all copies or substantial portions of the Software.
        
        THE SOFTWARE IS PROVIDED ""AS IS"", WITHOUT WARRANTY OF ANY KIND, EXPRESS OR
        IMPLIED, INCLUDING BUT NOT LIMITED TO THE WARRANTIES OF MERCHANTABILITY,
        FITNESS FOR A PARTICULAR PURPOSE AND NONINFRINGEMENT. IN NO EVENT SHALL THE
        AUTHORS OR COPYRIGHT HOLDERS BE LIABLE FOR ANY CLAIM, DAMAGES OR OTHER
        LIABILITY, WHETHER IN AN ACTION OF CONTRACT, TORT OR OTHERWISE, ARISING FROM,
        OUT OF OR IN CONNECTION WITH THE SOFTWARE OR THE USE OR OTHER DEALINGS IN
        THE SOFTWARE.
        
        ------------------------------------------------------------------------------
        From lodash/LICENSE
        
        Copyright OpenJS Foundation and other contributors <https://openjsf.org/>
        
        Based on Underscore.js, copyright Jeremy Ashkenas,
        DocumentCloud and Investigative Reporters & Editors <http://underscorejs.org/>
        
        This software consists of voluntary contributions made by many
        individuals. For exact contribution history, see the revision history
        available at https://github.com/lodash/lodash
        
        The following license applies to all parts of this software except as
        documented below:
        
        ====
        
        Permission is hereby granted, free of charge, to any person obtaining
        a copy of this software and associated documentation files (the
        ""Software""), to deal in the Software without restriction, including
        without limitation the rights to use, copy, modify, merge, publish,
        distribute, sublicense, and/or sell copies of the Software, and to
        permit persons to whom the Software is furnished to do so, subject to
        the following conditions:
        
        The above copyright notice and this permission notice shall be
        included in all copies or substantial portions of the Software.
        
        THE SOFTWARE IS PROVIDED ""AS IS"", WITHOUT WARRANTY OF ANY KIND,
        EXPRESS OR IMPLIED, INCLUDING BUT NOT LIMITED TO THE WARRANTIES OF
        MERCHANTABILITY, FITNESS FOR A PARTICULAR PURPOSE AND
        NONINFRINGEMENT. IN NO EVENT SHALL THE AUTHORS OR COPYRIGHT HOLDERS BE
        LIABLE FOR ANY CLAIM, DAMAGES OR OTHER LIABILITY, WHETHER IN AN ACTION
        OF CONTRACT, TORT OR OTHERWISE, ARISING FROM, OUT OF OR IN CONNECTION
        WITH THE SOFTWARE OR THE USE OR OTHER DEALINGS IN THE SOFTWARE.
        
        ====
        
        Copyright and related rights for sample code are waived via CC0. Sample
        code is defined as all source code displayed within the prose of the
        documentation.
        
        CC0: http://creativecommons.org/publicdomain/zero/1.0/
        
        ====
        
        Files located in the node_modules and vendor directories are externally
        maintained libraries used by this software which have their own
        licenses; we recommend you read them, as their terms may differ from the
        terms above.
        
        ------------------------------------------------------------------------------
        From d3-format/LICENSE:
        
        Copyright 2010-2015 Mike Bostock
        All rights reserved.
        
        Redistribution and use in source and binary forms, with or without modification,
        are permitted provided that the following conditions are met:
        
        * Redistributions of source code must retain the above copyright notice, this
          list of conditions and the following disclaimer.
        
        * Redistributions in binary form must reproduce the above copyright notice,
          this list of conditions and the following disclaimer in the documentation
          and/or other materials provided with the distribution.
        
        * Neither the name of the author nor the names of contributors may be used to
          endorse or promote products derived from this software without specific prior
          written permission.
        
        THIS SOFTWARE IS PROVIDED BY THE COPYRIGHT HOLDERS AND CONTRIBUTORS ""AS IS"" AND
        ANY EXPRESS OR IMPLIED WARRANTIES, INCLUDING, BUT NOT LIMITED TO, THE IMPLIED
        WARRANTIES OF MERCHANTABILITY AND FITNESS FOR A PARTICULAR PURPOSE ARE
        DISCLAIMED. IN NO EVENT SHALL THE COPYRIGHT OWNER OR CONTRIBUTORS BE LIABLE FOR
        ANY DIRECT, INDIRECT, INCIDENTAL, SPECIAL, EXEMPLARY, OR CONSEQUENTIAL DAMAGES
        (INCLUDING, BUT NOT LIMITED TO, PROCUREMENT OF SUBSTITUTE GOODS OR SERVICES;
        LOSS OF USE, DATA, OR PROFITS; OR BUSINESS INTERRUPTION) HOWEVER CAUSED AND ON
        ANY THEORY OF LIABILITY, WHETHER IN CONTRACT, STRICT LIABILITY, OR TORT
        (INCLUDING NEGLIGENCE OR OTHERWISE) ARISING IN ANY WAY OUT OF THE USE OF THIS
        SOFTWARE, EVEN IF ADVISED OF THE POSSIBILITY OF SUCH DAMAGE.
        
        ------------------------------------------------------------------------------
        From noUISlider/LICENSE.md (https://github.com/leongersen/noUiSlider/blob/eca62f9e56aaf02f0841b36e7993adf8db3721d5/LICENSE.md)
        
        MIT License
        
        Copyright (c) 2019 Léon Gersen
        
        Permission is hereby granted, free of charge, to any person obtaining a copy
        of this software and associated documentation files (the ""Software""), to deal
        in the Software without restriction, including without limitation the rights
        to use, copy, modify, merge, publish, distribute, sublicense, and/or sell
        copies of the Software, and to permit persons to whom the Software is
        furnished to do so, subject to the following conditions:
        
        The above copyright notice and this permission notice shall be included in all
        copies or substantial portions of the Software.
        
        THE SOFTWARE IS PROVIDED ""AS IS"", WITHOUT WARRANTY OF ANY KIND, EXPRESS OR
        IMPLIED, INCLUDING BUT NOT LIMITED TO THE WARRANTIES OF MERCHANTABILITY,
        FITNESS FOR A PARTICULAR PURPOSE AND NONINFRINGEMENT. IN NO EVENT SHALL THE
        AUTHORS OR COPYRIGHT HOLDERS BE LIABLE FOR ANY CLAIM, DAMAGES OR OTHER
        LIABILITY, WHETHER IN AN ACTION OF CONTRACT, TORT OR OTHERWISE, ARISING FROM,
        OUT OF OR IN CONNECTION WITH THE SOFTWARE OR THE USE OR OTHER DEALINGS IN THE
        SOFTWARE.
        
        ------------------------------------------------------------------
        From jquery/LICENSE.txt
        
        Copyright JS Foundation and other contributors, https://js.foundation/
        
        Permission is hereby granted, free of charge, to any person obtaining
        a copy of this software and associated documentation files (the
        ""Software""), to deal in the Software without restriction, including
        without limitation the rights to use, copy, modify, merge, publish,
        distribute, sublicense, and/or sell copies of the Software, and to
        permit persons to whom the Software is furnished to do so, subject to
        the following conditions:
        
        The above copyright notice and this permission notice shall be
        included in all copies or substantial portions of the Software.
        
        THE SOFTWARE IS PROVIDED ""AS IS"", WITHOUT WARRANTY OF ANY KIND,
        EXPRESS OR IMPLIED, INCLUDING BUT NOT LIMITED TO THE WARRANTIES OF
        MERCHANTABILITY, FITNESS FOR A PARTICULAR PURPOSE AND
        NONINFRINGEMENT. IN NO EVENT SHALL THE AUTHORS OR COPYRIGHT HOLDERS BE
        LIABLE FOR ANY CLAIM, DAMAGES OR OTHER LIABILITY, WHETHER IN AN ACTION
        OF CONTRACT, TORT OR OTHERWISE, ARISING FROM, OUT OF OR IN CONNECTION
        WITH THE SOFTWARE OR THE USE OR OTHER DEALINGS IN THE SOFTWARE.
        
        ------------------------------------------------------------------
        From semver/LICENSE:
        
        The ISC License
        
        Copyright (c) Isaac Z. Schlueter and Contributors
        
        Permission to use, copy, modify, and/or distribute this software for any
        purpose with or without fee is hereby granted, provided that the above
        copyright notice and this permission notice appear in all copies.
        
        THE SOFTWARE IS PROVIDED ""AS IS"" AND THE AUTHOR DISCLAIMS ALL WARRANTIES
        WITH REGARD TO THIS SOFTWARE INCLUDING ALL IMPLIED WARRANTIES OF
        MERCHANTABILITY AND FITNESS. IN NO EVENT SHALL THE AUTHOR BE LIABLE FOR
        ANY SPECIAL, DIRECT, INDIRECT, OR CONSEQUENTIAL DAMAGES OR ANY DAMAGES
        WHATSOEVER RESULTING FROM LOSS OF USE, DATA OR PROFITS, WHETHER IN AN
        ACTION OF CONTRACT, NEGLIGENCE OR OTHER TORTIOUS ACTION, ARISING OUT OF OR
        IN CONNECTION WITH THE USE OR PERFORMANCE OF THIS SOFTWARE.
        
        ------------------------------------------------------------------
        From underscore/LICENSE
        
        Copyright (c) 2009-2018 Jeremy Ashkenas, DocumentCloud and Investigative
        Reporters & Editors
        
        Permission is hereby granted, free of charge, to any person
        obtaining a copy of this software and associated documentation
        files (the ""Software""), to deal in the Software without
        restriction, including without limitation the rights to use,
        copy, modify, merge, publish, distribute, sublicense, and/or sell
        copies of the Software, and to permit persons to whom the
        Software is furnished to do so, subject to the following
        conditions:
        
        The above copyright notice and this permission notice shall be
        included in all copies or substantial portions of the Software.
        
        THE SOFTWARE IS PROVIDED ""AS IS"", WITHOUT WARRANTY OF ANY KIND,
        EXPRESS OR IMPLIED, INCLUDING BUT NOT LIMITED TO THE WARRANTIES
        OF MERCHANTABILITY, FITNESS FOR A PARTICULAR PURPOSE AND
        NONINFRINGEMENT. IN NO EVENT SHALL THE AUTHORS OR COPYRIGHT
        HOLDERS BE LIABLE FOR ANY CLAIM, DAMAGES OR OTHER LIABILITY,
        WHETHER IN AN ACTION OF CONTRACT, TORT OR OTHERWISE, ARISING
        FROM, OUT OF OR IN CONNECTION WITH THE SOFTWARE OR THE USE OR
        OTHER DEALINGS IN THE SOFTWARE.","Interactive, Interpreter, Jupyter, JupyterLab, JupyterLab3, Shell, Web, notebook, widgets",0,0.0,0,0,0.0,1.0
oauth2client,oauth2client,33286538,12,1,318,1,0,44,5260,1,11,1,5,1,0,"['httplib2', 'pyasn1', 'pyasn1-modules', 'rsa', 'six']",Google Inc.,Apache 2.0,google oauth 2.0 http client,0,0.0,0,5,0.0,0.07792088037827262
rfc3986-validator,rfc3986-validator,33519104,17,1,791,1,0,2,2220,1,15,0,0,0,0,[],Nicolas Aimetti,MIT license,rfc3986 validator,0,0.0,0,0,0.0,1.0
pandas-stubs,pandas-stubs,42012546,12,1,8911,0,1,134,1779,1,27,1,2,1,0,"['numpy>=1.23.5', 'types-pytz>=2022.1.1']",The Pandas Development Team,BSD-3-Clause,,0,0.0,0,2,0.0,0.25974050510584634
langchain-openai,langchain-openai,36929938,16,1,1642,0,1,106,687,0,0,0,3,1,0,"['langchain-core<2.0.0,>=1.0.2', 'openai<3.0.0,>=1.109.1', 'tiktoken<1.0.0,>=0.7.0']",,MIT,,0,0.0,0,3,0.0,0.2061857491852643
aws-lambda-powertools,aws-lambda-powertools,32665015,21,1,8963,0,1,512,2198,1,19,0,14,1,0,"['avro<2.0.0,>=1.12.0', 'aws-encryption-sdk<5.0.0,>=3.1.1', 'aws-xray-sdk<3.0.0,>=2.8.0', 'boto3<2.0.0,>=1.34.32', 'datadog-lambda<9.0.0,>=8.114.0', 'fastjsonschema<3.0.0,>=2.14.5', 'jmespath<2.0.0,>=1.0.1', 'jsonpath-ng<2.0.0,>=1.6.0', 'protobuf<7.0.0,>=6.30.2', 'pydantic<3.0.0,>=2.4.0', 'pydantic-settings<3.0.0,>=2.6.1', 'redis<7.0,>=4.4', 'typing-extensions<5.0.0,>=4.11.0', 'valkey-glide<3.0,>=1.3.5']",Amazon Web Services,MIT,"aws_lambda_powertools, aws, tracing, logging, lambda, powertools, feature_flags, idempotency, middleware",0,0.0,0,10,0.0,0.0843884181485989
tensorboard,tensorboard,31205929,11,1,264,1,0,61,3192,1,11,1,10,1,0,"['absl-py>=0.4', 'grpcio>=1.48.2', 'markdown>=2.6.8', 'numpy>=1.12.0', 'packaging', 'pillow', 'protobuf!=4.24.0,>=3.19.6', 'setuptools>=41.0.0', 'tensorboard-data-server<0.8.0,>=0.7.0', 'werkzeug>=1.0.1']",Google Inc.,Apache 2.0,tensorflow tensorboard tensor machine learning visualizer,0,0.0,0,10,0.0,0.04814108591783388
weasyprint,weasyprint,14063243,10,1,1635,0,1,115,5139,1,0,0,12,1,0,"['pydyf>=0.11.0', 'cffi>=0.6', 'tinyhtml5>=2.0.0b1', 'tinycss2>=1.4.0', 'cssselect2>=0.8.0', 'Pyphen>=0.9.1', 'Pillow>=9.1.0', 'fonttools', 'sphinx', 'furo', 'pytest', 'ruff']",,,"html, css, pdf, converter",0,0.0,0,10,0.0,0.018001407286371333
seaborn,seaborn,32906723,7,1,3519,0,1,36,4408,1,0,0,22,1,0,"['numpy>=1.20,!=1.24.0', 'pandas>=1.2', 'matplotlib>=3.4,!=3.6.1', 'pytest', 'pytest-cov', 'pytest-xdist', 'flake8', 'mypy', 'pandas-stubs', 'pre-commit', 'flit', 'numpydoc', 'nbconvert', 'ipykernel', 'sphinx<6.0.0', 'sphinx-copybutton', 'sphinx-issues', 'sphinx-design', 'pyyaml', 'pydata_sphinx_theme==0.10.0rc2', 'scipy>=1.7', 'statsmodels>=0.12']",,,,0,0.0,0,10,0.022222222222222223,0.012563778985701183
terminado,terminado,31985397,9,1,3056,0,0,36,4072,1,0,0,11,1,0,"['ptyprocess', 'pywinpty>=1.1.0', 'tornado>=6.1.0', 'myst-parser', 'pydata-sphinx-theme', 'sphinx', 'pre-commit', 'pytest-timeout', 'pytest>=7.0', 'mypy~=1.6', 'traitlets>=5.11.1']",,"BSD 2-Clause License  - Copyright (c) 2014-, Jupyter development team - Copyright (c) 2014, Ramalingam Saravanan <sarava@sarava.net>  All rights reserved.  Redistribution and use in source and binary forms, with or without modification, are permitted provided that the following conditions are met:  1. Redistributions of source code must retain the above copyright notice, this list of conditions and the following disclaimer.  2. Redistributions in binary form must reproduce the above copyright notice, this list of conditions and the following disclaimer in the documentation and/or other materials provided with the distribution.  THIS SOFTWARE IS PROVIDED BY THE COPYRIGHT HOLDERS AND CONTRIBUTORS ""AS IS"" AND ANY EXPRESS OR IMPLIED WARRANTIES, INCLUDING, BUT NOT LIMITED TO, THE IMPLIED WARRANTIES OF MERCHANTABILITY AND FITNESS FOR A PARTICULAR PURPOSE ARE DISCLAIMED. IN NO EVENT SHALL THE COPYRIGHT HOLDER OR CONTRIBUTORS BE LIABLE FOR ANY DIRECT, INDIRECT, INCIDENTAL, SPECIAL, EXEMPLARY, OR CONSEQUENTIAL DAMAGES (INCLUDING, BUT NOT LIMITED TO, PROCUREMENT OF SUBSTITUTE GOODS OR SERVICES; LOSS OF USE, DATA, OR PROFITS; OR BUSINESS INTERRUPTION) HOWEVER CAUSED AND ON ANY THEORY OF LIABILITY, WHETHER IN CONTRACT, STRICT LIABILITY, OR TORT (INCLUDING NEGLIGENCE OR OTHERWISE) ARISING IN ANY WAY OUT OF THE USE OF THIS SOFTWARE, EVEN IF ADVISED OF THE POSSIBILITY OF SUCH DAMAGE.",,0,0.0,0,10,0.0,0.03484977904307968
apache-airflow-providers-common-sql,apache-airflow-providers-common-sql,29100823,35,1,4483,0,0,119,1236,1,0,0,10,1,0,"['apache-airflow>=2.10.0', 'apache-airflow-providers-common-compat>=1.8.0', 'sqlparse>=0.5.1', 'more-itertools>=9.0.0', 'methodtools>=0.4.7', 'apache-airflow-providers-common-compat>=1.8.0', 'apache-airflow-providers-openlineage', 'pandas', 'pandas>=2.2.3', 'polars>=1.26.0']",,,"airflow-provider, common.sql, airflow, integration",0,0.0,0,9,0.0,0.0459130329054784
azure-mgmt-core,azure-mgmt-core,31785128,15,1,3594,1,0,15,2083,1,21,1,1,1,0,['azure-core>=1.32.0'],Microsoft Corporation,MIT License,"azure, azure sdk",0,0.0,0,1,0.0,0.3508773619358619
omegaconf,omegaconf,28298992,9,1,3022,1,0,148,2637,1,10,0,3,1,0,"['antlr4-python3-runtime', 'PyYAML', 'dataclasses']",Omry Yadan,,yaml configuration config,0,0.0,0,3,0.0,0.1440748560058041
xgboost,xgboost,36674402,7,1,492,0,0,92,3747,1,0,0,13,1,0,"['numpy', 'nvidia-nccl-cu12', 'scipy', 'dask', 'distributed', 'pandas', 'pandas>=1.2', 'graphviz', 'matplotlib', 'cloudpickle', 'pyspark>=3.4', 'scikit-learn', 'scikit-learn']",,Apache-2.0,,0,0.0,0,10,0.0,0.015958598653982175
sentencepiece,sentencepiece,32294599,13,1,8432,0,0,33,3008,1,0,0,2,1,0,"['pytest', 'test']",,,,0,0.0,0,2,0.0,0.0475868180364792
adal,adal,32368623,4,1,5647,1,0,27,3698,1,21,1,4,1,0,"['PyJWT', 'requests', 'python-dateutil', 'cryptography']",Microsoft Corporation,MIT,,0,0.0,0,4,0.0,0.03854781550823876
google-cloud-audit-log,google-cloud-audit-log,33411758,22,1,7863,1,0,14,1940,1,10,1,2,1,0,"['protobuf!=4.21.1,!=4.21.2,!=4.21.3,!=4.21.4,!=4.21.5,<7.0.0,>=3.20.2', 'googleapis-common-protos<2.0.0,>=1.56.2']",Google LLC,Apache-2.0,,0,0.0,0,2,0.0,0.25974050510584634
annotated-doc,annotated-doc,121182788,13,1,4816,0,1,4,713,1,0,0,0,0,0,[],,,,0,0.0,0,0,0.0,1.0
setproctitle,setproctitle,34847482,12,1,9091,1,0,29,5831,1,16,0,1,1,0,['pytest'],Daniele Varrazzo,BSD-3-Clause,,0,0.0,0,1,0.0,0.04900487238984376
progressbar2,progressbar2,27703578,12,1,12687,0,0,110,4477,1,0,0,11,1,0,"['python-utils>=3.8.1', 'sphinx>=1.8.5', 'sphinx-autodoc-typehints>=1.6.0', 'dill>=0.3.6', 'flake8>=3.7.7', 'freezegun>=0.3.11', 'pytest-cov>=2.6.1', 'pytest-mypy', 'pytest>=4.6.9', 'sphinx>=1.8.5', 'pywin32']",,BSD-3-Clause,"REPL, animated, bar, color, console, duration, efficient, elapsed, eta, feedback, live, meter, monitor, monitoring, multi-threaded, progress, progress-bar, progressbar, progressmeter, python, rate, simple, speed, spinner, stats, terminal, throughput, time, visual",0,0.0,0,9,0.0,0.0921658638571875
