identifier,A_total_imports,A_dangerous_imports_count,A_has_os_import,A_has_subprocess_import,A_has_socket_import,A_functions_defined,A_functions_called_count,A_dangerous_calls_count,A_unique_functions,A_function_density,A_file_operations_count,A_network_operations_count,A_process_spawning_count,A_code_execution_count,A_has_api_abuse,A_dynamic_types_count,A_type_confusion_risk,A_has_dynamic_operations,A_tainted_flows_count,A_sink_locations_count,A_has_tainted_sink,A_cyclomatic_complexity,A_max_nesting_depth,A_lines_of_code,A_complexity_per_line,B_avg_string_entropy,B_max_string_entropy,B_high_entropy_count,B_base64_count,B_hex_string_count,B_unicode_escape_count,B_encoded_payload_count,B_staged_execution_count,B_dynamic_import_count,B_runtime_code_gen_count,B_time_check_count,B_trigger_condition_count,B_obfuscation_method_count,B_has_identifier_obfuscation,B_anti_debug_count,B_anti_vm_count,B_env_check_count,B_total_obfuscation_score,B_total_evasion_score,B_total_logic_bomb_score,C_total_api_calls,C_unique_api_calls,C_max_call_depth,C_api_sequence_score,C_suspicious_sequence_count,C_has_suspicious_sequence,C_control_flow_complexity,C_max_nesting_depth,C_matched_signature_count,C_max_signature_confidence,C_file_and_network,C_crypto_and_network,C_persistence_behavior,C_data_exfil_behavior,C_total_behavioral_risk,label,source,package_name
aiohttp,133,4,True,False,True,232,831,3,298,0.04313871327631089,7,29,0,3,True,32,0,True,0,0,False,443,5,5378,0.0823726292301971,3.604431135752387,5.194729486133922,4,0,0,0,0,1,0,3,0,2,22,1,0,0,1,23,1,2,830,421,5,30.0,3,1,442,6,2,0.8,1,1,1,1,110,0,benign,aiohttp
alabaster,4,1,True,False,False,3,12,0,9,0.017341040462427744,0,1,0,0,False,1,0,True,0,0,False,3,2,173,0.017341040462427744,3.3554857224180386,4.4950228077023855,0,0,0,0,0,0,0,0,1,0,0,1,0,0,0,0,0,1,12,9,3,0.0,0,0,2,2,0,0.0,0,0,0,0,0,0,benign,alabaster
annotated-types,36,0,False,False,False,39,254,0,51,0.0493046776232617,0,0,0,0,False,25,0,True,0,0,False,33,4,791,0.041719342604298354,3.5709423729242324,4.294472789205118,0,0,0,0,0,0,0,0,0,1,0,1,0,0,1,0,1,1,254,62,4,0.0,0,0,32,4,0,0.0,0,0,0,0,0,0,benign,annotated-types
anyio,208,8,True,True,True,113,387,2,188,0.04366306027820711,7,12,4,2,True,22,1,True,0,0,False,153,5,2588,0.05911901081916538,3.603060903739967,4.389028762371006,0,0,0,0,0,0,0,2,0,0,0,1,0,0,2,0,2,0,384,242,3,10.0,1,1,152,7,0,0.0,1,0,1,1,50,0,benign,anyio
asgiref,54,1,True,False,False,61,291,0,133,0.03290183387270766,2,19,2,0,True,15,0,True,0,0,False,135,5,1854,0.07281553398058252,3.5378606947973226,4.66210051467677,2,0,0,0,0,1,0,0,1,1,9,1,0,0,1,10,1,2,290,173,3,200.0,20,1,134,5,0,0.0,1,0,1,1,240,0,benign,asgiref
asttokens,47,0,False,False,False,92,296,1,108,0.05778894472361809,0,4,0,1,False,45,0,True,0,0,False,117,5,1592,0.07349246231155779,3.4204616533673358,4.297699962736025,0,0,0,0,0,0,0,1,0,0,1,1,0,0,1,1,1,0,292,128,4,0.0,0,0,116,5,0,0.0,0,0,0,0,0,0,benign,asttokens
attrs,32,1,True,False,False,91,225,1,96,0.049429657794676805,0,3,0,1,False,19,0,True,0,0,False,87,2,1841,0.047256925583921784,3.6495147803899477,4.581027778277359,2,0,0,0,0,0,0,1,0,1,0,1,0,0,1,0,1,1,225,100,4,0.0,0,0,86,2,0,0.0,0,0,0,0,0,0,benign,attrs
autopep8,0,0,False,False,False,0,0,0,0,0.0,0,0,0,0,False,0,0,False,0,0,False,0,0,0,0.0,3.2190647417906217,5.1699250014423095,11,0,0,0,0,1,0,0,0,3,0,0,0,0,1,1,1,3,0,0,0,0.0,0,0,0,0,0,0.0,0,0,0,0,0,0,benign,autopep8
azure-identity,31,1,True,False,False,20,44,1,32,0.03241491085899514,0,1,0,1,False,0,0,False,0,0,False,10,2,617,0.01620745542949757,3.4573585245670544,4.83808948937662,1,0,0,0,0,0,1,0,0,1,0,1,0,0,0,0,0,1,44,32,2,0.0,0,0,9,3,2,0.6000000000000001,0,0,0,0,40,0,benign,azure-identity
azure-storage-blob,130,1,True,False,False,153,1073,2,212,0.01972412014954235,4,41,0,2,True,37,0,True,0,0,False,326,5,7757,0.042026556658501996,3.4535228197941428,4.677200488183559,4,0,0,0,0,0,2,0,0,1,6,1,0,0,0,6,0,1,1073,257,3,0.0,0,0,325,5,2,0.7,1,1,0,1,80,0,benign,azure-storage-blob
babel,78,6,True,True,False,310,1138,23,304,0.04475887958417557,4,74,0,23,True,84,1,True,0,0,False,483,19,6926,0.06973722206179613,3.4380601806808584,5.3219280948873635,6,0,0,0,0,0,0,23,2,2,2,1,0,0,0,2,0,4,1137,433,4,0.0,0,0,482,19,1,0.4,0,0,1,1,45,0,benign,babel
backcall,17,1,True,False,False,49,216,1,55,0.0384917517674784,0,7,0,1,True,27,1,True,0,0,False,123,6,1273,0.09662215239591516,3.5525870121999756,4.221928094887362,0,0,0,0,0,0,0,1,0,1,0,1,0,0,1,0,1,1,213,74,3,0.0,0,0,122,7,0,0.0,0,0,0,0,0,0,benign,backcall
bcrypt,7,0,False,False,False,33,99,0,18,0.054635761589403975,0,0,8,0,True,0,0,False,0,0,False,3,2,604,0.004966887417218543,3.8670888212650767,5.269146220500344,33,0,10,0,0,0,0,0,0,0,0,1,0,0,0,10,0,0,99,18,3,0.0,0,0,2,2,0,0.0,0,0,0,0,0,0,benign,bcrypt
beautifulsoup4,81,0,False,False,False,253,728,16,187,0.03777246939384891,3,6,0,16,True,94,0,True,0,0,False,410,7,6698,0.06121230217975515,3.5980643501397984,4.955869224267572,7,0,0,0,0,1,0,16,1,0,18,1,0,0,1,19,1,1,725,281,3,0.0,0,0,409,7,1,0.4,0,0,0,1,45,0,benign,beautifulsoup4
black,73,10,True,True,False,41,361,4,156,0.029475197699496764,24,13,17,4,True,6,0,True,0,0,False,95,4,1391,0.0682961897915169,3.6137505649317387,4.988758439731456,6,0,0,0,0,1,0,4,0,2,5,1,0,1,1,6,2,2,361,180,3,10.0,1,1,94,4,0,0.0,1,0,1,1,50,0,benign,black
bleach,39,1,True,False,False,113,534,9,161,0.032452613440551406,6,7,0,9,True,30,0,True,0,0,False,309,6,3482,0.08874210224009191,3.4920968296754116,4.700439718141092,5,0,0,0,0,1,0,9,0,0,12,1,0,0,0,13,0,0,534,239,4,0.0,0,0,308,7,2,0.4,0,0,0,1,65,0,benign,bleach
blinker,41,1,False,False,False,75,297,0,70,0.06038647342995169,0,65,0,0,True,2,0,True,0,0,False,43,3,1242,0.03462157809983897,3.5316101363741343,4.382568083276077,0,0,0,0,0,0,0,0,0,0,0,1,0,0,0,0,0,0,295,96,2,0.0,0,0,42,3,0,0.0,0,0,0,0,0,0,benign,blinker
boto3,42,5,True,False,True,57,186,2,123,0.03598484848484849,9,9,0,2,True,6,0,True,0,0,False,45,3,1584,0.028409090909090908,3.6766240339004637,4.509102105323984,1,0,0,0,0,0,1,1,0,1,0,1,0,0,1,0,1,1,185,136,3,0.0,0,0,44,3,1,0.4,0,0,0,0,20,0,benign,boto3
botocore,114,4,True,False,True,323,1117,2,392,0.048173005219985084,8,95,0,2,True,61,0,True,0,0,False,452,5,6705,0.0674123788217748,3.5330944745844652,6.087462841250345,10,0,0,0,0,1,0,2,1,3,39,1,0,0,0,40,0,4,1116,596,4,30.0,3,1,451,6,3,0.9000000000000001,1,1,1,1,130,0,benign,botocore
bottle,125,4,True,True,True,498,2346,12,429,0.08225966303270565,71,83,15,12,True,107,1,True,0,0,False,567,10,6054,0.09365708622398414,3.4696248367986495,4.595314279447134,3,0,0,0,0,1,2,10,1,2,41,1,0,0,1,42,1,3,2341,760,5,10.0,1,1,566,10,2,0.6000000000000001,1,1,1,1,90,0,benign,bottle
cachetools,33,0,False,False,False,223,1172,0,136,0.10178000912825194,5,66,0,0,True,14,0,True,0,0,False,109,5,2191,0.04974897307165678,3.708468202693361,4.292854743438331,0,0,0,0,0,0,0,0,0,1,0,1,0,0,0,0,0,1,1139,183,4,0.0,0,0,108,5,0,0.0,0,0,0,0,0,0,benign,cachetools
celery,116,3,True,False,False,563,1709,9,505,0.07403997895844293,22,53,3,9,True,161,0,True,0,0,False,514,6,7604,0.06759600210415571,3.500504757998802,4.648349187730916,2,0,0,0,0,0,3,6,0,4,2,1,0,1,0,2,1,4,1696,732,5,0.0,0,0,513,6,0,0.0,1,1,1,1,40,0,benign,celery
certifi,10,0,False,False,False,5,30,0,21,0.029239766081871343,4,0,0,0,False,0,0,False,0,0,False,7,2,171,0.04093567251461988,3.6376117810515924,4.542682803033967,1,0,0,0,0,0,0,0,0,0,0,1,0,0,1,0,1,0,30,22,3,0.0,0,0,6,2,0,0.0,0,0,0,0,0,0,benign,certifi
charset-normalizer,66,4,True,False,False,142,883,0,148,0.028298126743722597,3,0,21,0,True,17,0,True,0,0,False,265,6,5018,0.05280988441610203,3.5830580878713523,8.9628960053372,10,0,0,0,0,1,0,0,0,0,8,1,0,0,0,9,0,0,883,189,5,0.0,0,0,264,6,0,0.0,0,0,0,1,25,0,benign,charset-normalizer
click,173,4,True,True,False,320,1091,0,312,0.04336630979807562,28,23,1,0,True,59,0,True,0,0,False,555,8,7379,0.0752134435560374,3.6986763605316444,4.519831022883674,3,0,0,0,0,1,0,0,0,1,5,1,0,0,0,6,0,1,1085,454,4,0.0,0,0,554,8,3,0.4,0,0,0,1,85,0,benign,click
colorama,42,1,True,False,False,122,506,2,131,0.08031599736668861,11,0,0,2,True,7,0,True,0,0,False,94,5,1519,0.06188281764318631,3.5881991891512772,4.481191519327632,0,0,0,0,0,0,0,2,0,1,1,1,0,0,0,1,0,1,506,150,4,0.0,0,0,93,5,0,0.0,0,0,0,0,0,0,benign,colorama
configparser,43,13,True,False,False,230,1826,10,191,0.0564140299239637,30,96,0,10,True,16,0,True,0,0,False,196,5,4077,0.04807456463085602,3.5404969045507118,4.694497832541551,4,0,0,0,0,0,0,10,0,0,2,1,0,0,1,2,1,0,1826,326,4,0.0,0,0,195,6,0,0.0,0,0,0,1,25,0,benign,configparser
contourpy,60,0,False,False,False,28,214,0,82,0.04,0,3,0,0,False,3,0,True,0,0,False,79,7,700,0.11285714285714285,3.6600118768615317,4.572176129195554,2,0,0,0,0,0,0,0,0,1,0,1,0,0,0,0,0,1,214,90,3,0.0,0,0,78,8,0,0.0,0,0,0,0,0,0,benign,contourpy
coverage,83,7,True,True,False,61,558,4,175,0.02389345867606737,29,16,3,4,True,6,1,True,0,0,False,196,6,2553,0.07677242459851155,3.6604549850360333,4.863749485074333,7,0,0,0,0,0,0,4,1,3,1,1,0,0,1,1,1,4,557,238,4,10.0,1,1,195,6,1,0.5,1,0,1,1,70,0,benign,coverage
cssselect,36,0,False,False,False,189,1039,10,135,0.04881198347107438,0,3,0,10,False,18,0,True,0,0,False,167,10,3872,0.0431301652892562,3.557120065167614,5.357509133144316,16,0,0,0,0,0,0,10,0,0,4,1,0,0,0,4,0,0,1039,185,4,0.0,0,0,166,10,0,0.0,0,0,0,0,0,0,benign,cssselect
cycler,7,0,False,False,False,30,114,0,35,0.052083333333333336,1,1,0,0,False,11,0,True,0,0,False,39,3,576,0.06770833333333333,3.926778723184465,4.3429789512274235,0,0,0,0,0,0,0,0,0,0,0,1,0,0,0,0,0,0,114,42,2,0.0,0,0,38,3,0,0.0,0,0,0,0,0,0,benign,cycler
decorator,28,0,False,False,False,161,599,3,131,0.04966070326958667,0,4,2,3,True,23,1,True,0,0,False,79,4,3242,0.024367674275138803,3.395290963711296,4.161953223919209,0,0,0,0,0,0,0,3,1,0,0,1,0,0,0,0,0,1,578,166,3,0.0,0,0,78,4,0,0.0,0,0,1,0,0,0,benign,decorator
defusedxml,65,2,True,True,False,109,429,1,120,0.07659873506676036,9,0,2,1,True,7,0,True,0,0,False,67,3,1423,0.04708362614195362,3.4650965158784435,4.694551758782525,5,0,0,0,0,0,1,0,0,0,1,1,0,0,1,1,1,0,429,153,3,0.0,0,0,66,3,0,0.0,0,0,1,0,0,0,benign,defusedxml
django,40,2,True,False,False,60,353,0,105,0.023483365949119372,0,3,0,0,False,33,0,True,0,0,False,107,4,2555,0.04187866927592955,3.387641274796649,4.71380025114243,1,0,0,0,0,0,0,0,0,2,0,1,0,0,0,0,0,2,352,131,2,0.0,0,0,106,5,2,0.6000000000000001,0,0,0,0,40,0,benign,django
docker,63,2,True,False,False,100,391,0,158,0.052994170641229466,10,15,0,0,True,16,0,True,0,0,False,166,6,1887,0.08797032326444092,3.7172105029232547,4.791635874011298,4,0,0,0,0,0,0,0,0,2,5,1,0,0,0,5,0,2,391,209,4,40.0,4,1,165,6,3,0.7,1,0,0,1,140,0,benign,docker
docutils,80,4,True,False,False,382,1165,7,304,0.04584733557369179,28,24,3,7,True,121,0,True,0,0,False,563,4,8332,0.06757081132981277,3.6689100513829374,4.594465636961453,2,0,0,0,0,1,0,7,0,2,17,1,0,0,1,18,1,2,1162,496,3,0.0,0,0,562,5,1,0.4,0,0,1,1,45,0,benign,docutils
dramatiq,82,4,True,False,False,124,469,1,182,0.04979919678714859,12,4,1,1,True,39,0,True,0,0,False,165,4,2490,0.06626506024096386,3.6877055579016846,4.59508767840253,2,0,0,0,0,0,0,1,0,2,6,1,0,0,1,6,1,2,466,247,4,20.0,2,1,164,7,0,0.0,1,0,1,1,60,0,benign,dramatiq
elasticsearch,105,2,True,False,False,138,362,0,86,0.028459476180655804,0,9,0,0,True,27,0,True,0,0,False,71,5,4849,0.014642194266859147,3.356807220114101,4.4280364358918565,0,0,0,0,0,0,0,0,0,2,2,1,0,0,0,2,0,2,360,94,3,0.0,0,0,70,6,1,0.4,1,0,0,0,35,0,benign,elasticsearch
exceptiongroup,52,2,True,False,False,58,276,0,83,0.0445468509984639,2,1,0,0,False,44,0,True,0,0,False,161,5,1302,0.12365591397849462,3.6538845380233296,4.555330863445171,1,0,0,0,0,0,0,0,0,0,0,1,0,0,1,0,1,0,276,104,4,0.0,0,0,160,5,0,0.0,0,0,0,0,0,0,benign,exceptiongroup
executing,69,0,False,False,False,82,649,2,169,0.03213166144200627,0,7,0,2,True,114,0,True,0,0,False,283,9,2552,0.11089341692789968,3.1906205814233948,4.789148671903072,1,0,0,0,0,0,0,2,0,0,1,1,0,0,1,1,1,0,649,191,3,10.0,1,1,282,9,0,0.0,0,0,0,0,10,0,benign,executing
fabric,57,4,True,False,True,97,388,1,165,0.03494236311239193,8,16,5,1,True,17,1,True,0,0,False,127,3,2776,0.0457492795389049,3.468964994800959,4.500369179406021,1,0,0,0,0,0,0,1,0,2,0,1,0,0,0,0,0,2,386,227,4,30.0,3,1,126,3,2,0.7,1,1,1,1,110,0,benign,fabric
fastapi,32,1,True,False,False,1,40,0,8,0.0034965034965034965,0,5,0,0,False,0,0,False,0,0,False,12,1,286,0.04195804195804196,3.3309949920979234,3.8848588918890474,0,0,0,0,0,0,0,0,0,0,0,0,0,0,0,0,0,0,40,9,1,0.0,0,0,11,1,0,0.0,0,0,0,0,0,0,benign,fastapi
filelock,92,6,True,False,False,49,226,0,61,0.03485064011379801,4,1,0,0,False,0,0,False,0,0,False,57,3,1406,0.04054054054054054,3.7885870617664494,4.3196544508904715,0,0,0,0,0,0,0,0,0,2,0,1,0,0,1,0,1,2,226,76,2,10.0,1,1,56,4,0,0.0,0,0,1,0,10,0,benign,filelock
flake8,94,2,True,False,False,112,346,11,180,0.050473186119873815,5,2,2,11,True,16,0,True,0,0,False,151,7,2219,0.06804867057232988,3.7621379609088317,4.439710650151361,0,0,0,0,0,0,0,11,0,1,1,1,0,1,0,1,1,1,346,212,4,0.0,0,0,150,7,1,0.6000000000000001,0,0,1,0,20,0,benign,flake8
flask,37,0,False,False,False,26,97,0,52,0.06388206388206388,0,13,1,0,True,0,0,False,0,0,False,16,3,407,0.03931203931203931,3.607839066047046,4.512400646702278,1,0,0,0,0,0,0,0,0,0,0,1,0,0,0,0,0,0,97,61,3,10.0,1,1,15,3,0,0.0,1,1,0,1,50,0,benign,flask
fonttools,83,5,True,True,False,114,617,15,218,0.01343547436652917,21,8,1,15,True,20,0,True,0,0,False,285,26,8485,0.03358868591632292,3.5402819786418895,5.906890595608517,9,0,0,0,0,0,2,13,1,2,1,1,0,0,0,1,0,3,617,295,4,0.0,0,0,284,26,0,0.0,0,0,0,1,25,0,benign,fonttools
fsspec,92,7,True,True,False,136,770,3,252,0.03405960430753819,16,5,4,3,True,54,0,True,0,0,False,341,5,3993,0.08539944903581267,3.641984601988553,4.676466383271868,1,0,0,0,0,0,0,3,1,2,3,1,0,0,0,3,0,3,767,345,4,0.0,0,0,340,5,2,0.4,0,0,1,1,65,0,benign,fsspec
google-auth,71,3,True,False,False,164,429,2,134,0.04323754284207751,6,58,0,2,True,14,1,True,0,0,False,118,3,3793,0.0311099393619826,3.6811222784543367,4.870598259136084,4,0,0,0,0,1,0,2,0,2,9,1,0,0,0,10,0,2,429,181,4,10.0,1,1,117,3,2,0.6000000000000001,0,0,1,0,50,0,benign,google-auth
google-cloud-storage,175,2,True,False,False,378,1095,2,257,0.027209904981284193,18,129,0,2,True,19,1,True,0,0,False,386,6,13892,0.027785775986179095,3.59083021664976,4.7630543461722645,10,0,0,0,0,1,0,2,0,1,17,1,0,0,0,18,0,1,1095,386,5,20.0,2,1,385,6,2,0.7,1,1,1,1,100,0,benign,google-cloud-storage
html5lib,69,0,False,False,False,456,1684,15,241,0.048187678326112225,22,10,0,15,True,32,1,True,0,0,False,748,10,9463,0.07904470041213146,3.311953347724573,4.728196919071891,3,0,1,5,0,0,0,15,0,0,12,1,0,0,1,13,1,0,1683,359,3,0.0,0,0,747,10,0,0.0,0,0,1,1,25,0,benign,html5lib
httpx,124,3,True,False,False,281,1136,1,300,0.045550332306694766,19,24,0,1,True,97,0,True,0,0,False,398,7,6169,0.06451612903225806,3.6407622103296777,4.804562035482343,5,0,0,0,0,1,0,1,0,2,85,1,0,0,0,86,0,2,1135,449,3,80.0,8,1,397,7,3,0.8,1,1,0,1,180,0,benign,httpx
idna,24,0,False,False,False,137,542,2,163,0.009602579378986472,2,2,0,2,False,6,0,True,0,0,False,141,8,14267,0.009882946660124764,3.297882562499866,4.440223928941852,0,0,0,5,0,1,0,2,0,0,43,1,0,0,0,44,0,0,538,184,4,0.0,0,0,140,8,0,0.0,0,0,0,0,0,0,benign,idna
imageio,59,4,True,False,False,59,597,1,96,0.015662330767188745,10,2,0,1,True,9,0,True,0,0,False,80,6,3767,0.02123705866737457,3.650946828946501,4.782061078021725,1,0,0,0,0,0,0,1,0,0,0,1,0,0,0,0,0,0,597,115,5,0.0,0,0,79,6,0,0.0,1,0,0,0,15,0,benign,imageio
imagesize,23,4,True,False,False,49,368,0,39,0.0649867374005305,31,25,0,0,True,2,0,True,0,0,False,98,14,754,0.129973474801061,3.720233111617663,4.714599367600953,3,0,0,0,0,0,0,0,0,0,3,1,0,0,0,3,0,0,368,40,3,0.0,0,0,97,15,0,0.0,1,0,0,0,15,0,benign,imagesize
importlib-metadata,24,0,False,False,False,38,112,0,66,0.053824362606232294,0,0,1,0,False,6,0,True,0,0,False,30,5,706,0.042492917847025496,3.5881454024330366,4.694497832541551,1,0,0,0,0,0,0,0,0,0,0,1,0,0,0,0,0,0,111,71,4,0.0,0,0,29,5,0,0.0,0,0,0,0,0,0,benign,importlib-metadata
iniconfig,25,1,True,False,False,66,163,0,44,0.07415730337078652,4,10,0,0,True,0,0,False,0,0,False,38,5,890,0.04269662921348315,3.492938982645552,4.370907845552563,0,0,0,0,0,0,0,0,0,0,0,1,0,0,0,0,0,0,163,58,2,0.0,0,0,37,5,2,0.4,0,0,0,1,65,0,benign,iniconfig
ipython,60,6,True,True,False,49,357,10,138,0.03165374677002584,21,5,4,9,True,11,1,True,0,0,False,112,5,1548,0.07235142118863049,3.483020058434752,4.822821618674065,2,0,0,0,0,0,0,9,0,3,1,1,0,0,1,1,1,3,357,190,4,30.0,3,1,111,5,0,0.0,0,0,1,1,55,0,benign,ipython
isort,48,3,True,True,False,55,399,5,113,0.031482541499713794,37,1,1,4,True,1,0,True,0,0,False,180,16,1747,0.10303377218088151,3.7007467359715545,4.664319057082479,2,0,0,0,0,0,0,4,1,0,1,1,0,0,0,1,0,1,399,167,4,0.0,0,0,179,16,0,0.0,0,0,0,1,25,0,benign,isort
itsdangerous,89,0,False,False,False,66,185,0,76,0.05030487804878049,3,0,0,0,False,7,0,True,0,0,False,67,4,1312,0.051067073170731704,3.641490243512746,4.296580655376752,0,0,0,0,0,0,0,0,1,1,6,1,0,0,0,6,0,2,185,93,3,0.0,0,0,66,4,0,0.0,0,0,0,0,0,0,benign,itsdangerous
jedi,49,7,True,False,False,87,294,1,133,0.051816557474687316,11,2,5,1,True,16,0,True,0,0,False,124,6,1679,0.07385348421679572,3.5048496455423317,4.549761383184821,1,0,0,0,0,0,1,0,1,3,0,1,1,1,1,0,3,4,289,150,3,10.0,1,1,123,6,1,0.5,1,0,1,1,70,0,benign,jedi
jinja2,130,5,True,False,False,227,1178,8,297,0.048954065128315724,149,11,2,8,True,43,1,True,0,0,False,396,5,4637,0.08540004313133491,3.6949315409838324,4.646967661578215,7,0,0,0,0,0,0,8,0,1,5,1,0,0,1,5,1,1,1178,404,3,0.0,0,0,395,5,1,0.5,0,0,1,1,45,0,benign,jinja2
jmespath,33,0,False,False,False,183,494,1,153,0.10292463442069741,12,7,0,1,True,31,0,True,0,0,False,171,18,1778,0.09617547806524185,3.4825853470189347,4.489199419023813,0,0,0,0,0,0,0,1,0,0,0,1,0,0,0,0,0,0,494,183,3,0.0,0,0,170,18,0,0.0,0,0,0,0,0,0,benign,jmespath
joblib,65,8,True,False,False,93,371,1,151,0.0442225392296719,5,2,0,1,True,49,0,True,0,0,False,182,5,2103,0.0865430337612934,3.6259642962625014,4.736978884017096,3,0,0,0,0,0,0,1,0,1,3,1,0,0,1,3,1,1,371,173,4,0.0,0,0,181,5,0,0.0,0,0,1,0,0,0,benign,joblib
jsonschema,99,1,True,False,False,223,863,3,220,0.049423758865248225,10,21,18,3,True,49,0,True,0,0,False,360,6,4512,0.0797872340425532,3.492201543973525,4.515687168365667,1,0,0,0,0,0,0,3,0,0,2,1,0,0,0,2,0,0,852,299,4,0.0,0,0,359,6,0,0.0,1,1,0,1,40,0,benign,jsonschema
jupyter-client,104,5,True,False,True,150,644,7,228,0.043153049482163405,17,37,0,6,True,47,1,True,0,0,False,247,4,3476,0.07105868814729574,3.5031323523326634,4.613337314045308,1,0,0,0,0,0,0,6,1,2,5,1,0,0,0,5,0,3,644,323,3,40.0,4,1,246,5,2,0.7,1,0,1,1,120,0,benign,jupyter-client
jupyter-core,80,7,True,True,False,74,647,2,195,0.02853837254145777,16,25,1,1,True,8,0,True,0,0,False,225,6,2593,0.08677207867335134,3.643989710461207,5.046074725884669,18,0,0,0,0,0,1,0,0,4,1,1,0,0,1,1,1,4,647,258,4,0.0,0,0,224,6,0,0.0,0,0,1,1,25,0,benign,jupyter-core
jupyterlab-pygments,4,0,False,False,False,1,0,0,0,0.006289308176100629,0,0,0,0,False,0,0,False,0,0,False,2,0,159,0.012578616352201259,3.7788293286294703,4.1136085007312415,0,0,0,0,0,0,0,0,0,0,0,1,0,0,0,0,0,0,0,0,0,0.0,0,0,1,1,0,0.0,0,0,0,0,0,0,benign,jupyterlab-pygments
keras,186,0,False,False,False,0,0,0,0,0.0,0,0,0,0,False,0,0,False,0,0,False,1,0,333,0.003003003003003003,0.0,0.0,0,0,0,0,0,0,0,0,0,0,0,0,0,0,0,0,0,0,0,0,0,0.0,0,0,0,0,0,0.0,0,0,0,0,0,0,benign,keras
kiwisolver,28,0,False,False,False,37,486,0,48,0.02624113475177305,0,0,0,0,False,26,0,True,0,0,False,25,2,1410,0.01773049645390071,3.4804269817369993,4.192341514558439,0,0,0,0,0,0,0,0,0,0,0,1,0,0,1,0,1,0,486,93,4,0.0,0,0,24,2,0,0.0,0,0,0,0,0,0,benign,kiwisolver
kubernetes,844,2,True,False,False,124,799,0,131,0.017699115044247787,7,129,0,0,True,23,0,True,0,0,False,447,7,7006,0.06380245503853839,3.4783832448442364,4.38417095930969,0,0,0,0,0,0,0,0,0,2,1,1,0,0,1,1,1,2,799,155,3,0.0,0,0,446,7,2,0.6000000000000001,0,0,0,1,65,0,benign,kubernetes
loguru,62,5,True,False,False,103,514,2,194,0.05312016503352243,11,0,0,2,True,22,0,True,0,0,False,252,10,1939,0.1299638989169675,3.3736773636782704,4.447353881126075,0,0,0,0,0,0,0,2,1,1,3,1,0,0,1,3,1,2,513,248,3,0.0,0,0,251,10,1,0.4,0,0,0,0,20,0,benign,loguru
lxml,30,1,True,False,False,98,419,3,150,0.0506198347107438,5,14,0,3,True,22,0,True,0,0,False,234,6,1936,0.12086776859504132,3.491205183796865,4.662016252639433,1,0,0,0,0,0,0,3,0,0,2,1,0,0,0,2,0,0,418,208,3,0.0,0,0,233,6,0,0.0,1,0,0,1,40,0,benign,lxml
markdown,65,1,True,False,False,173,992,40,226,0.0449467394128345,24,19,4,40,True,25,0,True,0,0,False,327,10,3849,0.08495713172252534,3.710306193027831,4.818821544896357,3,0,0,0,0,0,0,40,0,1,1,1,0,0,0,1,0,1,989,369,4,0.0,0,0,326,10,0,0.0,0,0,1,1,25,0,benign,markdown
markupsafe,53,1,True,False,False,101,351,0,100,0.10575916230366492,0,1,1,0,False,24,0,True,0,0,False,40,3,955,0.041884816753926704,3.6153551636456833,4.458014892280303,0,0,0,0,0,0,0,0,0,1,0,1,0,0,1,0,1,1,351,107,5,0.0,0,0,39,3,0,0.0,0,0,0,0,0,0,benign,markupsafe
marshmallow,62,0,False,False,False,164,586,0,160,0.04037419990152634,0,10,0,0,True,70,0,True,0,0,False,267,5,4062,0.06573116691285082,3.569697185045073,4.555933856417217,1,0,0,0,0,0,0,0,0,1,0,1,0,0,0,0,0,1,586,216,3,0.0,0,0,266,6,0,0.0,0,0,0,0,0,0,benign,marshmallow
matplotlib-inline,17,0,False,False,False,16,77,0,46,0.034782608695652174,1,0,0,0,False,3,0,True,0,0,False,30,2,460,0.06521739130434782,3.646469899751775,4.299466062710611,0,0,0,0,0,0,0,0,0,0,0,1,0,0,0,0,0,0,77,52,2,0.0,0,0,29,4,0,0.0,0,0,0,0,0,0,benign,matplotlib-inline
mistune,47,1,True,False,False,91,494,33,120,0.042823529411764705,6,5,0,33,True,2,0,True,0,0,False,206,7,2125,0.09694117647058824,3.411466847383233,4.784452331222564,5,0,0,0,0,0,0,33,1,0,1,1,0,0,1,1,1,1,494,202,3,0.0,0,0,205,7,0,0.0,0,0,0,0,0,0,benign,mistune
mock,66,3,True,True,False,355,1653,4,339,0.06816436251920123,23,16,84,4,True,142,1,True,0,0,False,418,6,5208,0.08026113671274962,3.485678561277719,4.56348994606772,2,0,0,0,0,0,2,2,0,1,1,1,0,0,1,1,1,1,1652,457,6,0.0,0,0,417,6,0,0.0,0,0,1,1,25,0,benign,mock
msgpack,31,2,True,False,False,104,500,0,98,0.06231276213301378,54,2,0,0,True,27,0,True,0,0,False,193,16,1669,0.11563810665068903,3.3281325892380536,4.298363967342999,0,0,10,0,0,0,0,0,1,3,2,1,0,0,0,12,0,4,500,117,3,0.0,0,0,192,16,0,0.0,0,0,0,0,0,0,benign,msgpack
mypy,77,5,True,True,False,66,454,0,144,0.031294452347083924,5,4,3,0,True,59,0,True,0,0,False,181,8,2109,0.0858226647700332,3.4597948697212706,4.533643863468258,1,0,0,0,0,0,0,0,0,1,1,1,0,0,1,1,1,1,454,186,3,0.0,0,0,180,8,0,0.0,0,0,1,0,0,0,benign,mypy
mysql-connector-python,87,10,True,True,False,87,1028,7,229,0.022786799371398637,55,32,22,7,True,2,1,True,0,0,False,318,5,3818,0.08328968046097433,3.6182507548879035,4.851365993588128,14,0,0,0,0,1,0,7,2,3,4,1,0,1,1,5,2,5,1028,339,6,50.0,5,1,317,5,0,0.0,1,0,1,1,90,0,benign,mysql-connector-python
nbclient,64,1,True,False,False,44,464,3,162,0.02118440057775638,3,32,0,3,True,21,0,True,0,0,False,157,4,2077,0.07558979297063072,3.3924225733010056,4.436976096875282,0,0,0,0,0,0,0,3,0,1,4,1,0,0,0,4,0,1,464,209,4,10.0,1,1,156,5,0,0.0,1,0,1,1,50,0,benign,nbclient
nbconvert,39,4,True,False,False,27,222,4,109,0.019148936170212766,23,2,0,4,True,7,1,True,0,0,False,56,4,1410,0.03971631205673759,3.5083026135658213,4.539954558658175,2,0,0,0,0,0,0,4,0,1,0,1,0,0,1,0,1,1,222,129,4,20.0,2,1,55,4,0,0.0,1,0,1,1,60,0,benign,nbconvert
nbformat,52,3,True,False,False,78,290,1,134,0.047244094488188976,13,8,0,1,True,15,0,True,0,0,False,99,5,1651,0.05996365838885524,3.5869773841664716,4.836080318455742,2,0,0,0,0,0,0,1,0,1,5,1,0,0,0,5,0,1,290,159,3,30.0,3,1,98,5,0,0.0,1,0,1,1,70,0,benign,nbformat
netmiko,68,5,True,False,True,145,775,1,217,0.03780964797913951,11,14,0,1,True,22,0,True,0,0,False,327,6,3835,0.08526727509778358,3.6734369462370475,4.849509760847633,3,0,0,0,0,1,0,1,1,3,19,1,0,0,0,20,0,4,775,284,4,90.0,9,1,326,6,3,0.7,1,1,1,1,190,0,benign,netmiko
networkx,43,3,True,True,False,14,207,0,97,0.014553014553014554,1,2,11,0,True,0,0,False,0,0,False,31,3,962,0.032224532224532226,3.609686016179664,4.502312540485656,1,0,0,0,0,0,0,0,0,0,0,1,0,0,0,0,0,0,207,108,3,0.0,0,0,30,3,0,0.0,1,0,0,1,40,0,benign,networkx
nltk,94,6,True,True,False,414,2273,34,441,0.04767937348842566,36,34,6,26,True,172,1,True,0,0,False,840,12,8683,0.09674075780260279,3.56441612342619,4.588421175007884,1,0,0,0,0,1,0,26,1,2,6,1,0,0,0,7,0,3,2268,715,4,0.0,0,0,839,12,1,0.4,1,1,0,1,60,0,benign,nltk
numpy,28,1,True,False,False,33,160,0,64,0.021526418786692758,0,1,0,0,False,5,0,True,0,0,False,40,2,1533,0.02609262883235486,3.6541700519658797,4.701746263386654,2,0,0,0,0,0,0,0,0,0,0,1,0,0,0,0,0,0,160,69,4,0.0,0,0,39,2,0,0.0,0,0,0,0,0,0,benign,numpy
oauthlib,37,0,False,False,False,119,340,2,109,0.04383057090239411,2,1,0,2,False,25,0,True,0,0,False,64,2,2715,0.023572744014732964,3.6488122641004006,5.5849625007211605,8,0,0,0,0,1,0,2,1,0,26,1,0,0,0,27,0,1,340,145,3,0.0,0,0,63,3,2,0.6000000000000001,0,0,0,0,40,0,benign,oauthlib
opencv-python,22,4,True,False,False,57,214,3,64,0.09178743961352658,2,2,1,2,False,22,1,True,0,0,False,68,5,621,0.10950080515297907,3.824153517546389,4.6875,5,0,0,0,0,0,0,2,0,3,0,1,0,1,1,0,2,3,214,69,4,10.0,1,1,67,5,0,0.0,0,0,1,0,10,0,benign,opencv-python
openpyxl,54,1,True,False,False,76,237,1,90,0.060654429369513166,9,5,0,1,True,27,0,True,0,0,False,81,6,1253,0.06464485235434957,3.661512661111119,4.36141101449935,0,0,0,0,0,0,0,1,0,1,0,1,0,0,0,0,0,1,237,106,3,10.0,1,1,80,6,0,0.0,0,0,1,0,10,0,benign,openpyxl
orjson,2,0,False,False,False,0,0,0,0,0.0,0,0,0,0,False,0,0,False,0,0,False,1,0,30,0.03333333333333333,3.3590554589157664,3.8268748818646365,0,0,0,0,0,0,0,0,0,0,0,1,0,0,0,0,0,0,0,0,0,0.0,0,0,0,0,0,0.0,0,0,0,0,0,0,benign,orjson
packaging,75,5,True,True,False,171,743,9,207,0.04075309818875119,6,7,7,9,True,52,1,True,0,0,False,315,5,4196,0.07507149666348904,3.45245226871547,4.648243205915916,1,0,0,0,0,0,0,9,0,3,3,1,0,1,1,3,2,3,741,288,5,0.0,0,0,314,6,0,0.0,0,0,1,0,0,0,benign,packaging
pandas,95,6,True,True,False,161,541,1,145,0.04263771186440678,1,6,1,1,True,14,0,True,0,0,False,128,8,3776,0.03389830508474576,3.4289282543579067,4.5366702556565315,1,0,0,0,0,0,1,0,0,2,1,1,0,0,1,1,1,2,540,178,4,0.0,0,0,127,8,0,0.0,0,0,0,0,0,0,benign,pandas
pandocfilters,12,2,True,False,False,14,95,0,34,0.040229885057471264,8,2,0,0,True,4,0,True,0,0,False,29,6,348,0.08333333333333333,3.6677814881932966,4.272140159802108,0,0,0,0,0,0,0,0,0,0,1,1,0,0,0,1,0,0,94,39,4,0.0,0,0,28,6,0,0.0,0,0,1,1,25,0,benign,pandocfilters
paramiko,94,15,True,False,True,124,899,8,231,0.04154103852596315,29,42,0,0,True,8,0,True,0,0,False,234,9,2985,0.07839195979899498,3.643543168848981,5.228074536053747,3,0,0,0,0,0,0,0,1,3,2,1,0,0,0,2,0,4,899,313,4,110.0,11,1,233,9,2,0.9000000000000001,1,1,1,1,190,0,benign,paramiko
parso,59,6,True,False,False,134,322,0,169,0.06285178236397748,14,3,2,0,True,17,0,True,0,0,False,149,3,2132,0.0698874296435272,3.4595468624818886,4.391993045782167,0,0,0,0,0,0,0,0,1,2,2,1,0,1,1,2,2,3,322,196,4,0.0,0,0,148,4,0,0.0,1,1,1,0,15,0,benign,parso
passlib,89,4,True,False,False,210,766,0,224,0.03260869565217391,15,18,0,0,True,51,0,True,0,0,False,320,6,6440,0.049689440993788817,3.7067325988112523,6.1699250014423175,7,0,0,0,0,1,0,0,0,2,12,1,0,0,0,13,0,2,765,309,3,0.0,0,0,319,6,3,0.4,0,0,0,1,85,0,benign,passlib
pdf2image,25,4,True,True,False,21,199,0,65,0.02275189599133261,13,3,5,0,True,9,0,True,0,0,False,78,4,923,0.08450704225352113,3.641894585737065,4.38076896270567,0,0,0,0,0,1,0,0,0,2,4,1,0,1,0,5,1,2,199,79,4,0.0,0,0,77,4,0,0.0,0,0,1,1,25,0,benign,pdf2image
pdfplumber,92,2,True,True,False,154,600,2,215,0.061971830985915494,12,25,1,2,True,57,1,True,0,0,False,223,6,2485,0.089738430583501,3.522743805732005,4.442465561727941,0,0,0,0,0,1,0,2,0,0,7,1,0,0,0,8,0,0,598,277,4,0.0,0,0,222,6,0,0.0,0,0,1,0,0,0,benign,pdfplumber
pexpect,58,5,True,False,False,38,470,2,83,0.0219526285384171,28,2,0,2,True,0,0,False,0,0,False,130,16,1731,0.07510109763142692,3.5525665268747626,4.711360762349738,2,0,0,0,0,0,0,2,1,1,0,1,0,0,0,0,0,2,470,107,3,90.0,9,1,129,16,2,0.5,1,0,1,1,170,0,benign,pexpect
pickleshare,21,3,True,False,False,24,123,2,61,0.050955414012738856,8,4,0,2,True,1,1,True,0,0,False,49,4,471,0.1040339702760085,3.5711015899145817,4.344603305371516,0,0,0,0,0,0,0,2,0,1,0,1,0,0,1,0,1,1,123,75,3,10.0,1,1,48,4,0,0.0,0,0,0,0,10,0,benign,pickleshare
pillow,46,2,True,True,False,34,524,0,103,0.02216427640156454,15,46,1,0,True,19,0,True,0,0,False,208,7,1534,0.13559322033898305,3.522986845474612,4.537635087443512,2,0,1,0,0,1,0,0,0,2,5,1,0,0,3,7,3,2,524,130,4,0.0,0,0,207,7,0,0.0,0,0,0,1,25,0,benign,pillow
pip,110,7,True,True,False,132,486,0,203,0.049754994346023367,8,5,3,0,True,10,0,True,0,0,False,150,3,2653,0.05653976630229928,3.685815141486321,4.722027548259444,5,0,0,0,0,0,0,0,0,2,1,1,0,0,1,1,1,2,486,264,4,0.0,0,0,149,3,0,0.0,0,0,1,1,25,0,benign,pip
platformdirs,82,6,True,False,False,174,379,6,79,0.0800736309249885,3,16,0,6,True,9,0,True,0,0,False,92,3,2173,0.04233778186838472,3.6006090122872383,4.705700450638655,9,0,0,0,0,0,4,2,0,3,0,1,0,0,0,0,0,3,378,89,3,0.0,0,0,91,3,1,0.4,0,0,0,0,20,0,benign,platformdirs
playwright,130,1,False,True,False,882,2902,0,325,0.02063350956814673,0,18,2,0,True,18,0,True,0,0,False,29,3,42746,0.0006784260515603799,3.1776377591571263,4.189586855939285,0,0,0,0,0,0,0,0,1,1,0,1,0,0,0,0,0,2,2902,336,4,0.0,0,0,28,3,3,0.8,1,0,1,0,75,0,benign,playwright
pluggy,25,1,False,True,False,23,75,0,50,0.05623471882640587,0,0,0,0,False,0,0,False,0,0,False,14,3,409,0.034229828850855744,3.6018086133125906,4.5444138295776115,1,0,0,0,0,0,0,0,0,0,0,1,0,0,0,0,0,0,75,51,3,0.0,0,0,13,3,0,0.0,0,0,0,0,0,0,benign,pluggy
progressbar2,82,5,True,False,False,194,792,1,207,0.05403899721448468,26,13,0,1,True,19,0,True,0,0,False,249,5,3590,0.06935933147632312,3.5351166388298587,4.784142858171084,1,0,0,0,0,0,0,1,2,2,1,1,0,0,0,1,0,4,792,299,3,0.0,0,0,248,5,0,0.0,0,0,0,1,25,0,benign,progressbar2
prometheus-client,77,5,True,False,True,168,751,3,217,0.058031088082901555,10,29,0,3,True,26,1,True,0,0,False,253,8,2895,0.08739205526770294,3.662847994561584,4.7459284918210995,5,0,0,0,0,1,0,3,1,3,16,1,0,0,1,17,1,4,749,299,5,0.0,0,0,252,8,2,0.4,1,0,1,1,80,0,benign,prometheus-client
protobuf,54,2,True,False,False,135,1184,1,175,0.01946928179982694,2,1,0,1,False,21,1,True,0,0,False,242,9,6934,0.03490049033746755,3.549521922538419,4.933734293236479,8,0,10,0,0,1,0,1,0,1,37,1,0,0,0,48,0,1,1184,231,3,0.0,0,0,241,9,0,0.0,0,0,1,0,0,0,benign,protobuf
psycopg2-binary,47,1,True,False,False,204,631,9,162,0.05498652291105121,1,2,0,9,False,51,0,True,0,0,False,284,4,3710,0.07654986522911052,3.8416946677188033,4.947613208833765,7,0,0,0,0,1,0,9,1,1,14,1,0,0,0,15,0,2,631,242,4,0.0,0,0,283,5,2,0.4,1,1,1,1,80,0,benign,psycopg2-binary
ptyprocess,53,8,True,False,False,59,304,0,123,0.03644224830142063,34,2,0,0,True,9,0,True,0,0,False,125,4,1619,0.07720815318097592,3.622680861881031,4.311037868342278,0,0,0,0,0,1,0,0,1,3,13,1,0,0,1,14,1,4,303,168,3,110.0,11,1,124,5,2,0.5,1,0,1,1,190,0,benign,ptyprocess
pure-eval,47,1,True,False,False,111,494,5,109,0.06317586795674444,3,3,0,5,True,67,1,True,0,0,False,125,9,1757,0.07114399544678429,3.372898780089174,4.163856189774723,0,0,0,0,0,0,0,5,0,1,0,1,0,0,1,0,1,1,493,120,3,0.0,0,0,124,9,0,0.0,0,0,0,0,0,0,benign,pure-eval
pyasn1,44,3,True,False,False,91,753,0,188,0.022541491206341344,9,18,0,0,True,53,0,True,0,0,False,535,9,4037,0.13252415159772107,3.6142192392379213,4.423487650544801,0,0,0,0,0,0,0,0,0,1,1,1,0,0,0,1,0,1,753,221,4,0.0,0,0,534,9,0,0.0,0,0,0,0,0,0,benign,pyasn1
pyasn1-modules,31,0,False,False,False,4,903,0,160,0.002663115845539281,1,0,0,0,False,0,0,False,0,0,False,8,3,1502,0.005326231691078562,3.192303425424806,3.943465189601646,0,0,0,0,0,0,0,0,0,0,5,1,0,0,0,5,0,0,903,173,8,0.0,0,0,7,3,0,0.0,0,0,0,0,0,0,benign,pyasn1-modules
pycodestyle,55,2,True,False,False,153,887,23,187,0.03878326996197719,10,8,1,23,True,9,0,True,0,0,False,434,12,3945,0.1100126742712294,3.5713305238839594,4.548555858567652,1,0,0,0,0,0,0,23,1,1,0,1,0,0,1,0,1,2,886,309,4,0.0,0,0,433,12,0,0.0,0,0,0,1,25,0,benign,pycodestyle
pycryptodome,66,6,True,False,False,61,521,4,149,0.023561220548474315,15,18,2,4,True,10,1,True,0,0,False,156,4,2589,0.06025492468134415,3.568547611088193,6.0,1,0,0,0,0,0,1,3,0,1,4,1,0,0,1,4,1,1,521,196,5,0.0,0,0,155,4,0,0.0,1,1,1,0,15,0,benign,pycryptodome
pydantic,54,0,False,False,False,60,217,0,90,0.0225140712945591,0,1,0,0,False,23,0,True,0,0,False,73,3,2665,0.027392120075046905,3.4207776552105904,4.451039598340283,0,0,0,0,0,0,0,0,0,1,0,1,0,0,1,0,1,1,217,95,3,0.0,0,0,72,3,0,0.0,0,0,0,0,0,0,benign,pydantic
pydantic-core,26,0,False,False,False,104,113,0,20,0.02255476035567122,0,1,0,0,False,0,0,False,0,0,False,21,2,4611,0.004554326610279766,3.405955616942255,4.354861598446747,0,0,0,0,0,0,0,0,1,0,0,1,0,0,1,0,1,1,113,20,2,0.0,0,0,20,2,0,0.0,0,0,0,0,0,0,benign,pydantic-core
pyflakes,33,2,True,False,False,179,735,7,185,0.05992634750585872,17,6,1,7,True,159,1,True,0,0,False,324,6,2987,0.10847003682624708,3.5947238233928145,4.536286231168866,1,0,0,0,0,0,0,7,0,2,0,1,0,1,1,0,2,2,735,234,4,0.0,0,0,323,6,0,0.0,0,0,1,1,25,0,benign,pyflakes
pyjwt,69,1,True,False,False,108,534,0,168,0.047787610619469026,4,29,1,0,True,65,0,True,0,0,False,225,6,2260,0.09955752212389381,3.7648059382615817,4.658905484150671,3,0,0,0,0,1,0,0,0,2,27,1,0,1,0,28,1,2,533,205,4,0.0,0,0,224,6,2,0.4,1,1,1,1,80,0,benign,pyjwt
pylint,21,1,True,False,False,25,89,0,51,0.039936102236421724,5,0,0,0,False,0,0,False,0,0,False,25,4,626,0.039936102236421724,3.732336796961174,4.543851526544547,1,0,0,0,0,0,0,0,0,0,0,1,0,0,0,0,0,0,89,58,3,0.0,0,0,24,4,0,0.0,0,0,0,1,25,0,benign,pylint
pymongo,61,10,True,True,False,105,666,0,122,0.046583850931677016,31,5,6,0,True,4,0,True,0,0,False,195,4,2254,0.0865128660159716,3.490716531158026,5.107715620570162,11,0,0,0,0,0,0,0,0,2,0,1,0,0,1,0,1,2,666,166,4,0.0,0,0,194,4,0,0.0,1,1,1,1,40,0,benign,pymongo
pyparsing,26,1,True,False,False,140,926,3,212,0.033734939759036145,2,0,0,1,False,9,0,True,0,0,False,118,5,4150,0.028433734939759037,3.1956123219487926,4.947613208833765,3,0,0,0,0,0,0,1,0,0,0,1,0,0,0,0,0,0,883,305,6,0.0,0,0,117,5,1,0.4,0,0,1,0,20,0,benign,pyparsing
pypdf2,79,0,False,False,False,155,827,1,201,0.03773125608568646,5,26,0,1,True,49,0,True,0,0,False,341,11,4108,0.08300876338851022,3.428419475707471,4.562373354557566,2,0,0,0,0,1,0,1,0,0,41,1,0,0,0,42,0,0,827,277,7,0.0,0,0,340,11,0,0.0,0,0,0,1,25,0,benign,pypdf2
pytest,26,1,True,False,False,5,36,3,24,0.011467889908256881,0,0,1,3,False,0,1,False,0,0,False,10,1,436,0.022935779816513763,3.5695524806515,4.642053922799593,1,0,0,0,0,0,0,3,0,0,0,1,0,0,0,0,0,0,36,25,2,0.0,0,0,9,1,0,0.0,0,0,0,0,0,0,benign,pytest
pytest-cov,42,6,True,True,True,59,285,1,128,0.05207413945278023,19,1,0,1,True,14,0,True,0,0,False,96,3,1133,0.08473080317740513,3.62465967760726,4.631976249450903,1,0,0,0,0,0,0,1,0,1,0,1,0,0,1,0,1,1,285,147,3,0.0,0,0,95,3,0,0.0,1,0,1,0,15,0,benign,pytest-cov
python-dateutil,56,3,True,False,False,81,574,0,137,0.026662277814351546,10,5,0,0,True,37,0,True,0,0,False,357,11,3038,0.1175115207373272,3.4494921075140237,4.426733681937771,0,0,0,0,0,0,0,0,1,1,0,1,0,0,0,0,0,2,573,210,4,0.0,0,0,356,11,0,0.0,0,0,0,1,25,0,benign,python-dateutil
python-docx,47,3,True,False,False,151,356,6,39,0.09201706276660573,1,4,0,6,False,37,1,True,0,0,False,7,1,1641,0.0042656916514320535,3.6712576261098984,4.491861884754925,0,0,0,0,0,0,0,6,0,0,0,1,0,0,0,0,0,0,356,53,3,0.0,0,0,6,1,0,0.0,0,0,0,0,0,0,benign,python-docx
python-dotenv,46,4,True,True,False,90,308,3,130,0.0683371298405467,10,3,1,3,True,6,0,True,0,0,False,88,4,1317,0.06681852695520121,3.5783417651041094,4.83489131180732,1,0,0,0,0,0,1,2,0,1,1,1,1,0,0,1,1,1,308,145,2,0.0,0,0,87,4,0,0.0,0,0,1,1,25,0,benign,python-dotenv
pytz,60,3,True,False,False,169,809,0,149,0.043300025621316934,13,4,0,0,True,18,0,True,0,0,False,155,7,3903,0.03971304125032027,3.42548142983376,4.391993045782167,0,0,0,0,0,1,0,0,1,2,8,1,0,0,1,9,1,3,805,220,4,0.0,0,0,154,7,0,0.0,0,0,0,0,0,0,benign,pytz
redis,104,3,True,False,True,635,1742,3,433,0.06493506493506493,10,83,0,3,True,83,1,True,0,0,False,771,6,9779,0.0788424174250946,3.4859256155592337,4.568109533026568,4,0,0,0,0,1,0,3,0,1,15,1,0,0,0,16,0,1,1740,715,5,240.0,24,1,770,6,3,0.6000000000000001,1,1,1,1,340,0,benign,redis
requests,74,3,True,False,True,105,359,2,162,0.0457117979973879,5,13,3,2,True,44,1,True,0,0,False,159,5,2297,0.06922072268175881,3.6675671382471053,4.449462721374186,0,0,0,0,0,0,0,2,1,2,11,1,0,1,1,11,2,3,359,205,4,10.0,1,1,158,5,2,0.7,1,1,1,1,90,0,benign,requests
rich,128,3,True,False,False,178,788,3,257,0.03656532456861134,13,21,0,2,True,30,0,True,0,0,False,321,12,4868,0.06594083812654067,3.4891065786267688,4.627610069453238,5,0,0,0,0,0,0,2,0,1,5,1,0,0,0,5,0,1,788,340,5,0.0,0,0,320,12,2,0.4,0,0,1,1,65,0,benign,rich
rq,65,3,True,False,True,82,282,0,132,0.05678670360110803,1,2,0,0,False,4,0,True,0,0,False,79,3,1444,0.054709141274238225,3.756659867816005,4.515311532225102,3,0,0,0,0,0,0,0,1,1,2,1,0,0,0,2,0,2,282,179,2,0.0,0,0,78,4,1,0.5,1,1,0,0,35,0,benign,rq
rsa,48,1,True,False,False,92,379,0,139,0.03677058353317346,16,2,0,0,True,15,0,True,0,0,False,119,3,2502,0.04756195043964828,3.5767728646203105,4.430801987388406,0,0,9,0,0,0,0,0,0,0,9,1,0,0,1,18,1,0,379,161,5,10.0,1,1,118,4,0,0.0,1,1,0,1,50,0,benign,rsa
s3transfer,61,3,True,False,True,241,503,2,266,0.065882996172772,16,17,0,2,True,20,0,True,0,0,False,164,3,3658,0.0448332422088573,3.601821590262541,4.57035949906532,1,0,0,0,0,0,0,2,1,2,0,1,0,0,0,0,0,3,501,330,3,0.0,0,0,163,4,1,0.4,1,0,1,1,60,0,benign,s3transfer
scapy,149,8,True,True,True,302,1022,1,334,0.06952117863720074,14,57,8,1,True,94,0,True,0,0,False,447,8,4344,0.10290055248618785,3.450530799579117,4.526180668235663,1,0,0,0,0,0,1,0,1,1,5,1,0,0,1,5,1,2,1021,512,4,80.0,8,1,446,9,0,0.0,1,1,0,1,120,0,benign,scapy
scipy,67,2,True,False,False,105,940,0,226,0.01590186278964107,0,10,0,0,True,18,0,True,0,0,False,309,5,6603,0.04679691049522944,3.6579327748379935,4.907152765207853,13,0,0,0,0,0,0,0,0,2,0,1,0,0,1,0,1,2,940,276,4,0.0,0,0,308,5,1,0.6000000000000001,1,0,0,1,60,0,benign,scipy
scrapy,68,2,True,False,False,53,238,1,137,0.05165692007797271,3,5,2,1,True,3,0,True,0,0,False,76,5,1026,0.07407407407407407,3.696881049527865,4.774438337747362,2,0,0,0,0,0,0,1,0,2,0,1,0,0,1,0,1,2,238,148,3,0.0,0,0,75,5,0,0.0,1,0,1,1,40,0,benign,scrapy
seaborn,51,3,True,False,False,45,458,6,170,0.029742233972240583,40,7,0,5,True,4,1,True,0,0,False,95,6,1513,0.06278916060806344,3.4261004198901115,4.618011556977366,1,0,0,0,0,0,0,5,0,2,0,1,0,0,0,0,0,2,458,229,3,30.0,3,1,94,6,0,0.0,1,0,1,1,70,0,benign,seaborn
selenium,49,0,False,False,False,21,40,0,11,0.026854219948849106,0,0,0,0,False,2,0,True,0,0,False,4,1,782,0.005115089514066497,3.81600511444995,4.817551365376541,9,0,0,0,0,0,0,0,0,0,0,1,0,0,0,0,0,0,40,11,2,0.0,0,0,3,1,0,0.0,0,0,0,0,0,0,benign,selenium
sentry-sdk,152,4,True,False,True,176,594,0,206,0.03728813559322034,11,78,0,0,True,32,0,True,0,0,False,234,10,4720,0.04957627118644068,3.3708900791300747,4.559586250613778,1,0,0,0,0,0,0,0,0,2,3,1,0,0,0,3,0,2,594,285,4,0.0,0,0,233,10,3,0.9000000000000001,1,0,0,1,100,0,benign,sentry-sdk
setuptools,101,8,True,True,False,381,1480,14,378,0.06763713829220663,35,21,6,14,True,43,1,True,0,0,False,287,4,5633,0.05094976034084857,3.60236258270002,4.81282244802686,13,0,0,0,0,0,3,11,0,4,2,1,0,1,2,2,3,4,1478,572,5,20.0,2,1,286,5,0,0.0,0,0,1,1,45,0,benign,setuptools
six,47,1,True,False,False,187,759,3,166,0.07988039299444681,8,3,0,3,True,136,1,True,0,0,False,135,4,2341,0.05766766339171294,3.351157522391344,4.43843486582502,0,0,0,0,0,0,2,1,0,1,8,1,0,0,1,8,1,1,742,190,4,0.0,0,0,134,4,1,0.4,0,0,1,1,45,0,benign,six
snowballstemmer,18,0,False,False,False,83,1927,1,117,0.02238403451995685,11,0,0,1,True,0,0,False,0,0,False,544,52,3708,0.14670981661272922,3.1906947229346234,4.310586418631468,0,0,0,0,0,0,0,1,0,0,0,1,0,0,0,0,0,0,1927,124,2,0.0,0,0,543,56,0,0.0,0,0,0,1,25,0,benign,snowballstemmer
spacy,129,1,False,False,False,127,1111,1,252,0.02466019417475728,7,33,0,1,True,80,0,True,0,0,False,317,7,5150,0.061553398058252426,3.832594820470086,4.66632304878036,12,0,0,0,0,0,0,1,0,2,0,1,0,0,1,0,1,2,1034,414,3,0.0,0,0,316,7,0,0.0,1,1,0,1,40,0,benign,spacy
sphinx,121,5,True,False,False,203,766,3,216,0.041803953871499176,6,22,0,3,True,49,1,True,0,0,False,184,4,4856,0.03789126853377265,3.554864422172594,4.624895835336544,3,0,0,0,0,0,0,3,0,1,0,1,0,0,0,0,0,1,764,272,3,10.0,1,1,183,4,0,0.0,1,1,1,1,50,0,benign,sphinx
sqlalchemy,471,0,False,False,False,131,272,4,119,0.04998092331171309,0,6,0,4,True,13,0,True,0,0,False,98,4,2621,0.037390309042350245,3.5546166982903658,4.836709011755515,1,0,0,0,0,0,3,1,0,0,0,1,0,0,0,0,0,0,272,145,3,0.0,0,0,97,4,2,0.4,0,0,0,0,40,0,benign,sqlalchemy
sqlparse,24,1,True,False,False,77,343,2,107,0.02850796001480933,7,29,0,2,True,22,0,True,0,0,False,155,7,2701,0.05738615327656423,3.351419236801308,4.522571589136361,1,0,0,0,0,0,0,2,0,0,3,1,0,0,0,3,0,0,343,135,4,0.0,0,0,154,7,0,0.0,0,0,0,1,25,0,benign,sqlparse
stack-data,87,3,True,False,False,129,591,2,183,0.05041031652989449,0,1,0,2,False,39,1,True,0,0,False,180,5,2559,0.07033997655334115,2.598270964376323,4.7405156860254145,5,0,0,0,0,0,0,2,0,1,0,1,0,0,1,0,1,1,591,220,4,0.0,0,0,179,5,0,0.0,0,0,0,0,0,0,benign,stack-data
tensorflow,357,1,True,False,False,8,191,0,65,0.007820136852394917,0,1,0,0,False,16,0,True,0,0,False,69,3,1023,0.06744868035190615,3.5848661730515397,4.904855886204963,2,0,0,0,0,0,0,0,0,1,0,1,0,0,0,0,0,1,188,67,3,0.0,0,0,68,3,0,0.0,0,0,0,0,0,0,benign,tensorflow
threadpoolctl,18,1,True,False,False,77,265,1,131,0.05945945945945946,0,2,0,1,False,38,1,True,0,0,False,81,4,1295,0.06254826254826255,3.7415755651030764,4.462011228373657,0,0,0,0,0,1,0,1,0,1,11,1,0,0,0,12,0,1,263,146,3,0.0,0,0,80,4,0,0.0,0,0,1,0,0,0,benign,threadpoolctl
tinycss2,0,0,False,False,False,0,0,0,0,0.0,0,0,0,0,False,0,0,False,0,0,False,0,0,0,0.0,3.415891348529386,4.66439543004634,1,0,0,0,0,0,0,0,0,0,0,0,0,0,0,0,0,0,0,0,0,0.0,0,0,0,0,0,0.0,0,0,0,0,0,0,benign,tinycss2
toml,45,4,True,False,False,83,549,3,123,0.045454545454545456,10,1,0,3,True,30,0,True,0,0,False,333,10,1826,0.1823658269441402,3.640283273325287,4.3834651896016465,0,0,0,0,0,0,0,3,1,1,4,1,0,0,1,4,1,2,549,179,3,0.0,0,0,332,10,0,0.0,0,0,0,0,0,0,benign,toml
tomli,16,0,False,False,False,40,222,3,79,0.04352557127312296,1,0,0,3,False,10,0,True,0,0,False,127,4,919,0.1381936887921654,3.771013888298218,4.700439718141092,2,0,0,0,0,0,0,3,0,1,1,1,0,0,0,1,0,1,222,91,3,0.0,0,0,126,4,0,0.0,0,0,0,1,25,0,benign,tomli
torch,36,2,True,True,False,21,193,1,74,0.01744186046511628,1,0,3,1,False,18,1,True,0,0,False,64,5,1204,0.053156146179401995,3.664794315934691,4.469254944302744,0,0,0,0,0,0,0,1,0,0,0,1,0,0,0,0,0,0,193,81,3,20.0,2,1,63,5,0,0.0,1,0,1,1,60,0,benign,torch
tornado,119,5,True,True,False,180,1012,6,311,0.031419095828242274,10,19,1,6,True,54,1,True,0,0,False,406,5,5729,0.07086751614592425,3.531422396852198,4.568264587577656,1,0,0,0,0,1,0,6,1,3,16,1,0,0,1,17,1,4,1011,436,4,10.0,1,1,405,5,3,1.0,1,1,1,1,110,0,benign,tornado
tox,127,5,True,False,True,144,425,0,204,0.08470588235294117,5,4,1,0,True,29,0,True,0,0,False,98,4,1700,0.05764705882352941,3.5736286528837327,4.87596103847067,7,0,0,0,0,0,0,0,0,1,0,1,0,0,0,0,0,1,425,248,3,0.0,0,0,97,4,0,0.0,1,0,1,1,40,0,benign,tox
tqdm,41,4,True,True,False,15,163,1,78,0.024549918166939442,11,12,2,1,True,3,0,True,0,0,False,46,10,611,0.07528641571194762,3.502193352460008,4.344588500764087,0,0,0,0,0,0,0,1,0,0,0,1,0,0,0,0,0,0,163,97,4,10.0,1,1,45,10,0,0.0,1,0,0,1,50,0,benign,tqdm
traitlets,41,1,True,False,False,33,188,0,64,0.030726256983240222,0,0,2,0,False,0,0,False,0,0,False,31,4,1074,0.028864059590316574,3.4241104116668044,4.3255891902894135,0,0,0,0,0,0,0,0,0,0,1,1,0,0,0,1,0,0,188,73,3,0.0,0,0,30,4,0,0.0,0,0,0,0,0,0,benign,traitlets
transformers,107,5,True,False,False,334,1775,0,383,0.04295267489711934,26,14,0,0,True,107,0,True,0,0,False,459,6,7776,0.059027777777777776,3.6097310728996224,5.03307875063815,23,0,0,0,0,1,0,0,0,1,7,1,0,0,0,8,0,1,1775,555,5,0.0,0,0,458,6,1,0.4,1,1,0,1,60,0,benign,transformers
typer,19,1,True,False,False,12,44,0,12,0.06593406593406594,0,7,9,0,True,0,0,False,0,0,False,17,2,182,0.09340659340659341,3.2821546688913994,3.788754913993502,0,0,0,0,0,0,0,0,0,0,0,0,0,0,0,0,0,0,44,16,3,0.0,0,0,16,2,0,0.0,0,0,0,0,0,0,benign,typer
typing-extensions,69,2,False,True,False,1029,4996,12,394,0.07504923054481803,1,23,1,12,True,427,1,True,0,0,False,636,9,13711,0.04638611333965429,3.5238453432180044,4.714241405810187,6,0,0,0,0,0,0,12,0,1,0,1,0,0,1,0,1,1,4970,507,4,0.0,0,0,635,9,0,0.0,1,1,1,1,40,0,benign,typing-extensions
tzdata,2,0,False,False,False,0,1,0,1,0.0,0,0,0,0,False,0,0,False,0,0,False,1,0,61,0.01639344262295082,3.550320845655053,4.116729296672174,0,0,0,0,0,0,0,0,0,0,0,0,0,0,0,0,0,0,1,1,1,0.0,0,0,0,0,0,0.0,0,0,0,0,0,0,benign,tzdata
urllib3,151,11,True,True,True,115,706,1,262,0.02852890101711734,3,46,3,1,True,23,0,True,0,0,False,247,5,4031,0.06127511783676507,3.584523113905455,4.783822629187616,3,0,0,0,0,0,0,1,1,3,15,1,0,0,1,15,1,4,706,345,4,120.0,12,1,246,6,3,0.7,1,0,0,1,220,0,benign,urllib3
virtualenv,48,5,True,False,False,29,107,0,73,0.06016597510373444,1,0,1,0,False,9,0,True,0,0,False,26,4,482,0.05394190871369295,3.3764762413781098,4.433358078150664,0,0,0,0,0,0,0,0,0,1,2,1,0,0,1,2,1,1,107,83,3,0.0,0,0,25,5,0,0.0,0,0,0,0,0,0,benign,virtualenv
wcwidth,54,7,True,True,False,122,596,2,206,0.04602036967182195,12,6,2,2,True,4,0,True,0,0,False,147,9,2651,0.055450773293096944,3.665595795345403,4.735294849171343,4,0,0,0,0,0,0,2,0,1,2,1,0,0,1,2,1,1,596,249,4,0.0,0,0,146,9,0,0.0,1,0,0,1,40,0,benign,wcwidth
webencodings,14,1,True,False,False,31,199,0,55,0.026495726495726495,5,4,0,0,True,1,0,True,0,0,False,27,2,1170,0.023076923076923078,3.1098606460891562,4.445560127348277,0,0,0,0,0,1,0,0,0,0,41,1,0,0,0,42,0,0,199,66,7,0.0,0,0,26,2,1,0.4,1,0,0,1,60,0,benign,webencodings
werkzeug,62,4,True,False,False,41,201,0,38,0.05510752688172043,0,2,0,0,False,0,0,False,0,0,False,33,1,744,0.04435483870967742,3.3818519931321984,4.411891879025521,0,0,0,0,0,0,0,0,0,1,0,1,0,0,0,0,0,1,201,40,3,0.0,0,0,32,3,1,0.4,0,0,0,0,20,0,benign,werkzeug
wheel,73,3,True,False,False,50,393,2,169,0.026511134676564158,23,1,0,2,True,10,0,True,0,0,False,138,6,1886,0.07317073170731707,3.6130693829712848,4.912821652951822,6,0,0,0,0,0,1,1,1,1,3,1,0,0,1,3,1,2,393,224,4,0.0,0,0,137,7,1,0.4,0,0,1,0,20,0,benign,wheel
xlrd,56,0,False,False,False,188,1829,1,260,0.020577933450087564,9,27,1,1,True,39,0,True,0,0,False,1246,62,9136,0.13638353765323993,3.5586228345947415,4.882922155569725,45,0,3,0,0,0,0,1,1,1,3,1,0,0,1,6,1,2,1829,386,4,0.0,0,0,1245,62,3,0.6000000000000001,0,0,0,1,85,0,benign,xlrd
xlsxwriter,14,0,False,False,False,0,166,0,42,0.0,25,0,0,0,True,0,0,False,0,0,False,19,2,715,0.026573426573426574,3.4471917694167007,4.411360663475922,0,0,0,0,0,0,0,0,0,0,0,1,0,0,1,0,1,0,166,78,3,0.0,0,0,18,3,0,0.0,0,0,0,0,0,0,benign,xlsxwriter
yapf,33,2,True,True,False,126,467,2,121,0.05722070844686648,5,0,1,2,True,26,1,True,0,0,False,257,9,2202,0.11671207992733879,3.6310036941013966,4.271272380112911,0,0,0,0,0,0,0,2,0,0,1,1,0,0,1,1,1,0,467,172,3,0.0,0,0,256,9,0,0.0,0,0,0,1,25,0,benign,yapf
zipp,39,2,True,False,False,78,388,0,90,0.08108108108108109,23,1,0,0,True,8,0,True,0,0,False,10,2,962,0.010395010395010396,3.3788818712550777,4.694497832541551,1,0,0,0,0,0,0,0,1,1,1,1,0,0,1,1,1,2,388,127,4,0.0,0,0,9,2,0,0.0,0,0,0,0,0,0,benign,zipp
1000pip-climber-system-free-download,2,0,False,False,False,1,4,0,4,0.03225806451612903,0,0,0,0,False,0,0,False,0,0,False,2,1,31,0.06451612903225806,3.9377150112071844,4.148955904159993,0,0,0,0,0,0,0,0,0,0,0,0,0,0,0,0,0,0,4,4,2,0.0,0,0,1,1,1,0.4,0,0,0,0,20,1,malicious,1000pip-climber-system-free-download
1000pip-climber-system-review,2,1,False,True,False,1,2,0,2,0.03333333333333333,0,0,0,0,False,0,0,False,0,0,False,1,0,30,0.03333333333333333,3.7353894124518856,4.021928094887363,0,0,0,0,0,0,0,0,0,0,1,0,0,0,0,1,0,0,2,2,1,0.0,0,0,0,0,0,0.0,0,0,0,0,0,1,malicious,1000pip-climber-system-review
10cent10,2,0,False,False,False,0,3,2,3,0.0,0,0,0,2,False,0,1,False,0,0,False,1,0,29,0.034482758620689655,4.4308296010599815,5.135185083865586,1,0,0,0,0,1,0,2,0,0,1,1,0,0,0,2,0,0,3,3,3,0.0,0,0,0,0,0,0.0,0,0,0,0,0,1,malicious,10cent10
10cent11,2,1,True,False,False,1,2,0,2,0.03125,0,0,0,0,False,0,0,False,0,0,False,2,1,32,0.0625,3.2081808767710718,3.7264741182543757,0,0,0,0,0,0,0,0,0,0,0,0,0,0,0,0,0,0,2,2,2,0.0,0,0,1,1,0,0.0,0,0,0,0,0,1,malicious,10cent11
11337x,2,0,False,False,False,0,3,2,3,0.0,0,0,0,2,False,0,1,False,0,0,False,1,0,29,0.034482758620689655,4.4308296010599815,5.135185083865586,1,0,0,0,0,1,0,2,0,0,1,1,0,0,0,2,0,0,3,3,3,0.0,0,0,0,0,0,0.0,0,0,0,0,0,1,malicious,11337x
11cent,2,1,True,False,False,1,2,0,2,0.03125,0,0,0,0,False,0,0,False,0,0,False,2,1,32,0.0625,3.2081808767710718,3.7264741182543757,0,0,0,0,0,0,0,0,0,0,0,0,0,0,0,0,0,0,2,2,2,0.0,0,0,1,1,0,0.0,0,0,0,0,0,1,malicious,11cent
12cent,2,1,True,False,False,1,2,0,2,0.03125,0,0,0,0,False,0,0,False,0,0,False,2,1,32,0.0625,3.2081808767710718,3.7264741182543757,0,0,0,0,0,0,0,0,0,0,0,0,0,0,0,0,0,0,2,2,2,0.0,0,0,1,1,0,0.0,0,0,0,0,0,1,malicious,12cent
13377x,2,1,True,False,False,1,2,0,2,0.03125,0,0,0,0,False,0,0,False,0,0,False,2,1,32,0.0625,3.2081808767710718,3.7264741182543757,0,0,0,0,0,0,0,0,0,0,0,0,0,0,0,0,0,0,2,2,2,0.0,0,0,1,1,0,0.0,0,0,0,0,0,1,malicious,13377x
1337c,2,0,False,False,False,0,3,2,3,0.0,0,0,0,2,False,0,1,False,0,0,False,1,0,29,0.034482758620689655,4.4308296010599815,5.135185083865586,1,0,0,0,0,1,0,2,0,0,1,1,0,0,0,2,0,0,3,3,3,0.0,0,0,0,0,0,0.0,0,0,0,0,0,1,malicious,1337c
1337xx,2,0,False,False,False,1,4,0,4,0.03225806451612903,0,0,0,0,False,0,0,False,0,0,False,2,1,31,0.06451612903225806,3.7264741182543757,3.7264741182543757,0,0,0,0,0,0,0,0,0,0,0,0,0,0,0,0,0,0,4,4,2,0.0,0,0,1,1,1,0.4,0,0,0,0,20,1,malicious,1337xx
1337z,2,1,False,True,False,1,2,0,2,0.03333333333333333,0,0,0,0,False,0,0,False,0,0,False,1,0,30,0.03333333333333333,3.709061902209305,4.021928094887363,0,0,0,0,0,0,0,0,0,0,1,0,0,0,0,1,0,0,2,2,1,0.0,0,0,0,0,0,0.0,0,0,0,0,0,1,malicious,1337z
13cent,2,1,False,True,False,1,2,0,2,0.03333333333333333,0,0,0,0,False,0,0,False,0,0,False,1,0,30,0.03333333333333333,3.709061902209305,4.021928094887363,0,0,0,0,0,0,0,0,0,0,1,0,0,0,0,1,0,0,2,2,1,0.0,0,0,0,0,0,0.0,0,0,0,0,0,1,malicious,13cent
14cent,2,1,True,False,False,1,2,0,2,0.03125,0,0,0,0,False,0,0,False,0,0,False,2,1,32,0.0625,3.2081808767710718,3.7264741182543757,0,0,0,0,0,0,0,0,0,0,0,0,0,0,0,0,0,0,2,2,2,0.0,0,0,1,1,0,0.0,0,0,0,0,0,1,malicious,14cent
15cent,2,0,False,False,False,1,4,0,4,0.03225806451612903,0,0,0,0,False,0,0,False,0,0,False,2,1,31,0.06451612903225806,3.7264741182543757,3.7264741182543757,0,0,0,0,0,0,0,0,0,0,0,0,0,0,0,0,0,0,4,4,2,0.0,0,0,1,1,1,0.4,0,0,0,0,20,1,malicious,15cent
16cent,2,1,False,True,False,1,2,0,2,0.03333333333333333,0,0,0,0,False,0,0,False,0,0,False,1,0,30,0.03333333333333333,3.709061902209305,4.021928094887363,0,0,0,0,0,0,0,0,0,0,1,0,0,0,0,1,0,0,2,2,1,0.0,0,0,0,0,0,0.0,0,0,0,0,0,1,malicious,16cent
1inch,2,0,False,False,False,0,3,2,3,0.0,0,0,0,2,False,0,1,False,0,0,False,1,0,29,0.034482758620689655,4.4308296010599815,5.135185083865586,1,0,0,0,0,1,0,2,0,0,1,1,0,0,0,2,0,0,3,3,3,0.0,0,0,0,0,0,0.0,0,0,0,0,0,1,malicious,1inch
2022-requests,2,2,False,True,True,1,1,0,1,0.03333333333333333,0,1,0,0,False,0,0,False,0,0,False,1,0,30,0.03333333333333333,3.3767304758068315,3.7264741182543757,0,0,0,0,0,0,0,0,0,0,0,1,0,0,0,0,0,0,1,1,1,0.0,0,0,0,0,0,0.0,0,0,0,0,0,1,malicious,2022-requests
282828282828282828,2,0,False,False,False,1,4,0,4,0.03225806451612903,0,0,0,0,False,0,0,False,0,0,False,2,1,31,0.06451612903225806,2.363237059127188,3.7264741182543757,0,0,0,0,0,0,0,0,0,0,0,0,0,0,0,0,0,0,4,4,2,0.0,0,0,1,1,1,0.4,0,0,0,0,20,1,malicious,282828282828282828
282828282828283E017,2,0,False,False,False,1,4,0,4,0.03225806451612903,0,0,0,0,False,0,0,False,0,0,False,2,1,31,0.06451612903225806,3.123610796497367,3.7264741182543757,0,0,0,0,0,0,0,0,0,0,0,0,0,0,0,0,0,0,4,4,2,0.0,0,0,1,1,1,0.4,0,0,0,0,20,1,malicious,282828282828283E017
aadhaarcrypt,2,1,True,False,False,1,2,0,2,0.03125,0,0,0,0,False,0,0,False,0,0,False,2,1,32,0.0625,3.0940429494252593,3.7264741182543757,0,0,0,0,0,0,0,0,0,0,0,0,0,0,0,0,0,0,2,2,2,0.0,0,0,1,1,0,0.0,0,0,0,0,0,1,malicious,aadhaarcrypt
aaiohttp,2,1,True,False,False,1,2,0,2,0.03125,0,0,0,0,False,0,0,False,0,0,False,2,1,32,0.0625,3.2081808767710718,3.7264741182543757,0,0,0,0,0,0,0,0,0,0,0,0,0,0,0,0,0,0,2,2,2,0.0,0,0,1,1,0,0.0,0,0,0,0,0,1,malicious,aaiohttp
acitscapesscripts,2,2,False,True,True,1,1,0,1,0.03333333333333333,0,1,0,0,False,0,0,False,0,0,False,1,0,30,0.03333333333333333,3.2965306120416678,3.7264741182543757,0,0,0,0,0,0,0,0,0,0,0,1,0,0,0,0,0,0,1,1,1,0.0,0,0,0,0,0,0.0,0,0,0,0,0,1,malicious,acitscapesscripts
acqusition,3,1,True,False,False,1,4,0,3,0.027777777777777776,0,3,0,0,False,0,0,False,0,0,False,2,0,36,0.05555555555555555,3.5218393814463917,3.9873261452560076,0,0,0,0,0,0,0,0,0,1,0,0,0,0,0,0,0,1,4,3,1,20.0,2,1,1,1,0,0.0,0,0,0,0,20,1,malicious,acqusition
activedevbadge,2,2,False,True,True,1,1,0,1,0.03333333333333333,0,1,0,0,False,0,0,False,0,0,False,1,0,30,0.03333333333333333,3.3828113950787233,3.7264741182543757,0,0,0,0,0,0,0,0,0,0,0,1,0,0,0,0,0,0,1,1,1,0.0,0,0,0,0,0,0.0,0,0,0,0,0,1,malicious,activedevbadge
adosint,2,0,False,False,False,0,3,2,3,0.0,0,0,0,2,False,0,1,False,0,0,False,1,0,29,0.034482758620689655,4.4308296010599815,5.135185083865586,1,0,0,0,0,1,0,2,0,0,1,1,0,0,0,2,0,0,3,3,3,0.0,0,0,0,0,0,0.0,0,0,0,0,0,1,malicious,adosint
adrandom,2,0,False,False,False,1,4,0,4,0.03225806451612903,0,0,0,0,False,0,0,False,0,0,False,2,1,31,0.06451612903225806,3.7264741182543757,3.7264741182543757,0,0,0,0,0,0,0,0,0,0,0,0,0,0,0,0,0,0,4,4,2,0.0,0,0,1,1,1,0.4,0,0,0,0,20,1,malicious,adrandom
advenced-requests,2,0,False,False,False,1,4,0,4,0.03225806451612903,0,0,0,0,False,0,0,False,0,0,False,2,1,31,0.06451612903225806,3.55402730328177,3.7264741182543757,0,0,0,0,0,0,0,0,0,0,0,0,0,0,0,0,0,0,4,4,2,0.0,0,0,1,1,1,0.4,0,0,0,0,20,1,malicious,advenced-requests
advirtual,2,2,False,True,True,1,1,0,1,0.03333333333333333,0,1,0,0,False,0,0,False,0,0,False,1,0,30,0.03333333333333333,3.7264741182543757,3.7264741182543757,0,0,0,0,0,0,0,0,0,0,0,1,0,0,0,0,0,0,1,1,1,0.0,0,0,0,0,0,0.0,0,0,0,0,0,1,malicious,advirtual
aeivasta,2,1,True,False,False,1,2,0,2,0.03125,0,0,0,0,False,0,0,False,0,0,False,2,1,32,0.0625,3.2081808767710718,3.7264741182543757,0,0,0,0,0,0,0,0,0,0,0,0,0,0,0,0,0,0,2,2,2,0.0,0,0,1,1,0,0.0,0,0,0,0,0,1,malicious,aeivasta
aeodata,2,1,False,True,False,1,2,0,2,0.03333333333333333,0,0,0,0,False,0,0,False,0,0,False,1,0,30,0.03333333333333333,3.709061902209305,4.021928094887363,0,0,0,0,0,0,0,0,0,0,1,0,0,0,0,1,0,0,2,2,1,0.0,0,0,0,0,0,0.0,0,0,0,0,0,1,malicious,aeodata
aeodatav04,2,1,False,True,False,1,2,0,2,0.03333333333333333,0,0,0,0,False,0,0,False,0,0,False,1,0,30,0.03333333333333333,3.4934062628247324,4.021928094887363,0,0,0,0,0,0,0,0,0,0,1,0,0,0,0,1,0,0,2,2,1,0.0,0,0,0,0,0,0.0,0,0,0,0,0,1,malicious,aeodatav04
aes44,2,1,True,False,False,1,2,0,2,0.03125,0,0,0,0,False,0,0,False,0,0,False,2,1,32,0.0625,3.2081808767710718,3.7264741182543757,0,0,0,0,0,0,0,0,0,0,0,0,0,0,0,0,0,0,2,2,2,0.0,0,0,1,1,0,0.0,0,0,0,0,0,1,malicious,aes44
ahahjesus,2,1,False,True,False,1,2,0,2,0.03333333333333333,0,0,0,0,False,0,0,False,0,0,False,1,0,30,0.03333333333333333,3.709061902209305,4.021928094887363,0,0,0,0,0,0,0,0,0,0,1,0,0,0,0,1,0,0,2,2,1,0.0,0,0,0,0,0,0.0,0,0,0,0,0,1,malicious,ahahjesus
aidoc-consul,3,1,True,False,False,1,4,0,3,0.027777777777777776,0,3,0,0,False,0,0,False,0,0,False,2,0,36,0.05555555555555555,3.554264649571507,3.9873261452560076,0,0,0,0,0,0,0,0,0,1,0,0,0,0,0,0,0,1,4,3,1,20.0,2,1,1,1,0,0.0,0,0,0,0,20,1,malicious,aidoc-consul
aidoc-e2e-utils,2,0,False,False,False,1,4,0,4,0.03225806451612903,0,0,0,0,False,0,0,False,0,0,False,2,1,31,0.06451612903225806,3.616682356931447,3.7264741182543757,0,0,0,0,0,0,0,0,0,0,0,0,0,0,0,0,0,0,4,4,2,0.0,0,0,1,1,1,0.4,0,0,0,0,20,1,malicious,aidoc-e2e-utils
aietelegram,2,2,False,True,True,1,1,0,1,0.03333333333333333,0,1,0,0,False,0,0,False,0,0,False,1,0,30,0.03333333333333333,3.2859125274384064,3.7264741182543757,0,0,0,0,0,0,0,0,0,0,0,1,0,0,0,0,0,0,1,1,1,0.0,0,0,0,0,0,0.0,0,0,0,0,0,1,malicious,aietelegram
aihottp,2,0,False,False,False,0,3,2,3,0.0,0,0,0,2,False,0,1,False,0,0,False,1,0,29,0.034482758620689655,4.4308296010599815,5.135185083865586,1,0,0,0,0,1,0,2,0,0,1,1,0,0,0,2,0,0,3,3,3,0.0,0,0,0,0,0,0.0,0,0,0,0,0,1,malicious,aihottp
aiiohttp,2,0,False,False,False,0,3,2,3,0.0,0,0,0,2,False,0,1,False,0,0,False,1,0,29,0.034482758620689655,4.4308296010599815,5.135185083865586,1,0,0,0,0,1,0,2,0,0,1,1,0,0,0,2,0,0,3,3,3,0.0,0,0,0,0,0,0.0,0,0,0,0,0,1,malicious,aiiohttp
aio5,2,0,False,False,False,1,3,0,3,0.03125,0,0,0,0,False,0,0,False,0,0,False,1,0,32,0.03125,3.222540103292582,3.7264741182543757,0,0,0,0,0,0,0,0,0,0,0,0,0,0,0,0,0,0,3,3,2,0.0,0,0,0,0,1,0.4,0,0,0,0,20,1,malicious,aio5
aioconsol,3,1,True,False,False,1,4,0,3,0.027777777777777776,0,3,0,0,False,0,0,False,0,0,False,2,0,36,0.05555555555555555,3.6551431436327353,3.9873261452560076,0,0,0,0,0,0,0,0,0,1,0,0,0,0,0,0,0,1,4,3,1,20.0,2,1,1,1,0,0.0,0,0,0,0,20,1,malicious,aioconsol
aiogram-types,2,0,False,False,False,1,3,0,3,0.03125,0,0,0,0,False,0,0,False,0,0,False,1,0,32,0.03125,3.3035534685431713,3.7264741182543757,0,0,0,0,0,0,0,0,0,0,0,0,0,0,0,0,0,0,3,3,2,0.0,0,0,0,0,1,0.4,0,0,0,0,20,1,malicious,aiogram-types
aiohhttp,2,1,True,False,False,1,2,0,2,0.03125,0,0,0,0,False,0,0,False,0,0,False,2,1,32,0.0625,3.2081808767710718,3.7264741182543757,0,0,0,0,0,0,0,0,0,0,0,0,0,0,0,0,0,0,2,2,2,0.0,0,0,1,1,0,0.0,0,0,0,0,0,1,malicious,aiohhttp
aiohtpt,2,1,False,True,False,1,2,0,2,0.03333333333333333,0,0,0,0,False,0,0,False,0,0,False,1,0,30,0.03333333333333333,3.709061902209305,4.021928094887363,0,0,0,0,0,0,0,0,0,0,1,0,0,0,0,1,0,0,2,2,1,0.0,0,0,0,0,0,0.0,0,0,0,0,0,1,malicious,aiohtpt
aiohtt,2,1,False,True,False,1,2,0,2,0.03333333333333333,0,0,0,0,False,0,0,False,0,0,False,1,0,30,0.03333333333333333,3.709061902209305,4.021928094887363,0,0,0,0,0,0,0,0,0,0,1,0,0,0,0,1,0,0,2,2,1,0.0,0,0,0,0,0,0.0,0,0,0,0,0,1,malicious,aiohtt
aiohttp-proxies,2,1,True,False,False,1,2,0,2,0.03125,0,0,0,0,False,0,0,False,0,0,False,2,1,32,0.0625,3.2495249731471,3.7264741182543757,0,0,0,0,0,0,0,0,0,0,0,0,0,0,0,0,0,0,2,2,2,0.0,0,0,1,1,0,0.0,0,0,0,0,0,1,malicious,aiohttp-proxies
aiohttp-socks4,2,2,False,True,True,1,1,0,1,0.03333333333333333,0,1,0,0,False,0,0,False,0,0,False,1,0,30,0.03333333333333333,3.5526288058702757,3.7264741182543757,0,0,0,0,0,0,0,0,0,0,0,1,0,0,0,0,0,0,1,1,1,0.0,0,0,0,0,0,0.0,0,0,0,0,0,1,malicious,aiohttp-socks4
aiohttp-socks5,2,2,False,True,True,1,1,0,1,0.03333333333333333,0,1,0,0,False,0,0,False,0,0,False,1,0,30,0.03333333333333333,3.5526288058702757,3.7264741182543757,0,0,0,0,0,0,0,0,0,0,0,1,0,0,0,0,0,0,1,1,1,0.0,0,0,0,0,0,0.0,0,0,0,0,0,1,malicious,aiohttp-socks5
aiohttpp,2,0,False,False,False,0,3,2,3,0.0,0,0,0,2,False,0,1,False,0,0,False,1,0,29,0.034482758620689655,4.4308296010599815,5.135185083865586,1,0,0,0,0,1,0,2,0,0,1,1,0,0,0,2,0,0,3,3,3,0.0,0,0,0,0,0,0.0,0,0,0,0,0,1,malicious,aiohttpp
aiohttp_proxies,2,0,False,False,False,1,4,0,4,0.03225806451612903,0,0,0,0,False,0,0,False,0,0,False,2,1,31,0.06451612903225806,3.55001569026478,3.7264741182543757,0,0,0,0,0,0,0,0,0,0,0,0,0,0,0,0,0,0,4,4,2,0.0,0,0,1,1,1,0.4,0,0,0,0,20,1,malicious,aiohttp_proxies
aiohtttp,2,1,False,True,False,1,2,0,2,0.03333333333333333,0,0,0,0,False,0,0,False,0,0,False,1,0,30,0.03333333333333333,3.709061902209305,4.021928094887363,0,0,0,0,0,0,0,0,0,0,1,0,0,0,0,1,0,0,2,2,1,0.0,0,0,0,0,0,0.0,0,0,0,0,0,1,malicious,aiohtttp
aiohtttps,2,0,False,False,False,1,3,0,3,0.03125,0,0,0,0,False,0,0,False,0,0,False,1,0,32,0.03125,3.222540103292582,3.7264741182543757,0,0,0,0,0,0,0,0,0,0,0,0,0,0,0,0,0,0,3,3,2,0.0,0,0,0,0,1,0.4,0,0,0,0,20,1,malicious,aiohtttps
aioohttp,2,0,False,False,False,1,4,0,4,0.03225806451612903,0,0,0,0,False,0,0,False,0,0,False,2,1,31,0.06451612903225806,3.7264741182543757,3.7264741182543757,0,0,0,0,0,0,0,0,0,0,0,0,0,0,0,0,0,0,4,4,2,0.0,0,0,1,1,1,0.4,0,0,0,0,20,1,malicious,aioohttp
aiothtp,2,0,False,False,False,0,3,2,3,0.0,0,0,0,2,False,0,1,False,0,0,False,1,0,29,0.034482758620689655,4.4308296010599815,5.135185083865586,1,0,0,0,0,1,0,2,0,0,1,1,0,0,0,2,0,0,3,3,3,0.0,0,0,0,0,0,0.0,0,0,0,0,0,1,malicious,aiothtp
aiotoolbox,2,0,False,False,False,1,4,0,4,0.03225806451612903,0,0,0,0,False,0,0,False,0,0,False,2,1,31,0.06451612903225806,3.124201106570869,3.7264741182543757,0,0,0,0,0,0,0,0,0,0,0,0,0,0,0,0,0,0,4,4,2,0.0,0,0,1,1,1,0.4,0,0,0,0,20,1,malicious,aiotoolbox
aiotoolsbox,2,0,False,False,False,0,3,2,3,0.0,0,0,0,2,False,0,1,False,0,0,False,1,0,29,0.034482758620689655,3.864606031161511,5.135185083865586,1,0,0,0,0,1,0,2,0,0,1,1,0,0,0,2,0,0,3,3,3,0.0,0,0,0,0,0,0.0,0,0,0,0,0,1,malicious,aiotoolsbox
aiottp,3,1,True,False,False,1,4,0,3,0.027777777777777776,0,3,0,0,False,0,0,False,0,0,False,2,0,36,0.05555555555555555,3.6551431436327353,3.9873261452560076,0,0,0,0,0,0,0,0,0,1,0,0,0,0,0,0,0,1,4,3,1,20.0,2,1,1,1,0,0.0,0,0,0,0,20,1,malicious,aiottp
aml-ds-pipeline-contrib,2,0,False,False,False,1,4,0,4,0.03225806451612903,0,0,0,0,False,0,0,False,0,0,False,2,1,31,0.06451612903225806,3.744370754452935,3.7622673906514947,0,0,0,0,0,0,0,0,0,0,0,0,0,0,0,0,0,0,4,4,2,0.0,0,0,1,1,1,0.4,0,0,0,0,20,1,malicious,aml-ds-pipeline-contrib
amtplotlib,2,0,False,False,False,1,3,0,3,0.03125,0,0,0,0,False,0,0,False,0,0,False,1,0,32,0.03125,3.1473871011912773,3.7264741182543757,0,0,0,0,0,0,0,0,0,0,0,0,0,0,0,0,0,0,3,3,2,0.0,0,0,0,0,1,0.4,0,0,0,0,20,1,malicious,amtplotlib
andex-maps,2,1,True,False,False,1,2,0,2,0.03125,0,0,0,0,False,0,0,False,0,0,False,2,1,32,0.0625,3.1866176813001434,3.7264741182543757,0,0,0,0,0,0,0,0,0,0,0,0,0,0,0,0,0,0,2,2,2,0.0,0,0,1,1,0,0.0,0,0,0,0,0,1,malicious,andex-maps
android-plus-new,2,0,False,False,False,1,4,0,4,0.03225806451612903,0,0,0,0,False,0,0,False,0,0,False,2,1,31,0.06451612903225806,3.675737059127188,3.7264741182543757,0,0,0,0,0,0,0,0,0,0,0,0,0,0,0,0,0,0,4,4,2,0.0,0,0,1,1,1,0.4,0,0,0,0,20,1,malicious,android-plus-new
androidspyeye,2,0,False,False,False,0,3,2,3,0.0,0,0,0,2,False,0,1,False,0,0,False,1,0,29,0.034482758620689655,4.033520152907531,5.135185083865586,1,0,0,0,0,1,0,2,0,0,1,1,0,0,0,2,0,0,3,3,3,0.0,0,0,0,0,0,0.0,0,0,0,0,0,1,malicious,androidspyeye
ankpkg,2,2,False,True,True,1,1,0,1,0.03333333333333333,0,1,0,0,False,0,0,False,0,0,False,1,0,30,0.03333333333333333,3.7264741182543757,3.7264741182543757,0,0,0,0,0,0,0,0,0,0,0,1,0,0,0,0,0,0,1,1,1,0.0,0,0,0,0,0,0.0,0,0,0,0,0,1,malicious,ankpkg
ankpkg1,2,1,False,True,False,1,2,0,2,0.03333333333333333,0,0,0,0,False,0,0,False,0,0,False,1,0,30,0.03333333333333333,3.709061902209305,4.021928094887363,0,0,0,0,0,0,0,0,0,0,1,0,0,0,0,1,0,0,2,2,1,0.0,0,0,0,0,0,0.0,0,0,0,0,0,1,malicious,ankpkg1
anrk,2,1,True,False,False,1,2,0,2,0.03125,0,0,0,0,False,0,0,False,0,0,False,2,1,32,0.0625,3.2081808767710718,3.7264741182543757,0,0,0,0,0,0,0,0,0,0,0,0,0,0,0,0,0,0,2,2,2,0.0,0,0,1,1,0,0.0,0,0,0,0,0,1,malicious,anrk
anrok,2,2,False,True,True,1,1,0,1,0.03333333333333333,0,1,0,0,False,0,0,False,0,0,False,1,0,30,0.03333333333333333,3.7264741182543757,3.7264741182543757,0,0,0,0,0,0,0,0,0,0,0,1,0,0,0,0,0,0,1,1,1,0.0,0,0,0,0,0,0.0,0,0,0,0,0,1,malicious,anrok
antchain-sdk-abcdjb,2,1,False,True,False,1,2,0,2,0.03333333333333333,0,0,0,0,False,0,0,False,0,0,False,1,0,30,0.03333333333333333,3.649635048410461,4.021928094887363,0,0,0,0,0,0,0,0,0,0,1,0,0,0,0,1,0,0,2,2,1,0.0,0,0,0,0,0,0.0,0,0,0,0,0,1,malicious,antchain-sdk-abcdjb
antchain-sdk-abcdjb1,2,1,False,True,False,1,2,0,2,0.03333333333333333,0,0,0,0,False,0,0,False,0,0,False,1,0,30,0.03333333333333333,3.677842356601776,4.021928094887363,0,0,0,0,0,0,0,0,0,0,1,0,0,0,0,1,0,0,2,2,1,0.0,0,0,0,0,0,0.0,0,0,0,0,0,1,malicious,antchain-sdk-abcdjb1
antchain-sdk-acc,2,0,False,False,False,1,3,0,3,0.03125,0,0,0,0,False,0,0,False,0,0,False,1,0,32,0.03125,3.205814843026828,3.7264741182543757,0,0,0,0,0,0,0,0,0,0,0,0,0,0,0,0,0,0,3,3,2,0.0,0,0,0,0,1,0.4,0,0,0,0,20,1,malicious,antchain-sdk-acc
antchain-sdk-account,2,0,False,False,False,0,3,2,3,0.0,0,0,0,2,False,0,1,False,0,0,False,1,0,29,0.034482758620689655,4.090118057227602,5.135185083865586,1,0,0,0,0,1,0,2,0,0,1,1,0,0,0,2,0,0,3,3,3,0.0,0,0,0,0,0,0.0,0,0,0,0,0,1,malicious,antchain-sdk-account
antchain-sdk-acm,2,0,False,False,False,1,3,0,3,0.03125,0,0,0,0,False,0,0,False,0,0,False,1,0,32,0.03125,3.2488599602481325,3.7264741182543757,0,0,0,0,0,0,0,0,0,0,0,0,0,0,0,0,0,0,3,3,2,0.0,0,0,0,0,1,0.4,0,0,0,0,20,1,malicious,antchain-sdk-acm
antchain-sdk-acs-iot,2,1,True,False,False,1,2,0,2,0.03125,0,0,0,0,False,0,0,False,0,0,False,2,1,32,0.0625,3.2427454937460576,3.7264741182543757,0,0,0,0,0,0,0,0,0,0,0,0,0,0,0,0,0,0,2,2,2,0.0,0,0,1,1,0,0.0,0,0,0,0,0,1,malicious,antchain-sdk-acs-iot
antchain-sdk-baas-midway,2,2,False,True,True,1,1,0,1,0.03333333333333333,0,1,0,0,False,0,0,False,0,0,False,1,0,30,0.03333333333333333,3.648123976641927,3.7264741182543757,0,0,0,0,0,0,0,0,0,0,0,1,0,0,0,0,0,0,1,1,1,0.0,0,0,0,0,0,0.0,0,0,0,0,0,1,malicious,antchain-sdk-baas-midway
antchain-sdk-baasplus,2,2,False,True,True,1,1,0,1,0.03333333333333333,0,1,0,0,False,0,0,False,0,0,False,1,0,30,0.03333333333333333,3.6604698776079134,3.7264741182543757,0,0,0,0,0,0,0,0,0,0,0,1,0,0,0,0,0,0,1,1,1,0.0,0,0,0,0,0,0.0,0,0,0,0,0,1,malicious,antchain-sdk-baasplus
antchain-sdk-billing,2,2,False,True,True,1,1,0,1,0.03333333333333333,0,1,0,0,False,0,0,False,0,0,False,1,0,30,0.03333333333333333,3.6364567314626957,3.7264741182543757,0,0,0,0,0,0,0,0,0,0,0,1,0,0,0,0,0,0,1,1,1,0.0,0,0,0,0,0,0.0,0,0,0,0,0,1,malicious,antchain-sdk-billing
antchain-sdk-blockchain,2,0,False,False,False,0,3,2,3,0.0,0,0,0,2,False,0,1,False,0,0,False,1,0,29,0.034482758620689655,4.139064117848986,5.135185083865586,1,0,0,0,0,1,0,2,0,0,1,1,0,0,0,2,0,0,3,3,3,0.0,0,0,0,0,0,0.0,0,0,0,0,0,1,malicious,antchain-sdk-blockchain
antchain-sdk-cafecmdb,2,0,False,False,False,1,4,0,4,0.03225806451612903,0,0,0,0,False,0,0,False,0,0,False,2,1,31,0.06451612903225806,3.6901154132706884,3.7264741182543757,0,0,0,0,0,0,0,0,0,0,0,0,0,0,0,0,0,0,4,4,2,0.0,0,0,1,1,1,0.4,0,0,0,0,20,1,malicious,antchain-sdk-cafecmdb
antchain-sdk-cas,2,0,False,False,False,0,3,2,3,0.0,0,0,0,2,False,0,1,False,0,0,False,1,0,29,0.034482758620689655,4.021492911078249,5.135185083865586,1,0,0,0,0,1,0,2,0,0,1,1,0,0,0,2,0,0,3,3,3,0.0,0,0,0,0,0,0.0,0,0,0,0,0,1,malicious,antchain-sdk-cas
antchain-sdk-cat,2,0,False,False,False,0,3,2,3,0.0,0,0,0,2,False,0,1,False,0,0,False,1,0,29,0.034482758620689655,4.021492911078249,5.135185083865586,1,0,0,0,0,1,0,2,0,0,1,1,0,0,0,2,0,0,3,3,3,0.0,0,0,0,0,0,0.0,0,0,0,0,0,1,malicious,antchain-sdk-cat
antchain-sdk-commercial,2,0,False,False,False,1,4,0,4,0.03225806451612903,0,0,0,0,False,0,0,False,0,0,False,2,1,31,0.06451612903225806,3.744370754452935,3.7622673906514947,0,0,0,0,0,0,0,0,0,0,0,0,0,0,0,0,0,0,4,4,2,0.0,0,0,1,1,1,0.4,0,0,0,0,20,1,malicious,antchain-sdk-commercial
antchain-sdk-commercialexternal,2,0,False,False,False,1,3,0,3,0.03125,0,0,0,0,False,0,0,False,0,0,False,1,0,32,0.03125,3.3791262316267163,3.8488846166291193,0,0,0,0,0,0,0,0,0,0,0,0,0,0,0,0,0,0,3,3,2,0.0,0,0,0,0,1,0.4,0,0,0,0,20,1,malicious,antchain-sdk-commercialexternal
antchain-sdk-das,2,0,False,False,False,0,3,2,3,0.0,0,0,0,2,False,0,1,False,0,0,False,1,0,29,0.034482758620689655,4.021492911078249,5.135185083865586,1,0,0,0,0,1,0,2,0,0,1,1,0,0,0,2,0,0,3,3,3,0.0,0,0,0,0,0,0.0,0,0,0,0,0,1,malicious,antchain-sdk-das
antchain-sdk-dog,2,2,False,True,True,1,1,0,1,0.03333333333333333,0,1,0,0,False,0,0,False,0,0,False,1,0,30,0.03333333333333333,3.613237059127188,3.7264741182543757,0,0,0,0,0,0,0,0,0,0,0,1,0,0,0,0,0,0,1,1,1,0.0,0,0,0,0,0,0.0,0,0,0,0,0,1,malicious,antchain-sdk-dog
antchain-sdk-donpa,2,0,False,False,False,0,3,2,3,0.0,0,0,0,2,False,0,1,False,0,0,False,1,0,29,0.034482758620689655,4.0936803825887775,5.135185083865586,1,0,0,0,0,1,0,2,0,0,1,1,0,0,0,2,0,0,3,3,3,0.0,0,0,0,0,0,0.0,0,0,0,0,0,1,malicious,antchain-sdk-donpa
antchain-sdk-ebc,2,1,False,True,False,1,2,0,2,0.03333333333333333,0,0,0,0,False,0,0,False,0,0,False,1,0,30,0.03333333333333333,3.6567964266569786,4.021928094887363,0,0,0,0,0,0,0,0,0,0,1,0,0,0,0,1,0,0,2,2,1,0.0,0,0,0,0,0,0.0,0,0,0,0,0,1,malicious,antchain-sdk-ebc
antchain-sdk-ent,2,1,True,False,False,1,2,0,2,0.03125,0,0,0,0,False,0,0,False,0,0,False,2,1,32,0.0625,3.238090540356999,3.7264741182543757,0,0,0,0,0,0,0,0,0,0,0,0,0,0,0,0,0,0,2,2,2,0.0,0,0,1,1,0,0.0,0,0,0,0,0,1,malicious,antchain-sdk-ent
antchain-sdk-gatewayx,2,0,False,False,False,1,3,0,3,0.03125,0,0,0,0,False,0,0,False,0,0,False,1,0,32,0.03125,3.34831776649746,3.7264741182543757,0,0,0,0,0,0,0,0,0,0,0,0,0,0,0,0,0,0,3,3,2,0.0,0,0,0,0,1,0.4,0,0,0,0,20,1,malicious,antchain-sdk-gatewayx
antchain-sdk-goodschain,2,0,False,False,False,1,3,0,3,0.03125,0,0,0,0,False,0,0,False,0,0,False,1,0,32,0.03125,3.2922545338279625,3.7264741182543757,0,0,0,0,0,0,0,0,0,0,0,0,0,0,0,0,0,0,3,3,2,0.0,0,0,0,0,1,0.4,0,0,0,0,20,1,malicious,antchain-sdk-goodschain
antchain-sdk-iam,2,0,False,False,False,0,3,2,3,0.0,0,0,0,2,False,0,1,False,0,0,False,1,0,29,0.034482758620689655,4.063159577744915,5.135185083865586,1,0,0,0,0,1,0,2,0,0,1,1,0,0,0,2,0,0,3,3,3,0.0,0,0,0,0,0,0.0,0,0,0,0,0,1,malicious,antchain-sdk-iam
antchain-sdk-industry,2,0,False,False,False,0,3,2,3,0.0,0,0,0,2,False,0,1,False,0,0,False,1,0,29,0.034482758620689655,4.152041613027138,5.135185083865586,1,0,0,0,0,1,0,2,0,0,1,1,0,0,0,2,0,0,3,3,3,0.0,0,0,0,0,0,0.0,0,0,0,0,0,1,malicious,antchain-sdk-industry
antchain-sdk-loadtestmock,3,1,True,False,False,1,4,0,3,0.027777777777777776,0,3,0,0,False,0,0,False,0,0,False,2,0,36,0.05555555555555555,3.667223655124963,3.9873261452560076,0,0,0,0,0,0,0,0,0,1,0,0,0,0,0,0,0,1,4,3,1,20.0,2,1,1,1,0,0.0,0,0,0,0,20,1,malicious,antchain-sdk-loadtestmock
antchain-sdk-mq,2,2,False,True,True,1,1,0,1,0.03333333333333333,0,1,0,0,False,0,0,False,0,0,False,1,0,30,0.03333333333333333,3.616682356931447,3.7264741182543757,0,0,0,0,0,0,0,0,0,0,0,1,0,0,0,0,0,0,1,1,1,0.0,0,0,0,0,0,0.0,0,0,0,0,0,1,malicious,antchain-sdk-mq
antchain-sdk-ms,2,1,True,False,False,1,2,0,2,0.03125,0,0,0,0,False,0,0,False,0,0,False,2,1,32,0.0625,3.2495249731471,3.7264741182543757,0,0,0,0,0,0,0,0,0,0,0,0,0,0,0,0,0,0,2,2,2,0.0,0,0,1,1,0,0.0,0,0,0,0,0,1,malicious,antchain-sdk-ms
antchain-sdk-mytc,2,2,False,True,True,1,1,0,1,0.03333333333333333,0,1,0,0,False,0,0,False,0,0,False,1,0,30,0.03333333333333333,3.6128508326935345,3.7264741182543757,0,0,0,0,0,0,0,0,0,0,0,1,0,0,0,0,0,0,1,1,1,0.0,0,0,0,0,0,0.0,0,0,0,0,0,1,malicious,antchain-sdk-mytc
antchain-sdk-notification,2,1,False,True,False,1,2,0,2,0.03333333333333333,0,0,0,0,False,0,0,False,0,0,False,1,0,30,0.03333333333333333,3.6276627240573904,4.021928094887363,0,0,0,0,0,0,0,0,0,0,1,0,0,0,0,1,0,0,2,2,1,0.0,0,0,0,0,0,0.0,0,0,0,0,0,1,malicious,antchain-sdk-notification
antchain-sdk-op,3,1,True,False,False,1,4,0,3,0.027777777777777776,0,3,0,0,False,0,0,False,0,0,False,2,0,36,0.05555555555555555,3.618080006626681,3.9873261452560076,0,0,0,0,0,0,0,0,0,1,0,0,0,0,0,0,0,1,4,3,1,20.0,2,1,1,1,0,0.0,0,0,0,0,20,1,malicious,antchain-sdk-op
antchain-sdk-pcc,2,1,False,True,False,1,2,0,2,0.03333333333333333,0,0,0,0,False,0,0,False,0,0,False,1,0,30,0.03333333333333333,3.6137513094356746,4.021928094887363,0,0,0,0,0,0,0,0,0,0,1,0,0,0,0,1,0,0,2,2,1,0.0,0,0,0,0,0,0.0,0,0,0,0,0,1,malicious,antchain-sdk-pcc
antchain-sdk-realperson,2,2,False,True,True,1,1,0,1,0.03333333333333333,0,1,0,0,False,0,0,False,0,0,False,1,0,30,0.03333333333333333,3.744370754452935,3.7622673906514947,0,0,0,0,0,0,0,0,0,0,0,1,0,0,0,0,0,0,1,1,1,0.0,0,0,0,0,0,0.0,0,0,0,0,0,1,malicious,antchain-sdk-realperson
antchain-sdk-rms,2,0,False,False,False,0,3,2,3,0.0,0,0,0,2,False,0,1,False,0,0,False,1,0,29,0.034482758620689655,4.120553067373321,5.135185083865586,1,0,0,0,0,1,0,2,0,0,1,1,0,0,0,2,0,0,3,3,3,0.0,0,0,0,0,0,0.0,0,0,0,0,0,1,malicious,antchain-sdk-rms
antchain-sdk-shuziwuliu,2,0,False,False,False,1,4,0,4,0.03225806451612903,0,0,0,0,False,0,0,False,0,0,False,2,1,31,0.06451612903225806,3.70089249358337,3.7264741182543757,0,0,0,0,0,0,0,0,0,0,0,0,0,0,0,0,0,0,4,4,2,0.0,0,0,1,1,1,0.4,0,0,0,0,20,1,malicious,antchain-sdk-shuziwuliu
antchain-sdk-sp,2,0,False,False,False,0,3,2,3,0.0,0,0,0,2,False,0,1,False,0,0,False,1,0,29,0.034482758620689655,4.0784054881317156,5.135185083865586,1,0,0,0,0,1,0,2,0,0,1,1,0,0,0,2,0,0,3,3,3,0.0,0,0,0,0,0,0.0,0,0,0,0,0,1,malicious,antchain-sdk-sp
antchain-sdk-stlr,2,1,False,True,False,1,2,0,2,0.03333333333333333,0,0,0,0,False,0,0,False,0,0,False,1,0,30,0.03333333333333333,3.656603313440152,4.021928094887363,0,0,0,0,0,0,0,0,0,0,1,0,0,0,0,1,0,0,2,2,1,0.0,0,0,0,0,0,0.0,0,0,0,0,0,1,malicious,antchain-sdk-stlr
antchain-sdk-tam,2,0,False,False,False,0,3,2,3,0.0,0,0,0,2,False,0,1,False,0,0,False,1,0,29,0.034482758620689655,4.063159577744915,5.135185083865586,1,0,0,0,0,1,0,2,0,0,1,1,0,0,0,2,0,0,3,3,3,0.0,0,0,0,0,0,0.0,0,0,0,0,0,1,malicious,antchain-sdk-tam
antchain-sdk-tdm,2,0,False,False,False,0,3,2,3,0.0,0,0,0,2,False,0,1,False,0,0,False,1,0,29,0.034482758620689655,4.078886400706654,5.135185083865586,1,0,0,0,0,1,0,2,0,0,1,1,0,0,0,2,0,0,3,3,3,0.0,0,0,0,0,0,0.0,0,0,0,0,0,1,malicious,antchain-sdk-tdm
antchain-sdk-zjlm,2,2,False,True,True,1,1,0,1,0.03333333333333333,0,1,0,0,False,0,0,False,0,0,False,1,0,30,0.03333333333333333,3.730497891517064,3.734521664779752,0,0,0,0,0,0,0,0,0,0,0,1,0,0,0,0,0,0,1,1,1,0.0,0,0,0,0,0,0.0,0,0,0,0,0,1,malicious,antchain-sdk-zjlm
antchain_sdk_acs_iot,2,0,False,False,False,1,3,0,3,0.03125,0,0,0,0,False,0,0,False,0,0,False,1,0,32,0.03125,3.2535149136371904,3.7264741182543757,0,0,0,0,0,0,0,0,0,0,0,0,0,0,0,0,0,0,3,3,2,0.0,0,0,0,0,1,0.4,0,0,0,0,20,1,malicious,antchain_sdk_acs_iot
anutoolbox123,2,1,False,True,False,1,2,0,2,0.03333333333333333,0,0,0,0,False,0,0,False,0,0,False,1,0,30,0.03333333333333333,3.6154662119198773,4.021928094887363,0,0,0,0,0,0,0,0,0,0,1,0,0,0,0,1,0,0,2,2,1,0.0,0,0,0,0,0,0.0,0,0,0,0,0,1,malicious,anutoolbox123
aohttp,2,0,False,False,False,1,3,0,3,0.03125,0,0,0,0,False,0,0,False,0,0,False,1,0,32,0.03125,3.222540103292582,3.7264741182543757,0,0,0,0,0,0,0,0,0,0,0,0,0,0,0,0,0,0,3,3,2,0.0,0,0,0,0,1,0.4,0,0,0,0,20,1,malicious,aohttp
aowdjpawojd,2,1,True,False,False,1,2,0,2,0.03125,0,0,0,0,False,0,0,False,0,0,False,2,1,32,0.0625,3.0437208349649003,3.7264741182543757,0,0,0,0,0,0,0,0,0,0,0,0,0,0,0,0,0,0,2,2,2,0.0,0,0,1,1,0,0.0,0,0,0,0,0,1,malicious,aowdjpawojd
apch,2,0,False,False,False,1,4,0,4,0.03225806451612903,0,0,0,0,False,0,0,False,0,0,False,2,1,31,0.06451612903225806,3.7264741182543757,3.7264741182543757,0,0,0,0,0,0,0,0,0,0,0,0,0,0,0,0,0,0,4,4,2,0.0,0,0,1,1,1,0.4,0,0,0,0,20,1,malicious,apch
apidev-coop,3,1,True,False,False,1,4,0,3,0.027777777777777776,0,3,0,0,False,0,0,False,0,0,False,2,0,36,0.05555555555555555,3.515306171474785,3.9873261452560076,0,0,0,0,0,0,0,0,0,1,0,0,0,0,0,0,0,1,4,3,1,20.0,2,1,1,1,0,0.0,0,0,0,0,20,1,malicious,apidev-coop
apple-py-music,2,2,False,True,True,1,1,0,1,0.03333333333333333,0,1,0,0,False,0,0,False,0,0,False,1,0,30,0.03333333333333333,3.5256685379358665,3.7264741182543757,0,0,0,0,0,0,0,0,0,0,0,1,0,0,0,0,0,0,1,1,1,0.0,0,0,0,0,0,0.0,0,0,0,0,0,1,malicious,apple-py-music
apple-tv-new,2,1,True,False,False,1,2,0,2,0.03125,0,0,0,0,False,0,0,False,0,0,False,2,1,32,0.0625,3.1773762827585923,3.7264741182543757,0,0,0,0,0,0,0,0,0,0,0,0,0,0,0,0,0,0,2,2,2,0.0,0,0,1,1,0,0.0,0,0,0,0,0,1,malicious,apple-tv-new
aptx,2,0,False,False,False,0,3,2,3,0.0,0,0,0,2,False,0,1,False,0,0,False,1,0,29,0.034482758620689655,4.4308296010599815,5.135185083865586,1,0,0,0,0,1,0,2,0,0,1,1,0,0,0,2,0,0,3,3,3,0.0,0,0,0,0,0,0.0,0,0,0,0,0,1,malicious,aptx
arcalife,2,2,False,True,True,1,1,0,1,0.03333333333333333,0,1,0,0,False,0,0,False,0,0,False,1,0,30,0.03333333333333333,3.7264741182543757,3.7264741182543757,0,0,0,0,0,0,0,0,0,0,0,1,0,0,0,0,0,0,1,1,1,0.0,0,0,0,0,0,0.0,0,0,0,0,0,1,malicious,arcalife
are,2,2,False,True,True,1,1,0,1,0.03333333333333333,0,1,0,0,False,0,0,False,0,0,False,1,0,30,0.03333333333333333,3.7264741182543757,3.7264741182543757,0,0,0,0,0,0,0,0,0,0,0,1,0,0,0,0,0,0,1,1,1,0.0,0,0,0,0,0,0.0,0,0,0,0,0,1,malicious,are
args-python,2,1,True,False,False,1,2,0,2,0.03125,0,0,0,0,False,0,0,False,0,0,False,2,1,32,0.0625,3.270993562237628,3.7264741182543757,0,0,0,0,0,0,0,0,0,0,0,0,0,0,0,0,0,0,2,2,2,0.0,0,0,1,1,0,0.0,0,0,0,0,0,1,malicious,args-python
argspython,3,1,True,False,False,1,4,0,3,0.027777777777777776,0,3,0,0,False,0,0,False,0,0,False,2,0,36,0.05555555555555555,3.571839381446392,3.9873261452560076,0,0,0,0,0,0,0,0,0,1,0,0,0,0,0,0,0,1,4,3,1,20.0,2,1,1,1,0,0.0,0,0,0,0,20,1,malicious,argspython
arubomber,3,1,True,False,False,1,4,0,3,0.027777777777777776,0,3,0,0,False,0,0,False,0,0,False,2,0,36,0.05555555555555555,3.6551431436327353,3.9873261452560076,0,0,0,0,0,0,0,0,0,1,0,0,0,0,0,0,0,1,4,3,1,20.0,2,1,1,1,0,0.0,0,0,0,0,20,1,malicious,arubomber
aryi,2,0,False,False,False,1,3,0,3,0.03125,0,0,0,0,False,0,0,False,0,0,False,1,0,32,0.03125,3.222540103292582,3.7264741182543757,0,0,0,0,0,0,0,0,0,0,0,0,0,0,0,0,0,0,3,3,2,0.0,0,0,0,0,1,0.4,0,0,0,0,20,1,malicious,aryi
ascii2text,2,1,False,True,False,1,2,0,2,0.03333333333333333,0,0,0,0,False,0,0,False,0,0,False,1,0,30,0.03333333333333333,3.5122784503788194,4.021928094887363,0,0,0,0,0,0,0,0,0,0,1,0,0,0,0,1,0,0,2,2,1,0.0,0,0,0,0,0,0.0,0,0,0,0,0,1,malicious,ascii2text
asn2crypto,2,0,False,False,False,1,3,0,3,0.03125,0,0,0,0,False,0,0,False,0,0,False,1,0,32,0.03125,3.2473871011912774,3.7264741182543757,0,0,0,0,0,0,0,0,0,0,0,0,0,0,0,0,0,0,3,3,2,0.0,0,0,0,0,1,0.4,0,0,0,0,20,1,malicious,asn2crypto
asteroid-filterbank,2,0,False,False,False,0,3,2,3,0.0,0,0,0,2,False,0,1,False,0,0,False,1,0,29,0.034482758620689655,4.194423642029954,5.135185083865586,1,0,0,0,0,1,0,2,0,0,1,1,0,0,0,2,0,0,3,3,3,0.0,0,0,0,0,0,0.0,0,0,0,0,0,1,malicious,asteroid-filterbank
asyncio-box,2,0,False,False,False,0,3,2,3,0.0,0,0,0,2,False,0,1,False,0,0,False,1,0,29,0.034482758620689655,4.046424212979693,5.135185083865586,1,0,0,0,0,1,0,2,0,0,1,1,0,0,0,2,0,0,3,3,3,0.0,0,0,0,0,0,0.0,0,0,0,0,0,1,malicious,asyncio-box
asyncio-proxy,2,1,True,False,False,1,2,0,2,0.03125,0,0,0,0,False,0,0,False,0,0,False,2,1,32,0.0625,3.2543225101905,3.7264741182543757,0,0,0,0,0,0,0,0,0,0,0,0,0,0,0,0,0,0,2,2,2,0.0,0,0,1,1,0,0.0,0,0,0,0,0,1,malicious,asyncio-proxy
asyncoi,2,1,False,True,False,1,2,0,2,0.03333333333333333,0,0,0,0,False,0,0,False,0,0,False,1,0,30,0.03333333333333333,3.709061902209305,4.021928094887363,0,0,0,0,0,0,0,0,0,0,1,0,0,0,0,1,0,0,2,2,1,0.0,0,0,0,0,0,0.0,0,0,0,0,0,1,malicious,asyncoi
atplotlib,2,2,False,True,True,1,1,0,1,0.03333333333333333,0,1,0,0,False,0,0,False,0,0,False,1,0,30,0.03333333333333333,3.7264741182543757,3.7264741182543757,0,0,0,0,0,0,0,0,0,0,0,1,0,0,0,0,0,0,1,1,1,0.0,0,0,0,0,0,0.0,0,0,0,0,0,1,malicious,atplotlib
automslc,2,0,False,False,False,1,4,0,4,0.03225806451612903,0,0,0,0,False,0,0,False,0,0,False,2,1,31,0.06451612903225806,3.7264741182543757,3.7264741182543757,0,0,0,0,0,0,0,0,0,0,0,0,0,0,0,0,0,0,4,4,2,0.0,0,0,1,1,1,0.4,0,0,0,0,20,1,malicious,automslc
awesome-tools-collection,2,0,False,False,False,0,3,2,3,0.0,0,0,0,2,False,0,1,False,0,0,False,1,0,29,0.034482758620689655,4.077770908186432,5.135185083865586,1,0,0,0,0,1,0,2,0,0,1,1,0,0,0,2,0,0,3,3,3,0.0,0,0,0,0,0,0.0,0,0,0,0,0,1,malicious,awesome-tools-collection
aws-enumerate,2,0,False,False,False,1,4,0,4,0.03225806451612903,0,0,0,0,False,0,0,False,0,0,False,2,1,31,0.06451612903225806,3.453653552729908,3.7264741182543757,0,0,0,0,0,0,0,0,0,0,0,0,0,0,0,0,0,0,4,4,2,0.0,0,0,1,1,1,0.4,0,0,0,0,20,1,malicious,aws-enumerate
aws-login0tool,2,2,False,True,True,1,1,0,1,0.03333333333333333,0,1,0,0,False,0,0,False,0,0,False,1,0,30,0.03333333333333333,3.5256685379358665,3.7264741182543757,0,0,0,0,0,0,0,0,0,0,0,1,0,0,0,0,0,0,1,1,1,0.0,0,0,0,0,0,0.0,0,0,0,0,0,1,malicious,aws-login0tool
awscl,2,0,False,False,False,1,3,0,3,0.03125,0,0,0,0,False,0,0,False,0,0,False,1,0,32,0.03125,3.222540103292582,3.7264741182543757,0,0,0,0,0,0,0,0,0,0,0,0,0,0,0,0,0,0,3,3,2,0.0,0,0,0,0,1,0.4,0,0,0,0,20,1,malicious,awscl
awsclie,2,1,True,False,False,1,2,0,2,0.03125,0,0,0,0,False,0,0,False,0,0,False,2,1,32,0.0625,3.2081808767710718,3.7264741182543757,0,0,0,0,0,0,0,0,0,0,0,0,0,0,0,0,0,0,2,2,2,0.0,0,0,1,1,0,0.0,0,0,0,0,0,1,malicious,awsclie
awsclii,2,1,False,True,False,1,2,0,2,0.03333333333333333,0,0,0,0,False,0,0,False,0,0,False,1,0,30,0.03333333333333333,3.709061902209305,4.021928094887363,0,0,0,0,0,0,0,0,0,0,1,0,0,0,0,1,0,0,2,2,1,0.0,0,0,0,0,0,0.0,0,0,0,0,0,1,malicious,awsclii
axderz,3,1,True,False,False,1,4,0,3,0.027777777777777776,0,3,0,0,False,0,0,False,0,0,False,2,0,36,0.05555555555555555,3.6551431436327353,3.9873261452560076,0,0,0,0,0,0,0,0,0,1,0,0,0,0,0,0,0,1,4,3,1,20.0,2,1,1,1,0,0.0,0,0,0,0,20,1,malicious,axderz
axelo,2,1,False,True,False,1,2,0,2,0.03333333333333333,0,0,0,0,False,0,0,False,0,0,False,1,0,30,0.03333333333333333,3.709061902209305,4.021928094887363,0,0,0,0,0,0,0,0,0,0,1,0,0,0,0,1,0,0,2,2,1,0.0,0,0,0,0,0,0.0,0,0,0,0,0,1,malicious,axelo
axm,2,0,False,False,False,1,3,0,3,0.03125,0,0,0,0,False,0,0,False,0,0,False,1,0,32,0.03125,3.222540103292582,3.7264741182543757,0,0,0,0,0,0,0,0,0,0,0,0,0,0,0,0,0,0,3,3,2,0.0,0,0,0,0,1,0.4,0,0,0,0,20,1,malicious,axm
azure-cli-ml-preview,3,1,True,False,False,1,4,0,3,0.027777777777777776,0,3,0,0,False,0,0,False,0,0,False,2,0,36,0.05555555555555555,3.6279671938923053,3.9873261452560076,0,0,0,0,0,0,0,0,0,1,0,0,0,0,0,0,0,1,4,3,1,20.0,2,1,1,1,0,0.0,0,0,0,0,20,1,malicious,azure-cli-ml-preview
azure-cli-ml-private-preview,2,0,False,False,False,1,4,0,4,0.03225806451612903,0,0,0,0,False,0,0,False,0,0,False,2,1,31,0.06451612903225806,3.668525680793009,3.7264741182543757,0,0,0,0,0,0,0,0,0,0,0,0,0,0,0,0,0,0,4,4,2,0.0,0,0,1,1,1,0.4,0,0,0,0,20,1,malicious,azure-cli-ml-private-preview
azure-sdk-tools,3,1,True,False,False,1,4,0,3,0.027777777777777776,0,3,0,0,False,0,0,False,0,0,False,2,0,36,0.05555555555555555,3.618080006626681,3.9873261452560076,0,0,0,0,0,0,0,0,0,1,0,0,0,0,0,0,0,1,4,3,1,20.0,2,1,1,1,0,0.0,0,0,0,0,20,1,malicious,azure-sdk-tools
azureml-contrib-optimization,2,0,False,False,False,1,4,0,4,0.03225806451612903,0,0,0,0,False,0,0,False,0,0,False,2,1,31,0.06451612903225806,3.7399542522215805,3.7534343861887853,0,0,0,0,0,0,0,0,0,0,0,0,0,0,0,0,0,0,4,4,2,0.0,0,0,1,1,1,0.4,0,0,0,0,20,1,malicious,azureml-contrib-optimization
azureml-contrib-reports,2,1,False,True,False,1,2,0,2,0.03333333333333333,0,0,0,0,False,0,0,False,0,0,False,1,0,30,0.03333333333333333,3.7387738721929713,4.021928094887363,0,0,0,0,0,0,0,0,0,0,1,0,0,0,0,1,0,0,2,2,1,0.0,0,0,0,0,0,0.0,0,0,0,0,0,1,malicious,azureml-contrib-reports
b2-sdk-python,3,1,True,False,False,1,4,0,3,0.027777777777777776,0,3,0,0,False,0,0,False,0,0,False,2,0,36,0.05555555555555555,3.628005748798286,3.9873261452560076,0,0,0,0,0,0,0,0,0,1,0,0,0,0,0,0,0,1,4,3,1,20.0,2,1,1,1,0,0.0,0,0,0,0,20,1,malicious,b2-sdk-python
baeutifulsoup,2,0,False,False,False,0,3,2,3,0.0,0,0,0,2,False,0,1,False,0,0,False,1,0,29,0.034482758620689655,4.065446114390519,5.135185083865586,1,0,0,0,0,1,0,2,0,0,1,1,0,0,0,2,0,0,3,3,3,0.0,0,0,0,0,0,0.0,0,0,0,0,0,1,malicious,baeutifulsoup
baeutifulsoup4,2,1,False,True,False,1,2,0,2,0.03333333333333333,0,0,0,0,False,0,0,False,0,0,False,1,0,30,0.03333333333333333,3.648726451775604,4.021928094887363,0,0,0,0,0,0,0,0,0,0,1,0,0,0,0,1,0,0,2,2,1,0.0,0,0,0,0,0,0.0,0,0,0,0,0,1,malicious,baeutifulsoup4
bahaha,2,1,True,False,False,1,2,0,2,0.03125,0,0,0,0,False,0,0,False,0,0,False,2,1,32,0.0625,3.2081808767710718,3.7264741182543757,0,0,0,0,0,0,0,0,0,0,0,0,0,0,0,0,0,0,2,2,2,0.0,0,0,1,1,0,0.0,0,0,0,0,0,1,malicious,bahaha
bautifulsoup,2,1,True,False,False,1,2,0,2,0.03125,0,0,0,0,False,0,0,False,0,0,False,2,1,32,0.0625,3.2033161264635197,3.7264741182543757,0,0,0,0,0,0,0,0,0,0,0,0,0,0,0,0,0,0,2,2,2,0.0,0,0,1,1,0,0.0,0,0,0,0,0,1,malicious,bautifulsoup
bbeautifulsoup,2,1,False,True,False,1,2,0,2,0.03333333333333333,0,0,0,0,False,0,0,False,0,0,False,1,0,30,0.03333333333333333,3.6130121660613184,4.021928094887363,0,0,0,0,0,0,0,0,0,0,1,0,0,0,0,1,0,0,2,2,1,0.0,0,0,0,0,0,0.0,0,0,0,0,0,1,malicious,bbeautifulsoup
bcrypto,2,0,False,False,False,1,3,0,3,0.03125,0,0,0,0,False,0,0,False,0,0,False,1,0,32,0.03125,3.222540103292582,3.7264741182543757,0,0,0,0,0,0,0,0,0,0,0,0,0,0,0,0,0,0,3,3,2,0.0,0,0,0,0,1,0.4,0,0,0,0,20,1,malicious,bcrypto
beaautifulsoup,2,0,False,False,False,1,4,0,4,0.03225806451612903,0,0,0,0,False,0,0,False,0,0,False,2,1,31,0.06451612903225806,3.5256685379358665,3.7264741182543757,0,0,0,0,0,0,0,0,0,0,0,0,0,0,0,0,0,0,4,4,2,0.0,0,0,1,1,1,0.4,0,0,0,0,20,1,malicious,beaautifulsoup
beatuifulsoup,2,0,False,False,False,1,4,0,4,0.03225806451612903,0,0,0,0,False,0,0,False,0,0,False,2,1,31,0.06451612903225806,3.5305766296529852,3.7264741182543757,0,0,0,0,0,0,0,0,0,0,0,0,0,0,0,0,0,0,4,4,2,0.0,0,0,1,1,1,0.4,0,0,0,0,20,1,malicious,beatuifulsoup
beauifulsoup,2,1,False,True,False,1,2,0,2,0.03333333333333333,0,0,0,0,False,0,0,False,0,0,False,1,0,30,0.03333333333333333,3.5789768955421954,4.021928094887363,0,0,0,0,0,0,0,0,0,0,1,0,0,0,0,1,0,0,2,2,1,0.0,0,0,0,0,0,0.0,0,0,0,0,0,1,malicious,beauifulsoup
beauitfulsoup,3,1,True,False,False,1,4,0,3,0.027777777777777776,0,3,0,0,False,0,0,False,0,0,False,2,0,36,0.05555555555555555,3.5750271429874503,3.9873261452560076,0,0,0,0,0,0,0,0,0,1,0,0,0,0,0,0,0,1,4,3,1,20.0,2,1,1,1,0,0.0,0,0,0,0,20,1,malicious,beauitfulsoup
beautfiulsoup,2,0,False,False,False,1,3,0,3,0.03125,0,0,0,0,False,0,0,False,0,0,False,1,0,32,0.03125,3.250574862732335,3.7264741182543757,0,0,0,0,0,0,0,0,0,0,0,0,0,0,0,0,0,0,3,3,2,0.0,0,0,0,0,1,0.4,0,0,0,0,20,1,malicious,beautfiulsoup
beautiffulsoup,3,1,True,False,False,1,4,0,3,0.027777777777777776,0,3,0,0,False,0,0,False,0,0,False,2,0,36,0.05555555555555555,3.572573097128891,3.9873261452560076,0,0,0,0,0,0,0,0,0,1,0,0,0,0,0,0,0,1,4,3,1,20.0,2,1,1,1,0,0.0,0,0,0,0,20,1,malicious,beautiffulsoup
beautiffulsoup4,2,0,False,False,False,1,4,0,4,0.03225806451612903,0,0,0,0,False,0,0,False,0,0,False,2,1,31,0.06451612903225806,3.5915194401926644,3.7264741182543757,0,0,0,0,0,0,0,0,0,0,0,0,0,0,0,0,0,0,4,4,2,0.0,0,0,1,1,1,0.4,0,0,0,0,20,1,malicious,beautiffulsoup4
beautiflusoup,2,0,False,False,False,1,3,0,3,0.03125,0,0,0,0,False,0,0,False,0,0,False,1,0,32,0.03125,3.250574862732335,3.7264741182543757,0,0,0,0,0,0,0,0,0,0,0,0,0,0,0,0,0,0,3,3,2,0.0,0,0,0,0,1,0.4,0,0,0,0,20,1,malicious,beautiflusoup
beautifullsoup,2,0,False,False,False,1,3,0,3,0.03125,0,0,0,0,False,0,0,False,0,0,False,1,0,32,0.03125,3.248120816873776,3.7264741182543757,0,0,0,0,0,0,0,0,0,0,0,0,0,0,0,0,0,0,3,3,2,0.0,0,0,0,0,1,0.4,0,0,0,0,20,1,malicious,beautifullsoup
beautifulosup,2,0,False,False,False,1,3,0,3,0.03125,0,0,0,0,False,0,0,False,0,0,False,1,0,32,0.03125,3.250574862732335,3.7264741182543757,0,0,0,0,0,0,0,0,0,0,0,0,0,0,0,0,0,0,3,3,2,0.0,0,0,0,0,1,0.4,0,0,0,0,20,1,malicious,beautifulosup
beautifuloup4,2,2,False,True,True,1,1,0,1,0.03333333333333333,0,1,0,0,False,0,0,False,0,0,False,1,0,30,0.03333333333333333,3.5305766296529852,3.7264741182543757,0,0,0,0,0,0,0,0,0,0,0,1,0,0,0,0,0,0,1,1,1,0.0,0,0,0,0,0,0.0,0,0,0,0,0,1,malicious,beautifuloup4
beautifulsooup,2,1,True,False,False,1,2,0,2,0.03125,0,0,0,0,False,0,0,False,0,0,False,2,1,32,0.0625,3.2373513969826426,3.7264741182543757,0,0,0,0,0,0,0,0,0,0,0,0,0,0,0,0,0,0,2,2,2,0.0,0,0,1,1,0,0.0,0,0,0,0,0,1,malicious,beautifulsooup
beautifulsop,2,2,False,True,True,1,1,0,1,0.03333333333333333,0,1,0,0,False,0,0,False,0,0,False,1,0,30,0.03333333333333333,3.5723849761544324,3.7264741182543757,0,0,0,0,0,0,0,0,0,0,0,1,0,0,0,0,0,0,1,1,1,0.0,0,0,0,0,0,0.0,0,0,0,0,0,1,malicious,beautifulsop
beautifulsopu,2,0,False,False,False,1,3,0,3,0.03125,0,0,0,0,False,0,0,False,0,0,False,1,0,32,0.03125,3.250574862732335,3.7264741182543757,0,0,0,0,0,0,0,0,0,0,0,0,0,0,0,0,0,0,3,3,2,0.0,0,0,0,0,1,0.4,0,0,0,0,20,1,malicious,beautifulsopu
beautifulsou,2,0,False,False,False,1,3,0,3,0.03125,0,0,0,0,False,0,0,False,0,0,False,1,0,32,0.03125,3.2140855463546534,3.7264741182543757,0,0,0,0,0,0,0,0,0,0,0,0,0,0,0,0,0,0,3,3,2,0.0,0,0,0,0,1,0.4,0,0,0,0,20,1,malicious,beautifulsou
beautifulsoup-new,2,0,False,False,False,1,4,0,4,0.03225806451612903,0,0,0,0,False,0,0,False,0,0,False,2,1,31,0.06451612903225806,3.7082953179240206,3.7264741182543757,0,0,0,0,0,0,0,0,0,0,0,0,0,0,0,0,0,0,4,4,2,0.0,0,0,1,1,1,0.4,0,0,0,0,20,1,malicious,beautifulsoup-new
beautifulsoup4-new,2,1,False,True,False,1,2,0,2,0.03333333333333333,0,0,0,0,False,0,0,False,0,0,False,1,0,30,0.03333333333333333,3.7304597950430645,4.021928094887363,0,0,0,0,0,0,0,0,0,0,1,0,0,0,0,1,0,0,2,2,1,0.0,0,0,0,0,0,0.0,0,0,0,0,0,1,malicious,beautifulsoup4-new
beautifulsoupp,3,1,True,False,False,1,4,0,3,0.027777777777777776,0,3,0,0,False,0,0,False,0,0,False,2,0,36,0.05555555555555555,3.572573097128891,3.9873261452560076,0,0,0,0,0,0,0,0,0,1,0,0,0,0,0,0,0,1,4,3,1,20.0,2,1,1,1,0,0.0,0,0,0,0,20,1,malicious,beautifulsoupp
beautifulsouup,2,0,False,False,False,0,3,2,3,0.0,0,0,0,2,False,0,1,False,0,0,False,1,0,29,0.034482758620689655,4.032528517582999,5.135185083865586,1,0,0,0,0,1,0,2,0,0,1,1,0,0,0,2,0,0,3,3,3,0.0,0,0,0,0,0,0.0,0,0,0,0,0,1,malicious,beautifulsouup
beautifulssoup,2,1,False,True,False,1,2,0,2,0.03333333333333333,0,0,0,0,False,0,0,False,0,0,False,1,0,30,0.03333333333333333,3.6130121660613184,4.021928094887363,0,0,0,0,0,0,0,0,0,0,1,0,0,0,0,1,0,0,2,2,1,0.0,0,0,0,0,0,0.0,0,0,0,0,0,1,malicious,beautifulssoup
beautifulsuop,2,0,False,False,False,1,4,0,4,0.03225806451612903,0,0,0,0,False,0,0,False,0,0,False,2,1,31,0.06451612903225806,3.5305766296529852,3.7264741182543757,0,0,0,0,0,0,0,0,0,0,0,0,0,0,0,0,0,0,4,4,2,0.0,0,0,1,1,1,0.4,0,0,0,0,20,1,malicious,beautifulsuop
beautifulsup,2,0,False,False,False,1,4,0,4,0.03225806451612903,0,0,0,0,False,0,0,False,0,0,False,2,1,31,0.06451612903225806,3.457597996897621,3.7264741182543757,0,0,0,0,0,0,0,0,0,0,0,0,0,0,0,0,0,0,4,4,2,0.0,0,0,1,1,1,0.4,0,0,0,0,20,1,malicious,beautifulsup
beautifulsup4,2,0,False,False,False,0,3,2,3,0.0,0,0,0,2,False,0,1,False,0,0,False,1,0,29,0.034482758620689655,4.065446114390519,5.135185083865586,1,0,0,0,0,1,0,2,0,0,1,1,0,0,0,2,0,0,3,3,3,0.0,0,0,0,0,0,0.0,0,0,0,0,0,1,malicious,beautifulsup4
beautifusloup,2,0,False,False,False,1,3,0,3,0.03125,0,0,0,0,False,0,0,False,0,0,False,1,0,32,0.03125,3.250574862732335,3.7264741182543757,0,0,0,0,0,0,0,0,0,0,0,0,0,0,0,0,0,0,3,3,2,0.0,0,0,0,0,1,0.4,0,0,0,0,20,1,malicious,beautifusloup
beautifusoup,2,0,False,False,False,1,4,0,4,0.03225806451612903,0,0,0,0,False,0,0,False,0,0,False,2,1,31,0.06451612903225806,3.457597996897621,3.7264741182543757,0,0,0,0,0,0,0,0,0,0,0,0,0,0,0,0,0,0,4,4,2,0.0,0,0,1,1,1,0.4,0,0,0,0,20,1,malicious,beautifusoup
beautifuulsoup,2,0,False,False,False,1,3,0,3,0.03125,0,0,0,0,False,0,0,False,0,0,False,1,0,32,0.03125,3.225886665126695,3.7264741182543757,0,0,0,0,0,0,0,0,0,0,0,0,0,0,0,0,0,0,3,3,2,0.0,0,0,0,0,1,0.4,0,0,0,0,20,1,malicious,beautifuulsoup
beautifuulsoup4,3,1,True,False,False,1,4,0,3,0.027777777777777776,0,3,0,0,False,0,0,False,0,0,False,2,0,36,0.05555555555555555,3.5847466732933477,3.9873261452560076,0,0,0,0,0,0,0,0,0,1,0,0,0,0,0,0,0,1,4,3,1,20.0,2,1,1,1,0,0.0,0,0,0,0,20,1,malicious,beautifuulsoup4
beautiifulsoup,3,1,True,False,False,1,4,0,3,0.027777777777777776,0,3,0,0,False,0,0,False,0,0,False,2,0,36,0.05555555555555555,3.572573097128891,3.9873261452560076,0,0,0,0,0,0,0,0,0,1,0,0,0,0,0,0,0,1,4,3,1,20.0,2,1,1,1,0,0.0,0,0,0,0,20,1,malicious,beautiifulsoup
beautiifulsoup4,3,1,True,False,False,1,4,0,3,0.027777777777777776,0,3,0,0,False,0,0,False,0,0,False,2,0,36,0.05555555555555555,3.6054985482572897,3.9873261452560076,0,0,0,0,0,0,0,0,0,1,0,0,0,0,0,0,0,1,4,3,1,20.0,2,1,1,1,0,0.0,0,0,0,0,20,1,malicious,beautiifulsoup4
beautiuflsoup,2,1,False,True,False,1,2,0,2,0.03333333333333333,0,0,0,0,False,0,0,False,0,0,False,1,0,30,0.03333333333333333,3.6154662119198773,4.021928094887363,0,0,0,0,0,0,0,0,0,0,1,0,0,0,0,1,0,0,2,2,1,0.0,0,0,0,0,0,0.0,0,0,0,0,0,1,malicious,beautiuflsoup
beauttifulsoup,2,0,False,False,False,0,3,2,3,0.0,0,0,0,2,False,0,1,False,0,0,False,1,0,29,0.034482758620689655,4.062174053245773,5.135185083865586,1,0,0,0,0,1,0,2,0,0,1,1,0,0,0,2,0,0,3,3,3,0.0,0,0,0,0,0,0.0,0,0,0,0,0,1,malicious,beauttifulsoup
beauutifulsoup,2,1,False,True,False,1,2,0,2,0.03333333333333333,0,0,0,0,False,0,0,False,0,0,False,1,0,30,0.03333333333333333,3.590778014314237,4.021928094887363,0,0,0,0,0,0,0,0,0,0,1,0,0,0,0,1,0,0,2,2,1,0.0,0,0,0,0,0,0.0,0,0,0,0,0,1,malicious,beauutifulsoup
beeautifulsoup,2,1,True,False,False,1,2,0,2,0.03125,0,0,0,0,False,0,0,False,0,0,False,2,1,32,0.0625,3.2373513969826426,3.7264741182543757,0,0,0,0,0,0,0,0,0,0,0,0,0,0,0,0,0,0,2,2,2,0.0,0,0,1,1,0,0.0,0,0,0,0,0,1,malicious,beeautifulsoup
beeautifulsoup4,2,0,False,False,False,1,4,0,4,0.03225806451612903,0,0,0,0,False,0,0,False,0,0,False,2,1,31,0.06451612903225806,3.5915194401926644,3.7264741182543757,0,0,0,0,0,0,0,0,0,0,0,0,0,0,0,0,0,0,4,4,2,0.0,0,0,1,1,1,0.4,0,0,0,0,20,1,malicious,beeautifulsoup4
belarusbetter,2,0,False,False,False,1,4,0,4,0.03225806451612903,0,0,0,0,False,0,0,False,0,0,False,2,1,31,0.06451612903225806,3.299807398883755,3.7264741182543757,0,0,0,0,0,0,0,0,0,0,0,0,0,0,0,0,0,0,4,4,2,0.0,0,0,1,1,1,0.4,0,0,0,0,20,1,malicious,belarusbetter
bettercolors,2,0,False,False,False,0,3,2,3,0.0,0,0,0,2,False,0,1,False,0,0,False,1,0,29,0.034482758620689655,3.926651678724817,5.135185083865586,1,0,0,0,0,1,0,2,0,0,1,1,0,0,0,2,0,0,3,3,3,0.0,0,0,0,0,0,0.0,0,0,0,0,0,1,malicious,bettercolors
betterstyle,2,0,False,False,False,1,4,0,4,0.03225806451612903,0,0,0,0,False,0,0,False,0,0,False,2,1,31,0.06451612903225806,3.160690368249158,3.7264741182543757,0,0,0,0,0,0,0,0,0,0,0,0,0,0,0,0,0,0,4,4,2,0.0,0,0,1,1,1,0.4,0,0,0,0,20,1,malicious,betterstyle
beuatifulsoup,2,0,False,False,False,0,3,2,3,0.0,0,0,0,2,False,0,1,False,0,0,False,1,0,29,0.034482758620689655,4.065446114390519,5.135185083865586,1,0,0,0,0,1,0,2,0,0,1,1,0,0,0,2,0,0,3,3,3,0.0,0,0,0,0,0,0.0,0,0,0,0,0,1,malicious,beuatifulsoup
beutifulsoup,2,0,False,False,False,1,3,0,3,0.03125,0,0,0,0,False,0,0,False,0,0,False,1,0,32,0.03125,3.2140855463546534,3.7264741182543757,0,0,0,0,0,0,0,0,0,0,0,0,0,0,0,0,0,0,3,3,2,0.0,0,0,0,0,1,0.4,0,0,0,0,20,1,malicious,beutifulsoup
binance-sdk-ebate,2,0,False,False,False,0,3,2,3,0.0,0,0,0,2,False,0,1,False,0,0,False,1,0,29,0.034482758620689655,4.066278181081013,5.135185083865586,1,0,0,0,0,1,0,2,0,0,1,1,0,0,0,2,0,0,3,3,3,0.0,0,0,0,0,0,0.0,0,0,0,0,0,1,malicious,binance-sdk-ebate
bingchilling2,3,1,True,False,False,1,4,0,3,0.027777777777777776,0,3,0,0,False,0,0,False,0,0,False,2,0,36,0.05555555555555555,3.459642527602835,3.9873261452560076,0,0,0,0,0,0,0,0,0,1,0,0,0,0,0,0,0,1,4,3,1,20.0,2,1,1,1,0,0.0,0,0,0,0,20,1,malicious,bingchilling2
bioql,3,1,True,False,False,1,4,0,3,0.027777777777777776,0,3,0,0,False,0,0,False,0,0,False,2,0,36,0.05555555555555555,3.6551431436327353,3.9873261452560076,0,0,0,0,0,0,0,0,0,1,0,0,0,0,0,0,0,1,4,3,1,20.0,2,1,1,1,0,0.0,0,0,0,0,20,1,malicious,bioql
bitcinlib,2,1,False,True,False,1,2,0,2,0.03333333333333333,0,0,0,0,False,0,0,False,0,0,False,1,0,30,0.03333333333333333,3.709061902209305,4.021928094887363,0,0,0,0,0,0,0,0,0,0,1,0,0,0,0,1,0,0,2,2,1,0.0,0,0,0,0,0,0.0,0,0,0,0,0,1,malicious,bitcinlib
bitcoilnib,3,1,True,False,False,1,4,0,3,0.027777777777777776,0,3,0,0,False,0,0,False,0,0,False,2,0,36,0.05555555555555555,3.402967193892305,3.9873261452560076,0,0,0,0,0,0,0,0,0,1,0,0,0,0,0,0,0,1,4,3,1,20.0,2,1,1,1,0,0.0,0,0,0,0,20,1,malicious,bitcoilnib
bitcoinliv,2,0,False,False,False,0,3,2,3,0.0,0,0,0,2,False,0,1,False,0,0,False,1,0,29,0.034482758620689655,3.902699515596993,5.135185083865586,1,0,0,0,0,1,0,2,0,0,1,1,0,0,0,2,0,0,3,3,3,0.0,0,0,0,0,0,0.0,0,0,0,0,0,1,malicious,bitcoinliv
bitcoinnlib,2,0,False,False,False,0,3,2,3,0.0,0,0,0,2,False,0,1,False,0,0,False,1,0,29,0.034482758620689655,3.8417306523080725,5.135185083865586,1,0,0,0,0,1,0,2,0,0,1,1,0,0,0,2,0,0,3,3,3,0.0,0,0,0,0,0,0.0,0,0,0,0,0,1,malicious,bitcoinnlib
bitconlib,2,2,False,True,True,1,1,0,1,0.03333333333333333,0,1,0,0,False,0,0,False,0,0,False,1,0,30,0.03333333333333333,3.7264741182543757,3.7264741182543757,0,0,0,0,0,0,0,0,0,0,0,1,0,0,0,0,0,0,1,1,1,0.0,0,0,0,0,0,0.0,0,0,0,0,0,1,malicious,bitconlib
bitcooinlib,2,0,False,False,False,0,3,2,3,0.0,0,0,0,2,False,0,1,False,0,0,False,1,0,29,0.034482758620689655,3.8417306523080725,5.135185083865586,1,0,0,0,0,1,0,2,0,0,1,1,0,0,0,2,0,0,3,3,3,0.0,0,0,0,0,0,0.0,0,0,0,0,0,1,malicious,bitcooinlib
bitensor-cli,2,0,False,False,False,1,4,0,4,0.03225806451612903,0,0,0,0,False,0,0,False,0,0,False,2,1,31,0.06451612903225806,3.5723849761544324,3.7264741182543757,0,0,0,0,0,0,0,0,0,0,0,0,0,0,0,0,0,0,4,4,2,0.0,0,0,1,1,1,0.4,0,0,0,0,20,1,malicious,bitensor-cli
bitocinlib,2,2,False,True,True,1,1,0,1,0.03333333333333333,0,1,0,0,False,0,0,False,0,0,False,1,0,30,0.03333333333333333,3.1864567314626955,3.7264741182543757,0,0,0,0,0,0,0,0,0,0,0,1,0,0,0,0,0,0,1,1,1,0.0,0,0,0,0,0,0.0,0,0,0,0,0,1,malicious,bitocinlib
blabutt,2,0,False,False,False,0,3,2,3,0.0,0,0,0,2,False,0,1,False,0,0,False,1,0,29,0.034482758620689655,4.4308296010599815,5.135185083865586,1,0,0,0,0,1,0,2,0,0,1,1,0,0,0,2,0,0,3,3,3,0.0,0,0,0,0,0,0.0,0,0,0,0,0,1,malicious,blabutt
bloxflipscraper,2,1,True,False,False,1,2,0,2,0.03125,0,0,0,0,False,0,0,False,0,0,False,2,1,32,0.0625,3.282858306480433,3.7264741182543757,0,0,0,0,0,0,0,0,0,0,0,0,0,0,0,0,0,0,2,2,2,0.0,0,0,1,1,0,0.0,0,0,0,0,0,1,malicious,bloxflipscraper
bloxflipsearch,2,2,False,True,True,1,1,0,1,0.03333333333333333,0,1,0,0,False,0,0,False,0,0,False,1,0,30,0.03333333333333333,3.695485948727419,3.7264741182543757,0,0,0,0,0,0,0,0,0,0,0,1,0,0,0,0,0,0,1,1,1,0.0,0,0,0,0,0,0.0,0,0,0,0,0,1,malicious,bloxflipsearch
bloxypy,2,0,False,False,False,0,3,2,3,0.0,0,0,0,2,False,0,1,False,0,0,False,1,0,29,0.034482758620689655,4.4308296010599815,5.135185083865586,1,0,0,0,0,1,0,2,0,0,1,1,0,0,0,2,0,0,3,3,3,0.0,0,0,0,0,0,0.0,0,0,0,0,0,1,malicious,bloxypy
botaa3,2,1,False,True,False,1,2,0,2,0.03333333333333333,0,0,0,0,False,0,0,False,0,0,False,1,0,30,0.03333333333333333,3.709061902209305,4.021928094887363,0,0,0,0,0,0,0,0,0,0,1,0,0,0,0,1,0,0,2,2,1,0.0,0,0,0,0,0,0.0,0,0,0,0,0,1,malicious,botaa3
boto33,3,1,True,False,False,1,4,0,3,0.027777777777777776,0,3,0,0,False,0,0,False,0,0,False,2,0,36,0.05555555555555555,3.6551431436327353,3.9873261452560076,0,0,0,0,0,0,0,0,0,1,0,0,0,0,0,0,0,1,4,3,1,20.0,2,1,1,1,0,0.0,0,0,0,0,20,1,malicious,boto33
botoa,2,2,False,True,True,1,1,0,1,0.03333333333333333,0,1,0,0,False,0,0,False,0,0,False,1,0,30,0.03333333333333333,3.7264741182543757,3.7264741182543757,0,0,0,0,0,0,0,0,0,0,0,1,0,0,0,0,0,0,1,1,1,0.0,0,0,0,0,0,0.0,0,0,0,0,0,1,malicious,botoa
botoa3,3,1,True,False,False,1,4,0,3,0.027777777777777776,0,3,0,0,False,0,0,False,0,0,False,2,0,36,0.05555555555555555,3.6551431436327353,3.9873261452560076,0,0,0,0,0,0,0,0,0,1,0,0,0,0,0,0,0,1,4,3,1,20.0,2,1,1,1,0,0.0,0,0,0,0,20,1,malicious,botoa3
botocote,2,1,False,True,False,1,2,0,2,0.03333333333333333,0,0,0,0,False,0,0,False,0,0,False,1,0,30,0.03333333333333333,3.709061902209305,4.021928094887363,0,0,0,0,0,0,0,0,0,0,1,0,0,0,0,1,0,0,2,2,1,0.0,0,0,0,0,0,0.0,0,0,0,0,0,1,malicious,botocote
botoo,2,0,False,False,False,1,3,0,3,0.03125,0,0,0,0,False,0,0,False,0,0,False,1,0,32,0.03125,3.222540103292582,3.7264741182543757,0,0,0,0,0,0,0,0,0,0,0,0,0,0,0,0,0,0,3,3,2,0.0,0,0,0,0,1,0.4,0,0,0,0,20,1,malicious,botoo
botoo3,2,2,False,True,True,1,1,0,1,0.03333333333333333,0,1,0,0,False,0,0,False,0,0,False,1,0,30,0.03333333333333333,3.7264741182543757,3.7264741182543757,0,0,0,0,0,0,0,0,0,0,0,1,0,0,0,0,0,0,1,1,1,0.0,0,0,0,0,0,0.0,0,0,0,0,0,1,malicious,botoo3
broke-rcl,2,0,False,False,False,1,4,0,4,0.03225806451612903,0,0,0,0,False,0,0,False,0,0,False,2,1,31,0.06451612903225806,3.7264741182543757,3.7264741182543757,0,0,0,0,0,0,0,0,0,0,0,0,0,0,0,0,0,0,4,4,2,0.0,0,0,1,1,1,0.4,0,0,0,0,20,1,malicious,broke-rcl
brokescolors,2,0,False,False,False,1,3,0,3,0.03125,0,0,0,0,False,0,0,False,0,0,False,1,0,32,0.03125,3.13075221302132,3.7264741182543757,0,0,0,0,0,0,0,0,0,0,0,0,0,0,0,0,0,0,3,3,2,0.0,0,0,0,0,1,0.4,0,0,0,0,20,1,malicious,brokescolors
brokescolors2,2,1,False,True,False,1,2,0,2,0.03333333333333333,0,0,0,0,False,0,0,False,0,0,False,1,0,30,0.03333333333333333,3.5385431349968006,4.021928094887363,0,0,0,0,0,0,0,0,0,0,1,0,0,0,0,1,0,0,2,2,1,0.0,0,0,0,0,0,0.0,0,0,0,0,0,1,malicious,brokescolors2
brokescolors3,2,0,False,False,False,1,3,0,3,0.03125,0,0,0,0,False,0,0,False,0,0,False,1,0,32,0.03125,3.1736517858092586,3.7264741182543757,0,0,0,0,0,0,0,0,0,0,0,0,0,0,0,0,0,0,3,3,2,0.0,0,0,0,0,1,0.4,0,0,0,0,20,1,malicious,brokescolors3
brokesrcl,2,0,False,False,False,1,3,0,3,0.03125,0,0,0,0,False,0,0,False,0,0,False,1,0,32,0.03125,3.222540103292582,3.7264741182543757,0,0,0,0,0,0,0,0,0,0,0,0,0,0,0,0,0,0,3,3,2,0.0,0,0,0,0,1,0.4,0,0,0,0,20,1,malicious,brokesrcl
brotli-python,2,0,False,False,False,1,3,0,3,0.03125,0,0,0,0,False,0,0,False,0,0,False,1,0,32,0.03125,3.265091930081633,3.7264741182543757,0,0,0,0,0,0,0,0,0,0,0,0,0,0,0,0,0,0,3,3,2,0.0,0,0,0,0,1,0.4,0,0,0,0,20,1,malicious,brotli-python
browserdiv,2,0,False,False,False,1,3,0,3,0.03125,0,0,0,0,False,0,0,False,0,0,False,1,0,32,0.03125,3.197387101191277,3.7264741182543757,0,0,0,0,0,0,0,0,0,0,0,0,0,0,0,0,0,0,3,3,2,0.0,0,0,0,0,1,0.4,0,0,0,0,20,1,malicious,browserdiv
bs4tools,2,0,False,False,False,1,4,0,4,0.03225806451612903,0,0,0,0,False,0,0,False,0,0,False,2,1,31,0.06451612903225806,3.7264741182543757,3.7264741182543757,0,0,0,0,0,0,0,0,0,0,0,0,0,0,0,0,0,0,4,4,2,0.0,0,0,1,1,1,0.4,0,0,0,0,20,1,malicious,bs4tools
btcli,3,1,True,False,False,1,4,0,3,0.027777777777777776,0,3,0,0,False,0,0,False,0,0,False,2,0,36,0.05555555555555555,3.6551431436327353,3.9873261452560076,0,0,0,0,0,0,0,0,0,1,0,0,0,0,0,0,0,1,4,3,1,20.0,2,1,1,1,0,0.0,0,0,0,0,20,1,malicious,btcli
bticoinlib,2,0,False,False,False,0,3,2,3,0.0,0,0,0,2,False,0,1,False,0,0,False,1,0,29,0.034482758620689655,3.836032848930326,5.135185083865586,1,0,0,0,0,1,0,2,0,0,1,1,0,0,0,2,0,0,3,3,3,0.0,0,0,0,0,0,0.0,0,0,0,0,0,1,malicious,bticoinlib
btoocore,2,1,False,True,False,1,2,0,2,0.03333333333333333,0,0,0,0,False,0,0,False,0,0,False,1,0,30,0.03333333333333333,3.709061902209305,4.021928094887363,0,0,0,0,0,0,0,0,0,0,1,0,0,0,0,1,0,0,2,2,1,0.0,0,0,0,0,0,0.0,0,0,0,0,0,1,malicious,btoocore
buildpeople,2,0,False,False,False,1,3,0,3,0.03125,0,0,0,0,False,0,0,False,0,0,False,1,0,32,0.03125,3.145399345765125,3.7264741182543757,0,0,0,0,0,0,0,0,0,0,0,0,0,0,0,0,0,0,3,3,2,0.0,0,0,0,0,1,0.4,0,0,0,0,20,1,malicious,buildpeople
bullcode,2,0,False,False,False,0,3,2,3,0.0,0,0,0,2,False,0,1,False,0,0,False,1,0,29,0.034482758620689655,4.4308296010599815,5.135185083865586,1,0,0,0,0,1,0,2,0,0,1,1,0,0,0,2,0,0,3,3,3,0.0,0,0,0,0,0,0.0,0,0,0,0,0,1,malicious,bullcode
bzip,2,2,False,True,True,1,1,0,1,0.03333333333333333,0,1,0,0,False,0,0,False,0,0,False,1,0,30,0.03333333333333333,3.7264741182543757,3.7264741182543757,0,0,0,0,0,0,0,0,0,0,0,1,0,0,0,0,0,0,1,1,1,0.0,0,0,0,0,0,0.0,0,0,0,0,0,1,malicious,bzip
calculator-2c397c49ab20c445,2,0,False,False,False,1,4,0,4,0.03225806451612903,0,0,0,0,False,0,0,False,0,0,False,2,1,31,0.06451612903225806,3.7384694124540383,3.750464706653701,0,0,0,0,0,0,0,0,0,0,0,0,0,0,0,0,0,0,4,4,2,0.0,0,0,1,1,1,0.4,0,0,0,0,20,1,malicious,calculator-2c397c49ab20c445
cash-app-money-generator-2022-updated-free-cash-app-hack-no-verification-2-j6z7gf,2,1,True,False,False,1,2,0,2,0.03125,0,0,0,0,False,0,0,False,0,0,False,2,1,32,0.0625,3.4713870741225206,4.261005666176869,0,0,0,0,0,0,0,0,0,0,0,0,0,0,0,0,0,0,2,2,2,0.0,0,0,1,1,0,0.0,0,0,0,0,0,1,malicious,cash-app-money-generator-2022-updated-free-cash-app-hack-no-verification-2-j6z7gf
cash-app-money-generator-2022-updated-free-cash-app-hack-no-verification-3-uz0n8q,2,1,False,True,False,1,2,0,2,0.03333333333333333,0,0,0,0,False,0,0,False,0,0,False,1,0,30,0.03333333333333333,3.8482526565516997,4.2658249195788835,0,0,0,0,0,0,0,0,0,0,1,0,0,0,0,1,0,0,2,2,1,0.0,0,0,0,0,0,0.0,0,0,0,0,0,1,malicious,cash-app-money-generator-2022-updated-free-cash-app-hack-no-verification-3-uz0n8q
cash-app-money-generator-2022-updated-free-cash-app-hack-no-verification-4-hd2lz3,2,2,False,True,True,1,1,0,1,0.03333333333333333,0,1,0,0,False,0,0,False,0,0,False,1,0,30,0.03333333333333333,3.986054012599348,4.24563390694432,0,0,0,0,0,0,0,0,0,0,0,1,0,0,0,0,0,0,1,1,1,0.0,0,0,0,0,0,0.0,0,0,0,0,0,1,malicious,cash-app-money-generator-2022-updated-free-cash-app-hack-no-verification-4-hd2lz3
cash-app-money-generator-2022-updated-free-cash-app-hack-no-verification-7zc4vo,2,1,False,True,False,1,2,0,2,0.03333333333333333,0,0,0,0,False,0,0,False,0,0,False,1,0,30,0.03333333333333333,3.8371102659321994,4.2212553571008815,0,0,0,0,0,0,0,0,0,0,1,0,0,0,0,1,0,0,2,2,1,0.0,0,0,0,0,0,0.0,0,0,0,0,0,1,malicious,cash-app-money-generator-2022-updated-free-cash-app-hack-no-verification-7zc4vo
cccxt,2,2,False,True,True,1,1,0,1,0.03333333333333333,0,1,0,0,False,0,0,False,0,0,False,1,0,30,0.03333333333333333,3.7264741182543757,3.7264741182543757,0,0,0,0,0,0,0,0,0,0,0,1,0,0,0,0,0,0,1,1,1,0.0,0,0,0,0,0,0.0,0,0,0,0,0,1,malicious,cccxt
cclgtb,2,0,False,False,False,0,3,2,3,0.0,0,0,0,2,False,0,1,False,0,0,False,1,0,29,0.034482758620689655,4.4308296010599815,5.135185083865586,1,0,0,0,0,1,0,2,0,0,1,1,0,0,0,2,0,0,3,3,3,0.0,0,0,0,0,0,0.0,0,0,0,0,0,1,malicious,cclgtb
ccolorama,2,1,True,False,False,1,2,0,2,0.03125,0,0,0,0,False,0,0,False,0,0,False,2,1,32,0.0625,3.2081808767710718,3.7264741182543757,0,0,0,0,0,0,0,0,0,0,0,0,0,0,0,0,0,0,2,2,2,0.0,0,0,1,1,0,0.0,0,0,0,0,0,1,malicious,ccolorama
ccsplit,2,0,False,False,False,1,3,0,3,0.03125,0,0,0,0,False,0,0,False,0,0,False,1,0,32,0.03125,3.222540103292582,3.7264741182543757,0,0,0,0,0,0,0,0,0,0,0,0,0,0,0,0,0,0,3,3,2,0.0,0,0,0,0,1,0.4,0,0,0,0,20,1,malicious,ccsplit
ccsv,2,0,False,False,False,0,3,2,3,0.0,0,0,0,2,False,0,1,False,0,0,False,1,0,29,0.034482758620689655,4.4308296010599815,5.135185083865586,1,0,0,0,0,1,0,2,0,0,1,1,0,0,0,2,0,0,3,3,3,0.0,0,0,0,0,0,0.0,0,0,0,0,0,1,malicious,ccsv
ccx,2,0,False,False,False,0,3,2,3,0.0,0,0,0,2,False,0,1,False,0,0,False,1,0,29,0.034482758620689655,4.4308296010599815,5.135185083865586,1,0,0,0,0,1,0,2,0,0,1,1,0,0,0,2,0,0,3,3,3,0.0,0,0,0,0,0,0.0,0,0,0,0,0,1,malicious,ccx
ccxtt,2,2,False,True,True,1,1,0,1,0.03333333333333333,0,1,0,0,False,0,0,False,0,0,False,1,0,30,0.03333333333333333,3.7264741182543757,3.7264741182543757,0,0,0,0,0,0,0,0,0,0,0,1,0,0,0,0,0,0,1,1,1,0.0,0,0,0,0,0,0.0,0,0,0,0,0,1,malicious,ccxtt
ccxxt,2,0,False,False,False,0,3,2,3,0.0,0,0,0,2,False,0,1,False,0,0,False,1,0,29,0.034482758620689655,4.4308296010599815,5.135185083865586,1,0,0,0,0,1,0,2,0,0,1,1,0,0,0,2,0,0,3,3,3,0.0,0,0,0,0,0,0.0,0,0,0,0,0,1,malicious,ccxxt
ceedee,2,2,False,True,True,1,1,0,1,0.03333333333333333,0,1,0,0,False,0,0,False,0,0,False,1,0,30,0.03333333333333333,3.7264741182543757,3.7264741182543757,0,0,0,0,0,0,0,0,0,0,0,1,0,0,0,0,0,0,1,1,1,0.0,0,0,0,0,0,0.0,0,0,0,0,0,1,malicious,ceedee
certefi,2,0,False,False,False,0,3,2,3,0.0,0,0,0,2,False,0,1,False,0,0,False,1,0,29,0.034482758620689655,4.4308296010599815,5.135185083865586,1,0,0,0,0,1,0,2,0,0,1,1,0,0,0,2,0,0,3,3,3,0.0,0,0,0,0,0,0.0,0,0,0,0,0,1,malicious,certefi
certif,3,1,True,False,False,1,4,0,3,0.027777777777777776,0,3,0,0,False,0,0,False,0,0,False,2,0,36,0.05555555555555555,3.6551431436327353,3.9873261452560076,0,0,0,0,0,0,0,0,0,1,0,0,0,0,0,0,0,1,4,3,1,20.0,2,1,1,1,0,0.0,0,0,0,0,20,1,malicious,certif
certife,2,0,False,False,False,0,3,2,3,0.0,0,0,0,2,False,0,1,False,0,0,False,1,0,29,0.034482758620689655,4.4308296010599815,5.135185083865586,1,0,0,0,0,1,0,2,0,0,1,1,0,0,0,2,0,0,3,3,3,0.0,0,0,0,0,0,0.0,0,0,0,0,0,1,malicious,certife
certifie,2,0,False,False,False,1,3,0,3,0.03125,0,0,0,0,False,0,0,False,0,0,False,1,0,32,0.03125,3.222540103292582,3.7264741182543757,0,0,0,0,0,0,0,0,0,0,0,0,0,0,0,0,0,0,3,3,2,0.0,0,0,0,0,1,0.4,0,0,0,0,20,1,malicious,certifie
certifiee,2,1,True,False,False,1,2,0,2,0.03125,0,0,0,0,False,0,0,False,0,0,False,2,1,32,0.0625,3.2081808767710718,3.7264741182543757,0,0,0,0,0,0,0,0,0,0,0,0,0,0,0,0,0,0,2,2,2,0.0,0,0,1,1,0,0.0,0,0,0,0,0,1,malicious,certifiee
cffi-curl,2,1,False,True,False,1,2,0,2,0.03333333333333333,0,0,0,0,False,0,0,False,0,0,False,1,0,30,0.03333333333333333,3.709061902209305,4.021928094887363,0,0,0,0,0,0,0,0,0,0,1,0,0,0,0,1,0,0,2,2,1,0.0,0,0,0,0,0,0.0,0,0,0,0,0,1,malicious,cffi-curl
chillie,2,0,False,False,False,1,4,0,4,0.03225806451612903,0,0,0,0,False,0,0,False,0,0,False,2,1,31,0.06451612903225806,3.7264741182543757,3.7264741182543757,0,0,0,0,0,0,0,0,0,0,0,0,0,0,0,0,0,0,4,4,2,0.0,0,0,1,1,1,0.4,0,0,0,0,20,1,malicious,chillie
cick,2,1,True,False,False,1,2,0,2,0.03125,0,0,0,0,False,0,0,False,0,0,False,2,1,32,0.0625,3.2081808767710718,3.7264741182543757,0,0,0,0,0,0,0,0,0,0,0,0,0,0,0,0,0,0,2,2,2,0.0,0,0,1,1,0,0.0,0,0,0,0,0,1,malicious,cick
cikit-learn,2,2,False,True,True,1,1,0,1,0.03333333333333333,0,1,0,0,False,0,0,False,0,0,False,1,0,30,0.03333333333333333,3.502043777536746,3.7264741182543757,0,0,0,0,0,0,0,0,0,0,0,1,0,0,0,0,0,0,1,1,1,0.0,0,0,0,0,0,0.0,0,0,0,0,0,1,malicious,cikit-learn
cis-publishers,2,2,False,True,True,1,1,0,1,0.03333333333333333,0,1,0,0,False,0,0,False,0,0,False,1,0,30,0.03333333333333333,3.5256685379358665,3.7264741182543757,0,0,0,0,0,0,0,0,0,0,0,1,0,0,0,0,0,0,1,1,1,0.0,0,0,0,0,0,0.0,0,0,0,0,0,1,malicious,cis-publishers
ciscosparksdk,2,0,False,False,False,1,3,0,3,0.03125,0,0,0,0,False,0,0,False,0,0,False,1,0,32,0.03125,3.1736517858092586,3.7264741182543757,0,0,0,0,0,0,0,0,0,0,0,0,0,0,0,0,0,0,3,3,2,0.0,0,0,0,0,1,0.4,0,0,0,0,20,1,malicious,ciscosparksdk
citscapesscripts,2,1,False,True,False,1,2,0,2,0.03333333333333333,0,0,0,0,False,0,0,False,0,0,False,1,0,30,0.03333333333333333,3.4887513094356746,4.021928094887363,0,0,0,0,0,0,0,0,0,0,1,0,0,0,0,1,0,0,2,2,1,0.0,0,0,0,0,0,0.0,0,0,0,0,0,1,malicious,citscapesscripts
ci_common_utils,2,0,False,False,False,1,3,0,3,0.03125,0,0,0,0,False,0,0,False,0,0,False,1,0,32,0.03125,3.2269610597048994,3.7264741182543757,0,0,0,0,0,0,0,0,0,0,0,0,0,0,0,0,0,0,3,3,2,0.0,0,0,0,0,1,0.4,0,0,0,0,20,1,malicious,ci_common_utils
clash-of-clans-infinite-gems-generator-hack-latest,2,1,True,False,False,1,2,0,2,0.03125,0,0,0,0,False,0,0,False,0,0,False,2,1,32,0.0625,3.3614225654731484,3.821147631579379,0,0,0,0,0,0,0,0,0,0,0,0,0,0,0,0,0,0,2,2,2,0.0,0,0,1,1,0,0.0,0,0,0,0,0,1,malicious,clash-of-clans-infinite-gems-generator-hack-latest
clcik,2,0,False,False,False,1,3,0,3,0.03125,0,0,0,0,False,0,0,False,0,0,False,1,0,32,0.03125,3.222540103292582,3.7264741182543757,0,0,0,0,0,0,0,0,0,0,0,0,0,0,0,0,0,0,3,3,2,0.0,0,0,0,0,1,0.4,0,0,0,0,20,1,malicious,clcik
clicck,3,1,True,False,False,1,4,0,3,0.027777777777777776,0,3,0,0,False,0,0,False,0,0,False,2,0,36,0.05555555555555555,3.6551431436327353,3.9873261452560076,0,0,0,0,0,0,0,0,0,1,0,0,0,0,0,0,0,1,4,3,1,20.0,2,1,1,1,0,0.0,0,0,0,0,20,1,malicious,clicck
clickk,3,1,True,False,False,1,4,0,3,0.027777777777777776,0,3,0,0,False,0,0,False,0,0,False,2,0,36,0.05555555555555555,3.6551431436327353,3.9873261452560076,0,0,0,0,0,0,0,0,0,1,0,0,0,0,0,0,0,1,4,3,1,20.0,2,1,1,1,0,0.0,0,0,0,0,20,1,malicious,clickk
cliick,2,2,False,True,True,1,1,0,1,0.03333333333333333,0,1,0,0,False,0,0,False,0,0,False,1,0,30,0.03333333333333333,3.7264741182543757,3.7264741182543757,0,0,0,0,0,0,0,0,0,0,0,1,0,0,0,0,0,0,1,1,1,0.0,0,0,0,0,0,0.0,0,0,0,0,0,1,malicious,cliick
clikc,2,0,False,False,False,0,3,2,3,0.0,0,0,0,2,False,0,1,False,0,0,False,1,0,29,0.034482758620689655,4.4308296010599815,5.135185083865586,1,0,0,0,0,1,0,2,0,0,1,1,0,0,0,2,0,0,3,3,3,0.0,0,0,0,0,0,0.0,0,0,0,0,0,1,malicious,clikc
cloorama,3,1,True,False,False,1,4,0,3,0.027777777777777776,0,3,0,0,False,0,0,False,0,0,False,2,0,36,0.05555555555555555,3.6551431436327353,3.9873261452560076,0,0,0,0,0,0,0,0,0,1,0,0,0,0,0,0,0,1,4,3,1,20.0,2,1,1,1,0,0.0,0,0,0,0,20,1,malicious,cloorama
cncode,2,0,False,False,False,1,4,0,4,0.03225806451612903,0,0,0,0,False,0,0,False,0,0,False,2,1,31,0.06451612903225806,3.7264741182543757,3.7264741182543757,0,0,0,0,0,0,0,0,0,0,0,0,0,0,0,0,0,0,4,4,2,0.0,0,0,1,1,1,0.4,0,0,0,0,20,1,malicious,cncode
cncodetest,2,0,False,False,False,0,3,2,3,0.0,0,0,0,2,False,0,1,False,0,0,False,1,0,29,0.034482758620689655,3.8611957656691085,5.135185083865586,1,0,0,0,0,1,0,2,0,0,1,1,0,0,0,2,0,0,3,3,3,0.0,0,0,0,0,0,0.0,0,0,0,0,0,1,malicious,cncodetest
cnscodes,2,0,False,False,False,1,4,0,4,0.03225806451612903,0,0,0,0,False,0,0,False,0,0,False,2,1,31,0.06451612903225806,3.7264741182543757,3.7264741182543757,0,0,0,0,0,0,0,0,0,0,0,0,0,0,0,0,0,0,4,4,2,0.0,0,0,1,1,1,0.4,0,0,0,0,20,1,malicious,cnscodes
coingecko-apis,2,0,False,False,False,1,3,0,3,0.03125,0,0,0,0,False,0,0,False,0,0,False,1,0,32,0.03125,3.2616009508409807,3.7264741182543757,0,0,0,0,0,0,0,0,0,0,0,0,0,0,0,0,0,0,3,3,2,0.0,0,0,0,0,1,0.4,0,0,0,0,20,1,malicious,coingecko-apis
coinmarketcaps,2,0,False,False,False,0,3,2,3,0.0,0,0,0,2,False,0,1,False,0,0,False,1,0,29,0.034482758620689655,4.127766612821094,5.135185083865586,1,0,0,0,0,1,0,2,0,0,1,1,0,0,0,2,0,0,3,3,3,0.0,0,0,0,0,0,0.0,0,0,0,0,0,1,malicious,coinmarketcaps
collored,2,0,False,False,False,1,4,0,4,0.03225806451612903,0,0,0,0,False,0,0,False,0,0,False,2,1,31,0.06451612903225806,3.7264741182543757,3.7264741182543757,0,0,0,0,0,0,0,0,0,0,0,0,0,0,0,0,0,0,4,4,2,0.0,0,0,1,1,1,0.4,0,0,0,0,20,1,malicious,collored
coloama,2,1,True,False,False,1,2,0,2,0.03125,0,0,0,0,False,0,0,False,0,0,False,2,1,32,0.0625,3.2081808767710718,3.7264741182543757,0,0,0,0,0,0,0,0,0,0,0,0,0,0,0,0,0,0,2,2,2,0.0,0,0,1,1,0,0.0,0,0,0,0,0,1,malicious,coloama
coloorama,2,0,False,False,False,0,3,2,3,0.0,0,0,0,2,False,0,1,False,0,0,False,1,0,29,0.034482758620689655,4.4308296010599815,5.135185083865586,1,0,0,0,0,1,0,2,0,0,1,1,0,0,0,2,0,0,3,3,3,0.0,0,0,0,0,0,0.0,0,0,0,0,0,1,malicious,coloorama
color-utility,2,0,False,False,False,0,3,2,3,0.0,0,0,0,2,False,0,1,False,0,0,False,1,0,29,0.034482758620689655,3.9822381016254798,5.135185083865586,1,0,0,0,0,1,0,2,0,0,1,1,0,0,0,2,0,0,3,3,3,0.0,0,0,0,0,0,0.0,0,0,0,0,0,1,malicious,color-utility
coloram,2,1,False,True,False,1,2,0,2,0.03333333333333333,0,0,0,0,False,0,0,False,0,0,False,1,0,30,0.03333333333333333,3.709061902209305,4.021928094887363,0,0,0,0,0,0,0,0,0,0,1,0,0,0,0,1,0,0,2,2,1,0.0,0,0,0,0,0,0.0,0,0,0,0,0,1,malicious,coloram
coloramma,2,0,False,False,False,1,3,0,3,0.03125,0,0,0,0,False,0,0,False,0,0,False,1,0,32,0.03125,3.222540103292582,3.7264741182543757,0,0,0,0,0,0,0,0,0,0,0,0,0,0,0,0,0,0,3,3,2,0.0,0,0,0,0,1,0.4,0,0,0,0,20,1,malicious,coloramma
colorinal,2,0,False,False,False,0,3,2,3,0.0,0,0,0,2,False,0,1,False,0,0,False,1,0,29,0.034482758620689655,4.4308296010599815,5.135185083865586,1,0,0,0,0,1,0,2,0,0,1,1,0,0,0,2,0,0,3,3,3,0.0,0,0,0,0,0,0.0,0,0,0,0,0,1,malicious,colorinal
coloriv,2,1,True,False,False,1,2,0,2,0.03125,0,0,0,0,False,0,0,False,0,0,False,2,1,32,0.0625,3.2081808767710718,3.7264741182543757,0,0,0,0,0,0,0,0,0,0,0,0,0,0,0,0,0,0,2,2,2,0.0,0,0,1,1,0,0.0,0,0,0,0,0,1,malicious,coloriv
colorizepip,2,0,False,False,False,1,4,0,4,0.03225806451612903,0,0,0,0,False,0,0,False,0,0,False,2,1,31,0.06451612903225806,3.320225595718564,3.7264741182543757,0,0,0,0,0,0,0,0,0,0,0,0,0,0,0,0,0,0,4,4,2,0.0,0,0,1,1,1,0.4,0,0,0,0,20,1,malicious,colorizepip
coloroma,2,1,True,False,False,1,2,0,2,0.03125,0,0,0,0,False,0,0,False,0,0,False,2,1,32,0.0625,3.2081808767710718,3.7264741182543757,0,0,0,0,0,0,0,0,0,0,0,0,0,0,0,0,0,0,2,2,2,0.0,0,0,1,1,0,0.0,0,0,0,0,0,1,malicious,coloroma
colors-it,2,0,False,False,False,1,4,0,4,0.03225806451612903,0,0,0,0,False,0,0,False,0,0,False,2,1,31,0.06451612903225806,3.7264741182543757,3.7264741182543757,0,0,0,0,0,0,0,0,0,0,0,0,0,0,0,0,0,0,4,4,2,0.0,0,0,1,1,1,0.4,0,0,0,0,20,1,malicious,colors-it
colorsama,2,0,False,False,False,1,3,0,3,0.03125,0,0,0,0,False,0,0,False,0,0,False,1,0,32,0.03125,3.222540103292582,3.7264741182543757,0,0,0,0,0,0,0,0,0,0,0,0,0,0,0,0,0,0,3,3,2,0.0,0,0,0,0,1,0.4,0,0,0,0,20,1,malicious,colorsama
colorsapi,2,0,False,False,False,1,3,0,3,0.03125,0,0,0,0,False,0,0,False,0,0,False,1,0,32,0.03125,3.222540103292582,3.7264741182543757,0,0,0,0,0,0,0,0,0,0,0,0,0,0,0,0,0,0,3,3,2,0.0,0,0,0,0,1,0.4,0,0,0,0,20,1,malicious,colorsapi
colorslib,2,0,False,False,False,1,4,0,4,0.03225806451612903,0,0,0,0,False,0,0,False,0,0,False,2,1,31,0.06451612903225806,3.7264741182543757,3.7264741182543757,0,0,0,0,0,0,0,0,0,0,0,0,0,0,0,0,0,0,4,4,2,0.0,0,0,1,1,1,0.4,0,0,0,0,20,1,malicious,colorslib
colorstyle,2,1,True,False,False,1,2,0,2,0.03125,0,0,0,0,False,0,0,False,0,0,False,2,1,32,0.0625,3.1366176813001436,3.7264741182543757,0,0,0,0,0,0,0,0,0,0,0,0,0,0,0,0,0,0,2,2,2,0.0,0,0,1,1,0,0.0,0,0,0,0,0,1,malicious,colorstyle
colorwed,2,2,False,True,True,1,1,0,1,0.03333333333333333,0,1,0,0,False,0,0,False,0,0,False,1,0,30,0.03333333333333333,3.7264741182543757,3.7264741182543757,0,0,0,0,0,0,0,0,0,0,0,1,0,0,0,0,0,0,1,1,1,0.0,0,0,0,0,0,0.0,0,0,0,0,0,1,malicious,colorwed
colorwin,3,1,True,False,False,1,4,0,3,0.027777777777777776,0,3,0,0,False,0,0,False,0,0,False,2,0,36,0.05555555555555555,3.6551431436327353,3.9873261452560076,0,0,0,0,0,0,0,0,0,1,0,0,0,0,0,0,0,1,4,3,1,20.0,2,1,1,1,0,0.0,0,0,0,0,20,1,malicious,colorwin
colourama,2,1,True,False,False,1,2,0,2,0.03125,0,0,0,0,False,0,0,False,0,0,False,2,1,32,0.0625,3.2081808767710718,3.7264741182543757,0,0,0,0,0,0,0,0,0,0,0,0,0,0,0,0,0,0,2,2,2,0.0,0,0,1,1,0,0.0,0,0,0,0,0,1,malicious,colourama
colouramas,2,0,False,False,False,1,3,0,3,0.03125,0,0,0,0,False,0,0,False,0,0,False,1,0,32,0.03125,3.1473871011912773,3.7264741182543757,0,0,0,0,0,0,0,0,0,0,0,0,0,0,0,0,0,0,3,3,2,0.0,0,0,0,0,1,0.4,0,0,0,0,20,1,malicious,colouramas
colourfool,2,0,False,False,False,1,4,0,4,0.03225806451612903,0,0,0,0,False,0,0,False,0,0,False,2,1,31,0.06451612903225806,3.024201106570869,3.7264741182543757,0,0,0,0,0,0,0,0,0,0,0,0,0,0,0,0,0,0,4,4,2,0.0,0,0,1,1,1,0.4,0,0,0,0,20,1,malicious,colourfool
colouring,2,2,False,True,True,1,1,0,1,0.03333333333333333,0,1,0,0,False,0,0,False,0,0,False,1,0,30,0.03333333333333333,3.7264741182543757,3.7264741182543757,0,0,0,0,0,0,0,0,0,0,0,1,0,0,0,0,0,0,1,1,1,0.0,0,0,0,0,0,0.0,0,0,0,0,0,1,malicious,colouring
colurama,2,0,False,False,False,1,3,0,3,0.03125,0,0,0,0,False,0,0,False,0,0,False,1,0,32,0.03125,3.222540103292582,3.7264741182543757,0,0,0,0,0,0,0,0,0,0,0,0,0,0,0,0,0,0,3,3,2,0.0,0,0,0,0,1,0.4,0,0,0,0,20,1,malicious,colurama
comedrivewithmeman,2,1,False,True,False,1,2,0,2,0.03333333333333333,0,0,0,0,False,0,0,False,0,0,False,1,0,30,0.03333333333333333,3.664419690846349,4.021928094887363,0,0,0,0,0,0,0,0,0,0,1,0,0,0,0,1,0,0,2,2,1,0.0,0,0,0,0,0,0.0,0,0,0,0,0,1,malicious,comedrivewithmeman
conda-verifyyyyy,3,1,True,False,False,1,4,0,3,0.027777777777777776,0,3,0,0,False,0,0,False,0,0,False,2,0,36,0.05555555555555555,3.5599567253114763,3.9873261452560076,0,0,0,0,0,0,0,0,0,1,0,0,0,0,0,0,0,1,4,3,1,20.0,2,1,1,1,0,0.0,0,0,0,0,20,1,malicious,conda-verifyyyyy
consolecmds,2,1,True,False,False,1,2,0,2,0.03125,0,0,0,0,False,0,0,False,0,0,False,2,1,32,0.0625,3.134629925873991,3.7264741182543757,0,0,0,0,0,0,0,0,0,0,0,0,0,0,0,0,0,0,2,2,2,0.0,0,0,1,1,0,0.0,0,0,0,0,0,1,malicious,consolecmds
consolecolornew,2,0,False,False,False,1,3,0,3,0.03125,0,0,0,0,False,0,0,False,0,0,False,1,0,32,0.03125,3.1269610597049,3.7264741182543757,0,0,0,0,0,0,0,0,0,0,0,0,0,0,0,0,0,0,3,3,2,0.0,0,0,0,0,1,0.4,0,0,0,0,20,1,malicious,consolecolornew
consolergbcolor,2,1,False,True,False,1,2,0,2,0.03333333333333333,0,0,0,0,False,0,0,False,0,0,False,1,0,30,0.03333333333333333,3.525185742225775,4.021928094887363,0,0,0,0,0,0,0,0,0,0,1,0,0,0,0,1,0,0,2,2,1,0.0,0,0,0,0,0,0.0,0,0,0,0,0,1,malicious,consolergbcolor
controlinfo,2,1,True,False,False,1,2,0,2,0.03125,0,0,0,0,False,0,0,False,0,0,False,2,1,32,0.0625,3.1174733917339124,3.7264741182543757,0,0,0,0,0,0,0,0,0,0,0,0,0,0,0,0,0,0,2,2,2,0.0,0,0,1,1,0,0.0,0,0,0,0,0,1,malicious,controlinfo
convocations,2,1,False,True,False,1,2,0,2,0.03333333333333333,0,0,0,0,False,0,0,False,0,0,False,1,0,30,0.03333333333333333,3.4956435622088624,4.021928094887363,0,0,0,0,0,0,0,0,0,0,1,0,0,0,0,1,0,0,2,2,1,0.0,0,0,0,0,0,0.0,0,0,0,0,0,1,malicious,convocations
cookesgot,2,0,False,False,False,1,4,0,4,0.03225806451612903,0,0,0,0,False,0,0,False,0,0,False,2,1,31,0.06451612903225806,3.7264741182543757,3.7264741182543757,0,0,0,0,0,0,0,0,0,0,0,0,0,0,0,0,0,0,4,4,2,0.0,0,0,1,1,1,0.4,0,0,0,0,20,1,malicious,cookesgot
cookiesgetr,2,1,True,False,False,1,2,0,2,0.03125,0,0,0,0,False,0,0,False,0,0,False,2,1,32,0.0625,3.180084471328537,3.7264741182543757,0,0,0,0,0,0,0,0,0,0,0,0,0,0,0,0,0,0,2,2,2,0.0,0,0,1,1,0,0.0,0,0,0,0,0,1,malicious,cookiesgetr
cookiezlog,2,1,True,False,False,1,2,0,2,0.03125,0,0,0,0,False,0,0,False,0,0,False,2,1,32,0.0625,3.1177454937460576,3.7264741182543757,0,0,0,0,0,0,0,0,0,0,0,0,0,0,0,0,0,0,2,2,2,0.0,0,0,1,1,0,0.0,0,0,0,0,0,1,malicious,cookiezlog
coolrama,2,2,False,True,True,1,1,0,1,0.03333333333333333,0,1,0,0,False,0,0,False,0,0,False,1,0,30,0.03333333333333333,3.7264741182543757,3.7264741182543757,0,0,0,0,0,0,0,0,0,0,0,1,0,0,0,0,0,0,1,1,1,0.0,0,0,0,0,0,0.0,0,0,0,0,0,1,malicious,coolrama
coorama,3,1,True,False,False,1,4,0,3,0.027777777777777776,0,3,0,0,False,0,0,False,0,0,False,2,0,36,0.05555555555555555,3.6551431436327353,3.9873261452560076,0,0,0,0,0,0,0,0,0,1,0,0,0,0,0,0,0,1,4,3,1,20.0,2,1,1,1,0,0.0,0,0,0,0,20,1,malicious,coorama
cosmostroposphere,2,1,False,True,False,1,2,0,2,0.03333333333333333,0,0,0,0,False,0,0,False,0,0,False,1,0,30,0.03333333333333333,3.527854967820101,4.021928094887363,0,0,0,0,0,0,0,0,0,0,1,0,0,0,0,1,0,0,2,2,1,0.0,0,0,0,0,0,0.0,0,0,0,0,0,1,malicious,cosmostroposphere
cpuhydra,2,1,True,False,False,1,2,0,2,0.03125,0,0,0,0,False,0,0,False,0,0,False,2,1,32,0.0625,3.2081808767710718,3.7264741182543757,0,0,0,0,0,0,0,0,0,0,0,0,0,0,0,0,0,0,2,2,2,0.0,0,0,1,1,0,0.0,0,0,0,0,0,1,malicious,cpuhydra
cpukill,2,0,False,False,False,0,3,2,3,0.0,0,0,0,2,False,0,1,False,0,0,False,1,0,29,0.034482758620689655,4.4308296010599815,5.135185083865586,1,0,0,0,0,1,0,2,0,0,1,1,0,0,0,2,0,0,3,3,3,0.0,0,0,0,0,0,0.0,0,0,0,0,0,1,malicious,cpukill
cpupy,2,1,False,True,False,1,2,0,2,0.03333333333333333,0,0,0,0,False,0,0,False,0,0,False,1,0,30,0.03333333333333333,3.709061902209305,4.021928094887363,0,0,0,0,0,0,0,0,0,0,1,0,0,0,0,1,0,0,2,2,1,0.0,0,0,0,0,0,0.0,0,0,0,0,0,1,malicious,cpupy
craftencode,2,0,False,False,False,1,4,0,4,0.03225806451612903,0,0,0,0,False,0,0,False,0,0,False,2,1,31,0.06451612903225806,3.411134686627655,3.7264741182543757,0,0,0,0,0,0,0,0,0,0,0,0,0,0,0,0,0,0,4,4,2,0.0,0,0,1,1,1,0.4,0,0,0,0,20,1,malicious,craftencode
credmark-model-framework,2,0,False,False,False,0,3,2,3,0.0,0,0,0,2,False,0,1,False,0,0,False,1,0,29,0.034482758620689655,4.100127025886943,5.135185083865586,1,0,0,0,0,1,0,2,0,0,1,1,0,0,0,2,0,0,3,3,3,0.0,0,0,0,0,0,0.0,0,0,0,0,0,1,malicious,credmark-model-framework
crptofeed,3,1,True,False,False,1,4,0,3,0.027777777777777776,0,3,0,0,False,0,0,False,0,0,False,2,0,36,0.05555555555555555,3.6551431436327353,3.9873261452560076,0,0,0,0,0,0,0,0,0,1,0,0,0,0,0,0,0,1,4,3,1,20.0,2,1,1,1,0,0.0,0,0,0,0,20,1,malicious,crptofeed
crpytofeed,2,1,True,False,False,1,2,0,2,0.03125,0,0,0,0,False,0,0,False,0,0,False,2,1,32,0.0625,3.1866176813001443,3.7264741182543757,0,0,0,0,0,0,0,0,0,0,0,0,0,0,0,0,0,0,2,2,2,0.0,0,0,1,1,0,0.0,0,0,0,0,0,1,malicious,crpytofeed
crpytography,2,1,True,False,False,1,2,0,2,0.03125,0,0,0,0,False,0,0,False,0,0,False,2,1,32,0.0625,3.1773762827585923,3.7264741182543757,0,0,0,0,0,0,0,0,0,0,0,0,0,0,0,0,0,0,2,2,2,0.0,0,0,1,1,0,0.0,0,0,0,0,0,1,malicious,crpytography
crryptocompare,2,1,False,True,False,1,2,0,2,0.03333333333333333,0,0,0,0,False,0,0,False,0,0,False,1,0,30,0.03333333333333333,3.5415835946327463,4.021928094887363,0,0,0,0,0,0,0,0,0,0,1,0,0,0,0,1,0,0,2,2,1,0.0,0,0,0,0,0,0.0,0,0,0,0,0,1,malicious,crryptocompare
crypofeed,2,2,False,True,True,1,1,0,1,0.03333333333333333,0,1,0,0,False,0,0,False,0,0,False,1,0,30,0.03333333333333333,3.7264741182543757,3.7264741182543757,0,0,0,0,0,0,0,0,0,0,0,1,0,0,0,0,0,0,1,1,1,0.0,0,0,0,0,0,0.0,0,0,0,0,0,1,malicious,crypofeed
crypotfeed,2,1,False,True,False,1,2,0,2,0.03333333333333333,0,0,0,0,False,0,0,False,0,0,False,1,0,30,0.03333333333333333,3.562278450378819,4.021928094887363,0,0,0,0,0,0,0,0,0,0,1,0,0,0,0,1,0,0,2,2,1,0.0,0,0,0,0,0,0.0,0,0,0,0,0,1,malicious,crypotfeed
crypptofeed,2,0,False,False,False,1,3,0,3,0.03125,0,0,0,0,False,0,0,False,0,0,False,1,0,32,0.03125,3.1908538912196702,3.7264741182543757,0,0,0,0,0,0,0,0,0,0,0,0,0,0,0,0,0,0,3,3,2,0.0,0,0,0,0,1,0.4,0,0,0,0,20,1,malicious,crypptofeed
crypt,2,0,False,False,False,1,3,0,3,0.03125,0,0,0,0,False,0,0,False,0,0,False,1,0,32,0.03125,3.222540103292582,3.7264741182543757,0,0,0,0,0,0,0,0,0,0,0,0,0,0,0,0,0,0,3,3,2,0.0,0,0,0,0,1,0.4,0,0,0,0,20,1,malicious,crypt
cryptfeed,2,1,True,False,False,1,2,0,2,0.03125,0,0,0,0,False,0,0,False,0,0,False,2,1,32,0.0625,3.2081808767710718,3.7264741182543757,0,0,0,0,0,0,0,0,0,0,0,0,0,0,0,0,0,0,2,2,2,0.0,0,0,1,1,0,0.0,0,0,0,0,0,1,malicious,cryptfeed
cryptfoeed,2,0,False,False,False,0,3,2,3,0.0,0,0,0,2,False,0,1,False,0,0,False,1,0,29,0.034482758620689655,3.994529099002442,5.135185083865586,1,0,0,0,0,1,0,2,0,0,1,1,0,0,0,2,0,0,3,3,3,0.0,0,0,0,0,0,0.0,0,0,0,0,0,1,malicious,cryptfoeed
crypto-data-fetch,3,1,True,False,False,1,4,0,3,0.027777777777777776,0,3,0,0,False,0,0,False,0,0,False,2,0,36,0.05555555555555555,3.605062957711203,3.9873261452560076,0,0,0,0,0,0,0,0,0,1,0,0,0,0,0,0,0,1,4,3,1,20.0,2,1,1,1,0,0.0,0,0,0,0,20,1,malicious,crypto-data-fetch
crypto-get-price,2,0,False,False,False,1,3,0,3,0.03125,0,0,0,0,False,0,0,False,0,0,False,1,0,32,0.03125,3.2294050774694365,3.7264741182543757,0,0,0,0,0,0,0,0,0,0,0,0,0,0,0,0,0,0,3,3,2,0.0,0,0,0,0,1,0.4,0,0,0,0,20,1,malicious,crypto-get-price
crypto-open,2,1,False,True,False,1,2,0,2,0.03333333333333333,0,0,0,0,False,0,0,False,0,0,False,1,0,30,0.03333333333333333,3.5557452404072123,4.021928094887363,0,0,0,0,0,0,0,0,0,0,1,0,0,0,0,1,0,0,2,2,1,0.0,0,0,0,0,0,0.0,0,0,0,0,0,1,malicious,crypto-open
crypto-os,2,1,False,True,False,1,2,0,2,0.03333333333333333,0,0,0,0,False,0,0,False,0,0,False,1,0,30,0.03333333333333333,3.709061902209305,4.021928094887363,0,0,0,0,0,0,0,0,0,0,1,0,0,0,0,1,0,0,2,2,1,0.0,0,0,0,0,0,0.0,0,0,0,0,0,1,malicious,crypto-os
cryptobalance,2,1,False,True,False,1,2,0,2,0.03333333333333333,0,0,0,0,False,0,0,False,0,0,False,1,0,30,0.03333333333333333,3.629983279269175,4.021928094887363,0,0,0,0,0,0,0,0,0,0,1,0,0,0,0,1,0,0,2,2,1,0.0,0,0,0,0,0,0.0,0,0,0,0,0,1,malicious,cryptobalance
cryptoccompare,2,1,False,True,False,1,2,0,2,0.03333333333333333,0,0,0,0,False,0,0,False,0,0,False,1,0,30,0.03333333333333333,3.5415835946327463,4.021928094887363,0,0,0,0,0,0,0,0,0,0,1,0,0,0,0,1,0,0,2,2,1,0.0,0,0,0,0,0,0.0,0,0,0,0,0,1,malicious,cryptoccompare
cryptocomprae,2,1,True,False,False,1,2,0,2,0.03125,0,0,0,0,False,0,0,False,0,0,False,2,1,32,0.0625,3.1773994332674222,3.7264741182543757,0,0,0,0,0,0,0,0,0,0,0,0,0,0,0,0,0,0,2,2,2,0.0,0,0,1,1,0,0.0,0,0,0,0,0,1,malicious,cryptocomprae
cryptoeed,2,1,True,False,False,1,2,0,2,0.03125,0,0,0,0,False,0,0,False,0,0,False,2,1,32,0.0625,3.2081808767710718,3.7264741182543757,0,0,0,0,0,0,0,0,0,0,0,0,0,0,0,0,0,0,2,2,2,0.0,0,0,1,1,0,0.0,0,0,0,0,0,1,malicious,cryptoeed
cryptoefed,2,0,False,False,False,1,4,0,4,0.03225806451612903,0,0,0,0,False,0,0,False,0,0,False,2,1,31,0.06451612903225806,3.424201106570869,3.7264741182543757,0,0,0,0,0,0,0,0,0,0,0,0,0,0,0,0,0,0,4,4,2,0.0,0,0,1,1,1,0.4,0,0,0,0,20,1,malicious,cryptoefed
cryptofee,2,2,False,True,True,1,1,0,1,0.03333333333333333,0,1,0,0,False,0,0,False,0,0,False,1,0,30,0.03333333333333333,3.7264741182543757,3.7264741182543757,0,0,0,0,0,0,0,0,0,0,0,1,0,0,0,0,0,0,1,1,1,0.0,0,0,0,0,0,0.0,0,0,0,0,0,1,malicious,cryptofee
cryptofeedd,2,2,False,True,True,1,1,0,1,0.03333333333333333,0,1,0,0,False,0,0,False,0,0,False,1,0,30,0.03333333333333333,3.411134686627655,3.7264741182543757,0,0,0,0,0,0,0,0,0,0,0,1,0,0,0,0,0,0,1,1,1,0.0,0,0,0,0,0,0.0,0,0,0,0,0,1,malicious,cryptofeedd
cryptofeeed,3,1,True,False,False,1,4,0,3,0.027777777777777776,0,3,0,0,False,0,0,False,0,0,False,2,0,36,0.05555555555555555,3.498149637334706,3.9873261452560076,0,0,0,0,0,0,0,0,0,1,0,0,0,0,0,0,0,1,4,3,1,20.0,2,1,1,1,0,0.0,0,0,0,0,20,1,malicious,cryptofeeed
cryptographylib,2,0,False,False,False,1,3,0,3,0.03125,0,0,0,0,False,0,0,False,0,0,False,1,0,32,0.03125,3.2936277263715663,3.7264741182543757,0,0,0,0,0,0,0,0,0,0,0,0,0,0,0,0,0,0,3,3,2,0.0,0,0,0,0,1,0.4,0,0,0,0,20,1,malicious,cryptographylib
cryptographyy,2,2,False,True,True,1,1,0,1,0.03333333333333333,0,1,0,0,False,0,0,False,0,0,False,1,0,30,0.03333333333333333,3.3767304758068315,3.7264741182543757,0,0,0,0,0,0,0,0,0,0,0,1,0,0,0,0,0,0,1,1,1,0.0,0,0,0,0,0,0.0,0,0,0,0,0,1,malicious,cryptographyy
cryptograpyh,2,2,False,True,True,1,1,0,1,0.03333333333333333,0,1,0,0,False,0,0,False,0,0,False,1,0,30,0.03333333333333333,3.4057183094877654,3.7264741182543757,0,0,0,0,0,0,0,0,0,0,0,1,0,0,0,0,0,0,1,1,1,0.0,0,0,0,0,0,0.0,0,0,0,0,0,1,malicious,cryptograpyh
crypttofeed,2,0,False,False,False,1,4,0,4,0.03225806451612903,0,0,0,0,False,0,0,False,0,0,False,2,1,31,0.06451612903225806,3.411134686627655,3.7264741182543757,0,0,0,0,0,0,0,0,0,0,0,0,0,0,0,0,0,0,4,4,2,0.0,0,0,1,1,1,0.4,0,0,0,0,20,1,malicious,crypttofeed
crytpofeed,2,2,False,True,True,1,1,0,1,0.03333333333333333,0,1,0,0,False,0,0,False,0,0,False,1,0,30,0.03333333333333333,3.424201106570869,3.7264741182543757,0,0,0,0,0,0,0,0,0,0,0,1,0,0,0,0,0,0,1,1,1,0.0,0,0,0,0,0,0.0,0,0,0,0,0,1,malicious,crytpofeed
cryyptocompare,2,0,False,False,False,1,4,0,4,0.03225806451612903,0,0,0,0,False,0,0,False,0,0,False,2,1,31,0.06451612903225806,3.409771663013133,3.7264741182543757,0,0,0,0,0,0,0,0,0,0,0,0,0,0,0,0,0,0,4,4,2,0.0,0,0,1,1,1,0.4,0,0,0,0,20,1,malicious,cryyptocompare
cryyptofeed,2,0,False,False,False,1,3,0,3,0.03125,0,0,0,0,False,0,0,False,0,0,False,1,0,32,0.03125,3.1908538912196702,3.7264741182543757,0,0,0,0,0,0,0,0,0,0,0,0,0,0,0,0,0,0,3,3,2,0.0,0,0,0,0,1,0.4,0,0,0,0,20,1,malicious,cryyptofeed
csikit-learn,2,0,False,False,False,1,3,0,3,0.03125,0,0,0,0,False,0,0,False,0,0,False,1,0,32,0.03125,3.271479035983059,3.7264741182543757,0,0,0,0,0,0,0,0,0,0,0,0,0,0,0,0,0,0,3,3,2,0.0,0,0,0,0,1,0.4,0,0,0,0,20,1,malicious,csikit-learn
csrapy,3,1,True,False,False,1,4,0,3,0.027777777777777776,0,3,0,0,False,0,0,False,0,0,False,2,0,36,0.05555555555555555,3.6551431436327353,3.9873261452560076,0,0,0,0,0,0,0,0,0,1,0,0,0,0,0,0,0,1,4,3,1,20.0,2,1,1,1,0,0.0,0,0,0,0,20,1,malicious,csrapy
csvv,2,1,True,False,False,1,2,0,2,0.03125,0,0,0,0,False,0,0,False,0,0,False,2,1,32,0.0625,3.2081808767710718,3.7264741182543757,0,0,0,0,0,0,0,0,0,0,0,0,0,0,0,0,0,0,2,2,2,0.0,0,0,1,1,0,0.0,0,0,0,0,0,1,malicious,csvv
ctf-q21-empire-tmp-bw31337,2,0,False,False,False,1,3,0,3,0.03125,0,0,0,0,False,0,0,False,0,0,False,1,0,32,0.03125,3.3732180117915993,3.8252517372886508,0,0,0,0,0,0,0,0,0,0,0,0,0,0,0,0,0,0,3,3,2,0.0,0,0,0,0,1,0.4,0,0,0,0,20,1,malicious,ctf-q21-empire-tmp-bw31337
ctf-q21-empire-tmp-ra13377,2,2,False,True,True,1,1,0,1,0.03333333333333333,0,1,0,0,False,0,0,False,0,0,False,1,0,30,0.03333333333333333,3.7519184566592725,3.7773627950641693,0,0,0,0,0,0,0,0,0,0,0,1,0,0,0,0,0,0,1,1,1,0.0,0,0,0,0,0,0.0,0,0,0,0,0,1,malicious,ctf-q21-empire-tmp-ra13377
ctf-q21-empire-tmp-sa13377,2,0,False,False,False,1,3,0,3,0.03125,0,0,0,0,False,0,0,False,0,0,False,1,0,32,0.03125,3.380476545466248,3.854285871987246,0,0,0,0,0,0,0,0,0,0,0,0,0,0,0,0,0,0,3,3,2,0.0,0,0,0,0,1,0.4,0,0,0,0,20,1,malicious,ctf-q21-empire-tmp-sa13377
ctf_q21_empire_tmp_1337_thc,2,0,False,False,False,0,3,2,3,0.0,0,0,0,2,False,0,1,False,0,0,False,1,0,29,0.034482758620689655,4.188669543692004,5.135185083865586,1,0,0,0,0,1,0,2,0,0,1,1,0,0,0,2,0,0,3,3,3,0.0,0,0,0,0,0,0.0,0,0,0,0,0,1,malicious,ctf_q21_empire_tmp_1337_thc
ctx,2,0,False,False,False,1,3,0,3,0.03125,0,0,0,0,False,0,0,False,0,0,False,1,0,32,0.03125,3.222540103292582,3.7264741182543757,0,0,0,0,0,0,0,0,0,0,0,0,0,0,0,0,0,0,3,3,2,0.0,0,0,0,0,1,0.4,0,0,0,0,20,1,malicious,ctx
cvad,2,1,False,True,False,1,2,0,2,0.03333333333333333,0,0,0,0,False,0,0,False,0,0,False,1,0,30,0.03333333333333333,3.709061902209305,4.021928094887363,0,0,0,0,0,0,0,0,0,0,1,0,0,0,0,1,0,0,2,2,1,0.0,0,0,0,0,0,0.0,0,0,0,0,0,1,malicious,cvad
cvhttp,2,0,False,False,False,1,4,0,4,0.03225806451612903,0,0,0,0,False,0,0,False,0,0,False,2,1,31,0.06451612903225806,3.7264741182543757,3.7264741182543757,0,0,0,0,0,0,0,0,0,0,0,0,0,0,0,0,0,0,4,4,2,0.0,0,0,1,1,1,0.4,0,0,0,0,20,1,malicious,cvhttp
cvint,2,0,False,False,False,1,3,0,3,0.03125,0,0,0,0,False,0,0,False,0,0,False,1,0,32,0.03125,3.222540103292582,3.7264741182543757,0,0,0,0,0,0,0,0,0,0,0,0,0,0,0,0,0,0,3,3,2,0.0,0,0,0,0,1,0.4,0,0,0,0,20,1,malicious,cvint
cvmc,2,2,False,True,True,1,1,0,1,0.03333333333333333,0,1,0,0,False,0,0,False,0,0,False,1,0,30,0.03333333333333333,3.7264741182543757,3.7264741182543757,0,0,0,0,0,0,0,0,0,0,0,1,0,0,0,0,0,0,1,1,1,0.0,0,0,0,0,0,0.0,0,0,0,0,0,1,malicious,cvmc
cxct,3,1,True,False,False,1,4,0,3,0.027777777777777776,0,3,0,0,False,0,0,False,0,0,False,2,0,36,0.05555555555555555,3.6551431436327353,3.9873261452560076,0,0,0,0,0,0,0,0,0,1,0,0,0,0,0,0,0,1,4,3,1,20.0,2,1,1,1,0,0.0,0,0,0,0,20,1,malicious,cxct
cxt,2,1,True,False,False,1,2,0,2,0.03125,0,0,0,0,False,0,0,False,0,0,False,2,1,32,0.0625,3.2081808767710718,3.7264741182543757,0,0,0,0,0,0,0,0,0,0,0,0,0,0,0,0,0,0,2,2,2,0.0,0,0,1,1,0,0.0,0,0,0,0,0,1,malicious,cxt
cyphers,2,0,False,False,False,1,4,0,4,0.03225806451612903,0,0,0,0,False,0,0,False,0,0,False,2,1,31,0.06451612903225806,3.7264741182543757,3.7264741182543757,0,0,0,0,0,0,0,0,0,0,0,0,0,0,0,0,0,0,4,4,2,0.0,0,0,1,1,1,0.4,0,0,0,0,20,1,malicious,cyphers
cypress,2,0,False,False,False,1,3,0,3,0.03125,0,0,0,0,False,0,0,False,0,0,False,1,0,32,0.03125,3.222540103292582,3.7264741182543757,0,0,0,0,0,0,0,0,0,0,0,0,0,0,0,0,0,0,3,3,2,0.0,0,0,0,0,1,0.4,0,0,0,0,20,1,malicious,cypress
daimler-mic-idca,2,2,False,True,True,1,1,0,1,0.03333333333333333,0,1,0,0,False,0,0,False,0,0,False,1,0,30,0.03333333333333333,3.4021468246845794,3.7264741182543757,0,0,0,0,0,0,0,0,0,0,0,1,0,0,0,0,0,0,1,1,1,0.0,0,0,0,0,0,0.0,0,0,0,0,0,1,malicious,daimler-mic-idca
dajngo,3,1,True,False,False,1,4,0,3,0.027777777777777776,0,3,0,0,False,0,0,False,0,0,False,2,0,36,0.05555555555555555,3.6551431436327353,3.9873261452560076,0,0,0,0,0,0,0,0,0,1,0,0,0,0,0,0,0,1,4,3,1,20.0,2,1,1,1,0,0.0,0,0,0,0,20,1,malicious,dajngo
dark-magic,2,2,False,True,True,1,1,0,1,0.03333333333333333,0,1,0,0,False,0,0,False,0,0,False,1,0,30,0.03333333333333333,3.4242011065708686,3.7264741182543757,0,0,0,0,0,0,0,0,0,0,0,1,0,0,0,0,0,0,1,1,1,0.0,0,0,0,0,0,0.0,0,0,0,0,0,1,malicious,dark-magic
darknegrobbc,2,0,False,False,False,0,3,2,3,0.0,0,0,0,2,False,0,1,False,0,0,False,1,0,29,0.034482758620689655,4.037762789835928,5.135185083865586,1,0,0,0,0,1,0,2,0,0,1,1,0,0,0,2,0,0,3,3,3,0.0,0,0,0,0,0,0.0,0,0,0,0,0,1,malicious,darknegrobbc
dasdhaiusd1212,3,1,True,False,False,1,4,0,3,0.027777777777777776,0,3,0,0,False,0,0,False,0,0,False,2,0,36,0.05555555555555555,3.4654302399860333,3.9873261452560076,0,0,0,0,0,0,0,0,0,1,0,0,0,0,0,0,0,1,4,3,1,20.0,2,1,1,1,0,0.0,0,0,0,0,20,1,malicious,dasdhaiusd1212
data-processing-utils,2,0,False,False,False,1,3,0,3,0.03125,0,0,0,0,False,0,0,False,0,0,False,1,0,32,0.03125,3.3631405343288474,3.7849418274376423,0,0,0,0,0,0,0,0,0,0,0,0,0,0,0,0,0,0,3,3,2,0.0,0,0,0,0,1,0.4,0,0,0,0,20,1,malicious,data-processing-utils
dataclasses-python-version,2,0,False,False,False,1,3,0,3,0.03125,0,0,0,0,False,0,0,False,0,0,False,1,0,32,0.03125,3.3732180117915993,3.8252517372886508,0,0,0,0,0,0,0,0,0,0,0,0,0,0,0,0,0,0,3,3,2,0.0,0,0,0,0,1,0.4,0,0,0,0,20,1,malicious,dataclasses-python-version
datetime-zones,3,1,True,False,False,1,4,0,3,0.027777777777777776,0,3,0,0,False,0,0,False,0,0,False,2,0,36,0.05555555555555555,3.572573097128891,3.9873261452560076,0,0,0,0,0,0,0,0,0,1,0,0,0,0,0,0,0,1,4,3,1,20.0,2,1,1,1,0,0.0,0,0,0,0,20,1,malicious,datetime-zones
dbcounter,2,0,False,False,False,1,3,0,3,0.03125,0,0,0,0,False,0,0,False,0,0,False,1,0,32,0.03125,3.222540103292582,3.7264741182543757,0,0,0,0,0,0,0,0,0,0,0,0,0,0,0,0,0,0,3,3,2,0.0,0,0,0,0,1,0.4,0,0,0,0,20,1,malicious,dbcounter
dbindicator,2,0,False,False,False,1,4,0,4,0.03225806451612903,0,0,0,0,False,0,0,False,0,0,False,2,1,31,0.06451612903225806,3.411134686627655,3.7264741182543757,0,0,0,0,0,0,0,0,0,0,0,0,0,0,0,0,0,0,4,4,2,0.0,0,0,1,1,1,0.4,0,0,0,0,20,1,malicious,dbindicator
ddiscord-py,2,1,True,False,False,1,2,0,2,0.03125,0,0,0,0,False,0,0,False,0,0,False,2,1,32,0.0625,3.162927937188458,3.7264741182543757,0,0,0,0,0,0,0,0,0,0,0,0,0,0,0,0,0,0,2,2,2,0.0,0,0,1,1,0,0.0,0,0,0,0,0,1,malicious,ddiscord-py
ddiscord-webhook,2,0,False,False,False,1,4,0,4,0.03225806451612903,0,0,0,0,False,0,0,False,0,0,False,2,1,31,0.06451612903225806,3.566056590241971,3.7264741182543757,0,0,0,0,0,0,0,0,0,0,0,0,0,0,0,0,0,0,4,4,2,0.0,0,0,1,1,1,0.4,0,0,0,0,20,1,malicious,ddiscord-webhook
debricked-test,2,0,False,False,False,1,4,0,4,0.03225806451612903,0,0,0,0,False,0,0,False,0,0,False,2,1,31,0.06451612903225806,3.454239966507295,3.7264741182543757,0,0,0,0,0,0,0,0,0,0,0,0,0,0,0,0,0,0,4,4,2,0.0,0,0,1,1,1,0.4,0,0,0,0,20,1,malicious,debricked-test
deeepl,2,1,False,True,False,1,2,0,2,0.03333333333333333,0,0,0,0,False,0,0,False,0,0,False,1,0,30,0.03333333333333333,3.709061902209305,4.021928094887363,0,0,0,0,0,0,0,0,0,0,1,0,0,0,0,1,0,0,2,2,1,0.0,0,0,0,0,0,0.0,0,0,0,0,0,1,malicious,deeepl
deep-translate,2,0,False,False,False,0,3,2,3,0.0,0,0,0,2,False,0,1,False,0,0,False,1,0,29,0.034482758620689655,4.014555005626725,5.135185083865586,1,0,0,0,0,1,0,2,0,0,1,1,0,0,0,2,0,0,3,3,3,0.0,0,0,0,0,0,0.0,0,0,0,0,0,1,malicious,deep-translate
deep-translation,2,0,False,False,False,1,3,0,3,0.03125,0,0,0,0,False,0,0,False,0,0,False,1,0,32,0.03125,3.2919050774694365,3.7264741182543757,0,0,0,0,0,0,0,0,0,0,0,0,0,0,0,0,0,0,3,3,2,0.0,0,0,0,0,1,0.4,0,0,0,0,20,1,malicious,deep-translation
deepmountains-lrce,2,0,False,False,False,1,4,0,4,0.03225806451612903,0,0,0,0,False,0,0,False,0,0,False,2,1,31,0.06451612903225806,3.7605637958993587,3.794653473544342,0,0,0,0,0,0,0,0,0,0,0,0,0,0,0,0,0,0,4,4,2,0.0,0,0,1,1,1,0.4,0,0,0,0,20,1,malicious,deepmountains-lrce
deepmountains_lrce,2,2,False,True,True,1,1,0,1,0.03333333333333333,0,1,0,0,False,0,0,False,0,0,False,1,0,30,0.03333333333333333,3.7605637958993587,3.794653473544342,0,0,0,0,0,0,0,0,0,0,0,1,0,0,0,0,0,0,1,1,1,0.0,0,0,0,0,0,0.0,0,0,0,0,0,1,malicious,deepmountains_lrce
deepmountains_rce,2,1,True,False,False,1,2,0,2,0.03125,0,0,0,0,False,0,0,False,0,0,False,2,1,32,0.0625,3.32866478697672,3.7264741182543757,0,0,0,0,0,0,0,0,0,0,0,0,0,0,0,0,0,0,2,2,2,0.0,0,0,1,1,0,0.0,0,0,0,0,0,1,malicious,deepmountains_rce
deepmountains_wrce,2,2,False,True,True,1,1,0,1,0.03333333333333333,0,1,0,0,False,0,0,False,0,0,False,1,0,30,0.03333333333333333,3.7605637958993587,3.794653473544342,0,0,0,0,0,0,0,0,0,0,0,1,0,0,0,0,0,0,1,1,1,0.0,0,0,0,0,0,0.0,0,0,0,0,0,1,malicious,deepmountains_wrce
definitely-not-requests,2,1,False,True,False,1,2,0,2,0.03333333333333333,0,0,0,0,False,0,0,False,0,0,False,1,0,30,0.03333333333333333,3.6870903123868466,4.021928094887363,0,0,0,0,0,0,0,0,0,0,1,0,0,0,0,1,0,0,2,2,1,0.0,0,0,0,0,0,0.0,0,0,0,0,0,1,malicious,definitely-not-requests
deflib,3,1,True,False,False,1,4,0,3,0.027777777777777776,0,3,0,0,False,0,0,False,0,0,False,2,0,36,0.05555555555555555,3.6551431436327353,3.9873261452560076,0,0,0,0,0,0,0,0,0,1,0,0,0,0,0,0,0,1,4,3,1,20.0,2,1,1,1,0,0.0,0,0,0,0,20,1,malicious,deflib
demopaxkhimkus,2,1,False,True,False,1,2,0,2,0.03333333333333333,0,0,0,0,False,0,0,False,0,0,False,1,0,30,0.03333333333333333,3.6622065857428088,4.021928094887363,0,0,0,0,0,0,0,0,0,0,1,0,0,0,0,1,0,0,2,2,1,0.0,0,0,0,0,0,0.0,0,0,0,0,0,1,malicious,demopaxkhimkus
dependency31337,2,1,False,True,False,1,2,0,2,0.03333333333333333,0,0,0,0,False,0,0,False,0,0,False,1,0,30,0.03333333333333333,3.533356158820326,4.021928094887363,0,0,0,0,0,0,0,0,0,0,1,0,0,0,0,1,0,0,2,2,1,0.0,0,0,0,0,0,0.0,0,0,0,0,0,1,malicious,dependency31337
dequests,2,2,False,True,True,1,1,0,1,0.03333333333333333,0,1,0,0,False,0,0,False,0,0,False,1,0,30,0.03333333333333333,3.7264741182543757,3.7264741182543757,0,0,0,0,0,0,0,0,0,0,0,1,0,0,0,0,0,0,1,1,1,0.0,0,0,0,0,0,0.0,0,0,0,0,0,1,malicious,dequests
derkpy,3,1,True,False,False,1,4,0,3,0.027777777777777776,0,3,0,0,False,0,0,False,0,0,False,2,0,36,0.05555555555555555,3.6551431436327353,3.9873261452560076,0,0,0,0,0,0,0,0,0,1,0,0,0,0,0,0,0,1,4,3,1,20.0,2,1,1,1,0,0.0,0,0,0,0,20,1,malicious,derkpy
detection-telegram,2,2,False,True,True,1,1,0,1,0.03333333333333333,0,1,0,0,False,0,0,False,0,0,False,1,0,30,0.03333333333333333,3.5938971292326922,3.7264741182543757,0,0,0,0,0,0,0,0,0,0,0,1,0,0,0,0,0,0,1,1,1,0.0,0,0,0,0,0,0.0,0,0,0,0,0,1,malicious,detection-telegram
devicespoof,3,1,True,False,False,1,4,0,3,0.027777777777777776,0,3,0,0,False,0,0,False,0,0,False,2,0,36,0.05555555555555555,3.515306171474785,3.9873261452560076,0,0,0,0,0,0,0,0,0,1,0,0,0,0,0,0,0,1,4,3,1,20.0,2,1,1,1,0,0.0,0,0,0,0,20,1,malicious,devicespoof
devicespoofer,2,1,True,False,False,1,2,0,2,0.03125,0,0,0,0,False,0,0,False,0,0,False,2,1,32,0.0625,3.201343904379663,3.7264741182543757,0,0,0,0,0,0,0,0,0,0,0,0,0,0,0,0,0,0,2,2,2,0.0,0,0,1,1,0,0.0,0,0,0,0,0,1,malicious,devicespoofer
diango,2,0,False,False,False,1,4,0,4,0.03225806451612903,0,0,0,0,False,0,0,False,0,0,False,2,1,31,0.06451612903225806,3.7264741182543757,3.7264741182543757,0,0,0,0,0,0,0,0,0,0,0,0,0,0,0,0,0,0,4,4,2,0.0,0,0,1,1,1,0.4,0,0,0,0,20,1,malicious,diango
dicord-py,2,2,False,True,True,1,1,0,1,0.03333333333333333,0,1,0,0,False,0,0,False,0,0,False,1,0,30,0.03333333333333333,3.7264741182543757,3.7264741182543757,0,0,0,0,0,0,0,0,0,0,0,1,0,0,0,0,0,0,1,1,1,0.0,0,0,0,0,0,0.0,0,0,0,0,0,1,malicious,dicord-py
dicsord-py,2,0,False,False,False,1,4,0,4,0.03225806451612903,0,0,0,0,False,0,0,False,0,0,False,2,1,31,0.06451612903225806,3.4242011065708686,3.7264741182543757,0,0,0,0,0,0,0,0,0,0,0,0,0,0,0,0,0,0,4,4,2,0.0,0,0,1,1,1,0.4,0,0,0,0,20,1,malicious,dicsord-py
dicsord-webhook,2,0,False,False,False,1,4,0,4,0.03225806451612903,0,0,0,0,False,0,0,False,0,0,False,2,1,31,0.06451612903225806,3.5915194401926644,3.7264741182543757,0,0,0,0,0,0,0,0,0,0,0,0,0,0,0,0,0,0,4,4,2,0.0,0,0,1,1,1,0.4,0,0,0,0,20,1,malicious,dicsord-webhook
diiscord-py,2,0,False,False,False,0,3,2,3,0.0,0,0,0,2,False,0,1,False,0,0,False,1,0,29,0.034482758620689655,3.985818152373632,5.135185083865586,1,0,0,0,0,1,0,2,0,0,1,1,0,0,0,2,0,0,3,3,3,0.0,0,0,0,0,0,0.0,0,0,0,0,0,1,malicious,diiscord-py
diiscord-webhook,2,0,False,False,False,1,4,0,4,0.03225806451612903,0,0,0,0,False,0,0,False,0,0,False,2,1,31,0.06451612903225806,3.5896468246845794,3.7264741182543757,0,0,0,0,0,0,0,0,0,0,0,0,0,0,0,0,0,0,4,4,2,0.0,0,0,1,1,1,0.4,0,0,0,0,20,1,malicious,diiscord-webhook
disccord-py,2,2,False,True,True,1,1,0,1,0.03333333333333333,0,1,0,0,False,0,0,False,0,0,False,1,0,30,0.03333333333333333,3.411134686627655,3.7264741182543757,0,0,0,0,0,0,0,0,0,0,0,1,0,0,0,0,0,0,1,1,1,0.0,0,0,0,0,0,0.0,0,0,0,0,0,1,malicious,disccord-py
disccord-webhook,2,1,True,False,False,1,2,0,2,0.03125,0,0,0,0,False,0,0,False,0,0,False,2,1,32,0.0625,3.269340540356999,3.7264741182543757,0,0,0,0,0,0,0,0,0,0,0,0,0,0,0,0,0,0,2,2,2,0.0,0,0,1,1,0,0.0,0,0,0,0,0,1,malicious,disccord-webhook
discod-py,2,1,True,False,False,1,2,0,2,0.03125,0,0,0,0,False,0,0,False,0,0,False,2,1,32,0.0625,3.2081808767710718,3.7264741182543757,0,0,0,0,0,0,0,0,0,0,0,0,0,0,0,0,0,0,2,2,2,0.0,0,0,1,1,0,0.0,0,0,0,0,0,1,malicious,discod-py
discod-webhook,2,2,False,True,True,1,1,0,1,0.03333333333333333,0,1,0,0,False,0,0,False,0,0,False,1,0,30,0.03333333333333333,3.5256685379358665,3.7264741182543757,0,0,0,0,0,0,0,0,0,0,0,1,0,0,0,0,0,0,1,1,1,0.0,0,0,0,0,0,0.0,0,0,0,0,0,1,malicious,discod-webhook
discodr-py,2,1,False,True,False,1,2,0,2,0.03333333333333333,0,0,0,0,False,0,0,False,0,0,False,1,0,30,0.03333333333333333,3.562278450378819,4.021928094887363,0,0,0,0,0,0,0,0,0,0,1,0,0,0,0,1,0,0,2,2,1,0.0,0,0,0,0,0,0.0,0,0,0,0,0,1,malicious,discodr-py
discodr-webhook,2,0,False,False,False,1,4,0,4,0.03225806451612903,0,0,0,0,False,0,0,False,0,0,False,2,1,31,0.06451612903225806,3.5915194401926644,3.7264741182543757,0,0,0,0,0,0,0,0,0,0,0,0,0,0,0,0,0,0,4,4,2,0.0,0,0,1,1,1,0.4,0,0,0,0,20,1,malicious,discodr-webhook
discodr,2,0,False,False,False,0,3,2,3,0.0,0,0,0,2,False,0,1,False,0,0,False,1,0,29,0.034482758620689655,4.4308296010599815,5.135185083865586,1,0,0,0,0,1,0,2,0,0,1,1,0,0,0,2,0,0,3,3,3,0.0,0,0,0,0,0,0.0,0,0,0,0,0,1,malicious,discodr
discoord-webhook,2,0,False,False,False,1,3,0,3,0.03125,0,0,0,0,False,0,0,False,0,0,False,1,0,32,0.03125,3.2606550774694365,3.7264741182543757,0,0,0,0,0,0,0,0,0,0,0,0,0,0,0,0,0,0,3,3,2,0.0,0,0,0,0,1,0.4,0,0,0,0,20,1,malicious,discoord-webhook
discor-webhook,3,1,True,False,False,1,4,0,3,0.027777777777777776,0,3,0,0,False,0,0,False,0,0,False,2,0,36,0.05555555555555555,3.6082873828431765,3.9873261452560076,0,0,0,0,0,0,0,0,0,1,0,0,0,0,0,0,0,1,4,3,1,20.0,2,1,1,1,0,0.0,0,0,0,0,20,1,malicious,discor-webhook
discord-ewbhook,2,2,False,True,True,1,1,0,1,0.03333333333333333,0,1,0,0,False,0,0,False,0,0,False,1,0,30,0.03333333333333333,3.5915194401926644,3.7264741182543757,0,0,0,0,0,0,0,0,0,0,0,1,0,0,0,0,0,0,1,1,1,0.0,0,0,0,0,0,0.0,0,0,0,0,0,1,malicious,discord-ewbhook
discord-hook,2,0,False,False,False,0,3,2,3,0.0,0,0,0,2,False,0,1,False,0,0,False,1,0,29,0.034482758620689655,3.961238136998054,5.135185083865586,1,0,0,0,0,1,0,2,0,0,1,1,0,0,0,2,0,0,3,3,3,0.0,0,0,0,0,0,0.0,0,0,0,0,0,1,malicious,discord-hook
discord-p,3,1,True,False,False,1,4,0,3,0.027777777777777776,0,3,0,0,False,0,0,False,0,0,False,2,0,36,0.05555555555555555,3.6551431436327353,3.9873261452560076,0,0,0,0,0,0,0,0,0,1,0,0,0,0,0,0,0,1,4,3,1,20.0,2,1,1,1,0,0.0,0,0,0,0,20,1,malicious,discord-p
discord-ppy,2,0,False,False,False,1,4,0,4,0.03225806451612903,0,0,0,0,False,0,0,False,0,0,False,2,1,31,0.06451612903225806,3.411134686627655,3.7264741182543757,0,0,0,0,0,0,0,0,0,0,0,0,0,0,0,0,0,0,4,4,2,0.0,0,0,1,1,1,0.4,0,0,0,0,20,1,malicious,discord-ppy
discord-pyy,2,1,True,False,False,1,2,0,2,0.03125,0,0,0,0,False,0,0,False,0,0,False,2,1,32,0.0625,3.180084471328537,3.7264741182543757,0,0,0,0,0,0,0,0,0,0,0,0,0,0,0,0,0,0,2,2,2,0.0,0,0,1,1,0,0.0,0,0,0,0,0,1,malicious,discord-pyy
discord-selfbot-v1422,2,0,False,False,False,1,3,0,3,0.03125,0,0,0,0,False,0,0,False,0,0,False,1,0,32,0.03125,3.3959368141165074,3.916126946588283,0,0,0,0,0,0,0,0,0,0,0,0,0,0,0,0,0,0,3,3,2,0.0,0,0,0,0,1,0.4,0,0,0,0,20,1,malicious,discord-selfbot-v1422
discord-wbehook,2,1,True,False,False,1,2,0,2,0.03125,0,0,0,0,False,0,0,False,0,0,False,2,1,32,0.0625,3.270276848111042,3.7264741182543757,0,0,0,0,0,0,0,0,0,0,0,0,0,0,0,0,0,0,2,2,2,0.0,0,0,1,1,0,0.0,0,0,0,0,0,1,malicious,discord-wbehook
discord-wbhook,2,2,False,True,True,1,1,0,1,0.03333333333333333,0,1,0,0,False,0,0,False,0,0,False,1,0,30,0.03333333333333333,3.5256685379358665,3.7264741182543757,0,0,0,0,0,0,0,0,0,0,0,1,0,0,0,0,0,0,1,1,1,0.0,0,0,0,0,0,0.0,0,0,0,0,0,1,malicious,discord-wbhook
discord-webbhook,2,1,False,True,False,1,2,0,2,0.03333333333333333,0,0,0,0,False,0,0,False,0,0,False,1,0,30,0.03333333333333333,3.6450013094356746,4.021928094887363,0,0,0,0,0,0,0,0,0,0,1,0,0,0,0,1,0,0,2,2,1,0.0,0,0,0,0,0,0.0,0,0,0,0,0,1,malicious,discord-webbhook
discord-webhhook,2,2,False,True,True,1,1,0,1,0.03333333333333333,0,1,0,0,False,0,0,False,0,0,False,1,0,30,0.03333333333333333,3.5896468246845794,3.7264741182543757,0,0,0,0,0,0,0,0,0,0,0,1,0,0,0,0,0,0,1,1,1,0.0,0,0,0,0,0,0.0,0,0,0,0,0,1,malicious,discord-webhhook
discord-webhok,2,2,False,True,True,1,1,0,1,0.03333333333333333,0,1,0,0,False,0,0,False,0,0,False,1,0,30,0.03333333333333333,3.6240573772988474,3.7264741182543757,0,0,0,0,0,0,0,0,0,0,0,1,0,0,0,0,0,0,1,1,1,0.0,0,0,0,0,0,0.0,0,0,0,0,0,1,malicious,discord-webhok
discord-webhoko,2,1,True,False,False,1,2,0,2,0.03125,0,0,0,0,False,0,0,False,0,0,False,2,1,32,0.0625,3.270276848111042,3.7264741182543757,0,0,0,0,0,0,0,0,0,0,0,0,0,0,0,0,0,0,2,2,2,0.0,0,0,1,1,0,0.0,0,0,0,0,0,1,malicious,discord-webhoko
discord-webhoo,2,0,False,False,False,0,3,2,3,0.0,0,0,0,2,False,0,1,False,0,0,False,1,0,29,0.034482758620689655,4.062174053245773,5.135185083865586,1,0,0,0,0,1,0,2,0,0,1,1,0,0,0,2,0,0,3,3,3,0.0,0,0,0,0,0,0.0,0,0,0,0,0,1,malicious,discord-webhoo
discord-webhookk,3,1,True,False,False,1,4,0,3,0.027777777777777776,0,3,0,0,False,0,0,False,0,0,False,2,0,36,0.05555555555555555,3.604562240503247,3.9873261452560076,0,0,0,0,0,0,0,0,0,1,0,0,0,0,0,0,0,1,4,3,1,20.0,2,1,1,1,0,0.0,0,0,0,0,20,1,malicious,discord-webhookk
discord-webhoook,3,1,True,False,False,1,4,0,3,0.027777777777777776,0,3,0,0,False,0,0,False,0,0,False,2,0,36,0.05555555555555555,3.5851073577245516,3.9873261452560076,0,0,0,0,0,0,0,0,0,1,0,0,0,0,0,0,0,1,4,3,1,20.0,2,1,1,1,0,0.0,0,0,0,0,20,1,malicious,discord-webhoook
discord-webook,2,2,False,True,True,1,1,0,1,0.03333333333333333,0,1,0,0,False,0,0,False,0,0,False,1,0,30,0.03333333333333333,3.5256685379358665,3.7264741182543757,0,0,0,0,0,0,0,0,0,0,0,1,0,0,0,0,0,0,1,1,1,0.0,0,0,0,0,0,0.0,0,0,0,0,0,1,malicious,discord-webook
discord-weebhook,2,0,False,False,False,1,4,0,4,0.03225806451612903,0,0,0,0,False,0,0,False,0,0,False,2,1,31,0.06451612903225806,3.5896468246845794,3.7264741182543757,0,0,0,0,0,0,0,0,0,0,0,0,0,0,0,0,0,0,4,4,2,0.0,0,0,1,1,1,0.4,0,0,0,0,20,1,malicious,discord-weebhook
discord-wehbook,2,0,False,False,False,1,4,0,4,0.03225806451612903,0,0,0,0,False,0,0,False,0,0,False,2,1,31,0.06451612903225806,3.5915194401926644,3.7264741182543757,0,0,0,0,0,0,0,0,0,0,0,0,0,0,0,0,0,0,4,4,2,0.0,0,0,1,1,1,0.4,0,0,0,0,20,1,malicious,discord-wehbook
discord-wehook,2,1,True,False,False,1,2,0,2,0.03125,0,0,0,0,False,0,0,False,0,0,False,2,1,32,0.0625,3.2373513969826426,3.7264741182543757,0,0,0,0,0,0,0,0,0,0,0,0,0,0,0,0,0,0,2,2,2,0.0,0,0,1,1,0,0.0,0,0,0,0,0,1,malicious,discord-wehook
discord-wwebhook,2,0,False,False,False,0,3,2,3,0.0,0,0,0,2,False,0,1,False,0,0,False,1,0,29,0.034482758620689655,4.104826244411582,5.135185083865586,1,0,0,0,0,1,0,2,0,0,1,1,0,0,0,2,0,0,3,3,3,0.0,0,0,0,0,0,0.0,0,0,0,0,0,1,malicious,discord-wwebhook
discord-y,2,0,False,False,False,1,3,0,3,0.03125,0,0,0,0,False,0,0,False,0,0,False,1,0,32,0.03125,3.222540103292582,3.7264741182543757,0,0,0,0,0,0,0,0,0,0,0,0,0,0,0,0,0,0,3,3,2,0.0,0,0,0,0,1,0.4,0,0,0,0,20,1,malicious,discord-y
discord-yp,2,1,True,False,False,1,2,0,2,0.03125,0,0,0,0,False,0,0,False,0,0,False,2,1,32,0.0625,3.1866176813001434,3.7264741182543757,0,0,0,0,0,0,0,0,0,0,0,0,0,0,0,0,0,0,2,2,2,0.0,0,0,1,1,0,0.0,0,0,0,0,0,1,malicious,discord-yp
discordcmd,2,0,False,False,False,1,4,0,4,0.03225806451612903,0,0,0,0,False,0,0,False,0,0,False,2,1,31,0.06451612903225806,3.1864567314626955,3.7264741182543757,0,0,0,0,0,0,0,0,0,0,0,0,0,0,0,0,0,0,4,4,2,0.0,0,0,1,1,1,0.4,0,0,0,0,20,1,malicious,discordcmd
discordd-py,2,2,False,True,True,1,1,0,1,0.03333333333333333,0,1,0,0,False,0,0,False,0,0,False,1,0,30,0.03333333333333333,3.3768216183474973,3.7264741182543757,0,0,0,0,0,0,0,0,0,0,0,1,0,0,0,0,0,0,1,1,1,0.0,0,0,0,0,0,0.0,0,0,0,0,0,1,malicious,discordd-py
discordd-webhook,3,1,True,False,False,1,4,0,3,0.027777777777777776,0,3,0,0,False,0,0,False,0,0,False,2,0,36,0.05555555555555555,3.592767123281943,3.9873261452560076,0,0,0,0,0,0,0,0,0,1,0,0,0,0,0,0,0,1,4,3,1,20.0,2,1,1,1,0,0.0,0,0,0,0,20,1,malicious,discordd-webhook
discorder,2,0,False,False,False,1,3,0,3,0.03125,0,0,0,0,False,0,0,False,0,0,False,1,0,32,0.03125,3.222540103292582,3.7264741182543757,0,0,0,0,0,0,0,0,0,0,0,0,0,0,0,0,0,0,3,3,2,0.0,0,0,0,0,1,0.4,0,0,0,0,20,1,malicious,discorder
discordext,2,0,False,False,False,0,3,2,3,0.0,0,0,0,2,False,0,1,False,0,0,False,1,0,29,0.034482758620689655,3.9945290990024414,5.135185083865586,1,0,0,0,0,1,0,2,0,0,1,1,0,0,0,2,0,0,3,3,3,0.0,0,0,0,0,0,0.0,0,0,0,0,0,1,malicious,discordext
discordhook,2,0,False,False,False,0,3,2,3,0.0,0,0,0,2,False,0,1,False,0,0,False,1,0,29,0.034482758620689655,3.902336712914133,5.135185083865586,1,0,0,0,0,1,0,2,0,0,1,1,0,0,0,2,0,0,3,3,3,0.0,0,0,0,0,0,0.0,0,0,0,0,0,1,malicious,discordhook
discordpt,2,0,False,False,False,1,4,0,4,0.03225806451612903,0,0,0,0,False,0,0,False,0,0,False,2,1,31,0.06451612903225806,3.4242011065708686,3.7264741182543757,0,0,0,0,0,0,0,0,0,0,0,0,0,0,0,0,0,0,4,4,2,0.0,0,0,1,1,1,0.4,0,0,0,0,20,1,malicious,discordpt
discordpu,2,1,True,False,False,1,2,0,2,0.03125,0,0,0,0,False,0,0,False,0,0,False,2,1,32,0.0625,3.1866176813001434,3.7264741182543757,0,0,0,0,0,0,0,0,0,0,0,0,0,0,0,0,0,0,2,2,2,0.0,0,0,1,1,0,0.0,0,0,0,0,0,1,malicious,discordpu
discordsafety,2,1,False,True,False,1,2,0,2,0.03333333333333333,0,0,0,0,False,0,0,False,0,0,False,1,0,30,0.03333333333333333,3.629983279269175,4.021928094887363,0,0,0,0,0,0,0,0,0,0,1,0,0,0,0,1,0,0,2,2,1,0.0,0,0,0,0,0,0.0,0,0,0,0,0,1,malicious,discordsafety
discordsync,2,2,False,True,True,1,1,0,1,0.03333333333333333,0,1,0,0,False,0,0,False,0,0,False,1,0,30,0.03333333333333333,3.320225595718564,3.7264741182543757,0,0,0,0,0,0,0,0,0,0,0,1,0,0,0,0,0,0,1,1,1,0.0,0,0,0,0,0,0.0,0,0,0,0,0,1,malicious,discordsync
discorrd-py,2,0,False,False,False,1,3,0,3,0.03125,0,0,0,0,False,0,0,False,0,0,False,1,0,32,0.03125,3.1908538912196702,3.7264741182543757,0,0,0,0,0,0,0,0,0,0,0,0,0,0,0,0,0,0,3,3,2,0.0,0,0,0,0,1,0.4,0,0,0,0,20,1,malicious,discorrd-py
discorrd-webhook,2,0,False,False,False,1,4,0,4,0.03225806451612903,0,0,0,0,False,0,0,False,0,0,False,2,1,31,0.06451612903225806,3.5896468246845794,3.7264741182543757,0,0,0,0,0,0,0,0,0,0,0,0,0,0,0,0,0,0,4,4,2,0.0,0,0,1,1,1,0.4,0,0,0,0,20,1,malicious,discorrd-webhook
discrd-py,2,0,False,False,False,1,3,0,3,0.03125,0,0,0,0,False,0,0,False,0,0,False,1,0,32,0.03125,3.222540103292582,3.7264741182543757,0,0,0,0,0,0,0,0,0,0,0,0,0,0,0,0,0,0,3,3,2,0.0,0,0,0,0,1,0.4,0,0,0,0,20,1,malicious,discrd-py
discrd-webhook,2,0,False,False,False,1,4,0,4,0.03225806451612903,0,0,0,0,False,0,0,False,0,0,False,2,1,31,0.06451612903225806,3.6240573772988474,3.7264741182543757,0,0,0,0,0,0,0,0,0,0,0,0,0,0,0,0,0,0,4,4,2,0.0,0,0,1,1,1,0.4,0,0,0,0,20,1,malicious,discrd-webhook
discrd,2,0,False,False,False,0,3,2,3,0.0,0,0,0,2,False,0,1,False,0,0,False,1,0,29,0.034482758620689655,4.4308296010599815,5.135185083865586,1,0,0,0,0,1,0,2,0,0,1,1,0,0,0,2,0,0,3,3,3,0.0,0,0,0,0,0,0.0,0,0,0,0,0,1,malicious,discrd
discrod-py,2,1,False,True,False,1,2,0,2,0.03333333333333333,0,0,0,0,False,0,0,False,0,0,False,1,0,30,0.03333333333333333,3.562278450378819,4.021928094887363,0,0,0,0,0,0,0,0,0,0,1,0,0,0,0,1,0,0,2,2,1,0.0,0,0,0,0,0,0.0,0,0,0,0,0,1,malicious,discrod-py
discrod-webhook,2,2,False,True,True,1,1,0,1,0.03333333333333333,0,1,0,0,False,0,0,False,0,0,False,1,0,30,0.03333333333333333,3.5915194401926644,3.7264741182543757,0,0,0,0,0,0,0,0,0,0,0,1,0,0,0,0,0,0,1,1,1,0.0,0,0,0,0,0,0.0,0,0,0,0,0,1,malicious,discrod-webhook
disgrasya,2,1,True,False,False,1,2,0,2,0.03125,0,0,0,0,False,0,0,False,0,0,False,2,1,32,0.0625,3.2081808767710718,3.7264741182543757,0,0,0,0,0,0,0,0,0,0,0,0,0,0,0,0,0,0,2,2,2,0.0,0,0,1,1,0,0.0,0,0,0,0,0,1,malicious,disgrasya
disocrd-py,3,1,True,False,False,1,4,0,3,0.027777777777777776,0,3,0,0,False,0,0,False,0,0,False,2,0,36,0.05555555555555555,3.5218393814463917,3.9873261452560076,0,0,0,0,0,0,0,0,0,1,0,0,0,0,0,0,0,1,4,3,1,20.0,2,1,1,1,0,0.0,0,0,0,0,20,1,malicious,disocrd-py
disocrd-webhook,2,0,False,False,False,1,3,0,3,0.03125,0,0,0,0,False,0,0,False,0,0,False,1,0,32,0.03125,3.281046268002175,3.7264741182543757,0,0,0,0,0,0,0,0,0,0,0,0,0,0,0,0,0,0,3,3,2,0.0,0,0,0,0,1,0.4,0,0,0,0,20,1,malicious,disocrd-webhook
disord-py,2,1,False,True,False,1,2,0,2,0.03333333333333333,0,0,0,0,False,0,0,False,0,0,False,1,0,30,0.03333333333333333,3.709061902209305,4.021928094887363,0,0,0,0,0,0,0,0,0,0,1,0,0,0,0,1,0,0,2,2,1,0.0,0,0,0,0,0,0.0,0,0,0,0,0,1,malicious,disord-py
disord-webhook,2,1,True,False,False,1,2,0,2,0.03125,0,0,0,0,False,0,0,False,0,0,False,2,1,32,0.0625,3.2373513969826426,3.7264741182543757,0,0,0,0,0,0,0,0,0,0,0,0,0,0,0,0,0,0,2,2,2,0.0,0,0,1,1,0,0.0,0,0,0,0,0,1,malicious,disord-webhook
disscord-py,3,1,True,False,False,1,4,0,3,0.027777777777777776,0,3,0,0,False,0,0,False,0,0,False,2,0,36,0.05555555555555555,3.515306171474785,3.9873261452560076,0,0,0,0,0,0,0,0,0,1,0,0,0,0,0,0,0,1,4,3,1,20.0,2,1,1,1,0,0.0,0,0,0,0,20,1,malicious,disscord-py
disscord-webhook,2,1,True,False,False,1,2,0,2,0.03125,0,0,0,0,False,0,0,False,0,0,False,2,1,32,0.0625,3.269340540356999,3.7264741182543757,0,0,0,0,0,0,0,0,0,0,0,0,0,0,0,0,0,0,2,2,2,0.0,0,0,1,1,0,0.0,0,0,0,0,0,1,malicious,disscord-webhook
distrib,3,1,True,False,False,1,4,0,3,0.027777777777777776,0,3,0,0,False,0,0,False,0,0,False,2,0,36,0.05555555555555555,3.6551431436327353,3.9873261452560076,0,0,0,0,0,0,0,0,0,1,0,0,0,0,0,0,0,1,4,3,1,20.0,2,1,1,1,0,0.0,0,0,0,0,20,1,malicious,distrib
disutil,2,0,False,False,False,0,3,2,3,0.0,0,0,0,2,False,0,1,False,0,0,False,1,0,29,0.034482758620689655,4.4308296010599815,5.135185083865586,1,0,0,0,0,1,0,2,0,0,1,1,0,0,0,2,0,0,3,3,3,0.0,0,0,0,0,0,0.0,0,0,0,0,0,1,malicious,disutil
djago,2,0,False,False,False,1,3,0,3,0.03125,0,0,0,0,False,0,0,False,0,0,False,1,0,32,0.03125,3.222540103292582,3.7264741182543757,0,0,0,0,0,0,0,0,0,0,0,0,0,0,0,0,0,0,3,3,2,0.0,0,0,0,0,1,0.4,0,0,0,0,20,1,malicious,djago
djanga,2,0,False,False,False,0,3,2,3,0.0,0,0,0,2,False,0,1,False,0,0,False,1,0,29,0.034482758620689655,4.4308296010599815,5.135185083865586,1,0,0,0,0,1,0,2,0,0,1,1,0,0,0,2,0,0,3,3,3,0.0,0,0,0,0,0,0.0,0,0,0,0,0,1,malicious,djanga
django-aerospike-sessions,2,1,False,True,False,1,2,0,2,0.03333333333333333,0,0,0,0,False,0,0,False,0,0,False,1,0,30,0.03333333333333333,3.6515663193130226,4.021928094887363,0,0,0,0,0,0,0,0,0,0,1,0,0,0,0,1,0,0,2,2,1,0.0,0,0,0,0,0,0.0,0,0,0,0,0,1,malicious,django-aerospike-sessions
django-metamaks-auth,2,1,False,True,False,1,2,0,2,0.03333333333333333,0,0,0,0,False,0,0,False,0,0,False,1,0,30,0.03333333333333333,3.687278450378819,4.021928094887363,0,0,0,0,0,0,0,0,0,0,1,0,0,0,0,1,0,0,2,2,1,0.0,0,0,0,0,0,0.0,0,0,0,0,0,1,malicious,django-metamaks-auth
django-metamask-aut,2,0,False,False,False,1,3,0,3,0.03125,0,0,0,0,False,0,0,False,0,0,False,1,0,32,0.03125,3.2946764295145434,3.7264741182543757,0,0,0,0,0,0,0,0,0,0,0,0,0,0,0,0,0,0,3,3,2,0.0,0,0,0,0,1,0.4,0,0,0,0,20,1,malicious,django-metamask-aut
django-server,3,1,True,False,False,1,4,0,3,0.027777777777777776,0,3,0,0,False,0,0,False,0,0,False,2,0,36,0.05555555555555555,3.5895442103367476,3.9873261452560076,0,0,0,0,0,0,0,0,0,1,0,0,0,0,0,0,0,1,4,3,1,20.0,2,1,1,1,0,0.0,0,0,0,0,20,1,malicious,django-server
django-web2-auth,2,2,False,True,True,1,1,0,1,0.03333333333333333,0,1,0,0,False,0,0,False,0,0,False,1,0,30,0.03333333333333333,3.738237059127188,3.75,0,0,0,0,0,0,0,0,0,0,0,1,0,0,0,0,0,0,1,1,1,0.0,0,0,0,0,0,0.0,0,0,0,0,0,1,malicious,django-web2-auth
django-web3-aut,2,0,False,False,False,1,3,0,3,0.03125,0,0,0,0,False,0,0,False,0,0,False,1,0,32,0.03125,3.3269610597048995,3.7264741182543757,0,0,0,0,0,0,0,0,0,0,0,0,0,0,0,0,0,0,3,3,2,0.0,0,0,0,0,1,0.4,0,0,0,0,20,1,malicious,django-web3-aut
django-web4-auth,2,1,True,False,False,1,2,0,2,0.03125,0,0,0,0,False,0,0,False,0,0,False,2,1,32,0.0625,3.3436356575783037,3.75,0,0,0,0,0,0,0,0,0,0,0,0,0,0,0,0,0,0,2,2,2,0.0,0,0,1,1,0,0.0,0,0,0,0,0,1,malicious,django-web4-auth
djangoo,2,0,False,False,False,1,4,0,4,0.03225806451612903,0,0,0,0,False,0,0,False,0,0,False,2,1,31,0.06451612903225806,3.7264741182543757,3.7264741182543757,0,0,0,0,0,0,0,0,0,0,0,0,0,0,0,0,0,0,4,4,2,0.0,0,0,1,1,1,0.4,0,0,0,0,20,1,malicious,djangoo
dlcsord,2,1,True,False,False,1,2,0,2,0.03125,0,0,0,0,False,0,0,False,0,0,False,2,1,32,0.0625,3.2081808767710718,3.7264741182543757,0,0,0,0,0,0,0,0,0,0,0,0,0,0,0,0,0,0,2,2,2,0.0,0,0,1,1,0,0.0,0,0,0,0,0,1,malicious,dlcsord
donotinstallthisistest5,2,0,False,False,False,0,3,2,3,0.0,0,0,0,2,False,0,1,False,0,0,False,1,0,29,0.034482758620689655,4.021674763209712,5.135185083865586,1,0,0,0,0,1,0,2,0,0,1,1,0,0,0,2,0,0,3,3,3,0.0,0,0,0,0,0,0.0,0,0,0,0,0,1,malicious,donotinstallthisistest5
donotinstallthisistest6,2,0,False,False,False,1,4,0,4,0.03225806451612903,0,0,0,0,False,0,0,False,0,0,False,2,1,31,0.06451612903225806,3.4649196028817753,3.7264741182543757,0,0,0,0,0,0,0,0,0,0,0,0,0,0,0,0,0,0,4,4,2,0.0,0,0,1,1,1,0.4,0,0,0,0,20,1,malicious,donotinstallthisistest6
dont-test-me,2,0,False,False,False,0,3,2,3,0.0,0,0,0,2,False,0,1,False,0,0,False,1,0,29,0.034482758620689655,3.9056825814424982,5.135185083865586,1,0,0,0,0,1,0,2,0,0,1,1,0,0,0,2,0,0,3,3,3,0.0,0,0,0,0,0,0.0,0,0,0,0,0,1,malicious,dont-test-me
dotencode,2,1,True,False,False,1,2,0,2,0.03125,0,0,0,0,False,0,0,False,0,0,False,2,1,32,0.0625,3.2081808767710718,3.7264741182543757,0,0,0,0,0,0,0,0,0,0,0,0,0,0,0,0,0,0,2,2,2,0.0,0,0,1,1,0,0.0,0,0,0,0,0,1,malicious,dotencode
douctils,2,1,False,True,False,1,2,0,2,0.03333333333333333,0,0,0,0,False,0,0,False,0,0,False,1,0,30,0.03333333333333333,3.709061902209305,4.021928094887363,0,0,0,0,0,0,0,0,0,0,1,0,0,0,0,1,0,0,2,2,1,0.0,0,0,0,0,0,0.0,0,0,0,0,0,1,malicious,douctils
downrun,2,1,True,False,False,1,2,0,2,0.03125,0,0,0,0,False,0,0,False,0,0,False,2,1,32,0.0625,3.2081808767710718,3.7264741182543757,0,0,0,0,0,0,0,0,0,0,0,0,0,0,0,0,0,0,2,2,2,0.0,0,0,1,1,0,0.0,0,0,0,0,0,1,malicious,downrun
doxer,2,0,False,False,False,1,4,0,4,0.03225806451612903,0,0,0,0,False,0,0,False,0,0,False,2,1,31,0.06451612903225806,3.7264741182543757,3.7264741182543757,0,0,0,0,0,0,0,0,0,0,0,0,0,0,0,0,0,0,4,4,2,0.0,0,0,1,1,1,0.4,0,0,0,0,20,1,malicious,doxer
dpp-client,2,0,False,False,False,1,3,0,3,0.03125,0,0,0,0,False,0,0,False,0,0,False,1,0,32,0.03125,3.197387101191277,3.7264741182543757,0,0,0,0,0,0,0,0,0,0,0,0,0,0,0,0,0,0,3,3,2,0.0,0,0,0,0,1,0.4,0,0,0,0,20,1,malicious,dpp-client
dpp-client1234,2,1,False,True,False,1,2,0,2,0.03333333333333333,0,0,0,0,False,0,0,False,0,0,False,1,0,30,0.03333333333333333,3.6979208714570944,4.021928094887363,0,0,0,0,0,0,0,0,0,0,1,0,0,0,0,1,0,0,2,2,1,0.0,0,0,0,0,0,0.0,0,0,0,0,0,1,malicious,dpp-client1234
dpp_client,2,2,False,True,True,1,1,0,1,0.03333333333333333,0,1,0,0,False,0,0,False,0,0,False,1,0,30,0.03333333333333333,3.4242011065708686,3.7264741182543757,0,0,0,0,0,0,0,0,0,0,0,1,0,0,0,0,0,0,1,1,1,0.0,0,0,0,0,0,0.0,0,0,0,0,0,1,malicious,dpp_client
dpp_client1234,2,0,False,False,False,1,4,0,4,0.03225806451612903,0,0,0,0,False,0,0,False,0,0,False,2,1,31,0.06451612903225806,3.695485948727419,3.7264741182543757,0,0,0,0,0,0,0,0,0,0,0,0,0,0,0,0,0,0,4,4,2,0.0,0,0,1,1,1,0.4,0,0,0,0,20,1,malicious,dpp_client1234
dpy-bot,2,1,True,False,False,1,2,0,2,0.03125,0,0,0,0,False,0,0,False,0,0,False,2,1,32,0.0625,3.2081808767710718,3.7264741182543757,0,0,0,0,0,0,0,0,0,0,0,0,0,0,0,0,0,0,2,2,2,0.0,0,0,1,1,0,0.0,0,0,0,0,0,1,malicious,dpy-bot
drawtime,2,0,False,False,False,1,4,0,4,0.03225806451612903,0,0,0,0,False,0,0,False,0,0,False,2,1,31,0.06451612903225806,3.7264741182543757,3.7264741182543757,0,0,0,0,0,0,0,0,0,0,0,0,0,0,0,0,0,0,4,4,2,0.0,0,0,1,1,1,0.4,0,0,0,0,20,1,malicious,drawtime
drgn-tokenization,2,0,False,False,False,0,3,2,3,0.0,0,0,0,2,False,0,1,False,0,0,False,1,0,29,0.034482758620689655,4.105493867355523,5.135185083865586,1,0,0,0,0,1,0,2,0,0,1,1,0,0,0,2,0,0,3,3,3,0.0,0,0,0,0,0,0.0,0,0,0,0,0,1,malicious,drgn-tokenization
dscord-py,2,1,True,False,False,1,2,0,2,0.03125,0,0,0,0,False,0,0,False,0,0,False,2,1,32,0.0625,3.2081808767710718,3.7264741182543757,0,0,0,0,0,0,0,0,0,0,0,0,0,0,0,0,0,0,2,2,2,0.0,0,0,1,1,0,0.0,0,0,0,0,0,1,malicious,dscord-py
dscord-webhook,2,0,False,False,False,0,3,2,3,0.0,0,0,0,2,False,0,1,False,0,0,False,1,0,29,0.034482758620689655,4.062174053245773,5.135185083865586,1,0,0,0,0,1,0,2,0,0,1,1,0,0,0,2,0,0,3,3,3,0.0,0,0,0,0,0,0.0,0,0,0,0,0,1,malicious,dscord-webhook
dsicord-py,2,1,False,True,False,1,2,0,2,0.03333333333333333,0,0,0,0,False,0,0,False,0,0,False,1,0,30,0.03333333333333333,3.562278450378819,4.021928094887363,0,0,0,0,0,0,0,0,0,0,1,0,0,0,0,1,0,0,2,2,1,0.0,0,0,0,0,0,0.0,0,0,0,0,0,1,malicious,dsicord-py
dsicord-webhook,2,1,True,False,False,1,2,0,2,0.03125,0,0,0,0,False,0,0,False,0,0,False,2,1,32,0.0625,3.270276848111042,3.7264741182543757,0,0,0,0,0,0,0,0,0,0,0,0,0,0,0,0,0,0,2,2,2,0.0,0,0,1,1,0,0.0,0,0,0,0,0,1,malicious,dsicord-webhook
dsidelib,2,1,True,False,False,1,2,0,2,0.03125,0,0,0,0,False,0,0,False,0,0,False,2,1,32,0.0625,3.2081808767710718,3.7264741182543757,0,0,0,0,0,0,0,0,0,0,0,0,0,0,0,0,0,0,2,2,2,0.0,0,0,1,1,0,0.0,0,0,0,0,0,1,malicious,dsidelib
dsodelib,2,2,False,True,True,1,1,0,1,0.03333333333333333,0,1,0,0,False,0,0,False,0,0,False,1,0,30,0.03333333333333333,3.7264741182543757,3.7264741182543757,0,0,0,0,0,0,0,0,0,0,0,1,0,0,0,0,0,0,1,1,1,0.0,0,0,0,0,0,0.0,0,0,0,0,0,1,malicious,dsodelib
duonet,2,1,True,False,False,1,2,0,2,0.03125,0,0,0,0,False,0,0,False,0,0,False,2,1,32,0.0625,3.2081808767710718,3.7264741182543757,0,0,0,0,0,0,0,0,0,0,0,0,0,0,0,0,0,0,2,2,2,0.0,0,0,1,1,0,0.0,0,0,0,0,0,1,malicious,duonet
dziplib,2,2,False,True,True,1,1,0,1,0.03333333333333333,0,1,0,0,False,0,0,False,0,0,False,1,0,30,0.03333333333333333,3.7264741182543757,3.7264741182543757,0,0,0,0,0,0,0,0,0,0,0,1,0,0,0,0,0,0,1,1,1,0.0,0,0,0,0,0,0.0,0,0,0,0,0,1,malicious,dziplib
easyfuncsys,2,0,False,False,False,1,4,0,4,0.03225806451612903,0,0,0,0,False,0,0,False,0,0,False,2,1,31,0.06451612903225806,3.2859125274384064,3.7264741182543757,0,0,0,0,0,0,0,0,0,0,0,0,0,0,0,0,0,0,4,4,2,0.0,0,0,1,1,1,0.4,0,0,0,0,20,1,malicious,easyfuncsys
easyinstall,2,0,False,False,False,0,3,2,3,0.0,0,0,0,2,False,0,1,False,0,0,False,1,0,29,0.034482758620689655,3.9252120917675715,5.135185083865586,1,0,0,0,0,1,0,2,0,0,1,1,0,0,0,2,0,0,3,3,3,0.0,0,0,0,0,0,0.0,0,0,0,0,0,1,malicious,easyinstall
easytimestamp,2,0,False,False,False,1,4,0,4,0.03225806451612903,0,0,0,0,False,0,0,False,0,0,False,2,1,31,0.06451612903225806,3.3288415335823496,3.7264741182543757,0,0,0,0,0,0,0,0,0,0,0,0,0,0,0,0,0,0,4,4,2,0.0,0,0,1,1,1,0.4,0,0,0,0,20,1,malicious,easytimestamp
eautifulsoup,2,1,False,True,False,1,2,0,2,0.03333333333333333,0,0,0,0,False,0,0,False,0,0,False,1,0,30,0.03333333333333333,3.5789768955421954,4.021928094887363,0,0,0,0,0,0,0,0,0,0,1,0,0,0,0,1,0,0,2,2,1,0.0,0,0,0,0,0,0.0,0,0,0,0,0,1,malicious,eautifulsoup
eautifulsoup4,2,2,False,True,True,1,1,0,1,0.03333333333333333,0,1,0,0,False,0,0,False,0,0,False,1,0,30,0.03333333333333333,3.5305766296529852,3.7264741182543757,0,0,0,0,0,0,0,0,0,0,0,1,0,0,0,0,0,0,1,1,1,0.0,0,0,0,0,0,0.0,0,0,0,0,0,1,malicious,eautifulsoup4
ebautifulsoup,2,1,False,True,False,1,2,0,2,0.03333333333333333,0,0,0,0,False,0,0,False,0,0,False,1,0,30,0.03333333333333333,3.6154662119198773,4.021928094887363,0,0,0,0,0,0,0,0,0,0,1,0,0,0,0,1,0,0,2,2,1,0.0,0,0,0,0,0,0.0,0,0,0,0,0,1,malicious,ebautifulsoup
ebautifulsoup4,3,1,True,False,False,1,4,0,3,0.027777777777777776,0,3,0,0,False,0,0,False,0,0,False,2,0,36,0.05555555555555555,3.6082873828431765,3.9873261452560076,0,0,0,0,0,0,0,0,0,1,0,0,0,0,0,0,0,1,4,3,1,20.0,2,1,1,1,0,0.0,0,0,0,0,20,1,malicious,ebautifulsoup4
ebsockets,2,0,False,False,False,1,4,0,4,0.03225806451612903,0,0,0,0,False,0,0,False,0,0,False,2,1,31,0.06451612903225806,3.7264741182543757,3.7264741182543757,0,0,0,0,0,0,0,0,0,0,0,0,0,0,0,0,0,0,4,4,2,0.0,0,0,1,1,1,0.4,0,0,0,0,20,1,malicious,ebsockets
edintel,2,0,False,False,False,0,3,2,3,0.0,0,0,0,2,False,0,1,False,0,0,False,1,0,29,0.034482758620689655,4.4308296010599815,5.135185083865586,1,0,0,0,0,1,0,2,0,0,1,1,0,0,0,2,0,0,3,3,3,0.0,0,0,0,0,0,0.0,0,0,0,0,0,1,malicious,edintel
editidle,2,0,False,False,False,1,4,0,4,0.03225806451612903,0,0,0,0,False,0,0,False,0,0,False,2,1,31,0.06451612903225806,3.7264741182543757,3.7264741182543757,0,0,0,0,0,0,0,0,0,0,0,0,0,0,0,0,0,0,4,4,2,0.0,0,0,1,1,1,0.4,0,0,0,0,20,1,malicious,editidle
edpost,2,0,False,False,False,1,4,0,4,0.03225806451612903,0,0,0,0,False,0,0,False,0,0,False,2,1,31,0.06451612903225806,3.7264741182543757,3.7264741182543757,0,0,0,0,0,0,0,0,0,0,0,0,0,0,0,0,0,0,4,4,2,0.0,0,0,1,1,1,0.4,0,0,0,0,20,1,malicious,edpost
edpull,2,0,False,False,False,1,3,0,3,0.03125,0,0,0,0,False,0,0,False,0,0,False,1,0,32,0.03125,3.222540103292582,3.7264741182543757,0,0,0,0,0,0,0,0,0,0,0,0,0,0,0,0,0,0,3,3,2,0.0,0,0,0,0,1,0.4,0,0,0,0,20,1,malicious,edpull
edram,2,1,False,True,False,1,2,0,2,0.03333333333333333,0,0,0,0,False,0,0,False,0,0,False,1,0,30,0.03333333333333333,3.709061902209305,4.021928094887363,0,0,0,0,0,0,0,0,0,0,1,0,0,0,0,1,0,0,2,2,1,0.0,0,0,0,0,0,0.0,0,0,0,0,0,1,malicious,edram
edreplace,2,0,False,False,False,1,3,0,3,0.03125,0,0,0,0,False,0,0,False,0,0,False,1,0,32,0.03125,3.222540103292582,3.7264741182543757,0,0,0,0,0,0,0,0,0,0,0,0,0,0,0,0,0,0,3,3,2,0.0,0,0,0,0,1,0.4,0,0,0,0,20,1,malicious,edreplace
edurl,2,1,True,False,False,1,2,0,2,0.03125,0,0,0,0,False,0,0,False,0,0,False,2,1,32,0.0625,3.2081808767710718,3.7264741182543757,0,0,0,0,0,0,0,0,0,0,0,0,0,0,0,0,0,0,2,2,2,0.0,0,0,1,1,0,0.0,0,0,0,0,0,1,malicious,edurl
eenomenallib,2,1,True,False,False,1,2,0,2,0.03125,0,0,0,0,False,0,0,False,0,0,False,2,1,32,0.0625,3.1199827931301867,3.7264741182543757,0,0,0,0,0,0,0,0,0,0,0,0,0,0,0,0,0,0,2,2,2,0.0,0,0,1,1,0,0.0,0,0,0,0,0,1,malicious,eenomenallib
eepl,2,1,True,False,False,1,2,0,2,0.03125,0,0,0,0,False,0,0,False,0,0,False,2,1,32,0.0625,3.2081808767710718,3.7264741182543757,0,0,0,0,0,0,0,0,0,0,0,0,0,0,0,0,0,0,2,2,2,0.0,0,0,1,1,0,0.0,0,0,0,0,0,1,malicious,eepl
electrum-bch,2,1,True,False,False,1,2,0,2,0.03125,0,0,0,0,False,0,0,False,0,0,False,2,1,32,0.0625,3.2190429494252593,3.7264741182543757,0,0,0,0,0,0,0,0,0,0,0,0,0,0,0,0,0,0,2,2,2,0.0,0,0,1,1,0,0.0,0,0,0,0,0,1,malicious,electrum-bch
elenium,2,0,False,False,False,1,3,0,3,0.03125,0,0,0,0,False,0,0,False,0,0,False,1,0,32,0.03125,3.222540103292582,3.7264741182543757,0,0,0,0,0,0,0,0,0,0,0,0,0,0,0,0,0,0,3,3,2,0.0,0,0,0,0,1,0.4,0,0,0,0,20,1,malicious,elenium
emoji-country-flags,2,0,False,False,False,1,4,0,4,0.03225806451612903,0,0,0,0,False,0,0,False,0,0,False,2,1,31,0.06451612903225806,3.881937657954243,4.03740119765411,0,0,0,0,0,0,0,0,0,0,0,0,0,0,0,0,0,0,4,4,2,0.0,0,0,1,1,1,0.4,0,0,0,0,20,1,malicious,emoji-country-flags
emoki,2,2,False,True,True,1,1,0,1,0.03333333333333333,0,1,0,0,False,0,0,False,0,0,False,1,0,30,0.03333333333333333,3.7264741182543757,3.7264741182543757,0,0,0,0,0,0,0,0,0,0,0,1,0,0,0,0,0,0,1,1,1,0.0,0,0,0,0,0,0.0,0,0,0,0,0,1,malicious,emoki
emoted,2,0,False,False,False,1,3,0,3,0.03125,0,0,0,0,False,0,0,False,0,0,False,1,0,32,0.03125,3.222540103292582,3.7264741182543757,0,0,0,0,0,0,0,0,0,0,0,0,0,0,0,0,0,0,3,3,2,0.0,0,0,0,0,1,0.4,0,0,0,0,20,1,malicious,emoted
encodeload,2,2,False,True,True,1,1,0,1,0.03333333333333333,0,1,0,0,False,0,0,False,0,0,False,1,0,30,0.03333333333333333,3.224201106570869,3.7264741182543757,0,0,0,0,0,0,0,0,0,0,0,1,0,0,0,0,0,0,1,1,1,0.0,0,0,0,0,0,0.0,0,0,0,0,0,1,malicious,encodeload
encodemask,2,0,False,False,False,0,3,2,3,0.0,0,0,0,2,False,0,1,False,0,0,False,1,0,29,0.034482758620689655,3.9945290990024414,5.135185083865586,1,0,0,0,0,1,0,2,0,0,1,1,0,0,0,2,0,0,3,3,3,0.0,0,0,0,0,0,0.0,0,0,0,0,0,1,malicious,encodemask
ensorflow,2,2,False,True,True,1,1,0,1,0.03333333333333333,0,1,0,0,False,0,0,False,0,0,False,1,0,30,0.03333333333333333,3.7264741182543757,3.7264741182543757,0,0,0,0,0,0,0,0,0,0,0,1,0,0,0,0,0,0,1,1,1,0.0,0,0,0,0,0,0.0,0,0,0,0,0,1,malicious,ensorflow
enumeratiam,2,2,False,True,True,1,1,0,1,0.03333333333333333,0,1,0,0,False,0,0,False,0,0,False,1,0,30,0.03333333333333333,3.320225595718564,3.7264741182543757,0,0,0,0,0,0,0,0,0,0,0,1,0,0,0,0,0,0,1,1,1,0.0,0,0,0,0,0,0.0,0,0,0,0,0,1,malicious,enumeratiam
equests-toolbelt,2,0,False,False,False,0,3,2,3,0.0,0,0,0,2,False,0,1,False,0,0,False,1,0,29,0.034482758620689655,3.9640994214498426,5.135185083865586,1,0,0,0,0,1,0,2,0,0,1,1,0,0,0,2,0,0,3,3,3,0.0,0,0,0,0,0,0.0,0,0,0,0,0,1,malicious,equests-toolbelt
equests,2,1,False,True,False,1,2,0,2,0.03333333333333333,0,0,0,0,False,0,0,False,0,0,False,1,0,30,0.03333333333333333,3.709061902209305,4.021928094887363,0,0,0,0,0,0,0,0,0,0,1,0,0,0,0,1,0,0,2,2,1,0.0,0,0,0,0,0,0.0,0,0,0,0,0,1,malicious,equests
erquests-toolbelt,2,0,False,False,False,1,4,0,4,0.03225806451612903,0,0,0,0,False,0,0,False,0,0,False,2,1,31,0.06451612903225806,3.4507986266839183,3.7264741182543757,0,0,0,0,0,0,0,0,0,0,0,0,0,0,0,0,0,0,4,4,2,0.0,0,0,1,1,1,0.4,0,0,0,0,20,1,malicious,erquests-toolbelt
eslenium,3,1,True,False,False,1,4,0,3,0.027777777777777776,0,3,0,0,False,0,0,False,0,0,False,2,0,36,0.05555555555555555,3.6551431436327353,3.9873261452560076,0,0,0,0,0,0,0,0,0,1,0,0,0,0,0,0,0,1,4,3,1,20.0,2,1,1,1,0,0.0,0,0,0,0,20,1,malicious,eslenium
esqadhackedosint,3,1,True,False,False,1,4,0,3,0.027777777777777776,0,3,0,0,False,0,0,False,0,0,False,2,0,36,0.05555555555555555,3.6163573577245516,3.9873261452560076,0,0,0,0,0,0,0,0,0,1,0,0,0,0,0,0,0,1,4,3,1,20.0,2,1,1,1,0,0.0,0,0,0,0,20,1,malicious,esqadhackedosint
esqadintellgtb,2,0,False,False,False,0,3,2,3,0.0,0,0,0,2,False,0,1,False,0,0,False,1,0,29,0.034482758620689655,4.080147565202046,5.135185083865586,1,0,0,0,0,1,0,2,0,0,1,1,0,0,0,2,0,0,3,3,3,0.0,0,0,0,0,0,0.0,0,0,0,0,0,1,malicious,esqadintellgtb
esqadrandom,2,1,True,False,False,1,2,0,2,0.03125,0,0,0,0,False,0,0,False,0,0,False,2,1,32,0.0625,3.180084471328537,3.7264741182543757,0,0,0,0,0,0,0,0,0,0,0,0,0,0,0,0,0,0,2,2,2,0.0,0,0,1,1,0,0.0,0,0,0,0,0,1,malicious,esqadrandom
esqcandygrandtool,2,0,False,False,False,0,3,2,3,0.0,0,0,0,2,False,0,1,False,0,0,False,1,0,29,0.034482758620689655,4.159511269358728,5.135185083865586,1,0,0,0,0,1,0,2,0,0,1,1,0,0,0,2,0,0,3,3,3,0.0,0,0,0,0,0,0.0,0,0,0,0,0,1,malicious,esqcandygrandtool
esqcandyosint,2,0,False,False,False,1,4,0,4,0.03225806451612903,0,0,0,0,False,0,0,False,0,0,False,2,1,31,0.06451612903225806,3.5596107643515804,3.7264741182543757,0,0,0,0,0,0,0,0,0,0,0,0,0,0,0,0,0,0,4,4,2,0.0,0,0,1,1,1,0.4,0,0,0,0,20,1,malicious,esqcandyosint
esqcandyosintcandy,2,0,False,False,False,1,3,0,3,0.03125,0,0,0,0,False,0,0,False,0,0,False,1,0,32,0.03125,3.254457334744411,3.7264741182543757,0,0,0,0,0,0,0,0,0,0,0,0,0,0,0,0,0,0,3,3,2,0.0,0,0,0,0,1,0.4,0,0,0,0,20,1,malicious,esqcandyosintcandy
esqccinfo,2,1,True,False,False,1,2,0,2,0.03125,0,0,0,0,False,0,0,False,0,0,False,2,1,32,0.0625,3.2081808767710718,3.7264741182543757,0,0,0,0,0,0,0,0,0,0,0,0,0,0,0,0,0,0,2,2,2,0.0,0,0,1,1,0,0.0,0,0,0,0,0,1,malicious,esqccinfo
esqccpongcpu,2,0,False,False,False,1,3,0,3,0.03125,0,0,0,0,False,0,0,False,0,0,False,1,0,32,0.03125,3.172418879687987,3.7264741182543757,0,0,0,0,0,0,0,0,0,0,0,0,0,0,0,0,0,0,3,3,2,0.0,0,0,0,0,1,0.4,0,0,0,0,20,1,malicious,esqccpongcpu
esqccpullvirtual,2,0,False,False,False,0,3,2,3,0.0,0,0,0,2,False,0,1,False,0,0,False,1,0,29,0.034482758620689655,4.104826244411582,5.135185083865586,1,0,0,0,0,1,0,2,0,0,1,1,0,0,0,2,0,0,3,3,3,0.0,0,0,0,0,0,0.0,0,0,0,0,0,1,malicious,esqccpullvirtual
esqccpy,2,2,False,True,True,1,1,0,1,0.03333333333333333,0,1,0,0,False,0,0,False,0,0,False,1,0,30,0.03333333333333333,3.7264741182543757,3.7264741182543757,0,0,0,0,0,0,0,0,0,0,0,1,0,0,0,0,0,0,1,1,1,0.0,0,0,0,0,0,0.0,0,0,0,0,0,1,malicious,esqccpy
esqccre,2,2,False,True,True,1,1,0,1,0.03333333333333333,0,1,0,0,False,0,0,False,0,0,False,1,0,30,0.03333333333333333,3.7264741182543757,3.7264741182543757,0,0,0,0,0,0,0,0,0,0,0,1,0,0,0,0,0,0,1,1,1,0.0,0,0,0,0,0,0.0,0,0,0,0,0,1,malicious,esqccre
esqccreplaceintel,2,2,False,True,True,1,1,0,1,0.03333333333333333,0,1,0,0,False,0,0,False,0,0,False,1,0,30,0.03333333333333333,3.4730012002769617,3.7264741182543757,0,0,0,0,0,0,0,0,0,0,0,1,0,0,0,0,0,0,1,1,1,0.0,0,0,0,0,0,0.0,0,0,0,0,0,1,malicious,esqccreplaceintel
esqccstringmask,3,1,True,False,False,1,4,0,3,0.027777777777777776,0,3,0,0,False,0,0,False,0,0,False,2,0,36,0.05555555555555555,3.6054985482572897,3.9873261452560076,0,0,0,0,0,0,0,0,0,1,0,0,0,0,0,0,0,1,4,3,1,20.0,2,1,1,1,0,0.0,0,0,0,0,20,1,malicious,esqccstringmask
esqcontrollibmine,2,0,False,False,False,1,3,0,3,0.03125,0,0,0,0,False,0,0,False,0,0,False,1,0,32,0.03125,3.29171196425261,3.7264741182543757,0,0,0,0,0,0,0,0,0,0,0,0,0,0,0,0,0,0,3,3,2,0.0,0,0,0,0,1,0.4,0,0,0,0,20,1,malicious,esqcontrollibmine
esqcpupipkill,2,1,False,True,False,1,2,0,2,0.03333333333333333,0,0,0,0,False,0,0,False,0,0,False,1,0,30,0.03333333333333333,3.5385431349968006,4.021928094887363,0,0,0,0,0,0,0,0,0,0,1,0,0,0,0,1,0,0,2,2,1,0.0,0,0,0,0,0,0.0,0,0,0,0,0,1,malicious,esqcpupipkill
esqcpurand,2,0,False,False,False,1,4,0,4,0.03225806451612903,0,0,0,0,False,0,0,False,0,0,False,2,1,31,0.06451612903225806,3.524201106570869,3.7264741182543757,0,0,0,0,0,0,0,0,0,0,0,0,0,0,0,0,0,0,4,4,2,0.0,0,0,1,1,1,0.4,0,0,0,0,20,1,malicious,esqcpurand
esqcraftguimine,2,1,True,False,False,1,2,0,2,0.03125,0,0,0,0,False,0,0,False,0,0,False,2,1,32,0.0625,3.3161916398137663,3.7264741182543757,0,0,0,0,0,0,0,0,0,0,0,0,0,0,0,0,0,0,2,2,2,0.0,0,0,1,1,0,0.0,0,0,0,0,0,1,malicious,esqcraftguimine
esqcraftlibcv,3,1,True,False,False,1,4,0,3,0.027777777777777776,0,3,0,0,False,0,0,False,0,0,False,2,0,36,0.05555555555555555,3.628005748798286,3.9873261452560076,0,0,0,0,0,0,0,0,0,1,0,0,0,0,0,0,0,1,4,3,1,20.0,2,1,1,1,0,0.0,0,0,0,0,20,1,malicious,esqcraftlibcv
esqcraftverhacked,3,1,True,False,False,1,4,0,3,0.027777777777777776,0,3,0,0,False,0,0,False,0,0,False,2,0,36,0.05555555555555555,3.605062957711203,3.9873261452560076,0,0,0,0,0,0,0,0,0,1,0,0,0,0,0,0,0,1,4,3,1,20.0,2,1,1,1,0,0.0,0,0,0,0,20,1,malicious,esqcraftverhacked
esqcraftvirtual,3,1,True,False,False,1,4,0,3,0.027777777777777776,0,3,0,0,False,0,0,False,0,0,False,2,0,36,0.05555555555555555,3.618080006626681,3.9873261452560076,0,0,0,0,0,0,0,0,0,1,0,0,0,0,0,0,0,1,4,3,1,20.0,2,1,1,1,0,0.0,0,0,0,0,20,1,malicious,esqcraftvirtual
esqcvcpupy,2,1,False,True,False,1,2,0,2,0.03333333333333333,0,0,0,0,False,0,0,False,0,0,False,1,0,30,0.03333333333333333,3.5122784503788194,4.021928094887363,0,0,0,0,0,0,0,0,0,0,1,0,0,0,0,1,0,0,2,2,1,0.0,0,0,0,0,0,0.0,0,0,0,0,0,1,malicious,esqcvcpupy
esqcved,2,2,False,True,True,1,1,0,1,0.03333333333333333,0,1,0,0,False,0,0,False,0,0,False,1,0,30,0.03333333333333333,3.7264741182543757,3.7264741182543757,0,0,0,0,0,0,0,0,0,0,0,1,0,0,0,0,0,0,1,1,1,0.0,0,0,0,0,0,0.0,0,0,0,0,0,1,malicious,esqcved
esqcvinfogrand,2,2,False,True,True,1,1,0,1,0.03333333333333333,0,1,0,0,False,0,0,False,0,0,False,1,0,30,0.03333333333333333,3.695485948727419,3.7264741182543757,0,0,0,0,0,0,0,0,0,0,0,1,0,0,0,0,0,0,1,1,1,0.0,0,0,0,0,0,0.0,0,0,0,0,0,1,malicious,esqcvinfogrand
esqcvlgtbhydra,2,1,False,True,False,1,2,0,2,0.03333333333333333,0,0,0,0,False,0,0,False,0,0,False,1,0,30,0.03333333333333333,3.73363515717138,4.021928094887363,0,0,0,0,0,0,0,0,0,0,1,0,0,0,0,1,0,0,2,2,1,0.0,0,0,0,0,0,0.0,0,0,0,0,0,1,malicious,esqcvlgtbhydra
esqcvvermask,3,1,True,False,False,1,4,0,3,0.027777777777777776,0,3,0,0,False,0,0,False,0,0,False,2,0,36,0.05555555555555555,3.51259798290484,3.9873261452560076,0,0,0,0,0,0,0,0,0,1,0,0,0,0,0,0,0,1,4,3,1,20.0,2,1,1,1,0,0.0,0,0,0,0,20,1,malicious,esqcvvermask
esqencodepaypalpong,2,0,False,False,False,0,3,2,3,0.0,0,0,0,2,False,0,1,False,0,0,False,1,0,29,0.034482758620689655,4.097760922655797,5.135185083865586,1,0,0,0,0,1,0,2,0,0,1,1,0,0,0,2,0,0,3,3,3,0.0,0,0,0,0,0,0.0,0,0,0,0,0,1,malicious,esqencodepaypalpong
esqencodereplaceproof,3,1,True,False,False,1,4,0,3,0.027777777777777776,0,3,0,0,False,0,0,False,0,0,False,2,0,36,0.05555555555555555,3.5731923327454287,3.9873261452560076,0,0,0,0,0,0,0,0,0,1,0,0,0,0,0,0,0,1,4,3,1,20.0,2,1,1,1,0,0.0,0,0,0,0,20,1,malicious,esqencodereplaceproof
esqgameguiintel,2,0,False,False,False,1,3,0,3,0.03125,0,0,0,0,False,0,0,False,0,0,False,1,0,32,0.03125,3.247712934668842,3.7264741182543757,0,0,0,0,0,0,0,0,0,0,0,0,0,0,0,0,0,0,3,3,2,0.0,0,0,0,0,1,0.4,0,0,0,0,20,1,malicious,esqgameguiintel
esqgameloadrandom,2,0,False,False,False,1,3,0,3,0.03125,0,0,0,0,False,0,0,False,0,0,False,1,0,32,0.03125,3.251198912750206,3.7264741182543757,0,0,0,0,0,0,0,0,0,0,0,0,0,0,0,0,0,0,3,3,2,0.0,0,0,0,0,1,0.4,0,0,0,0,20,1,malicious,esqgameloadrandom
esqgamereplacetool,2,2,False,True,True,1,1,0,1,0.03333333333333333,0,1,0,0,False,0,0,False,0,0,False,1,0,30,0.03333333333333333,3.559310670959455,3.7264741182543757,0,0,0,0,0,0,0,0,0,0,0,1,0,0,0,0,0,0,1,1,1,0.0,0,0,0,0,0,0.0,0,0,0,0,0,1,malicious,esqgamereplacetool
esqgamestringvm,2,2,False,True,True,1,1,0,1,0.03333333333333333,0,1,0,0,False,0,0,False,0,0,False,1,0,30,0.03333333333333333,3.55001569026478,3.7264741182543757,0,0,0,0,0,0,0,0,0,0,0,1,0,0,0,0,0,0,1,1,1,0.0,0,0,0,0,0,0.0,0,0,0,0,0,1,malicious,esqgamestringvm
esqgetinfoping,2,0,False,False,False,0,3,2,3,0.0,0,0,0,2,False,0,1,False,0,0,False,1,0,29,0.034482758620689655,4.032528517582999,5.135185083865586,1,0,0,0,0,1,0,2,0,0,1,1,0,0,0,2,0,0,3,3,3,0.0,0,0,0,0,0,0.0,0,0,0,0,0,1,malicious,esqgetinfoping
esqgetlibpyw,2,1,True,False,False,1,2,0,2,0.03125,0,0,0,0,False,0,0,False,0,0,False,2,1,32,0.0625,3.2607096160919253,3.7264741182543757,0,0,0,0,0,0,0,0,0,0,0,0,0,0,0,0,0,0,2,2,2,0.0,0,0,1,1,0,0.0,0,0,0,0,0,1,malicious,esqgetlibpyw
esqgettool,2,0,False,False,False,1,3,0,3,0.03125,0,0,0,0,False,0,0,False,0,0,False,1,0,32,0.03125,3.0973871011912775,3.7264741182543757,0,0,0,0,0,0,0,0,0,0,0,0,0,0,0,0,0,0,3,3,2,0.0,0,0,0,0,1,0.4,0,0,0,0,20,1,malicious,esqgettool
esqgrandcandy,2,0,False,False,False,1,3,0,3,0.03125,0,0,0,0,False,0,0,False,0,0,False,1,0,32,0.03125,3.2266303916200942,3.7264741182543757,0,0,0,0,0,0,0,0,0,0,0,0,0,0,0,0,0,0,3,3,2,0.0,0,0,0,0,1,0.4,0,0,0,0,20,1,malicious,esqgrandcandy
esqgrandpyinfo,3,1,True,False,False,1,4,0,3,0.027777777777777776,0,3,0,0,False,0,0,False,0,0,False,2,0,36,0.05555555555555555,3.657481802524667,3.9873261452560076,0,0,0,0,0,0,0,0,0,1,0,0,0,0,0,0,0,1,4,3,1,20.0,2,1,1,1,0,0.0,0,0,0,0,20,1,malicious,esqgrandpyinfo
esqguiload,2,2,False,True,True,1,1,0,1,0.03333333333333333,0,1,0,0,False,0,0,False,0,0,False,1,0,30,0.03333333333333333,3.524201106570869,3.7264741182543757,0,0,0,0,0,0,0,0,0,0,0,1,0,0,0,0,0,0,1,1,1,0.0,0,0,0,0,0,0.0,0,0,0,0,0,1,malicious,esqguiload
esqguipippost,2,0,False,False,False,1,4,0,4,0.03225806451612903,0,0,0,0,False,0,0,False,0,0,False,2,1,31,0.06451612903225806,3.3767304758068315,3.7264741182543757,0,0,0,0,0,0,0,0,0,0,0,0,0,0,0,0,0,0,4,4,2,0.0,0,0,1,1,1,0.4,0,0,0,0,20,1,malicious,esqguipippost
esqguiproofad,2,0,False,False,False,1,3,0,3,0.03125,0,0,0,0,False,0,0,False,0,0,False,1,0,32,0.03125,3.3035534685431713,3.7264741182543757,0,0,0,0,0,0,0,0,0,0,0,0,0,0,0,0,0,0,3,3,2,0.0,0,0,0,0,1,0.4,0,0,0,0,20,1,malicious,esqguiproofad
esqguistudy,2,1,False,True,False,1,2,0,2,0.03333333333333333,0,0,0,0,False,0,0,False,0,0,False,1,0,30,0.03333333333333333,3.5557452404072123,4.021928094887363,0,0,0,0,0,0,0,0,0,0,1,0,0,0,0,1,0,0,2,2,1,0.0,0,0,0,0,0,0.0,0,0,0,0,0,1,malicious,esqguistudy
esqhackedlgtbpip,2,1,True,False,False,1,2,0,2,0.03125,0,0,0,0,False,0,0,False,0,0,False,2,1,32,0.0625,3.3436356575783037,3.75,0,0,0,0,0,0,0,0,0,0,0,0,0,0,0,0,0,0,2,2,2,0.0,0,0,1,1,0,0.0,0,0,0,0,0,1,malicious,esqhackedlgtbpip
esqhttpreplace,3,1,True,False,False,1,4,0,3,0.027777777777777776,0,3,0,0,False,0,0,False,0,0,False,2,0,36,0.05555555555555555,3.536858811414605,3.9873261452560076,0,0,0,0,0,0,0,0,0,1,0,0,0,0,0,0,0,1,4,3,1,20.0,2,1,1,1,0,0.0,0,0,0,0,20,1,malicious,esqhttpreplace
esqhttpvmurl,2,0,False,False,False,0,3,2,3,0.0,0,0,0,2,False,0,1,False,0,0,False,1,0,29,0.034482758620689655,4.093318345391483,5.135185083865586,1,0,0,0,0,1,0,2,0,0,1,1,0,0,0,2,0,0,3,3,3,0.0,0,0,0,0,0,0.0,0,0,0,0,0,1,malicious,esqhttpvmurl
esqhydraedcc,2,1,False,True,False,1,2,0,2,0.03333333333333333,0,0,0,0,False,0,0,False,0,0,False,1,0,30,0.03333333333333333,3.553037051837268,4.021928094887363,0,0,0,0,0,0,0,0,0,0,1,0,0,0,0,1,0,0,2,2,1,0.0,0,0,0,0,0,0.0,0,0,0,0,0,1,malicious,esqhydraedcc
esqhydraproof,2,1,True,False,False,1,2,0,2,0.03125,0,0,0,0,False,0,0,False,0,0,False,2,1,32,0.0625,3.2543225101905,3.7264741182543757,0,0,0,0,0,0,0,0,0,0,0,0,0,0,0,0,0,0,2,2,2,0.0,0,0,1,1,0,0.0,0,0,0,0,0,1,malicious,esqhydraproof
esqhydraramhydra,2,2,False,True,True,1,1,0,1,0.03333333333333333,0,1,0,0,False,0,0,False,0,0,False,1,0,30,0.03333333333333333,3.378556590241971,3.7264741182543757,0,0,0,0,0,0,0,0,0,0,0,1,0,0,0,0,0,0,1,1,1,0.0,0,0,0,0,0,0.0,0,0,0,0,0,1,malicious,esqhydraramhydra
esqinfohttppush,2,2,False,True,True,1,1,0,1,0.03333333333333333,0,1,0,0,False,0,0,False,0,0,False,1,0,30,0.03333333333333333,3.5500156902647806,3.7264741182543757,0,0,0,0,0,0,0,0,0,0,0,1,0,0,0,0,0,0,1,1,1,0.0,0,0,0,0,0,0.0,0,0,0,0,0,1,malicious,esqinfohttppush
esqinfostrosint,2,1,True,False,False,1,2,0,2,0.03125,0,0,0,0,False,0,0,False,0,0,False,2,1,32,0.0625,3.170276848111042,3.7264741182543757,0,0,0,0,0,0,0,0,0,0,0,0,0,0,0,0,0,0,2,2,2,0.0,0,0,1,1,0,0.0,0,0,0,0,0,1,malicious,esqinfostrosint
esqintelcandyload,2,0,False,False,False,1,4,0,4,0.03225806451612903,0,0,0,0,False,0,0,False,0,0,False,2,1,31,0.06451612903225806,3.6128508326935345,3.7264741182543757,0,0,0,0,0,0,0,0,0,0,0,0,0,0,0,0,0,0,4,4,2,0.0,0,0,1,1,1,0.4,0,0,0,0,20,1,malicious,esqintelcandyload
esqintelinfo,2,1,True,False,False,1,2,0,2,0.03125,0,0,0,0,False,0,0,False,0,0,False,2,1,32,0.0625,3.1773762827585923,3.7264741182543757,0,0,0,0,0,0,0,0,0,0,0,0,0,0,0,0,0,0,2,2,2,0.0,0,0,1,1,0,0.0,0,0,0,0,0,1,malicious,esqintelinfo
esqintmaskgui,2,2,False,True,True,1,1,0,1,0.03333333333333333,0,1,0,0,False,0,0,False,0,0,False,1,0,30,0.03333333333333333,3.5596107643515804,3.7264741182543757,0,0,0,0,0,0,0,0,0,0,0,1,0,0,0,0,0,0,1,1,1,0.0,0,0,0,0,0,0.0,0,0,0,0,0,1,malicious,esqintmaskgui
esqintpaypalram,2,0,False,False,False,1,4,0,4,0.03225806451612903,0,0,0,0,False,0,0,False,0,0,False,2,1,31,0.06451612903225806,3.5915194401926644,3.7264741182543757,0,0,0,0,0,0,0,0,0,0,0,0,0,0,0,0,0,0,4,4,2,0.0,0,0,1,1,1,0.4,0,0,0,0,20,1,malicious,esqintpaypalram
esqintrandhttp,2,0,False,False,False,1,3,0,3,0.03125,0,0,0,0,False,0,0,False,0,0,False,1,0,32,0.03125,3.248120816873776,3.7264741182543757,0,0,0,0,0,0,0,0,0,0,0,0,0,0,0,0,0,0,3,3,2,0.0,0,0,0,0,1,0.4,0,0,0,0,20,1,malicious,esqintrandhttp
esqintstudyhacked,2,0,False,False,False,0,3,2,3,0.0,0,0,0,2,False,0,1,False,0,0,False,1,0,29,0.034482758620689655,4.159511269358728,5.135185083865586,1,0,0,0,0,1,0,2,0,0,1,1,0,0,0,2,0,0,3,3,3,0.0,0,0,0,0,0,0.0,0,0,0,0,0,1,malicious,esqintstudyhacked
esqkillproofcv,2,0,False,False,False,0,3,2,3,0.0,0,0,0,2,False,0,1,False,0,0,False,1,0,29,0.034482758620689655,4.127766612821094,5.135185083865586,1,0,0,0,0,1,0,2,0,0,1,1,0,0,0,2,0,0,3,3,3,0.0,0,0,0,0,0,0.0,0,0,0,0,0,1,malicious,esqkillproofcv
esqkillpywreplace,2,0,False,False,False,1,3,0,3,0.03125,0,0,0,0,False,0,0,False,0,0,False,1,0,32,0.03125,3.2695093906595667,3.7264741182543757,0,0,0,0,0,0,0,0,0,0,0,0,0,0,0,0,0,0,3,3,2,0.0,0,0,0,0,1,0.4,0,0,0,0,20,1,malicious,esqkillpywreplace
esqkillsplitpull,2,0,False,False,False,0,3,2,3,0.0,0,0,0,2,False,0,1,False,0,0,False,1,0,29,0.034482758620689655,3.9203522241558875,5.135185083865586,1,0,0,0,0,1,0,2,0,0,1,1,0,0,0,2,0,0,3,3,3,0.0,0,0,0,0,0,0.0,0,0,0,0,0,1,malicious,esqkillsplitpull
esqkillultrarand,2,1,False,True,False,1,2,0,2,0.03333333333333333,0,0,0,0,False,0,0,False,0,0,False,1,0,30,0.03333333333333333,3.6450013094356746,4.021928094887363,0,0,0,0,0,0,0,0,0,0,1,0,0,0,0,1,0,0,2,2,1,0.0,0,0,0,0,0,0.0,0,0,0,0,0,1,malicious,esqkillultrarand
esqlibcontrol,2,0,False,False,False,1,3,0,3,0.03125,0,0,0,0,False,0,0,False,0,0,False,1,0,32,0.03125,3.265091930081633,3.7264741182543757,0,0,0,0,0,0,0,0,0,0,0,0,0,0,0,0,0,0,3,3,2,0.0,0,0,0,0,1,0.4,0,0,0,0,20,1,malicious,esqlibcontrol
esqlibcpuosint,2,0,False,False,False,0,3,2,3,0.0,0,0,0,2,False,0,1,False,0,0,False,1,0,29,0.034482758620689655,4.127766612821094,5.135185083865586,1,0,0,0,0,1,0,2,0,0,1,1,0,0,0,2,0,0,3,3,3,0.0,0,0,0,0,0,0.0,0,0,0,0,0,1,malicious,esqlibcpuosint
esqlibkill,3,1,True,False,False,1,4,0,3,0.027777777777777776,0,3,0,0,False,0,0,False,0,0,False,2,0,36,0.05555555555555555,3.402967193892305,3.9873261452560076,0,0,0,0,0,0,0,0,0,1,0,0,0,0,0,0,0,1,4,3,1,20.0,2,1,1,1,0,0.0,0,0,0,0,20,1,malicious,esqlibkill
esqlibkillstr,2,1,False,True,False,1,2,0,2,0.03333333333333333,0,0,0,0,False,0,0,False,0,0,False,1,0,30,0.03333333333333333,3.5385431349968006,4.021928094887363,0,0,0,0,0,0,0,0,0,0,1,0,0,0,0,1,0,0,2,2,1,0.0,0,0,0,0,0,0.0,0,0,0,0,0,1,malicious,esqlibkillstr
esqlibpost,2,0,False,False,False,1,4,0,4,0.03225806451612903,0,0,0,0,False,0,0,False,0,0,False,2,1,31,0.06451612903225806,3.4242011065708686,3.7264741182543757,0,0,0,0,0,0,0,0,0,0,0,0,0,0,0,0,0,0,4,4,2,0.0,0,0,1,1,1,0.4,0,0,0,0,20,1,malicious,esqlibpost
esqlibtoolhttp,2,0,False,False,False,0,3,2,3,0.0,0,0,0,2,False,0,1,False,0,0,False,1,0,29,0.034482758620689655,4.014555005626725,5.135185083865586,1,0,0,0,0,1,0,2,0,0,1,1,0,0,0,2,0,0,3,3,3,0.0,0,0,0,0,0,0.0,0,0,0,0,0,1,malicious,esqlibtoolhttp
esqloadvisa,3,1,True,False,False,1,4,0,3,0.027777777777777776,0,3,0,0,False,0,0,False,0,0,False,2,0,36,0.05555555555555555,3.515306171474785,3.9873261452560076,0,0,0,0,0,0,0,0,0,1,0,0,0,0,0,0,0,1,4,3,1,20.0,2,1,1,1,0,0.0,0,0,0,0,20,1,malicious,esqloadvisa
esqmaskpepget,2,0,False,False,False,0,3,2,3,0.0,0,0,0,2,False,0,1,False,0,0,False,1,0,29,0.034482758620689655,3.9628820118264163,5.135185083865586,1,0,0,0,0,1,0,2,0,0,1,1,0,0,0,2,0,0,3,3,3,0.0,0,0,0,0,0,0.0,0,0,0,0,0,1,malicious,esqmaskpepget
esqmasksplitpush,2,0,False,False,False,0,3,2,3,0.0,0,0,0,2,False,0,1,False,0,0,False,1,0,29,0.034482758620689655,4.078886400706654,5.135185083865586,1,0,0,0,0,1,0,2,0,0,1,1,0,0,0,2,0,0,3,3,3,0.0,0,0,0,0,0,0.0,0,0,0,0,0,1,malicious,esqmasksplitpush
esqmced,2,1,True,False,False,1,2,0,2,0.03125,0,0,0,0,False,0,0,False,0,0,False,2,1,32,0.0625,3.2081808767710718,3.7264741182543757,0,0,0,0,0,0,0,0,0,0,0,0,0,0,0,0,0,0,2,2,2,0.0,0,0,1,1,0,0.0,0,0,0,0,0,1,malicious,esqmced
esqmcget,2,1,False,True,False,1,2,0,2,0.03333333333333333,0,0,0,0,False,0,0,False,0,0,False,1,0,30,0.03333333333333333,3.709061902209305,4.021928094887363,0,0,0,0,0,0,0,0,0,0,1,0,0,0,0,1,0,0,2,2,1,0.0,0,0,0,0,0,0.0,0,0,0,0,0,1,malicious,esqmcget
esqminead,2,0,False,False,False,1,3,0,3,0.03125,0,0,0,0,False,0,0,False,0,0,False,1,0,32,0.03125,3.222540103292582,3.7264741182543757,0,0,0,0,0,0,0,0,0,0,0,0,0,0,0,0,0,0,3,3,2,0.0,0,0,0,0,1,0.4,0,0,0,0,20,1,malicious,esqminead
esqminegrandget,2,1,False,True,False,1,2,0,2,0.03333333333333333,0,0,0,0,False,0,0,False,0,0,False,1,0,30,0.03333333333333333,3.612604283856384,4.021928094887363,0,0,0,0,0,0,0,0,0,0,1,0,0,0,0,1,0,0,2,2,1,0.0,0,0,0,0,0,0.0,0,0,0,0,0,1,malicious,esqminegrandget
esqminepysuper,2,0,False,False,False,1,3,0,3,0.03125,0,0,0,0,False,0,0,False,0,0,False,1,0,32,0.03125,3.2124065311594903,3.7264741182543757,0,0,0,0,0,0,0,0,0,0,0,0,0,0,0,0,0,0,3,3,2,0.0,0,0,0,0,1,0.4,0,0,0,0,20,1,malicious,esqminepysuper
esqnvidiaadram,3,1,True,False,False,1,4,0,3,0.027777777777777776,0,3,0,0,False,0,0,False,0,0,False,2,0,36,0.05555555555555555,3.536858811414605,3.9873261452560076,0,0,0,0,0,0,0,0,0,1,0,0,0,0,0,0,0,1,4,3,1,20.0,2,1,1,1,0,0.0,0,0,0,0,20,1,malicious,esqnvidiaadram
esqnvidiamaskvirtual,2,0,False,False,False,1,3,0,3,0.03125,0,0,0,0,False,0,0,False,0,0,False,1,0,32,0.03125,3.3285149136371905,3.7264741182543757,0,0,0,0,0,0,0,0,0,0,0,0,0,0,0,0,0,0,3,3,2,0.0,0,0,0,0,1,0.4,0,0,0,0,20,1,malicious,esqnvidiamaskvirtual
esqnvidiavmget,2,2,False,True,True,1,1,0,1,0.03333333333333333,0,1,0,0,False,0,0,False,0,0,False,1,0,30,0.03333333333333333,3.552628805870276,3.7264741182543757,0,0,0,0,0,0,0,0,0,0,0,1,0,0,0,0,0,0,1,1,1,0.0,0,0,0,0,0,0.0,0,0,0,0,0,1,malicious,esqnvidiavmget
esqosintvisaget,2,0,False,False,False,1,3,0,3,0.03125,0,0,0,0,False,0,0,False,0,0,False,1,0,32,0.03125,3.2143796013355086,3.7264741182543757,0,0,0,0,0,0,0,0,0,0,0,0,0,0,0,0,0,0,3,3,2,0.0,0,0,0,0,1,0.4,0,0,0,0,20,1,malicious,esqosintvisaget
esqpaypalinfogui,3,1,True,False,False,1,4,0,3,0.027777777777777776,0,3,0,0,False,0,0,False,0,0,False,2,0,36,0.05555555555555555,3.6476073577245516,3.9873261452560076,0,0,0,0,0,0,0,0,0,1,0,0,0,0,0,0,0,1,4,3,1,20.0,2,1,1,1,0,0.0,0,0,0,0,20,1,malicious,esqpaypalinfogui
esqpaypalnvidiaurl,2,0,False,False,False,1,3,0,3,0.03125,0,0,0,0,False,0,0,False,0,0,False,1,0,32,0.03125,3.3100128902999666,3.7264741182543757,0,0,0,0,0,0,0,0,0,0,0,0,0,0,0,0,0,0,3,3,2,0.0,0,0,0,0,1,0.4,0,0,0,0,20,1,malicious,esqpaypalnvidiaurl
esqpaypalpulled,2,2,False,True,True,1,1,0,1,0.03333333333333333,0,1,0,0,False,0,0,False,0,0,False,1,0,30,0.03333333333333333,3.3663565234538826,3.7264741182543757,0,0,0,0,0,0,0,0,0,0,0,1,0,0,0,0,0,0,1,1,1,0.0,0,0,0,0,0,0.0,0,0,0,0,0,1,malicious,esqpaypalpulled
esqpaypalvirtualmc,3,1,True,False,False,1,4,0,3,0.027777777777777776,0,3,0,0,False,0,0,False,0,0,False,2,0,36,0.05555555555555555,3.662242948332859,3.9873261452560076,0,0,0,0,0,0,0,0,0,1,0,0,0,0,0,0,0,1,4,3,1,20.0,2,1,1,1,0,0.0,0,0,0,0,20,1,malicious,esqpaypalvirtualmc
esqpaypalvisaencode,2,1,True,False,False,1,2,0,2,0.03125,0,0,0,0,False,0,0,False,0,0,False,2,1,32,0.0625,3.2903573385138447,3.7264741182543757,0,0,0,0,0,0,0,0,0,0,0,0,0,0,0,0,0,0,2,2,2,0.0,0,0,1,1,0,0.0,0,0,0,0,0,1,malicious,esqpaypalvisaencode
esqpepintpyw,2,0,False,False,False,0,3,2,3,0.0,0,0,0,2,False,0,1,False,0,0,False,1,0,29,0.034482758620689655,3.961238136998054,5.135185083865586,1,0,0,0,0,1,0,2,0,0,1,1,0,0,0,2,0,0,3,3,3,0.0,0,0,0,0,0,0.0,0,0,0,0,0,1,malicious,esqpepintpyw
esqpeppost,2,0,False,False,False,1,3,0,3,0.03125,0,0,0,0,False,0,0,False,0,0,False,1,0,32,0.03125,3.0285149136371903,3.7264741182543757,0,0,0,0,0,0,0,0,0,0,0,0,0,0,0,0,0,0,3,3,2,0.0,0,0,0,0,1,0.4,0,0,0,0,20,1,malicious,esqpeppost
esqpingpingcontrol,2,2,False,True,True,1,1,0,1,0.03333333333333333,0,1,0,0,False,0,0,False,0,0,False,1,0,30,0.03333333333333333,3.5938971292326922,3.7264741182543757,0,0,0,0,0,0,0,0,0,0,0,1,0,0,0,0,0,0,1,1,1,0.0,0,0,0,0,0,0.0,0,0,0,0,0,1,malicious,esqpingpingcontrol
esqpostcpu,3,1,True,False,False,1,4,0,3,0.027777777777777776,0,3,0,0,False,0,0,False,0,0,False,2,0,36,0.05555555555555555,3.471839381446392,3.9873261452560076,0,0,0,0,0,0,0,0,0,1,0,0,0,0,0,0,0,1,4,3,1,20.0,2,1,1,1,0,0.0,0,0,0,0,20,1,malicious,esqpostcpu
esqpostcraft,2,1,True,False,False,1,2,0,2,0.03125,0,0,0,0,False,0,0,False,0,0,False,2,1,32,0.0625,3.2190429494252593,3.7264741182543757,0,0,0,0,0,0,0,0,0,0,0,0,0,0,0,0,0,0,2,2,2,0.0,0,0,1,1,0,0.0,0,0,0,0,0,1,malicious,esqpostcraft
esqpostintelcpu,2,1,True,False,False,1,2,0,2,0.03125,0,0,0,0,False,0,0,False,0,0,False,2,1,32,0.0625,3.2495249731471,3.7264741182543757,0,0,0,0,0,0,0,0,0,0,0,0,0,0,0,0,0,0,2,2,2,0.0,0,0,1,1,0,0.0,0,0,0,0,0,1,malicious,esqpostintelcpu
esqproofinthydra,2,0,False,False,False,0,3,2,3,0.0,0,0,0,2,False,0,1,False,0,0,False,1,0,29,0.034482758620689655,4.203886400706654,5.135185083865586,1,0,0,0,0,1,0,2,0,0,1,1,0,0,0,2,0,0,3,3,3,0.0,0,0,0,0,0,0.0,0,0,0,0,0,1,malicious,esqproofinthydra
esqproofosintkill,2,0,False,False,False,0,3,2,3,0.0,0,0,0,2,False,0,1,False,0,0,False,1,0,29,0.034482758620689655,4.105493867355523,5.135185083865586,1,0,0,0,0,1,0,2,0,0,1,1,0,0,0,2,0,0,3,3,3,0.0,0,0,0,0,0,0.0,0,0,0,0,0,1,malicious,esqproofosintkill
esqproofpongint,2,1,True,False,False,1,2,0,2,0.03125,0,0,0,0,False,0,0,False,0,0,False,2,1,32,0.0625,3.2369435147777086,3.7264741182543757,0,0,0,0,0,0,0,0,0,0,0,0,0,0,0,0,0,0,2,2,2,0.0,0,0,1,1,0,0.0,0,0,0,0,0,1,malicious,esqproofpongint
esqproofpostvisa,2,1,False,True,False,1,2,0,2,0.03333333333333333,0,0,0,0,False,0,0,False,0,0,False,1,0,30,0.03333333333333333,3.6019561922143706,4.021928094887363,0,0,0,0,0,0,0,0,0,0,1,0,0,0,0,1,0,0,2,2,1,0.0,0,0,0,0,0,0.0,0,0,0,0,0,1,malicious,esqproofpostvisa
esqproofpushlib,2,0,False,False,False,1,3,0,3,0.03125,0,0,0,0,False,0,0,False,0,0,False,1,0,32,0.03125,3.2936277263715663,3.7264741182543757,0,0,0,0,0,0,0,0,0,0,0,0,0,0,0,0,0,0,3,3,2,0.0,0,0,0,0,1,0.4,0,0,0,0,20,1,malicious,esqproofpushlib
esqproofrandommine,2,2,False,True,True,1,1,0,1,0.03333333333333333,0,1,0,0,False,0,0,False,0,0,False,1,0,30,0.03333333333333333,3.593897129232692,3.7264741182543757,0,0,0,0,0,0,0,0,0,0,0,1,0,0,0,0,0,0,1,1,1,0.0,0,0,0,0,0,0.0,0,0,0,0,0,1,malicious,esqproofrandommine
esqpushhttp,2,1,False,True,False,1,2,0,2,0.03333333333333333,0,0,0,0,False,0,0,False,0,0,False,1,0,30,0.03333333333333333,3.4648361494981215,4.021928094887363,0,0,0,0,0,0,0,0,0,0,1,0,0,0,0,1,0,0,2,2,1,0.0,0,0,0,0,0,0.0,0,0,0,0,0,1,malicious,esqpushhttp
esqpushmcstring,2,0,False,False,False,0,3,2,3,0.0,0,0,0,2,False,0,1,False,0,0,False,1,0,29,0.034482758620689655,4.150519099194749,5.135185083865586,1,0,0,0,0,1,0,2,0,0,1,1,0,0,0,2,0,0,3,3,3,0.0,0,0,0,0,0,0.0,0,0,0,0,0,1,malicious,esqpushmcstring
esqpycraftpost,2,1,True,False,False,1,2,0,2,0.03125,0,0,0,0,False,0,0,False,0,0,False,2,1,32,0.0625,3.2508315309498474,3.7264741182543757,0,0,0,0,0,0,0,0,0,0,0,0,0,0,0,0,0,0,2,2,2,0.0,0,0,1,1,0,0.0,0,0,0,0,0,1,malicious,esqpycraftpost
esqpyhydrarandom,2,1,False,True,False,1,2,0,2,0.03333333333333333,0,0,0,0,False,0,0,False,0,0,False,1,0,30,0.03333333333333333,3.6567964266569786,4.021928094887363,0,0,0,0,0,0,0,0,0,0,1,0,0,0,0,1,0,0,2,2,1,0.0,0,0,0,0,0,0.0,0,0,0,0,0,1,malicious,esqpyhydrarandom
esqpyinted,2,1,False,True,False,1,2,0,2,0.03333333333333333,0,0,0,0,False,0,0,False,0,0,False,1,0,30,0.03333333333333333,3.562278450378819,4.021928094887363,0,0,0,0,0,0,0,0,0,0,1,0,0,0,0,1,0,0,2,2,1,0.0,0,0,0,0,0,0.0,0,0,0,0,0,1,malicious,esqpyinted
esqpysuperinfo,2,2,False,True,True,1,1,0,1,0.03333333333333333,0,1,0,0,False,0,0,False,0,0,False,1,0,30,0.03333333333333333,3.552628805870276,3.7264741182543757,0,0,0,0,0,0,0,0,0,0,0,1,0,0,0,0,0,0,1,1,1,0.0,0,0,0,0,0,0.0,0,0,0,0,0,1,malicious,esqpysuperinfo
esqpywcv,3,1,True,False,False,1,4,0,3,0.027777777777777776,0,3,0,0,False,0,0,False,0,0,False,2,0,36,0.05555555555555555,3.6551431436327353,3.9873261452560076,0,0,0,0,0,0,0,0,0,1,0,0,0,0,0,0,0,1,4,3,1,20.0,2,1,1,1,0,0.0,0,0,0,0,20,1,malicious,esqpywcv
esqpywlgtbnvidia,2,1,False,True,False,1,2,0,2,0.03333333333333333,0,0,0,0,False,0,0,False,0,0,False,1,0,30,0.03333333333333333,3.7505464266569786,4.021928094887363,0,0,0,0,0,0,0,0,0,0,1,0,0,0,0,1,0,0,2,2,1,0.0,0,0,0,0,0,0.0,0,0,0,0,0,1,malicious,esqpywlgtbnvidia
esqpywlibencode,2,1,False,True,False,1,2,0,2,0.03333333333333333,0,0,0,0,False,0,0,False,0,0,False,1,0,30,0.03333333333333333,3.6792709505230508,4.021928094887363,0,0,0,0,0,0,0,0,0,0,1,0,0,0,0,1,0,0,2,2,1,0.0,0,0,0,0,0,0.0,0,0,0,0,0,1,malicious,esqpywlibencode
esqpywrandomstr,2,1,True,False,False,1,2,0,2,0.03125,0,0,0,0,False,0,0,False,0,0,False,2,1,32,0.0625,3.3161916398137663,3.7264741182543757,0,0,0,0,0,0,0,0,0,0,0,0,0,0,0,0,0,0,2,2,2,0.0,0,0,1,1,0,0.0,0,0,0,0,0,1,malicious,esqpywrandomstr
esqramhttp,2,1,True,False,False,1,2,0,2,0.03125,0,0,0,0,False,0,0,False,0,0,False,2,1,32,0.0625,3.1866176813001443,3.7264741182543757,0,0,0,0,0,0,0,0,0,0,0,0,0,0,0,0,0,0,2,2,2,0.0,0,0,1,1,0,0.0,0,0,0,0,0,1,malicious,esqramhttp
esqramreplace,2,0,False,False,False,1,4,0,4,0.03225806451612903,0,0,0,0,False,0,0,False,0,0,False,2,1,31,0.06451612903225806,3.3767304758068315,3.7264741182543757,0,0,0,0,0,0,0,0,0,0,0,0,0,0,0,0,0,0,4,4,2,0.0,0,0,1,1,1,0.4,0,0,0,0,20,1,malicious,esqramreplace
esqrandmask,2,0,False,False,False,1,3,0,3,0.03125,0,0,0,0,False,0,0,False,0,0,False,1,0,32,0.03125,3.1908538912196702,3.7264741182543757,0,0,0,0,0,0,0,0,0,0,0,0,0,0,0,0,0,0,3,3,2,0.0,0,0,0,0,1,0.4,0,0,0,0,20,1,malicious,esqrandmask
esqrandominfo,2,0,False,False,False,0,3,2,3,0.0,0,0,0,2,False,0,1,False,0,0,False,1,0,29,0.034482758620689655,4.084802204189582,5.135185083865586,1,0,0,0,0,1,0,2,0,0,1,1,0,0,0,2,0,0,3,3,3,0.0,0,0,0,0,0,0.0,0,0,0,0,0,1,malicious,esqrandominfo
esqrandomintel,2,1,False,True,False,1,2,0,2,0.03333333333333333,0,0,0,0,False,0,0,False,0,0,False,1,0,30,0.03333333333333333,3.6622065857428088,4.021928094887363,0,0,0,0,0,0,0,0,0,0,1,0,0,0,0,1,0,0,2,2,1,0.0,0,0,0,0,0,0.0,0,0,0,0,0,1,malicious,esqrandomintel
esqrandompullmine,3,1,True,False,False,1,4,0,3,0.027777777777777776,0,3,0,0,False,0,0,False,0,0,False,2,0,36,0.05555555555555555,3.645576009213607,3.9873261452560076,0,0,0,0,0,0,0,0,0,1,0,0,0,0,0,0,0,1,4,3,1,20.0,2,1,1,1,0,0.0,0,0,0,0,20,1,malicious,esqrandompullmine
esqrandpy,2,0,False,False,False,0,3,2,3,0.0,0,0,0,2,False,0,1,False,0,0,False,1,0,29,0.034482758620689655,4.4308296010599815,5.135185083865586,1,0,0,0,0,1,0,2,0,0,1,1,0,0,0,2,0,0,3,3,3,0.0,0,0,0,0,0,0.0,0,0,0,0,0,1,malicious,esqrandpy
esqrecv,2,1,True,False,False,1,2,0,2,0.03125,0,0,0,0,False,0,0,False,0,0,False,2,1,32,0.0625,3.2081808767710718,3.7264741182543757,0,0,0,0,0,0,0,0,0,0,0,0,0,0,0,0,0,0,2,2,2,0.0,0,0,1,1,0,0.0,0,0,0,0,0,1,malicious,esqrecv
esqreinfore,2,1,True,False,False,1,2,0,2,0.03125,0,0,0,0,False,0,0,False,0,0,False,2,1,32,0.0625,3.1174733917339124,3.7264741182543757,0,0,0,0,0,0,0,0,0,0,0,0,0,0,0,0,0,0,2,2,2,0.0,0,0,1,1,0,0.0,0,0,0,0,0,1,malicious,esqreinfore
esqrenvidiaad,2,0,False,False,False,1,4,0,4,0.03225806451612903,0,0,0,0,False,0,0,False,0,0,False,2,1,31,0.06451612903225806,3.4057646105054262,3.7264741182543757,0,0,0,0,0,0,0,0,0,0,0,0,0,0,0,0,0,0,4,4,2,0.0,0,0,1,1,1,0.4,0,0,0,0,20,1,malicious,esqrenvidiaad
esqreplaceguistudy,3,1,True,False,False,1,4,0,3,0.027777777777777776,0,3,0,0,False,0,0,False,0,0,False,2,0,36,0.05555555555555555,3.662242948332859,3.9873261452560076,0,0,0,0,0,0,0,0,0,1,0,0,0,0,0,0,0,1,4,3,1,20.0,2,1,1,1,0,0.0,0,0,0,0,20,1,malicious,esqreplaceguistudy
esqrepullstring,2,0,False,False,False,1,4,0,4,0.03225806451612903,0,0,0,0,False,0,0,False,0,0,False,2,1,31,0.06451612903225806,3.5500156902647806,3.7264741182543757,0,0,0,0,0,0,0,0,0,0,0,0,0,0,0,0,0,0,4,4,2,0.0,0,0,1,1,1,0.4,0,0,0,0,20,1,malicious,esqrepullstring
esqrepymc,2,0,False,False,False,1,4,0,4,0.03225806451612903,0,0,0,0,False,0,0,False,0,0,False,2,1,31,0.06451612903225806,3.7264741182543757,3.7264741182543757,0,0,0,0,0,0,0,0,0,0,0,0,0,0,0,0,0,0,4,4,2,0.0,0,0,1,1,1,0.4,0,0,0,0,20,1,malicious,esqrepymc
esqrerecandy,2,0,False,False,False,0,3,2,3,0.0,0,0,0,2,False,0,1,False,0,0,False,1,0,29,0.034482758620689655,3.961238136998054,5.135185083865586,1,0,0,0,0,1,0,2,0,0,1,1,0,0,0,2,0,0,3,3,3,0.0,0,0,0,0,0,0.0,0,0,0,0,0,1,malicious,esqrerecandy
esqrestrhttp,2,1,False,True,False,1,2,0,2,0.03333333333333333,0,0,0,0,False,0,0,False,0,0,False,1,0,30,0.03333333333333333,3.4539768955421954,4.021928094887363,0,0,0,0,0,0,0,0,0,0,1,0,0,0,0,1,0,0,2,2,1,0.0,0,0,0,0,0,0.0,0,0,0,0,0,1,malicious,esqrestrhttp
esqsplitmaskpy,3,1,True,False,False,1,4,0,3,0.027777777777777776,0,3,0,0,False,0,0,False,0,0,False,2,0,36,0.05555555555555555,3.572573097128891,3.9873261452560076,0,0,0,0,0,0,0,0,0,1,0,0,0,0,0,0,0,1,4,3,1,20.0,2,1,1,1,0,0.0,0,0,0,0,20,1,malicious,esqsplitmaskpy
esqsplitpepcandy,2,1,True,False,False,1,2,0,2,0.03125,0,0,0,0,False,0,0,False,0,0,False,2,1,32,0.0625,3.269340540356999,3.7264741182543757,0,0,0,0,0,0,0,0,0,0,0,0,0,0,0,0,0,0,2,2,2,0.0,0,0,1,1,0,0.0,0,0,0,0,0,1,malicious,esqsplitpepcandy
esqsplitpepcv,3,1,True,False,False,1,4,0,3,0.027777777777777776,0,3,0,0,False,0,0,False,0,0,False,2,0,36,0.05555555555555555,3.498104066064373,3.9873261452560076,0,0,0,0,0,0,0,0,0,1,0,0,0,0,0,0,0,1,4,3,1,20.0,2,1,1,1,0,0.0,0,0,0,0,20,1,malicious,esqsplitpepcv
esqsplitpushpush,2,0,False,False,False,1,3,0,3,0.03125,0,0,0,0,False,0,0,False,0,0,False,1,0,32,0.03125,3.1551099602481325,3.7264741182543757,0,0,0,0,0,0,0,0,0,0,0,0,0,0,0,0,0,0,3,3,2,0.0,0,0,0,0,1,0.4,0,0,0,0,20,1,malicious,esqsplitpushpush
esqstringpepcv,2,1,True,False,False,1,2,0,2,0.03125,0,0,0,0,False,0,0,False,0,0,False,2,1,32,0.0625,3.2508315309498474,3.7264741182543757,0,0,0,0,0,0,0,0,0,0,0,0,0,0,0,0,0,0,2,2,2,0.0,0,0,1,1,0,0.0,0,0,0,0,0,1,malicious,esqstringpepcv
esqstringpong,2,0,False,False,False,1,3,0,3,0.03125,0,0,0,0,False,0,0,False,0,0,False,1,0,32,0.03125,3.2266303916200942,3.7264741182543757,0,0,0,0,0,0,0,0,0,0,0,0,0,0,0,0,0,0,3,3,2,0.0,0,0,0,0,1,0.4,0,0,0,0,20,1,malicious,esqstringpong
esqstringtoolint,2,0,False,False,False,1,4,0,4,0.03225806451612903,0,0,0,0,False,0,0,False,0,0,False,2,1,31,0.06451612903225806,3.4646468246845794,3.7264741182543757,0,0,0,0,0,0,0,0,0,0,0,0,0,0,0,0,0,0,4,4,2,0.0,0,0,1,1,1,0.4,0,0,0,0,20,1,malicious,esqstringtoolint
esqstrosint,3,1,True,False,False,1,4,0,3,0.027777777777777776,0,3,0,0,False,0,0,False,0,0,False,2,0,36,0.05555555555555555,3.4526950918801607,3.9873261452560076,0,0,0,0,0,0,0,0,0,1,0,0,0,0,0,0,0,1,4,3,1,20.0,2,1,1,1,0,0.0,0,0,0,0,20,1,malicious,esqstrosint
esqstrpushgrand,2,0,False,False,False,0,3,2,3,0.0,0,0,0,2,False,0,1,False,0,0,False,1,0,29,0.034482758620689655,4.106074654750305,5.135185083865586,1,0,0,0,0,1,0,2,0,0,1,1,0,0,0,2,0,0,3,3,3,0.0,0,0,0,0,0,0.0,0,0,0,0,0,1,malicious,esqstrpushgrand
esqstrstudy,2,1,False,True,False,1,2,0,2,0.03333333333333333,0,0,0,0,False,0,0,False,0,0,False,1,0,30,0.03333333333333333,3.493134160812588,4.021928094887363,0,0,0,0,0,0,0,0,0,0,1,0,0,0,0,1,0,0,2,2,1,0.0,0,0,0,0,0,0.0,0,0,0,0,0,1,malicious,esqstrstudy
esqstudyint,2,1,True,False,False,1,2,0,2,0.03125,0,0,0,0,False,0,0,False,0,0,False,2,1,32,0.0625,3.180084471328537,3.7264741182543757,0,0,0,0,0,0,0,0,0,0,0,0,0,0,0,0,0,0,2,2,2,0.0,0,0,1,1,0,0.0,0,0,0,0,0,1,malicious,esqstudyint
esqstudyrepull,3,1,True,False,False,1,4,0,3,0.027777777777777776,0,3,0,0,False,0,0,False,0,0,False,2,0,36,0.05555555555555555,3.5503389453818097,3.9873261452560076,0,0,0,0,0,0,0,0,0,1,0,0,0,0,0,0,0,1,4,3,1,20.0,2,1,1,1,0,0.0,0,0,0,0,20,1,malicious,esqstudyrepull
esqsupergame,2,1,False,True,False,1,2,0,2,0.03333333333333333,0,0,0,0,False,0,0,False,0,0,False,1,0,30,0.03333333333333333,3.537310228875529,4.021928094887363,0,0,0,0,0,0,0,0,0,0,1,0,0,0,0,1,0,0,2,2,1,0.0,0,0,0,0,0,0.0,0,0,0,0,0,1,malicious,esqsupergame
esqsuperosintpost,2,1,True,False,False,1,2,0,2,0.03125,0,0,0,0,False,0,0,False,0,0,False,2,1,32,0.0625,3.1927072502438296,3.7264741182543757,0,0,0,0,0,0,0,0,0,0,0,0,0,0,0,0,0,0,2,2,2,0.0,0,0,1,1,0,0.0,0,0,0,0,0,1,malicious,esqsuperosintpost
esqtoolinfoultra,2,1,True,False,False,1,2,0,2,0.03125,0,0,0,0,False,0,0,False,0,0,False,2,1,32,0.0625,3.269340540356999,3.7264741182543757,0,0,0,0,0,0,0,0,0,0,0,0,0,0,0,0,0,0,2,2,2,0.0,0,0,1,1,0,0.0,0,0,0,0,0,1,malicious,esqtoolinfoultra
esqtoolrand,2,1,True,False,False,1,2,0,2,0.03125,0,0,0,0,False,0,0,False,0,0,False,2,1,32,0.0625,3.225539016783082,3.7264741182543757,0,0,0,0,0,0,0,0,0,0,0,0,0,0,0,0,0,0,2,2,2,0.0,0,0,1,1,0,0.0,0,0,0,0,0,1,malicious,esqtoolrand
esqultraosintlgtb,2,0,False,False,False,0,3,2,3,0.0,0,0,0,2,False,0,1,False,0,0,False,1,0,29,0.034482758620689655,4.144709553630032,5.135185083865586,1,0,0,0,0,1,0,2,0,0,1,1,0,0,0,2,0,0,3,3,3,0.0,0,0,0,0,0,0.0,0,0,0,0,0,1,malicious,esqultraosintlgtb
esqultraultrapong,2,0,False,False,False,1,4,0,4,0.03225806451612903,0,0,0,0,False,0,0,False,0,0,False,2,1,31,0.06451612903225806,3.6128508326935345,3.7264741182543757,0,0,0,0,0,0,0,0,0,0,0,0,0,0,0,0,0,0,4,4,2,0.0,0,0,1,1,1,0.4,0,0,0,0,20,1,malicious,esqultraultrapong
esqurlencodead,2,2,False,True,True,1,1,0,1,0.03333333333333333,0,1,0,0,False,0,0,False,0,0,False,1,0,30,0.03333333333333333,3.5256685379358665,3.7264741182543757,0,0,0,0,0,0,0,0,0,0,0,1,0,0,0,0,0,0,1,1,1,0.0,0,0,0,0,0,0.0,0,0,0,0,0,1,malicious,esqurlencodead
esqurlintel,2,1,False,True,False,1,2,0,2,0.03333333333333333,0,0,0,0,False,0,0,False,0,0,False,1,0,30,0.03333333333333333,3.5557452404072123,4.021928094887363,0,0,0,0,0,0,0,0,0,0,1,0,0,0,0,1,0,0,2,2,1,0.0,0,0,0,0,0,0.0,0,0,0,0,0,1,malicious,esqurlintel
esqvergamepy,2,0,False,False,False,1,4,0,4,0.03225806451612903,0,0,0,0,False,0,0,False,0,0,False,2,1,31,0.06451612903225806,3.457597996897621,3.7264741182543757,0,0,0,0,0,0,0,0,0,0,0,0,0,0,0,0,0,0,4,4,2,0.0,0,0,1,1,1,0.4,0,0,0,0,20,1,malicious,esqvergamepy
esqverpyosint,2,2,False,True,True,1,1,0,1,0.03333333333333333,0,1,0,0,False,0,0,False,0,0,False,1,0,30,0.03333333333333333,3.5596107643515804,3.7264741182543757,0,0,0,0,0,0,0,0,0,0,0,1,0,0,0,0,0,0,1,1,1,0.0,0,0,0,0,0,0.0,0,0,0,0,0,1,malicious,esqverpyosint
esqvirtualedhacked,2,0,False,False,False,1,4,0,4,0.03225806451612903,0,0,0,0,False,0,0,False,0,0,False,2,1,31,0.06451612903225806,3.705008240343803,3.7264741182543757,0,0,0,0,0,0,0,0,0,0,0,0,0,0,0,0,0,0,4,4,2,0.0,0,0,1,1,1,0.4,0,0,0,0,20,1,malicious,esqvirtualedhacked
esqvisakill,2,1,False,True,False,1,2,0,2,0.03333333333333333,0,0,0,0,False,0,0,False,0,0,False,1,0,30,0.03333333333333333,3.510290694952667,4.021928094887363,0,0,0,0,0,0,0,0,0,0,1,0,0,0,0,1,0,0,2,2,1,0.0,0,0,0,0,0,0.0,0,0,0,0,0,1,malicious,esqvisakill
esqvisapullre,2,1,False,True,False,1,2,0,2,0.03333333333333333,0,0,0,0,False,0,0,False,0,0,False,1,0,30,0.03333333333333333,3.5915217408076363,4.021928094887363,0,0,0,0,0,0,0,0,0,0,1,0,0,0,0,1,0,0,2,2,1,0.0,0,0,0,0,0,0.0,0,0,0,0,0,1,malicious,esqvisapullre
esqvisaurlstring,3,1,True,False,False,1,4,0,3,0.027777777777777776,0,3,0,0,False,0,0,False,0,0,False,2,0,36,0.05555555555555555,3.604562240503247,3.9873261452560076,0,0,0,0,0,0,0,0,0,1,0,0,0,0,0,0,0,1,4,3,1,20.0,2,1,1,1,0,0.0,0,0,0,0,20,1,malicious,esqvisaurlstring
esqvmpep,3,1,True,False,False,1,4,0,3,0.027777777777777776,0,3,0,0,False,0,0,False,0,0,False,2,0,36,0.05555555555555555,3.6551431436327353,3.9873261452560076,0,0,0,0,0,0,0,0,0,1,0,0,0,0,0,0,0,1,4,3,1,20.0,2,1,1,1,0,0.0,0,0,0,0,20,1,malicious,esqvmpep
estimating,2,2,False,True,True,1,1,0,1,0.03333333333333333,0,1,0,0,False,0,0,False,0,0,False,1,0,30,0.03333333333333333,3.324201106570869,3.7264741182543757,0,0,0,0,0,0,0,0,0,0,0,1,0,0,0,0,0,0,1,1,1,0.0,0,0,0,0,0,0.0,0,0,0,0,0,1,malicious,estimating
etherapi,3,1,True,False,False,1,4,0,3,0.027777777777777776,0,3,0,0,False,0,0,False,0,0,False,2,0,36,0.05555555555555555,3.6551431436327353,3.9873261452560076,0,0,0,0,0,0,0,0,0,1,0,0,0,0,0,0,0,1,4,3,1,20.0,2,1,1,1,0,0.0,0,0,0,0,20,1,malicious,etherapi
etherweb3,2,2,False,True,True,1,1,0,1,0.03333333333333333,0,1,0,0,False,0,0,False,0,0,False,1,0,30,0.03333333333333333,3.7264741182543757,3.7264741182543757,0,0,0,0,0,0,0,0,0,0,0,1,0,0,0,0,0,0,1,1,1,0.0,0,0,0,0,0,0.0,0,0,0,0,0,1,malicious,etherweb3
ethter,2,2,False,True,True,1,1,0,1,0.03333333333333333,0,1,0,0,False,0,0,False,0,0,False,1,0,30,0.03333333333333333,3.7264741182543757,3.7264741182543757,0,0,0,0,0,0,0,0,0,0,0,1,0,0,0,0,0,0,1,1,1,0.0,0,0,0,0,0,0.0,0,0,0,0,0,1,malicious,ethter
etlisalat,2,2,False,True,True,1,1,0,1,0.03333333333333333,0,1,0,0,False,0,0,False,0,0,False,1,0,30,0.03333333333333333,3.7264741182543757,3.7264741182543757,0,0,0,0,0,0,0,0,0,0,0,1,0,0,0,0,0,0,1,1,1,0.0,0,0,0,0,0,0.0,0,0,0,0,0,1,malicious,etlisalat
etnsorflow,2,0,False,False,False,1,4,0,4,0.03225806451612903,0,0,0,0,False,0,0,False,0,0,False,2,1,31,0.06451612903225806,3.4242011065708686,3.7264741182543757,0,0,0,0,0,0,0,0,0,0,0,0,0,0,0,0,0,0,4,4,2,0.0,0,0,1,1,1,0.4,0,0,0,0,20,1,malicious,etnsorflow
etuptool,2,0,False,False,False,1,4,0,4,0.03225806451612903,0,0,0,0,False,0,0,False,0,0,False,2,1,31,0.06451612903225806,3.7264741182543757,3.7264741182543757,0,0,0,0,0,0,0,0,0,0,0,0,0,0,0,0,0,0,4,4,2,0.0,0,0,1,1,1,0.4,0,0,0,0,20,1,malicious,etuptool
etuptools,2,0,False,False,False,1,4,0,4,0.03225806451612903,0,0,0,0,False,0,0,False,0,0,False,2,1,31,0.06451612903225806,3.7264741182543757,3.7264741182543757,0,0,0,0,0,0,0,0,0,0,0,0,0,0,0,0,0,0,4,4,2,0.0,0,0,1,1,1,0.4,0,0,0,0,20,1,malicious,etuptools
ewbsocket-client,2,1,False,True,False,1,2,0,2,0.03333333333333333,0,0,0,0,False,0,0,False,0,0,False,1,0,30,0.03333333333333333,3.6450013094356746,4.021928094887363,0,0,0,0,0,0,0,0,0,0,1,0,0,0,0,1,0,0,2,2,1,0.0,0,0,0,0,0,0.0,0,0,0,0,0,1,malicious,ewbsocket-client
ezbeamer,2,2,False,True,True,1,1,0,1,0.03333333333333333,0,1,0,0,False,0,0,False,0,0,False,1,0,30,0.03333333333333333,3.7264741182543757,3.7264741182543757,0,0,0,0,0,0,0,0,0,0,0,1,0,0,0,0,0,0,1,1,1,0.0,0,0,0,0,0,0.0,0,0,0,0,0,1,malicious,ezbeamer
ezbeamsw,2,1,True,False,False,1,2,0,2,0.03125,0,0,0,0,False,0,0,False,0,0,False,2,1,32,0.0625,3.2081808767710718,3.7264741182543757,0,0,0,0,0,0,0,0,0,0,0,0,0,0,0,0,0,0,2,2,2,0.0,0,0,1,1,0,0.0,0,0,0,0,0,1,malicious,ezbeamsw
fake-cash-app-money-generator-2022,3,1,True,False,False,1,4,0,3,0.027777777777777776,0,3,0,0,False,0,0,False,0,0,False,2,0,36,0.05555555555555555,3.716425068209193,3.9873261452560076,0,0,0,0,0,0,0,0,0,1,0,0,0,0,0,0,0,1,4,3,1,20.0,2,1,1,1,0,0.0,0,0,0,0,20,1,malicious,fake-cash-app-money-generator-2022
faker-python,2,0,False,False,False,0,3,2,3,0.0,0,0,0,2,False,0,1,False,0,0,False,1,0,29,0.034482758620689655,4.148873900947039,5.135185083865586,1,0,0,0,0,1,0,2,0,0,1,1,0,0,0,2,0,0,3,3,3,0.0,0,0,0,0,0,0.0,0,0,0,0,0,1,malicious,faker-python
fakessh,2,1,True,False,False,1,2,0,2,0.03125,0,0,0,0,False,0,0,False,0,0,False,2,1,32,0.0625,3.2081808767710718,3.7264741182543757,0,0,0,0,0,0,0,0,0,0,0,0,0,0,0,0,0,0,2,2,2,0.0,0,0,1,1,0,0.0,0,0,0,0,0,1,malicious,fakessh
falsk,2,0,False,False,False,1,4,0,4,0.03225806451612903,0,0,0,0,False,0,0,False,0,0,False,2,1,31,0.06451612903225806,3.7264741182543757,3.7264741182543757,0,0,0,0,0,0,0,0,0,0,0,0,0,0,0,0,0,0,4,4,2,0.0,0,0,1,1,1,0.4,0,0,0,0,20,1,malicious,falsk
fantastic-ascii,2,0,False,False,False,1,3,0,3,0.03125,0,0,0,0,False,0,0,False,0,0,False,1,0,32,0.03125,3.135131476299451,3.7264741182543757,0,0,0,0,0,0,0,0,0,0,0,0,0,0,0,0,0,0,3,3,2,0.0,0,0,0,0,1,0.4,0,0,0,0,20,1,malicious,fantastic-ascii
faq,2,0,False,False,False,1,4,0,4,0.03225806451612903,0,0,0,0,False,0,0,False,0,0,False,2,1,31,0.06451612903225806,3.7264741182543757,3.7264741182543757,0,0,0,0,0,0,0,0,0,0,0,0,0,0,0,0,0,0,4,4,2,0.0,0,0,1,1,1,0.4,0,0,0,0,20,1,malicious,faq
fasdghjkhjafsd,3,1,True,False,False,1,4,0,3,0.027777777777777776,0,3,0,0,False,0,0,False,0,0,False,2,0,36,0.05555555555555555,3.478910373953238,3.9873261452560076,0,0,0,0,0,0,0,0,0,1,0,0,0,0,0,0,0,1,4,3,1,20.0,2,1,1,1,0,0.0,0,0,0,0,20,1,malicious,fasdghjkhjafsd
fast-httpx,2,2,False,True,True,1,1,0,1,0.03333333333333333,0,1,0,0,False,0,0,False,0,0,False,1,0,30,0.03333333333333333,3.2864567314626956,3.7264741182543757,0,0,0,0,0,0,0,0,0,0,0,1,0,0,0,0,0,0,1,1,1,0.0,0,0,0,0,0,0.0,0,0,0,0,0,1,malicious,fast-httpx
fastpep8,2,2,False,True,True,1,1,0,1,0.03333333333333333,0,1,0,0,False,0,0,False,0,0,False,1,0,30,0.03333333333333333,3.7264741182543757,3.7264741182543757,0,0,0,0,0,0,0,0,0,0,0,1,0,0,0,0,0,0,1,1,1,0.0,0,0,0,0,0,0.0,0,0,0,0,0,1,malicious,fastpep8
fatnoob,2,1,False,True,False,1,2,0,2,0.03333333333333333,0,0,0,0,False,0,0,False,0,0,False,1,0,30,0.03333333333333333,3.709061902209305,4.021928094887363,0,0,0,0,0,0,0,0,0,0,1,0,0,0,0,1,0,0,2,2,1,0.0,0,0,0,0,0,0.0,0,0,0,0,0,1,malicious,fatnoob
fdkit,2,0,False,False,False,1,3,0,3,0.03125,0,0,0,0,False,0,0,False,0,0,False,1,0,32,0.03125,3.222540103292582,3.7264741182543757,0,0,0,0,0,0,0,0,0,0,0,0,0,0,0,0,0,0,3,3,2,0.0,0,0,0,0,1,0.4,0,0,0,0,20,1,malicious,fdkit
fdsfsdfsdfgsdg,2,1,False,True,False,1,2,0,2,0.03333333333333333,0,0,0,0,False,0,0,False,0,0,False,1,0,30,0.03333333333333333,3.2693494428856655,4.021928094887363,0,0,0,0,0,0,0,0,0,0,1,0,0,0,0,1,0,0,2,2,1,0.0,0,0,0,0,0,0.0,0,0,0,0,0,1,malicious,fdsfsdfsdfgsdg
felpesviadinho,3,1,True,False,False,1,4,0,3,0.027777777777777776,0,3,0,0,False,0,0,False,0,0,False,2,0,36,0.05555555555555555,3.6217675168103813,3.9873261452560076,0,0,0,0,0,0,0,0,0,1,0,0,0,0,0,0,0,1,4,3,1,20.0,2,1,1,1,0,0.0,0,0,0,0,20,1,malicious,felpesviadinho
feqtrade,3,1,True,False,False,1,4,0,3,0.027777777777777776,0,3,0,0,False,0,0,False,0,0,False,2,0,36,0.05555555555555555,3.6551431436327353,3.9873261452560076,0,0,0,0,0,0,0,0,0,1,0,0,0,0,0,0,0,1,4,3,1,20.0,2,1,1,1,0,0.0,0,0,0,0,20,1,malicious,feqtrade
fequests,3,1,True,False,False,1,4,0,3,0.027777777777777776,0,3,0,0,False,0,0,False,0,0,False,2,0,36,0.05555555555555555,3.6551431436327353,3.9873261452560076,0,0,0,0,0,0,0,0,0,1,0,0,0,0,0,0,0,1,4,3,1,20.0,2,1,1,1,0,0.0,0,0,0,0,20,1,malicious,fequests
ferqtrade,2,2,False,True,True,1,1,0,1,0.03333333333333333,0,1,0,0,False,0,0,False,0,0,False,1,0,30,0.03333333333333333,3.7264741182543757,3.7264741182543757,0,0,0,0,0,0,0,0,0,0,0,1,0,0,0,0,0,0,1,1,1,0.0,0,0,0,0,0,0.0,0,0,0,0,0,1,malicious,ferqtrade
feur,2,2,False,True,True,1,1,0,1,0.03333333333333333,0,1,0,0,False,0,0,False,0,0,False,1,0,30,0.03333333333333333,3.7264741182543757,3.7264741182543757,0,0,0,0,0,0,0,0,0,0,0,1,0,0,0,0,0,0,1,1,1,0.0,0,0,0,0,0,0.0,0,0,0,0,0,1,malicious,feur
ffmpge,2,0,False,False,False,0,3,2,3,0.0,0,0,0,2,False,0,1,False,0,0,False,1,0,29,0.034482758620689655,4.4308296010599815,5.135185083865586,1,0,0,0,0,1,0,2,0,0,1,1,0,0,0,2,0,0,3,3,3,0.0,0,0,0,0,0,0.0,0,0,0,0,0,1,malicious,ffmpge
ffreqtrade,2,0,False,False,False,0,3,2,3,0.0,0,0,0,2,False,0,1,False,0,0,False,1,0,29,0.034482758620689655,3.8611957656691076,5.135185083865586,1,0,0,0,0,1,0,2,0,0,1,1,0,0,0,2,0,0,3,3,3,0.0,0,0,0,0,0,0.0,0,0,0,0,0,1,malicious,ffreqtrade
fifam5tl,2,1,False,True,False,1,2,0,2,0.03333333333333333,0,0,0,0,False,0,0,False,0,0,False,1,0,30,0.03333333333333333,3.709061902209305,4.021928094887363,0,0,0,0,0,0,0,0,0,0,1,0,0,0,0,1,0,0,2,2,1,0.0,0,0,0,0,0,0.0,0,0,0,0,0,1,malicious,fifam5tl
fijiwashere12323,2,1,True,False,False,1,2,0,2,0.03125,0,0,0,0,False,0,0,False,0,0,False,2,1,32,0.0625,3.2811356575783037,3.7264741182543757,0,0,0,0,0,0,0,0,0,0,0,0,0,0,0,0,0,0,2,2,2,0.0,0,0,1,1,0,0.0,0,0,0,0,0,1,malicious,fijiwashere12323
final-osint,2,0,False,False,False,1,3,0,3,0.03125,0,0,0,0,False,0,0,False,0,0,False,1,0,32,0.03125,3.1908538912196702,3.7264741182543757,0,0,0,0,0,0,0,0,0,0,0,0,0,0,0,0,0,0,3,3,2,0.0,0,0,0,0,1,0.4,0,0,0,0,20,1,malicious,final-osint
firefoxupdate,2,0,False,False,False,1,4,0,4,0.03225806451612903,0,0,0,0,False,0,0,False,0,0,False,2,1,31,0.06451612903225806,3.5596107643515804,3.7264741182543757,0,0,0,0,0,0,0,0,0,0,0,0,0,0,0,0,0,0,4,4,2,0.0,0,0,1,1,1,0.4,0,0,0,0,20,1,malicious,firefoxupdate
firstbasicpyapp,2,1,True,False,False,1,2,0,2,0.03125,0,0,0,0,False,0,0,False,0,0,False,2,1,32,0.0625,3.2036101814443754,3.7264741182543757,0,0,0,0,0,0,0,0,0,0,0,0,0,0,0,0,0,0,2,2,2,0.0,0,0,1,1,0,0.0,0,0,0,0,0,1,malicious,firstbasicpyapp
flak7,2,1,True,False,False,1,2,0,2,0.03125,0,0,0,0,False,0,0,False,0,0,False,2,1,32,0.0625,3.2081808767710718,3.7264741182543757,0,0,0,0,0,0,0,0,0,0,0,0,0,0,0,0,0,0,2,2,2,0.0,0,0,1,1,0,0.0,0,0,0,0,0,1,malicious,flak7
flak8,2,1,True,False,False,1,2,0,2,0.03125,0,0,0,0,False,0,0,False,0,0,False,2,1,32,0.0625,3.2081808767710718,3.7264741182543757,0,0,0,0,0,0,0,0,0,0,0,0,0,0,0,0,0,0,2,2,2,0.0,0,0,1,1,0,0.0,0,0,0,0,0,1,malicious,flak8
flake7,2,1,False,True,False,1,2,0,2,0.03333333333333333,0,0,0,0,False,0,0,False,0,0,False,1,0,30,0.03333333333333333,3.709061902209305,4.021928094887363,0,0,0,0,0,0,0,0,0,0,1,0,0,0,0,1,0,0,2,2,1,0.0,0,0,0,0,0,0.0,0,0,0,0,0,1,malicious,flake7
flask-requests-complex,3,1,True,False,False,1,4,0,3,0.027777777777777776,0,3,0,0,False,0,0,False,0,0,False,2,0,36,0.05555555555555555,3.70269509188016,3.9873261452560076,0,0,0,0,0,0,0,0,0,1,0,0,0,0,0,0,0,1,4,3,1,20.0,2,1,1,1,0,0.0,0,0,0,0,20,1,malicious,flask-requests-complex
flask-tdg-cyber,2,1,False,True,False,1,2,0,2,0.03333333333333333,0,0,0,0,False,0,0,False,0,0,False,1,0,30,0.03333333333333333,3.725185742225775,4.021928094887363,0,0,0,0,0,0,0,0,0,0,1,0,0,0,0,1,0,0,2,2,1,0.0,0,0,0,0,0,0.0,0,0,0,0,0,1,malicious,flask-tdg-cyber
flatfox-api-python,2,1,False,True,False,1,2,0,2,0.03333333333333333,0,0,0,0,False,0,0,False,0,0,False,1,0,30,0.03333333333333333,3.65761101035089,4.021928094887363,0,0,0,0,0,0,0,0,0,0,1,0,0,0,0,1,0,0,2,2,1,0.0,0,0,0,0,0,0.0,0,0,0,0,0,1,malicious,flatfox-api-python
flatfox-api,2,0,False,False,False,1,4,0,4,0.03225806451612903,0,0,0,0,False,0,0,False,0,0,False,2,1,31,0.06451612903225806,3.411134686627655,3.7264741182543757,0,0,0,0,0,0,0,0,0,0,0,0,0,0,0,0,0,0,4,4,2,0.0,0,0,1,1,1,0.4,0,0,0,0,20,1,malicious,flatfox-api
fluiddaddy,2,0,False,False,False,1,3,0,3,0.03125,0,0,0,0,False,0,0,False,0,0,False,1,0,32,0.03125,3.047387101191277,3.7264741182543757,0,0,0,0,0,0,0,0,0,0,0,0,0,0,0,0,0,0,3,3,2,0.0,0,0,0,0,1,0.4,0,0,0,0,20,1,malicious,fluiddaddy
fncache,2,1,True,False,False,1,2,0,2,0.03125,0,0,0,0,False,0,0,False,0,0,False,2,1,32,0.0625,3.2081808767710718,3.7264741182543757,0,0,0,0,0,0,0,0,0,0,0,0,0,0,0,0,0,0,2,2,2,0.0,0,0,1,1,0,0.0,0,0,0,0,0,1,malicious,fncache
foundry-jupyter-extension,2,0,False,False,False,1,4,0,4,0.03225806451612903,0,0,0,0,False,0,0,False,0,0,False,2,1,31,0.06451612903225806,3.754969653928011,3.783465189601646,0,0,0,0,0,0,0,0,0,0,0,0,0,0,0,0,0,0,4,4,2,0.0,0,0,1,1,1,0.4,0,0,0,0,20,1,malicious,foundry-jupyter-extension
fpsboost,2,0,False,False,False,1,3,0,3,0.03125,0,0,0,0,False,0,0,False,0,0,False,1,0,32,0.03125,3.222540103292582,3.7264741182543757,0,0,0,0,0,0,0,0,0,0,0,0,0,0,0,0,0,0,3,3,2,0.0,0,0,0,0,1,0.4,0,0,0,0,20,1,malicious,fpsboost
free-net-vpn,2,1,True,False,False,1,2,0,2,0.03125,0,0,0,0,False,0,0,False,0,0,False,2,1,32,0.0625,3.1199827931301867,3.7264741182543757,0,0,0,0,0,0,0,0,0,0,0,0,0,0,0,0,0,0,2,2,2,0.0,0,0,1,1,0,0.0,0,0,0,0,0,1,malicious,free-net-vpn
free-net-vpn2,2,1,False,True,False,1,2,0,2,0.03333333333333333,0,0,0,0,False,0,0,False,0,0,False,1,0,30,0.03333333333333333,3.5385431349968006,4.021928094887363,0,0,0,0,0,0,0,0,0,0,1,0,0,0,0,1,0,0,2,2,1,0.0,0,0,0,0,0,0.0,0,0,0,0,0,1,malicious,free-net-vpn2
free-onlyfans-no-subscription-premium-hack,2,1,False,True,False,1,2,0,2,0.03333333333333333,0,0,0,0,False,0,0,False,0,0,False,1,0,30,0.03333333333333333,3.8002086514870608,4.073648899320328,0,0,0,0,0,0,0,0,0,0,1,0,0,0,0,1,0,0,2,2,1,0.0,0,0,0,0,0,0.0,0,0,0,0,0,1,malicious,free-onlyfans-no-subscription-premium-hack
free-requests-module,3,1,True,False,False,1,4,0,3,0.027777777777777776,0,3,0,0,False,0,0,False,0,0,False,2,0,36,0.05555555555555555,3.576718875515932,3.9873261452560076,0,0,0,0,0,0,0,0,0,1,0,0,0,0,0,0,0,1,4,3,1,20.0,2,1,1,1,0,0.0,0,0,0,0,20,1,malicious,free-requests-module
freeqtrade,2,0,False,False,False,1,4,0,4,0.03225806451612903,0,0,0,0,False,0,0,False,0,0,False,2,1,31,0.06451612903225806,3.1864567314626955,3.7264741182543757,0,0,0,0,0,0,0,0,0,0,0,0,0,0,0,0,0,0,4,4,2,0.0,0,0,1,1,1,0.4,0,0,0,0,20,1,malicious,freeqtrade
freqqtrade,2,1,True,False,False,1,2,0,2,0.03125,0,0,0,0,False,0,0,False,0,0,False,2,1,32,0.0625,3.086617681300144,3.7264741182543757,0,0,0,0,0,0,0,0,0,0,0,0,0,0,0,0,0,0,2,2,2,0.0,0,0,1,1,0,0.0,0,0,0,0,0,1,malicious,freqqtrade
freqrade,2,0,False,False,False,1,4,0,4,0.03225806451612903,0,0,0,0,False,0,0,False,0,0,False,2,1,31,0.06451612903225806,3.7264741182543757,3.7264741182543757,0,0,0,0,0,0,0,0,0,0,0,0,0,0,0,0,0,0,4,4,2,0.0,0,0,1,1,1,0.4,0,0,0,0,20,1,malicious,freqrade
freqrtade,2,0,False,False,False,1,3,0,3,0.03125,0,0,0,0,False,0,0,False,0,0,False,1,0,32,0.03125,3.222540103292582,3.7264741182543757,0,0,0,0,0,0,0,0,0,0,0,0,0,0,0,0,0,0,3,3,2,0.0,0,0,0,0,1,0.4,0,0,0,0,20,1,malicious,freqrtade
freqtade,2,2,False,True,True,1,1,0,1,0.03333333333333333,0,1,0,0,False,0,0,False,0,0,False,1,0,30,0.03333333333333333,3.7264741182543757,3.7264741182543757,0,0,0,0,0,0,0,0,0,0,0,1,0,0,0,0,0,0,1,1,1,0.0,0,0,0,0,0,0.0,0,0,0,0,0,1,malicious,freqtade
freqtarde,2,0,False,False,False,0,3,2,3,0.0,0,0,0,2,False,0,1,False,0,0,False,1,0,29,0.034482758620689655,4.4308296010599815,5.135185083865586,1,0,0,0,0,1,0,2,0,0,1,1,0,0,0,2,0,0,3,3,3,0.0,0,0,0,0,0,0.0,0,0,0,0,0,1,malicious,freqtarde
freqtraade,2,0,False,False,False,1,3,0,3,0.03125,0,0,0,0,False,0,0,False,0,0,False,1,0,32,0.03125,3.0973871011912775,3.7264741182543757,0,0,0,0,0,0,0,0,0,0,0,0,0,0,0,0,0,0,3,3,2,0.0,0,0,0,0,1,0.4,0,0,0,0,20,1,malicious,freqtraade
freqtrad,2,1,False,True,False,1,2,0,2,0.03333333333333333,0,0,0,0,False,0,0,False,0,0,False,1,0,30,0.03333333333333333,3.709061902209305,4.021928094887363,0,0,0,0,0,0,0,0,0,0,1,0,0,0,0,1,0,0,2,2,1,0.0,0,0,0,0,0,0.0,0,0,0,0,0,1,malicious,freqtrad
freqtradde,3,1,True,False,False,1,4,0,3,0.027777777777777776,0,3,0,0,False,0,0,False,0,0,False,2,0,36,0.05555555555555555,3.421839381446392,3.9873261452560076,0,0,0,0,0,0,0,0,0,1,0,0,0,0,0,0,0,1,4,3,1,20.0,2,1,1,1,0,0.0,0,0,0,0,20,1,malicious,freqtradde
freqtradee,2,1,False,True,False,1,2,0,2,0.03333333333333333,0,0,0,0,False,0,0,False,0,0,False,1,0,30,0.03333333333333333,3.4434062628247326,4.021928094887363,0,0,0,0,0,0,0,0,0,0,1,0,0,0,0,1,0,0,2,2,1,0.0,0,0,0,0,0,0.0,0,0,0,0,0,1,malicious,freqtradee
freqtrae,2,0,False,False,False,1,3,0,3,0.03125,0,0,0,0,False,0,0,False,0,0,False,1,0,32,0.03125,3.222540103292582,3.7264741182543757,0,0,0,0,0,0,0,0,0,0,0,0,0,0,0,0,0,0,3,3,2,0.0,0,0,0,0,1,0.4,0,0,0,0,20,1,malicious,freqtrae
freqtraed,3,1,True,False,False,1,4,0,3,0.027777777777777776,0,3,0,0,False,0,0,False,0,0,False,2,0,36,0.05555555555555555,3.6551431436327353,3.9873261452560076,0,0,0,0,0,0,0,0,0,1,0,0,0,0,0,0,0,1,4,3,1,20.0,2,1,1,1,0,0.0,0,0,0,0,20,1,malicious,freqtraed
freqtrdae,2,0,False,False,False,0,3,2,3,0.0,0,0,0,2,False,0,1,False,0,0,False,1,0,29,0.034482758620689655,4.4308296010599815,5.135185083865586,1,0,0,0,0,1,0,2,0,0,1,1,0,0,0,2,0,0,3,3,3,0.0,0,0,0,0,0,0.0,0,0,0,0,0,1,malicious,freqtrdae
freqtrde,2,0,False,False,False,0,3,2,3,0.0,0,0,0,2,False,0,1,False,0,0,False,1,0,29,0.034482758620689655,4.4308296010599815,5.135185083865586,1,0,0,0,0,1,0,2,0,0,1,1,0,0,0,2,0,0,3,3,3,0.0,0,0,0,0,0,0.0,0,0,0,0,0,1,malicious,freqtrde
freqtrrade,2,0,False,False,False,1,4,0,4,0.03225806451612903,0,0,0,0,False,0,0,False,0,0,False,2,1,31,0.06451612903225806,3.1864567314626955,3.7264741182543757,0,0,0,0,0,0,0,0,0,0,0,0,0,0,0,0,0,0,4,4,2,0.0,0,0,1,1,1,0.4,0,0,0,0,20,1,malicious,freqtrrade
freqttrade,2,0,False,False,False,1,3,0,3,0.03125,0,0,0,0,False,0,0,False,0,0,False,1,0,32,0.03125,3.097387101191277,3.7264741182543757,0,0,0,0,0,0,0,0,0,0,0,0,0,0,0,0,0,0,3,3,2,0.0,0,0,0,0,1,0.4,0,0,0,0,20,1,malicious,freqttrade
fretqrade,2,0,False,False,False,0,3,2,3,0.0,0,0,0,2,False,0,1,False,0,0,False,1,0,29,0.034482758620689655,4.4308296010599815,5.135185083865586,1,0,0,0,0,1,0,2,0,0,1,1,0,0,0,2,0,0,3,3,3,0.0,0,0,0,0,0,0.0,0,0,0,0,0,1,malicious,fretqrade
fretrade,2,1,False,True,False,1,2,0,2,0.03333333333333333,0,0,0,0,False,0,0,False,0,0,False,1,0,30,0.03333333333333333,3.709061902209305,4.021928094887363,0,0,0,0,0,0,0,0,0,0,1,0,0,0,0,1,0,0,2,2,1,0.0,0,0,0,0,0,0.0,0,0,0,0,0,1,malicious,fretrade
frqetrade,2,1,False,True,False,1,2,0,2,0.03333333333333333,0,0,0,0,False,0,0,False,0,0,False,1,0,30,0.03333333333333333,3.709061902209305,4.021928094887363,0,0,0,0,0,0,0,0,0,0,1,0,0,0,0,1,0,0,2,2,1,0.0,0,0,0,0,0,0.0,0,0,0,0,0,1,malicious,frqetrade
frqtrade,2,0,False,False,False,1,3,0,3,0.03125,0,0,0,0,False,0,0,False,0,0,False,1,0,32,0.03125,3.222540103292582,3.7264741182543757,0,0,0,0,0,0,0,0,0,0,0,0,0,0,0,0,0,0,3,3,2,0.0,0,0,0,0,1,0.4,0,0,0,0,20,1,malicious,frqtrade
frreqtrade,2,2,False,True,True,1,1,0,1,0.03333333333333333,0,1,0,0,False,0,0,False,0,0,False,1,0,30,0.03333333333333333,3.1864567314626955,3.7264741182543757,0,0,0,0,0,0,0,0,0,0,0,1,0,0,0,0,0,0,1,1,1,0.0,0,0,0,0,0,0.0,0,0,0,0,0,1,malicious,frreqtrade
fshec2,2,0,False,False,False,0,3,2,3,0.0,0,0,0,2,False,0,1,False,0,0,False,1,0,29,0.034482758620689655,4.4308296010599815,5.135185083865586,1,0,0,0,0,1,0,2,0,0,1,1,0,0,0,2,0,0,3,3,3,0.0,0,0,0,0,0,0.0,0,0,0,0,0,1,malicious,fshec2
fuckingnuker,2,1,False,True,False,1,2,0,2,0.03333333333333333,0,0,0,0,False,0,0,False,0,0,False,1,0,30,0.03333333333333333,3.553037051837268,4.021928094887363,0,0,0,0,0,0,0,0,0,0,1,0,0,0,0,1,0,0,2,2,1,0.0,0,0,0,0,0,0.0,0,0,0,0,0,1,malicious,fuckingnuker
fucknukeer,2,0,False,False,False,1,4,0,4,0.03225806451612903,0,0,0,0,False,0,0,False,0,0,False,2,1,31,0.06451612903225806,3.2242011065708693,3.7264741182543757,0,0,0,0,0,0,0,0,0,0,0,0,0,0,0,0,0,0,4,4,2,0.0,0,0,1,1,1,0.4,0,0,0,0,20,1,malicious,fucknukeer
fucknuker,2,2,False,True,True,1,1,0,1,0.03333333333333333,0,1,0,0,False,0,0,False,0,0,False,1,0,30,0.03333333333333333,3.7264741182543757,3.7264741182543757,0,0,0,0,0,0,0,0,0,0,0,1,0,0,0,0,0,0,1,1,1,0.0,0,0,0,0,0,0.0,0,0,0,0,0,1,malicious,fucknuker
fucknukerbro,3,1,True,False,False,1,4,0,3,0.027777777777777776,0,3,0,0,False,0,0,False,0,0,False,2,0,36,0.05555555555555555,3.5125979829048406,3.9873261452560076,0,0,0,0,0,0,0,0,0,1,0,0,0,0,0,0,0,1,4,3,1,20.0,2,1,1,1,0,0.0,0,0,0,0,20,1,malicious,fucknukerbro
fuckyoubitch,2,0,False,False,False,1,4,0,4,0.03225806451612903,0,0,0,0,False,0,0,False,0,0,False,2,1,31,0.06451612903225806,3.4890516428210994,3.7264741182543757,0,0,0,0,0,0,0,0,0,0,0,0,0,0,0,0,0,0,4,4,2,0.0,0,0,1,1,1,0.4,0,0,0,0,20,1,malicious,fuckyoubitch
fuzywuzy,2,0,False,False,False,0,3,2,3,0.0,0,0,0,2,False,0,1,False,0,0,False,1,0,29,0.034482758620689655,4.4308296010599815,5.135185083865586,1,0,0,0,0,1,0,2,0,0,1,1,0,0,0,2,0,0,3,3,3,0.0,0,0,0,0,0,0.0,0,0,0,0,0,1,malicious,fuzywuzy
fuzywuzzy,3,1,True,False,False,1,4,0,3,0.027777777777777776,0,3,0,0,False,0,0,False,0,0,False,2,0,36,0.05555555555555555,3.6551431436327353,3.9873261452560076,0,0,0,0,0,0,0,0,0,1,0,0,0,0,0,0,0,1,4,3,1,20.0,2,1,1,1,0,0.0,0,0,0,0,20,1,malicious,fuzywuzzy
fuzzywuzy,2,1,False,True,False,1,2,0,2,0.03333333333333333,0,0,0,0,False,0,0,False,0,0,False,1,0,30,0.03333333333333333,3.709061902209305,4.021928094887363,0,0,0,0,0,0,0,0,0,0,1,0,0,0,0,1,0,0,2,2,1,0.0,0,0,0,0,0,0.0,0,0,0,0,0,1,malicious,fuzzywuzy
fuzzzywuzzy,3,1,True,False,False,1,4,0,3,0.027777777777777776,0,3,0,0,False,0,0,False,0,0,False,2,0,36,0.05555555555555555,3.2514507061466755,3.9873261452560076,0,0,0,0,0,0,0,0,0,1,0,0,0,0,0,0,0,1,4,3,1,20.0,2,1,1,1,0,0.0,0,0,0,0,20,1,malicious,fuzzzywuzzy
fxzontop,2,0,False,False,False,0,3,2,3,0.0,0,0,0,2,False,0,1,False,0,0,False,1,0,29,0.034482758620689655,4.4308296010599815,5.135185083865586,1,0,0,0,0,1,0,2,0,0,1,1,0,0,0,2,0,0,3,3,3,0.0,0,0,0,0,0,0.0,0,0,0,0,0,1,malicious,fxzontop
fyinance,2,0,False,False,False,1,4,0,4,0.03225806451612903,0,0,0,0,False,0,0,False,0,0,False,2,1,31,0.06451612903225806,3.7264741182543757,3.7264741182543757,0,0,0,0,0,0,0,0,0,0,0,0,0,0,0,0,0,0,4,4,2,0.0,0,0,1,1,1,0.4,0,0,0,0,20,1,malicious,fyinance
gameintel,2,0,False,False,False,0,3,2,3,0.0,0,0,0,2,False,0,1,False,0,0,False,1,0,29,0.034482758620689655,4.4308296010599815,5.135185083865586,1,0,0,0,0,1,0,2,0,0,1,1,0,0,0,2,0,0,3,3,3,0.0,0,0,0,0,0,0.0,0,0,0,0,0,1,malicious,gameintel
generaldelta,3,1,True,False,False,1,4,0,3,0.027777777777777776,0,3,0,0,False,0,0,False,0,0,False,2,0,36,0.05555555555555555,3.455204493276435,3.9873261452560076,0,0,0,0,0,0,0,0,0,1,0,0,0,0,0,0,0,1,4,3,1,20.0,2,1,1,1,0,0.0,0,0,0,0,20,1,malicious,generaldelta
genesisbot,2,0,False,False,False,1,4,0,4,0.03225806451612903,0,0,0,0,False,0,0,False,0,0,False,2,1,31,0.06451612903225806,3.324201106570869,3.7264741182543757,0,0,0,0,0,0,0,0,0,0,0,0,0,0,0,0,0,0,4,4,2,0.0,0,0,1,1,1,0.4,0,0,0,0,20,1,malicious,genesisbot
gequests,2,1,True,False,False,1,2,0,2,0.03125,0,0,0,0,False,0,0,False,0,0,False,2,1,32,0.0625,3.2081808767710718,3.7264741182543757,0,0,0,0,0,0,0,0,0,0,0,0,0,0,0,0,0,0,2,2,2,0.0,0,0,1,1,0,0.0,0,0,0,0,0,1,malicious,gequests
gesnim,2,0,False,False,False,1,4,0,4,0.03225806451612903,0,0,0,0,False,0,0,False,0,0,False,2,1,31,0.06451612903225806,3.7264741182543757,3.7264741182543757,0,0,0,0,0,0,0,0,0,0,0,0,0,0,0,0,0,0,4,4,2,0.0,0,0,1,1,1,0.4,0,0,0,0,20,1,malicious,gesnim
getcandy,2,0,False,False,False,0,3,2,3,0.0,0,0,0,2,False,0,1,False,0,0,False,1,0,29,0.034482758620689655,4.4308296010599815,5.135185083865586,1,0,0,0,0,1,0,2,0,0,1,1,0,0,0,2,0,0,3,3,3,0.0,0,0,0,0,0,0.0,0,0,0,0,0,1,malicious,getcandy
ggitpython,2,1,False,True,False,1,2,0,2,0.03333333333333333,0,0,0,0,False,0,0,False,0,0,False,1,0,30,0.03333333333333333,3.5122784503788194,4.021928094887363,0,0,0,0,0,0,0,0,0,0,1,0,0,0,0,1,0,0,2,2,1,0.0,0,0,0,0,0,0.0,0,0,0,0,0,1,malicious,ggitpython
ggvpslmao,2,1,False,True,False,1,2,0,2,0.03333333333333333,0,0,0,0,False,0,0,False,0,0,False,1,0,30,0.03333333333333333,3.709061902209305,4.021928094887363,0,0,0,0,0,0,0,0,0,0,1,0,0,0,0,1,0,0,2,2,1,0.0,0,0,0,0,0,0.0,0,0,0,0,0,1,malicious,ggvpslmao
giitpython,2,0,False,False,False,1,3,0,3,0.03125,0,0,0,0,False,0,0,False,0,0,False,1,0,32,0.03125,3.1473871011912773,3.7264741182543757,0,0,0,0,0,0,0,0,0,0,0,0,0,0,0,0,0,0,3,3,2,0.0,0,0,0,0,1,0.4,0,0,0,0,20,1,malicious,giitpython
giptython,2,1,True,False,False,1,2,0,2,0.03125,0,0,0,0,False,0,0,False,0,0,False,2,1,32,0.0625,3.2081808767710718,3.7264741182543757,0,0,0,0,0,0,0,0,0,0,0,0,0,0,0,0,0,0,2,2,2,0.0,0,0,1,1,0,0.0,0,0,0,0,0,1,malicious,giptython
gipython,2,0,False,False,False,0,3,2,3,0.0,0,0,0,2,False,0,1,False,0,0,False,1,0,29,0.034482758620689655,4.4308296010599815,5.135185083865586,1,0,0,0,0,1,0,2,0,0,1,1,0,0,0,2,0,0,3,3,3,0.0,0,0,0,0,0,0.0,0,0,0,0,0,1,malicious,gipython
gisi,2,0,False,False,False,1,3,0,3,0.03125,0,0,0,0,False,0,0,False,0,0,False,1,0,32,0.03125,3.222540103292582,3.7264741182543757,0,0,0,0,0,0,0,0,0,0,0,0,0,0,0,0,0,0,3,3,2,0.0,0,0,0,0,1,0.4,0,0,0,0,20,1,malicious,gisi
gitppython,2,0,False,False,False,0,3,2,3,0.0,0,0,0,2,False,0,1,False,0,0,False,1,0,29,0.034482758620689655,3.927862432335775,5.135185083865586,1,0,0,0,0,1,0,2,0,0,1,1,0,0,0,2,0,0,3,3,3,0.0,0,0,0,0,0,0.0,0,0,0,0,0,1,malicious,gitppython
gitpthon,3,1,True,False,False,1,4,0,3,0.027777777777777776,0,3,0,0,False,0,0,False,0,0,False,2,0,36,0.05555555555555555,3.6551431436327353,3.9873261452560076,0,0,0,0,0,0,0,0,0,1,0,0,0,0,0,0,0,1,4,3,1,20.0,2,1,1,1,0,0.0,0,0,0,0,20,1,malicious,gitpthon
gitptyhon,2,1,True,False,False,1,2,0,2,0.03125,0,0,0,0,False,0,0,False,0,0,False,2,1,32,0.0625,3.2081808767710718,3.7264741182543757,0,0,0,0,0,0,0,0,0,0,0,0,0,0,0,0,0,0,2,2,2,0.0,0,0,1,1,0,0.0,0,0,0,0,0,1,malicious,gitptyhon
gitpyhon,3,1,True,False,False,1,4,0,3,0.027777777777777776,0,3,0,0,False,0,0,False,0,0,False,2,0,36,0.05555555555555555,3.6551431436327353,3.9873261452560076,0,0,0,0,0,0,0,0,0,1,0,0,0,0,0,0,0,1,4,3,1,20.0,2,1,1,1,0,0.0,0,0,0,0,20,1,malicious,gitpyhon
gitpyhton,2,0,False,False,False,1,3,0,3,0.03125,0,0,0,0,False,0,0,False,0,0,False,1,0,32,0.03125,3.222540103292582,3.7264741182543757,0,0,0,0,0,0,0,0,0,0,0,0,0,0,0,0,0,0,3,3,2,0.0,0,0,0,0,1,0.4,0,0,0,0,20,1,malicious,gitpyhton
gitpythhon,2,0,False,False,False,0,3,2,3,0.0,0,0,0,2,False,0,1,False,0,0,False,1,0,29,0.034482758620689655,3.927862432335775,5.135185083865586,1,0,0,0,0,1,0,2,0,0,1,1,0,0,0,2,0,0,3,3,3,0.0,0,0,0,0,0,0.0,0,0,0,0,0,1,malicious,gitpythhon
gitpythn,2,0,False,False,False,0,3,2,3,0.0,0,0,0,2,False,0,1,False,0,0,False,1,0,29,0.034482758620689655,4.4308296010599815,5.135185083865586,1,0,0,0,0,1,0,2,0,0,1,1,0,0,0,2,0,0,3,3,3,0.0,0,0,0,0,0,0.0,0,0,0,0,0,1,malicious,gitpythn
gitpythno,2,1,True,False,False,1,2,0,2,0.03125,0,0,0,0,False,0,0,False,0,0,False,2,1,32,0.0625,3.2081808767710718,3.7264741182543757,0,0,0,0,0,0,0,0,0,0,0,0,0,0,0,0,0,0,2,2,2,0.0,0,0,1,1,0,0.0,0,0,0,0,0,1,malicious,gitpythno
gitpythoon,2,0,False,False,False,1,3,0,3,0.03125,0,0,0,0,False,0,0,False,0,0,False,1,0,32,0.03125,3.1473871011912773,3.7264741182543757,0,0,0,0,0,0,0,0,0,0,0,0,0,0,0,0,0,0,3,3,2,0.0,0,0,0,0,1,0.4,0,0,0,0,20,1,malicious,gitpythoon
gitpytohn,2,1,True,False,False,1,2,0,2,0.03125,0,0,0,0,False,0,0,False,0,0,False,2,1,32,0.0625,3.2081808767710718,3.7264741182543757,0,0,0,0,0,0,0,0,0,0,0,0,0,0,0,0,0,0,2,2,2,0.0,0,0,1,1,0,0.0,0,0,0,0,0,1,malicious,gitpytohn
gitpyton,2,0,False,False,False,1,4,0,4,0.03225806451612903,0,0,0,0,False,0,0,False,0,0,False,2,1,31,0.06451612903225806,3.7264741182543757,3.7264741182543757,0,0,0,0,0,0,0,0,0,0,0,0,0,0,0,0,0,0,4,4,2,0.0,0,0,1,1,1,0.4,0,0,0,0,20,1,malicious,gitpyton
gitpyython,2,2,False,True,True,1,1,0,1,0.03333333333333333,0,1,0,0,False,0,0,False,0,0,False,1,0,30,0.03333333333333333,3.324201106570869,3.7264741182543757,0,0,0,0,0,0,0,0,0,0,0,1,0,0,0,0,0,0,1,1,1,0.0,0,0,0,0,0,0.0,0,0,0,0,0,1,malicious,gitpyython
gittpython,2,1,False,True,False,1,2,0,2,0.03333333333333333,0,0,0,0,False,0,0,False,0,0,False,1,0,30,0.03333333333333333,3.4934062628247324,4.021928094887363,0,0,0,0,0,0,0,0,0,0,1,0,0,0,0,1,0,0,2,2,1,0.0,0,0,0,0,0,0.0,0,0,0,0,0,1,malicious,gittpython
gitypthon,2,0,False,False,False,1,3,0,3,0.03125,0,0,0,0,False,0,0,False,0,0,False,1,0,32,0.03125,3.222540103292582,3.7264741182543757,0,0,0,0,0,0,0,0,0,0,0,0,0,0,0,0,0,0,3,3,2,0.0,0,0,0,0,1,0.4,0,0,0,0,20,1,malicious,gitypthon
gitython,2,0,False,False,False,1,4,0,4,0.03225806451612903,0,0,0,0,False,0,0,False,0,0,False,2,1,31,0.06451612903225806,3.7264741182543757,3.7264741182543757,0,0,0,0,0,0,0,0,0,0,0,0,0,0,0,0,0,0,4,4,2,0.0,0,0,1,1,1,0.4,0,0,0,0,20,1,malicious,gitython
gmgeoip,2,2,False,True,True,1,1,0,1,0.03333333333333333,0,1,0,0,False,0,0,False,0,0,False,1,0,30,0.03333333333333333,3.7264741182543757,3.7264741182543757,0,0,0,0,0,0,0,0,0,0,0,1,0,0,0,0,0,0,1,1,1,0.0,0,0,0,0,0,0.0,0,0,0,0,0,1,malicious,gmgeoip
go-requests,2,2,False,True,True,1,1,0,1,0.03333333333333333,0,1,0,0,False,0,0,False,0,0,False,1,0,30,0.03333333333333333,3.411134686627655,3.7264741182543757,0,0,0,0,0,0,0,0,0,0,0,1,0,0,0,0,0,0,1,1,1,0.0,0,0,0,0,0,0.0,0,0,0,0,0,1,malicious,go-requests
gramapi,2,0,False,False,False,1,4,0,4,0.03225806451612903,0,0,0,0,False,0,0,False,0,0,False,2,1,31,0.06451612903225806,3.7264741182543757,3.7264741182543757,0,0,0,0,0,0,0,0,0,0,0,0,0,0,0,0,0,0,4,4,2,0.0,0,0,1,1,1,0.4,0,0,0,0,20,1,malicious,gramapi
grandint,2,1,True,False,False,1,2,0,2,0.03125,0,0,0,0,False,0,0,False,0,0,False,2,1,32,0.0625,3.2081808767710718,3.7264741182543757,0,0,0,0,0,0,0,0,0,0,0,0,0,0,0,0,0,0,2,2,2,0.0,0,0,1,1,0,0.0,0,0,0,0,0,1,malicious,grandint
grandkill,2,1,False,True,False,1,2,0,2,0.03333333333333333,0,0,0,0,False,0,0,False,0,0,False,1,0,30,0.03333333333333333,3.709061902209305,4.021928094887363,0,0,0,0,0,0,0,0,0,0,1,0,0,0,0,1,0,0,2,2,1,0.0,0,0,0,0,0,0.0,0,0,0,0,0,1,malicious,grandkill
grandslam,2,0,False,False,False,0,3,2,3,0.0,0,0,0,2,False,0,1,False,0,0,False,1,0,29,0.034482758620689655,4.4308296010599815,5.135185083865586,1,0,0,0,0,1,0,2,0,0,1,1,0,0,0,2,0,0,3,3,3,0.0,0,0,0,0,0,0.0,0,0,0,0,0,1,malicious,grandslam
greater-than,3,1,True,False,False,1,4,0,3,0.027777777777777776,0,3,0,0,False,0,0,False,0,0,False,2,0,36,0.05555555555555555,3.4709313162381736,3.9873261452560076,0,0,0,0,0,0,0,0,0,1,0,0,0,0,0,0,0,1,4,3,1,20.0,2,1,1,1,0,0.0,0,0,0,0,20,1,malicious,greater-than
groq-mcp,2,1,False,True,False,1,2,0,2,0.03333333333333333,0,0,0,0,False,0,0,False,0,0,False,1,0,30,0.03333333333333333,3.709061902209305,4.021928094887363,0,0,0,0,0,0,0,0,0,0,1,0,0,0,0,1,0,0,2,2,1,0.0,0,0,0,0,0,0.0,0,0,0,0,0,1,malicious,groq-mcp
gtipython,2,1,True,False,False,1,2,0,2,0.03125,0,0,0,0,False,0,0,False,0,0,False,2,1,32,0.0625,3.2081808767710718,3.7264741182543757,0,0,0,0,0,0,0,0,0,0,0,0,0,0,0,0,0,0,2,2,2,0.0,0,0,1,1,0,0.0,0,0,0,0,0,1,malicious,gtipython
gtpython,2,0,False,False,False,1,3,0,3,0.03125,0,0,0,0,False,0,0,False,0,0,False,1,0,32,0.03125,3.222540103292582,3.7264741182543757,0,0,0,0,0,0,0,0,0,0,0,0,0,0,0,0,0,0,3,3,2,0.0,0,0,0,0,1,0.4,0,0,0,0,20,1,malicious,gtpython
gui-build,2,0,False,False,False,1,4,0,4,0.03225806451612903,0,0,0,0,False,0,0,False,0,0,False,2,1,31,0.06451612903225806,3.7264741182543757,3.7264741182543757,0,0,0,0,0,0,0,0,0,0,0,0,0,0,0,0,0,0,4,4,2,0.0,0,0,1,1,1,0.4,0,0,0,0,20,1,malicious,gui-build
guied,3,1,True,False,False,1,4,0,3,0.027777777777777776,0,3,0,0,False,0,0,False,0,0,False,2,0,36,0.05555555555555555,3.6551431436327353,3.9873261452560076,0,0,0,0,0,0,0,0,0,1,0,0,0,0,0,0,0,1,4,3,1,20.0,2,1,1,1,0,0.0,0,0,0,0,20,1,malicious,guied
guihacked,2,0,False,False,False,1,4,0,4,0.03225806451612903,0,0,0,0,False,0,0,False,0,0,False,2,1,31,0.06451612903225806,3.7264741182543757,3.7264741182543757,0,0,0,0,0,0,0,0,0,0,0,0,0,0,0,0,0,0,4,4,2,0.0,0,0,1,1,1,0.4,0,0,0,0,20,1,malicious,guihacked
guihydra,2,1,False,True,False,1,2,0,2,0.03333333333333333,0,0,0,0,False,0,0,False,0,0,False,1,0,30,0.03333333333333333,3.709061902209305,4.021928094887363,0,0,0,0,0,0,0,0,0,0,1,0,0,0,0,1,0,0,2,2,1,0.0,0,0,0,0,0,0.0,0,0,0,0,0,1,malicious,guihydra
guipep,2,2,False,True,True,1,1,0,1,0.03333333333333333,0,1,0,0,False,0,0,False,0,0,False,1,0,30,0.03333333333333333,3.7264741182543757,3.7264741182543757,0,0,0,0,0,0,0,0,0,0,0,1,0,0,0,0,0,0,1,1,1,0.0,0,0,0,0,0,0.0,0,0,0,0,0,1,malicious,guipep
guistr,2,0,False,False,False,1,3,0,3,0.03125,0,0,0,0,False,0,0,False,0,0,False,1,0,32,0.03125,3.222540103292582,3.7264741182543757,0,0,0,0,0,0,0,0,0,0,0,0,0,0,0,0,0,0,3,3,2,0.0,0,0,0,0,1,0.4,0,0,0,0,20,1,malicious,guistr
gunbase,2,1,False,True,False,1,2,0,2,0.03333333333333333,0,0,0,0,False,0,0,False,0,0,False,1,0,30,0.03333333333333333,3.709061902209305,4.021928094887363,0,0,0,0,0,0,0,0,0,0,1,0,0,0,0,1,0,0,2,2,1,0.0,0,0,0,0,0,0.0,0,0,0,0,0,1,malicious,gunbase
habibisus,2,2,False,True,True,1,1,0,1,0.03333333333333333,0,1,0,0,False,0,0,False,0,0,False,1,0,30,0.03333333333333333,3.7264741182543757,3.7264741182543757,0,0,0,0,0,0,0,0,0,0,0,1,0,0,0,0,0,0,1,1,1,0.0,0,0,0,0,0,0.0,0,0,0,0,0,1,malicious,habibisus
hackedpost,2,1,False,True,False,1,2,0,2,0.03333333333333333,0,0,0,0,False,0,0,False,0,0,False,1,0,30,0.03333333333333333,3.6122784503788194,4.021928094887363,0,0,0,0,0,0,0,0,0,0,1,0,0,0,0,1,0,0,2,2,1,0.0,0,0,0,0,0,0.0,0,0,0,0,0,1,malicious,hackedpost
hackedstudy,2,0,False,False,False,1,3,0,3,0.03125,0,0,0,0,False,0,0,False,0,0,False,1,0,32,0.03125,3.2363084366742156,3.7264741182543757,0,0,0,0,0,0,0,0,0,0,0,0,0,0,0,0,0,0,3,3,2,0.0,0,0,0,0,1,0.4,0,0,0,0,20,1,malicious,hackedstudy
hackedvisa,2,0,False,False,False,0,3,2,3,0.0,0,0,0,2,False,0,1,False,0,0,False,1,0,29,0.034482758620689655,3.9945290990024414,5.135185083865586,1,0,0,0,0,1,0,2,0,0,1,1,0,0,0,2,0,0,3,3,3,0.0,0,0,0,0,0,0.0,0,0,0,0,0,1,malicious,hackedvisa
hackerfilelol,2,2,False,True,True,1,1,0,1,0.03333333333333333,0,1,0,0,False,0,0,False,0,0,False,1,0,30,0.03333333333333333,3.453653552729908,3.7264741182543757,0,0,0,0,0,0,0,0,0,0,0,1,0,0,0,0,0,0,1,1,1,0.0,0,0,0,0,0,0.0,0,0,0,0,0,1,malicious,hackerfilelol
hackerfileloll,2,0,False,False,False,1,3,0,3,0.03125,0,0,0,0,False,0,0,False,0,0,False,1,0,32,0.03125,3.190172379412409,3.7264741182543757,0,0,0,0,0,0,0,0,0,0,0,0,0,0,0,0,0,0,3,3,2,0.0,0,0,0,0,1,0.4,0,0,0,0,20,1,malicious,hackerfileloll
hackerone-app-sdk,2,2,False,True,True,1,1,0,1,0.03333333333333333,0,1,0,0,False,0,0,False,0,0,False,1,0,30,0.03333333333333333,3.6128508326935345,3.7264741182543757,0,0,0,0,0,0,0,0,0,0,0,1,0,0,0,0,0,0,1,1,1,0.0,0,0,0,0,0,0.0,0,0,0,0,0,1,malicious,hackerone-app-sdk
hacktool,3,1,True,False,False,1,4,0,3,0.027777777777777776,0,3,0,0,False,0,0,False,0,0,False,2,0,36,0.05555555555555555,3.6551431436327353,3.9873261452560076,0,0,0,0,0,0,0,0,0,1,0,0,0,0,0,0,0,1,4,3,1,20.0,2,1,1,1,0,0.0,0,0,0,0,20,1,malicious,hacktool
hameni,2,1,True,False,False,1,2,0,2,0.03125,0,0,0,0,False,0,0,False,0,0,False,2,1,32,0.0625,3.2081808767710718,3.7264741182543757,0,0,0,0,0,0,0,0,0,0,0,0,0,0,0,0,0,0,2,2,2,0.0,0,0,1,1,0,0.0,0,0,0,0,0,1,malicious,hameni
haxorsiambot,2,1,False,True,False,1,2,0,2,0.03333333333333333,0,0,0,0,False,0,0,False,0,0,False,1,0,30,0.03333333333333333,3.5947037185039346,4.021928094887363,0,0,0,0,0,0,0,0,0,0,1,0,0,0,0,1,0,0,2,2,1,0.0,0,0,0,0,0,0.0,0,0,0,0,0,1,malicious,haxorsiambot
hello-world-exampl,2,1,True,False,False,1,2,0,2,0.03125,0,0,0,0,False,0,0,False,0,0,False,2,1,32,0.0625,3.254172463494437,3.7264741182543757,0,0,0,0,0,0,0,0,0,0,0,0,0,0,0,0,0,0,2,2,2,0.0,0,0,1,1,0,0.0,0,0,0,0,0,1,malicious,hello-world-exampl
hello-world-example,3,1,True,False,False,1,4,0,3,0.027777777777777776,0,3,0,0,False,0,0,False,0,0,False,2,0,36,0.05555555555555555,3.582880190004349,3.9873261452560076,0,0,0,0,0,0,0,0,0,1,0,0,0,0,0,0,0,1,4,3,1,20.0,2,1,1,1,0,0.0,0,0,0,0,20,1,malicious,hello-world-example
hellomynameisahjahs,3,1,True,False,False,1,4,0,3,0.027777777777777776,0,3,0,0,False,0,0,False,0,0,False,2,0,36,0.05555555555555555,3.572947459712725,3.9873261452560076,0,0,0,0,0,0,0,0,0,1,0,0,0,0,0,0,0,1,4,3,1,20.0,2,1,1,1,0,0.0,0,0,0,0,20,1,malicious,hellomynameisahjahs
hellowhatisao,2,1,False,True,False,1,2,0,2,0.03333333333333333,0,0,0,0,False,0,0,False,0,0,False,1,0,30,0.03333333333333333,3.553060202346098,4.021928094887363,0,0,0,0,0,0,0,0,0,0,1,0,0,0,0,1,0,0,2,2,1,0.0,0,0,0,0,0,0.0,0,0,0,0,0,1,malicious,hellowhatisao
historic-crypt,2,2,False,True,True,1,1,0,1,0.03333333333333333,0,1,0,0,False,0,0,False,0,0,False,1,0,30,0.03333333333333333,3.4812002344417046,3.7264741182543757,0,0,0,0,0,0,0,0,0,0,0,1,0,0,0,0,0,0,1,1,1,0.0,0,0,0,0,0,0.0,0,0,0,0,0,1,malicious,historic-crypt
hkg-sol-utils,2,2,False,True,True,1,1,0,1,0.03333333333333333,0,1,0,0,False,0,0,False,0,0,False,1,0,30,0.03333333333333333,3.4826876874285033,3.7264741182543757,0,0,0,0,0,0,0,0,0,0,0,1,0,0,0,0,0,0,1,1,1,0.0,0,0,0,0,0,0.0,0,0,0,0,0,1,malicious,hkg-sol-utils
hreading,2,1,True,False,False,1,2,0,2,0.03125,0,0,0,0,False,0,0,False,0,0,False,2,1,32,0.0625,3.2081808767710718,3.7264741182543757,0,0,0,0,0,0,0,0,0,0,0,0,0,0,0,0,0,0,2,2,2,0.0,0,0,1,1,0,0.0,0,0,0,0,0,1,malicious,hreading
htps1,2,0,False,False,False,1,3,0,3,0.03125,0,0,0,0,False,0,0,False,0,0,False,1,0,32,0.03125,3.222540103292582,3.7264741182543757,0,0,0,0,0,0,0,0,0,0,0,0,0,0,0,0,0,0,3,3,2,0.0,0,0,0,0,1,0.4,0,0,0,0,20,1,malicious,htps1
httiop,2,0,False,False,False,0,3,2,3,0.0,0,0,0,2,False,0,1,False,0,0,False,1,0,29,0.034482758620689655,4.4308296010599815,5.135185083865586,1,0,0,0,0,1,0,2,0,0,1,1,0,0,0,2,0,0,3,3,3,0.0,0,0,0,0,0,0.0,0,0,0,0,0,1,malicious,httiop
http-interact,2,2,False,True,True,1,1,0,1,0.03333333333333333,0,1,0,0,False,0,0,False,0,0,False,1,0,30,0.03333333333333333,3.4057646105054262,3.7264741182543757,0,0,0,0,0,0,0,0,0,0,0,1,0,0,0,0,0,0,1,1,1,0.0,0,0,0,0,0,0.0,0,0,0,0,0,1,malicious,http-interact
httplat,2,0,False,False,False,1,4,0,4,0.03225806451612903,0,0,0,0,False,0,0,False,0,0,False,2,1,31,0.06451612903225806,3.7264741182543757,3.7264741182543757,0,0,0,0,0,0,0,0,0,0,0,0,0,0,0,0,0,0,4,4,2,0.0,0,0,1,1,1,0.4,0,0,0,0,20,1,malicious,httplat
httpnvidia,2,0,False,False,False,1,3,0,3,0.03125,0,0,0,0,False,0,0,False,0,0,False,1,0,32,0.03125,3.1473871011912773,3.7264741182543757,0,0,0,0,0,0,0,0,0,0,0,0,0,0,0,0,0,0,3,3,2,0.0,0,0,0,0,1,0.4,0,0,0,0,20,1,malicious,httpnvidia
httpslib,2,2,False,True,True,1,1,0,1,0.03333333333333333,0,1,0,0,False,0,0,False,0,0,False,1,0,30,0.03333333333333333,3.7264741182543757,3.7264741182543757,0,0,0,0,0,0,0,0,0,0,0,1,0,0,0,0,0,0,1,1,1,0.0,0,0,0,0,0,0.0,0,0,0,0,0,1,malicious,httpslib
httpssp,2,0,False,False,False,0,3,2,3,0.0,0,0,0,2,False,0,1,False,0,0,False,1,0,29,0.034482758620689655,4.4308296010599815,5.135185083865586,1,0,0,0,0,1,0,2,0,0,1,1,0,0,0,2,0,0,3,3,3,0.0,0,0,0,0,0,0.0,0,0,0,0,0,1,malicious,httpssp
httpssus,2,0,False,False,False,0,3,2,3,0.0,0,0,0,2,False,0,1,False,0,0,False,1,0,29,0.034482758620689655,4.4308296010599815,5.135185083865586,1,0,0,0,0,1,0,2,0,0,1,1,0,0,0,2,0,0,3,3,3,0.0,0,0,0,0,0,0.0,0,0,0,0,0,1,malicious,httpssus
httpsyncer,2,1,False,True,False,1,2,0,2,0.03333333333333333,0,0,0,0,False,0,0,False,0,0,False,1,0,30,0.03333333333333333,3.562278450378819,4.021928094887363,0,0,0,0,0,0,0,0,0,0,1,0,0,0,0,1,0,0,2,2,1,0.0,0,0,0,0,0,0.0,0,0,0,0,0,1,malicious,httpsyncer
httpvisa,2,0,False,False,False,1,3,0,3,0.03125,0,0,0,0,False,0,0,False,0,0,False,1,0,32,0.03125,3.222540103292582,3.7264741182543757,0,0,0,0,0,0,0,0,0,0,0,0,0,0,0,0,0,0,3,3,2,0.0,0,0,0,0,1,0.4,0,0,0,0,20,1,malicious,httpvisa
httpx-advanced2,2,1,False,True,False,1,2,0,2,0.03333333333333333,0,0,0,0,False,0,0,False,0,0,False,1,0,30,0.03333333333333333,3.6585190755591084,4.021928094887363,0,0,0,0,0,0,0,0,0,0,1,0,0,0,0,1,0,0,2,2,1,0.0,0,0,0,0,0,0.0,0,0,0,0,0,1,malicious,httpx-advanced2
httpx-advanced3,2,0,False,False,False,1,3,0,3,0.03125,0,0,0,0,False,0,0,False,0,0,False,1,0,32,0.03125,3.2936277263715663,3.7264741182543757,0,0,0,0,0,0,0,0,0,0,0,0,0,0,0,0,0,0,3,3,2,0.0,0,0,0,0,1,0.4,0,0,0,0,20,1,malicious,httpx-advanced3
httpxboost,2,2,False,True,True,1,1,0,1,0.03333333333333333,0,1,0,0,False,0,0,False,0,0,False,1,0,30,0.03333333333333333,3.1864567314626955,3.7264741182543757,0,0,0,0,0,0,0,0,0,0,0,1,0,0,0,0,0,0,1,1,1,0.0,0,0,0,0,0,0.0,0,0,0,0,0,1,malicious,httpxboost
httpxfaster,2,0,False,False,False,0,3,2,3,0.0,0,0,0,2,False,0,1,False,0,0,False,1,0,29,0.034482758620689655,3.9629427735201936,5.135185083865586,1,0,0,0,0,1,0,2,0,0,1,1,0,0,0,2,0,0,3,3,3,0.0,0,0,0,0,0,0.0,0,0,0,0,0,1,malicious,httpxfaster
httpxgetter,2,1,True,False,False,1,2,0,2,0.03125,0,0,0,0,False,0,0,False,0,0,False,2,1,32,0.0625,3.0437208349649003,3.7264741182543757,0,0,0,0,0,0,0,0,0,0,0,0,0,0,0,0,0,0,2,2,2,0.0,0,0,1,1,0,0.0,0,0,0,0,0,1,malicious,httpxgetter
httpxmodifier,3,1,True,False,False,1,4,0,3,0.027777777777777776,0,3,0,0,False,0,0,False,0,0,False,2,0,36,0.05555555555555555,3.5895442103367476,3.9873261452560076,0,0,0,0,0,0,0,0,0,1,0,0,0,0,0,0,0,1,4,3,1,20.0,2,1,1,1,0,0.0,0,0,0,0,20,1,malicious,httpxmodifier
httpxontop,3,1,True,False,False,1,4,0,3,0.027777777777777776,0,3,0,0,False,0,0,False,0,0,False,2,0,36,0.05555555555555555,3.3529671938923054,3.9873261452560076,0,0,0,0,0,0,0,0,0,1,0,0,0,0,0,0,0,1,4,3,1,20.0,2,1,1,1,0,0.0,0,0,0,0,20,1,malicious,httpxontop
httpxrequester,2,0,False,False,False,1,3,0,3,0.03125,0,0,0,0,False,0,0,False,0,0,False,1,0,32,0.03125,3.163212111478,3.7264741182543757,0,0,0,0,0,0,0,0,0,0,0,0,0,0,0,0,0,0,3,3,2,0.0,0,0,0,0,1,0.4,0,0,0,0,20,1,malicious,httpxrequester
httpxrequesterv2,2,1,True,False,False,1,2,0,2,0.03125,0,0,0,0,False,0,0,False,0,0,False,2,1,32,0.0625,3.226295423135695,3.7264741182543757,0,0,0,0,0,0,0,0,0,0,0,0,0,0,0,0,0,0,2,2,2,0.0,0,0,1,1,0,0.0,0,0,0,0,0,1,malicious,httpxrequesterv2
hugebbc,2,0,False,False,False,1,4,0,4,0.03225806451612903,0,0,0,0,False,0,0,False,0,0,False,2,1,31,0.06451612903225806,3.7264741182543757,3.7264741182543757,0,0,0,0,0,0,0,0,0,0,0,0,0,0,0,0,0,0,4,4,2,0.0,0,0,1,1,1,0.4,0,0,0,0,20,1,malicious,hugebbc
humanqueen,2,0,False,False,False,1,4,0,4,0.03225806451612903,0,0,0,0,False,0,0,False,0,0,False,2,1,31,0.06451612903225806,3.2242011065708693,3.7264741182543757,0,0,0,0,0,0,0,0,0,0,0,0,0,0,0,0,0,0,4,4,2,0.0,0,0,1,1,1,0.4,0,0,0,0,20,1,malicious,humanqueen
humanqueenn,2,0,False,False,False,0,3,2,3,0.0,0,0,0,2,False,0,1,False,0,0,False,1,0,29,0.034482758620689655,3.8417306523080725,5.135185083865586,1,0,0,0,0,1,0,2,0,0,1,1,0,0,0,2,0,0,3,3,3,0.0,0,0,0,0,0,0.0,0,0,0,0,0,1,malicious,humanqueenn
hydenmj,2,1,False,True,False,1,2,0,2,0.03333333333333333,0,0,0,0,False,0,0,False,0,0,False,1,0,30,0.03333333333333333,3.709061902209305,4.021928094887363,0,0,0,0,0,0,0,0,0,0,1,0,0,0,0,1,0,0,2,2,1,0.0,0,0,0,0,0,0.0,0,0,0,0,0,1,malicious,hydenmj
hydrahydra,2,0,False,False,False,1,4,0,4,0.03225806451612903,0,0,0,0,False,0,0,False,0,0,False,2,1,31,0.06451612903225806,3.024201106570869,3.7264741182543757,0,0,0,0,0,0,0,0,0,0,0,0,0,0,0,0,0,0,4,4,2,0.0,0,0,1,1,1,0.4,0,0,0,0,20,1,malicious,hydrahydra
hydraintel,3,1,True,False,False,1,4,0,3,0.027777777777777776,0,3,0,0,False,0,0,False,0,0,False,2,0,36,0.05555555555555555,3.571839381446392,3.9873261452560076,0,0,0,0,0,0,0,0,0,1,0,0,0,0,0,0,0,1,4,3,1,20.0,2,1,1,1,0,0.0,0,0,0,0,20,1,malicious,hydraintel
hydrapep,2,0,False,False,False,1,4,0,4,0.03225806451612903,0,0,0,0,False,0,0,False,0,0,False,2,1,31,0.06451612903225806,3.7264741182543757,3.7264741182543757,0,0,0,0,0,0,0,0,0,0,0,0,0,0,0,0,0,0,4,4,2,0.0,0,0,1,1,1,0.4,0,0,0,0,20,1,malicious,hydrapep
iamenumer,3,1,True,False,False,1,4,0,3,0.027777777777777776,0,3,0,0,False,0,0,False,0,0,False,2,0,36,0.05555555555555555,3.6551431436327353,3.9873261452560076,0,0,0,0,0,0,0,0,0,1,0,0,0,0,0,0,0,1,4,3,1,20.0,2,1,1,1,0,0.0,0,0,0,0,20,1,malicious,iamenumer
iamenumerat,2,0,False,False,False,1,3,0,3,0.03125,0,0,0,0,False,0,0,False,0,0,False,1,0,32,0.03125,3.145399345765125,3.7264741182543757,0,0,0,0,0,0,0,0,0,0,0,0,0,0,0,0,0,0,3,3,2,0.0,0,0,0,0,1,0.4,0,0,0,0,20,1,malicious,iamenumerat
iamenumerate,2,1,False,True,False,1,2,0,2,0.03333333333333333,0,0,0,0,False,0,0,False,0,0,False,1,0,30,0.03333333333333333,3.4956435622088624,4.021928094887363,0,0,0,0,0,0,0,0,0,0,1,0,0,0,0,1,0,0,2,2,1,0.0,0,0,0,0,0,0.0,0,0,0,0,0,1,malicious,iamenumerate
iaohttp,2,0,False,False,False,1,4,0,4,0.03225806451612903,0,0,0,0,False,0,0,False,0,0,False,2,1,31,0.06451612903225806,3.7264741182543757,3.7264741182543757,0,0,0,0,0,0,0,0,0,0,0,0,0,0,0,0,0,0,4,4,2,0.0,0,0,1,1,1,0.4,0,0,0,0,20,1,malicious,iaohttp
icedgen,2,1,True,False,False,1,2,0,2,0.03125,0,0,0,0,False,0,0,False,0,0,False,2,1,32,0.0625,3.2081808767710718,3.7264741182543757,0,0,0,0,0,0,0,0,0,0,0,0,0,0,0,0,0,0,2,2,2,0.0,0,0,1,1,0,0.0,0,0,0,0,0,1,malicious,icedgen
idscord-py,2,2,False,True,True,1,1,0,1,0.03333333333333333,0,1,0,0,False,0,0,False,0,0,False,1,0,30,0.03333333333333333,3.4242011065708686,3.7264741182543757,0,0,0,0,0,0,0,0,0,0,0,1,0,0,0,0,0,0,1,1,1,0.0,0,0,0,0,0,0.0,0,0,0,0,0,1,malicious,idscord-py
igtool,2,0,False,False,False,1,4,0,4,0.03225806451612903,0,0,0,0,False,0,0,False,0,0,False,2,1,31,0.06451612903225806,3.7264741182543757,3.7264741182543757,0,0,0,0,0,0,0,0,0,0,0,0,0,0,0,0,0,0,4,4,2,0.0,0,0,1,1,1,0.4,0,0,0,0,20,1,malicious,igtool
igtoolz,2,1,False,True,False,1,2,0,2,0.03333333333333333,0,0,0,0,False,0,0,False,0,0,False,1,0,30,0.03333333333333333,3.709061902209305,4.021928094887363,0,0,0,0,0,0,0,0,0,0,1,0,0,0,0,1,0,0,2,2,1,0.0,0,0,0,0,0,0.0,0,0,0,0,0,1,malicious,igtoolz
igtpython,3,1,True,False,False,1,4,0,3,0.027777777777777776,0,3,0,0,False,0,0,False,0,0,False,2,0,36,0.05555555555555555,3.6551431436327353,3.9873261452560076,0,0,0,0,0,0,0,0,0,1,0,0,0,0,0,0,0,1,4,3,1,20.0,2,1,1,1,0,0.0,0,0,0,0,20,1,malicious,igtpython
ilovemadpussy9,2,0,False,False,False,1,3,0,3,0.03125,0,0,0,0,False,0,0,False,0,0,False,1,0,32,0.03125,3.3330295222695523,3.7264741182543757,0,0,0,0,0,0,0,0,0,0,0,0,0,0,0,0,0,0,3,3,2,0.0,0,0,0,0,1,0.4,0,0,0,0,20,1,malicious,ilovemadpussy9
imad213,2,1,False,True,False,1,2,0,2,0.03333333333333333,0,0,0,0,False,0,0,False,0,0,False,1,0,30,0.03333333333333333,3.709061902209305,4.021928094887363,0,0,0,0,0,0,0,0,0,0,1,0,0,0,0,1,0,0,2,2,1,0.0,0,0,0,0,0,0.0,0,0,0,0,0,1,malicious,imad213
image2hex,2,2,False,True,True,1,1,0,1,0.03333333333333333,0,1,0,0,False,0,0,False,0,0,False,1,0,30,0.03333333333333333,3.7264741182543757,3.7264741182543757,0,0,0,0,0,0,0,0,0,0,0,1,0,0,0,0,0,0,1,1,1,0.0,0,0,0,0,0,0.0,0,0,0,0,0,1,malicious,image2hex
imap-utisl,2,2,False,True,True,1,1,0,1,0.03333333333333333,0,1,0,0,False,0,0,False,0,0,False,1,0,30,0.03333333333333333,3.4242011065708686,3.7264741182543757,0,0,0,0,0,0,0,0,0,0,0,1,0,0,0,0,0,0,1,1,1,0.0,0,0,0,0,0,0.0,0,0,0,0,0,1,malicious,imap-utisl
implejson,2,2,False,True,True,1,1,0,1,0.03333333333333333,0,1,0,0,False,0,0,False,0,0,False,1,0,30,0.03333333333333333,3.7264741182543757,3.7264741182543757,0,0,0,0,0,0,0,0,0,0,0,1,0,0,0,0,0,0,1,1,1,0.0,0,0,0,0,0,0.0,0,0,0,0,0,1,malicious,implejson
important-package,2,1,True,False,False,1,2,0,2,0.03125,0,0,0,0,False,0,0,False,0,0,False,2,1,32,0.0625,3.299253022270837,3.7264741182543757,0,0,0,0,0,0,0,0,0,0,0,0,0,0,0,0,0,0,2,2,2,0.0,0,0,1,1,0,0.0,0,0,0,0,0,1,malicious,important-package
importantpackage,2,0,False,False,False,1,4,0,4,0.03225806451612903,0,0,0,0,False,0,0,False,0,0,False,2,1,31,0.06451612903225806,3.5896468246845794,3.7264741182543757,0,0,0,0,0,0,0,0,0,0,0,0,0,0,0,0,0,0,4,4,2,0.0,0,0,1,1,1,0.4,0,0,0,0,20,1,malicious,importantpackage
importsetup,2,0,False,False,False,0,3,2,3,0.0,0,0,0,2,False,0,1,False,0,0,False,1,0,29,0.034482758620689655,3.985818152373632,5.135185083865586,1,0,0,0,0,1,0,2,0,0,1,1,0,0,0,2,0,0,3,3,3,0.0,0,0,0,0,0,0.0,0,0,0,0,0,1,malicious,importsetup
inbm-lib,2,0,False,False,False,0,3,2,3,0.0,0,0,0,2,False,0,1,False,0,0,False,1,0,29,0.034482758620689655,4.4308296010599815,5.135185083865586,1,0,0,0,0,1,0,2,0,0,1,1,0,0,0,2,0,0,3,3,3,0.0,0,0,0,0,0,0.0,0,0,0,0,0,1,malicious,inbm-lib
incrivelsim,2,0,False,False,False,1,3,0,3,0.03125,0,0,0,0,False,0,0,False,0,0,False,1,0,32,0.03125,3.1736973570795914,3.7264741182543757,0,0,0,0,0,0,0,0,0,0,0,0,0,0,0,0,0,0,3,3,2,0.0,0,0,0,0,1,0.4,0,0,0,0,20,1,malicious,incrivelsim
inda,2,0,False,False,False,0,3,2,3,0.0,0,0,0,2,False,0,1,False,0,0,False,1,0,29,0.034482758620689655,4.4308296010599815,5.135185083865586,1,0,0,0,0,1,0,2,0,0,1,1,0,0,0,2,0,0,3,3,3,0.0,0,0,0,0,0,0.0,0,0,0,0,0,1,malicious,inda
infoglmi,3,1,True,False,False,1,4,0,3,0.027777777777777776,0,3,0,0,False,0,0,False,0,0,False,2,0,36,0.05555555555555555,3.6551431436327353,3.9873261452560076,0,0,0,0,0,0,0,0,0,1,0,0,0,0,0,0,0,1,4,3,1,20.0,2,1,1,1,0,0.0,0,0,0,0,20,1,malicious,infoglmi
initialtestingdonotpull1235,2,0,False,False,False,1,3,0,3,0.03125,0,0,0,0,False,0,0,False,0,0,False,1,0,32,0.03125,3.350906814081351,3.7360069464476577,0,0,0,0,0,0,0,0,0,0,0,0,0,0,0,0,0,0,3,3,2,0.0,0,0,0,0,1,0.4,0,0,0,0,20,1,malicious,initialtestingdonotpull1235
instabots,2,1,True,False,False,1,2,0,2,0.03125,0,0,0,0,False,0,0,False,0,0,False,2,1,32,0.0625,3.2081808767710718,3.7264741182543757,0,0,0,0,0,0,0,0,0,0,0,0,0,0,0,0,0,0,2,2,2,0.0,0,0,1,1,0,0.0,0,0,0,0,0,1,malicious,instabots
installpippython,2,1,True,False,False,1,2,0,2,0.03125,0,0,0,0,False,0,0,False,0,0,False,2,1,32,0.0625,3.206840540356999,3.7264741182543757,0,0,0,0,0,0,0,0,0,0,0,0,0,0,0,0,0,0,2,2,2,0.0,0,0,1,1,0,0.0,0,0,0,0,0,1,malicious,installpippython
installpy,3,1,True,False,False,1,4,0,3,0.027777777777777776,0,3,0,0,False,0,0,False,0,0,False,2,0,36,0.05555555555555555,3.6551431436327353,3.9873261452560076,0,0,0,0,0,0,0,0,0,1,0,0,0,0,0,0,0,1,4,3,1,20.0,2,1,1,1,0,0.0,0,0,0,0,20,1,malicious,installpy
intellib,2,2,False,True,True,1,1,0,1,0.03333333333333333,0,1,0,0,False,0,0,False,0,0,False,1,0,30,0.03333333333333333,3.7264741182543757,3.7264741182543757,0,0,0,0,0,0,0,0,0,0,0,1,0,0,0,0,0,0,1,1,1,0.0,0,0,0,0,0,0.0,0,0,0,0,0,1,malicious,intellib
intelpong,2,0,False,False,False,1,3,0,3,0.03125,0,0,0,0,False,0,0,False,0,0,False,1,0,32,0.03125,3.222540103292582,3.7264741182543757,0,0,0,0,0,0,0,0,0,0,0,0,0,0,0,0,0,0,3,3,2,0.0,0,0,0,0,1,0.4,0,0,0,0,20,1,malicious,intelpong
intelvisa,2,1,False,True,False,1,2,0,2,0.03333333333333333,0,0,0,0,False,0,0,False,0,0,False,1,0,30,0.03333333333333333,3.709061902209305,4.021928094887363,0,0,0,0,0,0,0,0,0,0,1,0,0,0,0,1,0,0,2,2,1,0.0,0,0,0,0,0,0.0,0,0,0,0,0,1,malicious,intelvisa
intpaypal,2,2,False,True,True,1,1,0,1,0.03333333333333333,0,1,0,0,False,0,0,False,0,0,False,1,0,30,0.03333333333333333,3.7264741182543757,3.7264741182543757,0,0,0,0,0,0,0,0,0,0,0,1,0,0,0,0,0,0,1,1,1,0.0,0,0,0,0,0,0.0,0,0,0,0,0,1,malicious,intpaypal
ipaddres,2,0,False,False,False,0,3,2,3,0.0,0,0,0,2,False,0,1,False,0,0,False,1,0,29,0.034482758620689655,4.4308296010599815,5.135185083865586,1,0,0,0,0,1,0,2,0,0,1,1,0,0,0,2,0,0,3,3,3,0.0,0,0,0,0,0,0.0,0,0,0,0,0,1,malicious,ipaddres
ipadress,2,0,False,False,False,1,4,0,4,0.03225806451612903,0,0,0,0,False,0,0,False,0,0,False,2,1,31,0.06451612903225806,3.7264741182543757,3.7264741182543757,0,0,0,0,0,0,0,0,0,0,0,0,0,0,0,0,0,0,4,4,2,0.0,0,0,1,1,1,0.4,0,0,0,0,20,1,malicious,ipadress
ipboards,2,0,False,False,False,1,4,0,4,0.03225806451612903,0,0,0,0,False,0,0,False,0,0,False,2,1,31,0.06451612903225806,3.7264741182543757,3.7264741182543757,0,0,0,0,0,0,0,0,0,0,0,0,0,0,0,0,0,0,4,4,2,0.0,0,0,1,1,1,0.4,0,0,0,0,20,1,malicious,ipboards
ipfind-microtip,2,0,False,False,False,0,3,2,3,0.0,0,0,0,2,False,0,1,False,0,0,False,1,0,29,0.034482758620689655,4.033961043687271,5.135185083865586,1,0,0,0,0,1,0,2,0,0,1,1,0,0,0,2,0,0,3,3,3,0.0,0,0,0,0,0,0.0,0,0,0,0,0,1,malicious,ipfind-microtip
ipllow,3,1,True,False,False,1,4,0,3,0.027777777777777776,0,3,0,0,False,0,0,False,0,0,False,2,0,36,0.05555555555555555,3.6551431436327353,3.9873261452560076,0,0,0,0,0,0,0,0,0,1,0,0,0,0,0,0,0,1,4,3,1,20.0,2,1,1,1,0,0.0,0,0,0,0,20,1,malicious,ipllow
ipyhton,2,1,True,False,False,1,2,0,2,0.03125,0,0,0,0,False,0,0,False,0,0,False,2,1,32,0.0625,3.2081808767710718,3.7264741182543757,0,0,0,0,0,0,0,0,0,0,0,0,0,0,0,0,0,0,2,2,2,0.0,0,0,1,1,0,0.0,0,0,0,0,0,1,malicious,ipyhton
iscord-py,2,0,False,False,False,1,3,0,3,0.03125,0,0,0,0,False,0,0,False,0,0,False,1,0,32,0.03125,3.222540103292582,3.7264741182543757,0,0,0,0,0,0,0,0,0,0,0,0,0,0,0,0,0,0,3,3,2,0.0,0,0,0,0,1,0.4,0,0,0,0,20,1,malicious,iscord-py
ismplejson,2,1,False,True,False,1,2,0,2,0.03333333333333333,0,0,0,0,False,0,0,False,0,0,False,1,0,30,0.03333333333333333,3.562278450378819,4.021928094887363,0,0,0,0,0,0,0,0,0,0,1,0,0,0,0,1,0,0,2,2,1,0.0,0,0,0,0,0,0.0,0,0,0,0,0,1,malicious,ismplejson
itcoinlib,2,0,False,False,False,0,3,2,3,0.0,0,0,0,2,False,0,1,False,0,0,False,1,0,29,0.034482758620689655,4.4308296010599815,5.135185083865586,1,0,0,0,0,1,0,2,0,0,1,1,0,0,0,2,0,0,3,3,3,0.0,0,0,0,0,0,0.0,0,0,0,0,0,1,malicious,itcoinlib
itpython,2,1,False,True,False,1,2,0,2,0.03333333333333333,0,0,0,0,False,0,0,False,0,0,False,1,0,30,0.03333333333333333,3.709061902209305,4.021928094887363,0,0,0,0,0,0,0,0,0,0,1,0,0,0,0,1,0,0,2,2,1,0.0,0,0,0,0,0,0.0,0,0,0,0,0,1,malicious,itpython
j3y5r,2,1,True,False,False,1,2,0,2,0.03125,0,0,0,0,False,0,0,False,0,0,False,2,1,32,0.0625,3.2081808767710718,3.7264741182543757,0,0,0,0,0,0,0,0,0,0,0,0,0,0,0,0,0,0,2,2,2,0.0,0,0,1,1,0,0.0,0,0,0,0,0,1,malicious,j3y5r
jango-metamask-auth,2,0,False,False,False,0,3,2,3,0.0,0,0,0,2,False,0,1,False,0,0,False,1,0,29,0.034482758620689655,4.124248203433463,5.135185083865586,1,0,0,0,0,1,0,2,0,0,1,1,0,0,0,2,0,0,3,3,3,0.0,0,0,0,0,0,0.0,0,0,0,0,0,1,malicious,jango-metamask-auth
jango-web3-auth,2,1,False,True,False,1,2,0,2,0.03333333333333333,0,0,0,0,False,0,0,False,0,0,False,1,0,30,0.03333333333333333,3.6918524088924416,4.021928094887363,0,0,0,0,0,0,0,0,0,0,1,0,0,0,0,1,0,0,2,2,1,0.0,0,0,0,0,0,0.0,0,0,0,0,0,1,malicious,jango-web3-auth
jeilyfish,2,1,True,False,False,1,2,0,2,0.03125,0,0,0,0,False,0,0,False,0,0,False,2,1,32,0.0625,3.2081808767710718,3.7264741182543757,0,0,0,0,0,0,0,0,0,0,0,0,0,0,0,0,0,0,2,2,2,0.0,0,0,1,1,0,0.0,0,0,0,0,0,1,malicious,jeilyfish
judyb-advanced,2,2,False,True,True,1,1,0,1,0.03333333333333333,0,1,0,0,False,0,0,False,0,0,False,1,0,30,0.03333333333333333,3.5256685379358665,3.7264741182543757,0,0,0,0,0,0,0,0,0,0,0,1,0,0,0,0,0,0,1,1,1,0.0,0,0,0,0,0,0.0,0,0,0,0,0,1,malicious,judyb-advanced
junkeldat,2,0,False,False,False,1,4,0,4,0.03225806451612903,0,0,0,0,False,0,0,False,0,0,False,2,1,31,0.06451612903225806,3.7264741182543757,3.7264741182543757,0,0,0,0,0,0,0,0,0,0,0,0,0,0,0,0,0,0,4,4,2,0.0,0,0,1,1,1,0.4,0,0,0,0,20,1,malicious,junkeldat
k7eeel,3,1,True,False,False,1,4,0,3,0.027777777777777776,0,3,0,0,False,0,0,False,0,0,False,2,0,36,0.05555555555555555,3.6551431436327353,3.9873261452560076,0,0,0,0,0,0,0,0,0,1,0,0,0,0,0,0,0,1,4,3,1,20.0,2,1,1,1,0,0.0,0,0,0,0,20,1,malicious,k7eeel
k7eel,2,2,False,True,True,1,1,0,1,0.03333333333333333,0,1,0,0,False,0,0,False,0,0,False,1,0,30,0.03333333333333333,3.7264741182543757,3.7264741182543757,0,0,0,0,0,0,0,0,0,0,0,1,0,0,0,0,0,0,1,1,1,0.0,0,0,0,0,0,0.0,0,0,0,0,0,1,malicious,k7eel
k7eela,2,1,True,False,False,1,2,0,2,0.03125,0,0,0,0,False,0,0,False,0,0,False,2,1,32,0.0625,3.2081808767710718,3.7264741182543757,0,0,0,0,0,0,0,0,0,0,0,0,0,0,0,0,0,0,2,2,2,0.0,0,0,1,1,0,0.0,0,0,0,0,0,1,malicious,k7eela
kayauthgen,2,2,False,True,True,1,1,0,1,0.03333333333333333,0,1,0,0,False,0,0,False,0,0,False,1,0,30,0.03333333333333333,3.4242011065708686,3.7264741182543757,0,0,0,0,0,0,0,0,0,0,0,1,0,0,0,0,0,0,1,1,1,0.0,0,0,0,0,0,0.0,0,0,0,0,0,1,malicious,kayauthgen
kcalendar,2,0,False,False,False,1,3,0,3,0.03125,0,0,0,0,False,0,0,False,0,0,False,1,0,32,0.03125,3.222540103292582,3.7264741182543757,0,0,0,0,0,0,0,0,0,0,0,0,0,0,0,0,0,0,3,3,2,0.0,0,0,0,0,1,0.4,0,0,0,0,20,1,malicious,kcalendar
kears,2,0,False,False,False,1,3,0,3,0.03125,0,0,0,0,False,0,0,False,0,0,False,1,0,32,0.03125,3.222540103292582,3.7264741182543757,0,0,0,0,0,0,0,0,0,0,0,0,0,0,0,0,0,0,3,3,2,0.0,0,0,0,0,1,0.4,0,0,0,0,20,1,malicious,kears
kers,2,0,False,False,False,1,3,0,3,0.03125,0,0,0,0,False,0,0,False,0,0,False,1,0,32,0.03125,3.222540103292582,3.7264741182543757,0,0,0,0,0,0,0,0,0,0,0,0,0,0,0,0,0,0,3,3,2,0.0,0,0,0,0,1,0.4,0,0,0,0,20,1,malicious,kers
keyauthkey,2,0,False,False,False,0,3,2,3,0.0,0,0,0,2,False,0,1,False,0,0,False,1,0,29,0.034482758620689655,3.8611957656691076,5.135185083865586,1,0,0,0,0,1,0,2,0,0,1,1,0,0,0,2,0,0,3,3,3,0.0,0,0,0,0,0,0.0,0,0,0,0,0,1,malicious,keyauthkey
keybaord,2,0,False,False,False,1,4,0,4,0.03225806451612903,0,0,0,0,False,0,0,False,0,0,False,2,1,31,0.06451612903225806,3.7264741182543757,3.7264741182543757,0,0,0,0,0,0,0,0,0,0,0,0,0,0,0,0,0,0,4,4,2,0.0,0,0,1,1,1,0.4,0,0,0,0,20,1,malicious,keybaord
kfactionantiafk,3,1,True,False,False,1,4,0,3,0.027777777777777776,0,3,0,0,False,0,0,False,0,0,False,2,0,36,0.05555555555555555,3.472165214923957,3.9873261452560076,0,0,0,0,0,0,0,0,0,1,0,0,0,0,0,0,0,1,4,3,1,20.0,2,1,1,1,0,0.0,0,0,0,0,20,1,malicious,kfactionantiafk
kfactionbypasser,2,1,True,False,False,1,2,0,2,0.03125,0,0,0,0,False,0,0,False,0,0,False,2,1,32,0.0625,3.3436356575783037,3.75,0,0,0,0,0,0,0,0,0,0,0,0,0,0,0,0,0,0,2,2,2,0.0,0,0,1,1,0,0.0,0,0,0,0,0,1,malicious,kfactionbypasser
killcraft,2,1,True,False,False,1,2,0,2,0.03125,0,0,0,0,False,0,0,False,0,0,False,2,1,32,0.0625,3.2081808767710718,3.7264741182543757,0,0,0,0,0,0,0,0,0,0,0,0,0,0,0,0,0,0,2,2,2,0.0,0,0,1,1,0,0.0,0,0,0,0,0,1,malicious,killcraft
killgame,2,1,False,True,False,1,2,0,2,0.03333333333333333,0,0,0,0,False,0,0,False,0,0,False,1,0,30,0.03333333333333333,3.709061902209305,4.021928094887363,0,0,0,0,0,0,0,0,0,0,1,0,0,0,0,1,0,0,2,2,1,0.0,0,0,0,0,0,0.0,0,0,0,0,0,1,malicious,killgame
killhacked,2,1,True,False,False,1,2,0,2,0.03125,0,0,0,0,False,0,0,False,0,0,False,2,1,32,0.0625,3.1366176813001436,3.7264741182543757,0,0,0,0,0,0,0,0,0,0,0,0,0,0,0,0,0,0,2,2,2,0.0,0,0,1,1,0,0.0,0,0,0,0,0,1,malicious,killhacked
killhydra,2,0,False,False,False,0,3,2,3,0.0,0,0,0,2,False,0,1,False,0,0,False,1,0,29,0.034482758620689655,4.4308296010599815,5.135185083865586,1,0,0,0,0,1,0,2,0,0,1,1,0,0,0,2,0,0,3,3,3,0.0,0,0,0,0,0,0.0,0,0,0,0,0,1,malicious,killhydra
killproof,2,1,True,False,False,1,2,0,2,0.03125,0,0,0,0,False,0,0,False,0,0,False,2,1,32,0.0625,3.2081808767710718,3.7264741182543757,0,0,0,0,0,0,0,0,0,0,0,0,0,0,0,0,0,0,2,2,2,0.0,0,0,1,1,0,0.0,0,0,0,0,0,1,malicious,killproof
killrand,2,0,False,False,False,1,4,0,4,0.03225806451612903,0,0,0,0,False,0,0,False,0,0,False,2,1,31,0.06451612903225806,3.7264741182543757,3.7264741182543757,0,0,0,0,0,0,0,0,0,0,0,0,0,0,0,0,0,0,4,4,2,0.0,0,0,1,1,1,0.4,0,0,0,0,20,1,malicious,killrand
kimportsetup,2,0,False,False,False,1,3,0,3,0.03125,0,0,0,0,False,0,0,False,0,0,False,1,0,32,0.03125,3.2298123693163925,3.7264741182543757,0,0,0,0,0,0,0,0,0,0,0,0,0,0,0,0,0,0,3,3,2,0.0,0,0,0,0,1,0.4,0,0,0,0,20,1,malicious,kimportsetup
kings-landing-obfuscate,2,0,False,False,False,0,3,2,3,0.0,0,0,0,2,False,0,1,False,0,0,False,1,0,29,0.034482758620689655,4.247901436752275,5.135185083865586,1,0,0,0,0,1,0,2,0,0,1,1,0,0,0,2,0,0,3,3,3,0.0,0,0,0,0,0,0.0,0,0,0,0,0,1,malicious,kings-landing-obfuscate
kraken-virus,2,1,True,False,False,1,2,0,2,0.03125,0,0,0,0,False,0,0,False,0,0,False,2,1,32,0.0625,3.2190429494252593,3.7264741182543757,0,0,0,0,0,0,0,0,0,0,0,0,0,0,0,0,0,0,2,2,2,0.0,0,0,1,1,0,0.0,0,0,0,0,0,1,malicious,kraken-virus
krakenvirus,2,1,False,True,False,1,2,0,2,0.03333333333333333,0,0,0,0,False,0,0,False,0,0,False,1,0,30,0.03333333333333333,3.5557452404072123,4.021928094887363,0,0,0,0,0,0,0,0,0,0,1,0,0,0,0,1,0,0,2,2,1,0.0,0,0,0,0,0,0.0,0,0,0,0,0,1,malicious,krakenvirus
ktcalendar,2,2,False,True,True,1,1,0,1,0.03333333333333333,0,1,0,0,False,0,0,False,0,0,False,1,0,30,0.03333333333333333,3.4242011065708686,3.7264741182543757,0,0,0,0,0,0,0,0,0,0,0,1,0,0,0,0,0,0,1,1,1,0.0,0,0,0,0,0,0.0,0,0,0,0,0,1,malicious,ktcalendar
laysound,2,0,False,False,False,1,3,0,3,0.03125,0,0,0,0,False,0,0,False,0,0,False,1,0,32,0.03125,3.222540103292582,3.7264741182543757,0,0,0,0,0,0,0,0,0,0,0,0,0,0,0,0,0,0,3,3,2,0.0,0,0,0,0,1,0.4,0,0,0,0,20,1,malicious,laysound
lcick,2,0,False,False,False,1,3,0,3,0.03125,0,0,0,0,False,0,0,False,0,0,False,1,0,32,0.03125,3.222540103292582,3.7264741182543757,0,0,0,0,0,0,0,0,0,0,0,0,0,0,0,0,0,0,3,3,2,0.0,0,0,0,0,1,0.4,0,0,0,0,20,1,malicious,lcick
ld-impl-linux-64,3,1,True,False,False,1,4,0,3,0.027777777777777776,0,3,0,0,False,0,0,False,0,0,False,2,0,36,0.05555555555555555,3.561517123281943,3.9873261452560076,0,0,0,0,0,0,0,0,0,1,0,0,0,0,0,0,0,1,4,3,1,20.0,2,1,1,1,0,0.0,0,0,0,0,20,1,malicious,ld-impl-linux-64
learning-pypi-demo-nisimi,2,1,True,False,False,1,2,0,2,0.03125,0,0,0,0,False,0,0,False,0,0,False,2,1,32,0.0625,3.2959055502343464,3.7264741182543757,0,0,0,0,0,0,0,0,0,0,0,0,0,0,0,0,0,0,2,2,2,0.0,0,0,1,1,0,0.0,0,0,0,0,0,1,malicious,learning-pypi-demo-nisimi
learninglib,2,1,False,True,False,1,2,0,2,0.03333333333333333,0,0,0,0,False,0,0,False,0,0,False,1,0,30,0.03333333333333333,3.510290694952667,4.021928094887363,0,0,0,0,0,0,0,0,0,0,1,0,0,0,0,1,0,0,2,2,1,0.0,0,0,0,0,0,0.0,0,0,0,0,0,1,malicious,learninglib
libadstringstudy,2,0,False,False,False,0,3,2,3,0.0,0,0,0,2,False,0,1,False,0,0,False,1,0,29,0.034482758620689655,4.120553067373321,5.135185083865586,1,0,0,0,0,1,0,2,0,0,1,1,0,0,0,2,0,0,3,3,3,0.0,0,0,0,0,0,0.0,0,0,0,0,0,1,malicious,libadstringstudy
libari,2,0,False,False,False,1,3,0,3,0.03125,0,0,0,0,False,0,0,False,0,0,False,1,0,32,0.03125,3.222540103292582,3.7264741182543757,0,0,0,0,0,0,0,0,0,0,0,0,0,0,0,0,0,0,3,3,2,0.0,0,0,0,0,1,0.4,0,0,0,0,20,1,malicious,libari
libcandycraftcontrol,2,2,False,True,True,1,1,0,1,0.03333333333333333,0,1,0,0,False,0,0,False,0,0,False,1,0,30,0.03333333333333333,3.605328919016782,3.7264741182543757,0,0,0,0,0,0,0,0,0,0,0,1,0,0,0,0,0,0,1,1,1,0.0,0,0,0,0,0,0.0,0,0,0,0,0,1,malicious,libcandycraftcontrol
libcandyedpong,2,0,False,False,False,1,4,0,4,0.03225806451612903,0,0,0,0,False,0,0,False,0,0,False,2,1,31,0.06451612903225806,3.6240573772988474,3.7264741182543757,0,0,0,0,0,0,0,0,0,0,0,0,0,0,0,0,0,0,4,4,2,0.0,0,0,1,1,1,0.4,0,0,0,0,20,1,malicious,libcandyedpong
libcckillhydra,2,2,False,True,True,1,1,0,1,0.03333333333333333,0,1,0,0,False,0,0,False,0,0,False,1,0,30,0.03333333333333333,3.454239966507295,3.7264741182543757,0,0,0,0,0,0,0,0,0,0,0,1,0,0,0,0,0,0,1,1,1,0.0,0,0,0,0,0,0.0,0,0,0,0,0,1,malicious,libcckillhydra
libcontrolhttpstr,2,1,True,False,False,1,2,0,2,0.03125,0,0,0,0,False,0,0,False,0,0,False,2,1,32,0.0625,3.222119014949712,3.7264741182543757,0,0,0,0,0,0,0,0,0,0,0,0,0,0,0,0,0,0,2,2,2,0.0,0,0,1,1,0,0.0,0,0,0,0,0,1,malicious,libcontrolhttpstr
libcontrolosint,2,1,False,True,False,1,2,0,2,0.03333333333333333,0,0,0,0,False,0,0,False,0,0,False,1,0,30,0.03333333333333333,3.5459376171897175,4.021928094887363,0,0,0,0,0,0,0,0,0,0,1,0,0,0,0,1,0,0,2,2,1,0.0,0,0,0,0,0,0.0,0,0,0,0,0,1,malicious,libcontrolosint
libcontrolstringcc,2,0,False,False,False,1,3,0,3,0.03125,0,0,0,0,False,0,0,False,0,0,False,1,0,32,0.03125,3.226679556966633,3.7264741182543757,0,0,0,0,0,0,0,0,0,0,0,0,0,0,0,0,0,0,3,3,2,0.0,0,0,0,0,1,0.4,0,0,0,0,20,1,malicious,libcontrolstringcc
libcontrolverlgtb,2,1,False,True,False,1,2,0,2,0.03333333333333333,0,0,0,0,False,0,0,False,0,0,False,1,0,30,0.03333333333333333,3.616090261937748,4.021928094887363,0,0,0,0,0,0,0,0,0,0,1,0,0,0,0,1,0,0,2,2,1,0.0,0,0,0,0,0,0.0,0,0,0,0,0,1,malicious,libcontrolverlgtb
libcpupep,3,1,True,False,False,1,4,0,3,0.027777777777777776,0,3,0,0,False,0,0,False,0,0,False,2,0,36,0.05555555555555555,3.6551431436327353,3.9873261452560076,0,0,0,0,0,0,0,0,0,1,0,0,0,0,0,0,0,1,4,3,1,20.0,2,1,1,1,0,0.0,0,0,0,0,20,1,malicious,libcpupep
libcraftcandyrandom,2,1,True,False,False,1,2,0,2,0.03125,0,0,0,0,False,0,0,False,0,0,False,2,1,32,0.0625,3.3002900688054693,3.7264741182543757,0,0,0,0,0,0,0,0,0,0,0,0,0,0,0,0,0,0,2,2,2,0.0,0,0,1,1,0,0.0,0,0,0,0,0,1,malicious,libcraftcandyrandom
libcrafthackedsplit,2,0,False,False,False,0,3,2,3,0.0,0,0,0,2,False,0,1,False,0,0,False,1,0,29,0.034482758620689655,4.194423642029954,5.135185083865586,1,0,0,0,0,1,0,2,0,0,1,1,0,0,0,2,0,0,3,3,3,0.0,0,0,0,0,0,0.0,0,0,0,0,0,1,malicious,libcrafthackedsplit
libcraftlgtbload,2,2,False,True,True,1,1,0,1,0.03333333333333333,0,1,0,0,False,0,0,False,0,0,False,1,0,30,0.03333333333333333,3.5271468246845794,3.7264741182543757,0,0,0,0,0,0,0,0,0,0,0,1,0,0,0,0,0,0,1,1,1,0.0,0,0,0,0,0,0.0,0,0,0,0,0,1,malicious,libcraftlgtbload
libcraftloadurl,2,2,False,True,True,1,1,0,1,0.03333333333333333,0,1,0,0,False,0,0,False,0,0,False,1,0,30,0.03333333333333333,3.524852773525998,3.7264741182543757,0,0,0,0,0,0,0,0,0,0,0,1,0,0,0,0,0,0,1,1,1,0.0,0,0,0,0,0,0.0,0,0,0,0,0,1,malicious,libcraftloadurl
libcraftosint,2,0,False,False,False,0,3,2,3,0.0,0,0,0,2,False,0,1,False,0,0,False,1,0,29,0.034482758620689655,4.084802204189582,5.135185083865586,1,0,0,0,0,1,0,2,0,0,1,1,0,0,0,2,0,0,3,3,3,0.0,0,0,0,0,0,0.0,0,0,0,0,0,1,malicious,libcraftosint
libcrypt,2,2,False,True,True,1,1,0,1,0.03333333333333333,0,1,0,0,False,0,0,False,0,0,False,1,0,30,0.03333333333333333,3.7264741182543757,3.7264741182543757,0,0,0,0,0,0,0,0,0,0,0,1,0,0,0,0,0,0,1,1,1,0.0,0,0,0,0,0,0.0,0,0,0,0,0,1,malicious,libcrypt
libcurl,2,2,False,True,True,1,1,0,1,0.03333333333333333,0,1,0,0,False,0,0,False,0,0,False,1,0,30,0.03333333333333333,3.7264741182543757,3.7264741182543757,0,0,0,0,0,0,0,0,0,0,0,1,0,0,0,0,0,0,1,1,1,0.0,0,0,0,0,0,0.0,0,0,0,0,0,1,malicious,libcurl
libcvcontrolhydra,2,1,False,True,False,1,2,0,2,0.03333333333333333,0,0,0,0,False,0,0,False,0,0,False,1,0,30,0.03333333333333333,3.6860150781460344,4.021928094887363,0,0,0,0,0,0,0,0,0,0,1,0,0,0,0,1,0,0,2,2,1,0.0,0,0,0,0,0,0.0,0,0,0,0,0,1,malicious,libcvcontrolhydra
libcvproofstr,2,2,False,True,True,1,1,0,1,0.03333333333333333,0,1,0,0,False,0,0,False,0,0,False,1,0,30,0.03333333333333333,3.5596107643515804,3.7264741182543757,0,0,0,0,0,0,0,0,0,0,0,1,0,0,0,0,0,0,1,1,1,0.0,0,0,0,0,0,0.0,0,0,0,0,0,1,malicious,libcvproofstr
libedpost,2,1,True,False,False,1,2,0,2,0.03125,0,0,0,0,False,0,0,False,0,0,False,2,1,32,0.0625,3.2081808767710718,3.7264741182543757,0,0,0,0,0,0,0,0,0,0,0,0,0,0,0,0,0,0,2,2,2,0.0,0,0,1,1,0,0.0,0,0,0,0,0,1,malicious,libedpost
libencodesuper,2,0,False,False,False,1,4,0,4,0.03225806451612903,0,0,0,0,False,0,0,False,0,0,False,2,1,31,0.06451612903225806,3.597097109364438,3.7264741182543757,0,0,0,0,0,0,0,0,0,0,0,0,0,0,0,0,0,0,4,4,2,0.0,0,0,1,1,1,0.4,0,0,0,0,20,1,malicious,libencodesuper
libffm,2,0,False,False,False,1,3,0,3,0.03125,0,0,0,0,False,0,0,False,0,0,False,1,0,32,0.03125,3.222540103292582,3.7264741182543757,0,0,0,0,0,0,0,0,0,0,0,0,0,0,0,0,0,0,3,3,2,0.0,0,0,0,0,1,0.4,0,0,0,0,20,1,malicious,libffm
libgamecontrol,2,0,False,False,False,1,3,0,3,0.03125,0,0,0,0,False,0,0,False,0,0,False,1,0,32,0.03125,3.2973152365552663,3.7264741182543757,0,0,0,0,0,0,0,0,0,0,0,0,0,0,0,0,0,0,3,3,2,0.0,0,0,0,0,1,0.4,0,0,0,0,20,1,malicious,libgamecontrol
libgameremask,2,1,False,True,False,1,2,0,2,0.03333333333333333,0,0,0,0,False,0,0,False,0,0,False,1,0,30,0.03333333333333333,3.5915217408076363,4.021928094887363,0,0,0,0,0,0,0,0,0,0,1,0,0,0,0,1,0,0,2,2,1,0.0,0,0,0,0,0,0.0,0,0,0,0,0,1,malicious,libgameremask
libgamevisa,3,1,True,False,False,1,4,0,3,0.027777777777777776,0,3,0,0,False,0,0,False,0,0,False,2,0,36,0.05555555555555555,3.515306171474785,3.9873261452560076,0,0,0,0,0,0,0,0,0,1,0,0,0,0,0,0,0,1,4,3,1,20.0,2,1,1,1,0,0.0,0,0,0,0,20,1,malicious,libgamevisa
libgetrandram,2,1,True,False,False,1,2,0,2,0.03125,0,0,0,0,False,0,0,False,0,0,False,2,1,32,0.0625,3.2543225101905,3.7264741182543757,0,0,0,0,0,0,0,0,0,0,0,0,0,0,0,0,0,0,2,2,2,0.0,0,0,1,1,0,0.0,0,0,0,0,0,1,malicious,libgetrandram
libgomp,2,1,False,True,False,1,2,0,2,0.03333333333333333,0,0,0,0,False,0,0,False,0,0,False,1,0,30,0.03333333333333333,3.709061902209305,4.021928094887363,0,0,0,0,0,0,0,0,0,0,1,0,0,0,0,1,0,0,2,2,1,0.0,0,0,0,0,0,0.0,0,0,0,0,0,1,malicious,libgomp
libgrandgrand,2,0,False,False,False,0,3,2,3,0.0,0,0,0,2,False,0,1,False,0,0,False,1,0,29,0.034482758620689655,3.9309560503434287,5.135185083865586,1,0,0,0,0,1,0,2,0,0,1,1,0,0,0,2,0,0,3,3,3,0.0,0,0,0,0,0,0.0,0,0,0,0,0,1,malicious,libgrandgrand
libgrandint,2,0,False,False,False,0,3,2,3,0.0,0,0,0,2,False,0,1,False,0,0,False,1,0,29,0.034482758620689655,3.985818152373632,5.135185083865586,1,0,0,0,0,1,0,2,0,0,1,1,0,0,0,2,0,0,3,3,3,0.0,0,0,0,0,0,0.0,0,0,0,0,0,1,malicious,libgrandint
libgrandintelpy,2,0,False,False,False,1,4,0,4,0.03225806451612903,0,0,0,0,False,0,0,False,0,0,False,2,1,31,0.06451612903225806,3.616682356931447,3.7264741182543757,0,0,0,0,0,0,0,0,0,0,0,0,0,0,0,0,0,0,4,4,2,0.0,0,0,1,1,1,0.4,0,0,0,0,20,1,malicious,libgrandintelpy
libgrandlibpyw,2,1,True,False,False,1,2,0,2,0.03125,0,0,0,0,False,0,0,False,0,0,False,2,1,32,0.0625,3.2508315309498474,3.7264741182543757,0,0,0,0,0,0,0,0,0,0,0,0,0,0,0,0,0,0,2,2,2,0.0,0,0,1,1,0,0.0,0,0,0,0,0,1,malicious,libgrandlibpyw
libgrandloadcv,2,1,True,False,False,1,2,0,2,0.03125,0,0,0,0,False,0,0,False,0,0,False,2,1,32,0.0625,3.2508315309498474,3.7264741182543757,0,0,0,0,0,0,0,0,0,0,0,0,0,0,0,0,0,0,2,2,2,0.0,0,0,1,1,0,0.0,0,0,0,0,0,1,malicious,libgrandloadcv
libgrandosintencode,2,2,False,True,True,1,1,0,1,0.03333333333333333,0,1,0,0,False,0,0,False,0,0,False,1,0,30,0.03333333333333333,3.6515458815815203,3.7264741182543757,0,0,0,0,0,0,0,0,0,0,0,1,0,0,0,0,0,0,1,1,1,0.0,0,0,0,0,0,0.0,0,0,0,0,0,1,malicious,libgrandosintencode
libgrandrandomintel,2,1,False,True,False,1,2,0,2,0.03333333333333333,0,0,0,0,False,0,0,False,0,0,False,1,0,30,0.03333333333333333,3.649635048410461,4.021928094887363,0,0,0,0,0,0,0,0,0,0,1,0,0,0,0,1,0,0,2,2,1,0.0,0,0,0,0,0,0.0,0,0,0,0,0,1,malicious,libgrandrandomintel
libguicraftcandy,3,1,True,False,False,1,4,0,3,0.027777777777777776,0,3,0,0,False,0,0,False,0,0,False,2,0,36,0.05555555555555555,3.6476073577245516,3.9873261452560076,0,0,0,0,0,0,0,0,0,1,0,0,0,0,0,0,0,1,4,3,1,20.0,2,1,1,1,0,0.0,0,0,0,0,20,1,malicious,libguicraftcandy
libguiencode,2,2,False,True,True,1,1,0,1,0.03333333333333333,0,1,0,0,False,0,0,False,0,0,False,1,0,30,0.03333333333333333,3.4890516428210994,3.7264741182543757,0,0,0,0,0,0,0,0,0,0,0,1,0,0,0,0,0,0,1,1,1,0.0,0,0,0,0,0,0.0,0,0,0,0,0,1,malicious,libguiencode
libguigrandmc,2,0,False,False,False,0,3,2,3,0.0,0,0,0,2,False,0,1,False,0,0,False,1,0,29,0.034482758620689655,4.084802204189582,5.135185083865586,1,0,0,0,0,1,0,2,0,0,1,1,0,0,0,2,0,0,3,3,3,0.0,0,0,0,0,0,0.0,0,0,0,0,0,1,malicious,libguigrandmc
libguireplaceram,2,0,False,False,False,1,3,0,3,0.03125,0,0,0,0,False,0,0,False,0,0,False,1,0,32,0.03125,3.2606550774694365,3.7264741182543757,0,0,0,0,0,0,0,0,0,0,0,0,0,0,0,0,0,0,3,3,2,0.0,0,0,0,0,1,0.4,0,0,0,0,20,1,malicious,libguireplaceram
libguiurlcc,2,1,True,False,False,1,2,0,2,0.03125,0,0,0,0,False,0,0,False,0,0,False,2,1,32,0.0625,3.089175380419446,3.7264741182543757,0,0,0,0,0,0,0,0,0,0,0,0,0,0,0,0,0,0,2,2,2,0.0,0,0,1,1,0,0.0,0,0,0,0,0,1,malicious,libguiurlcc
libhackedhackedgui,2,1,False,True,False,1,2,0,2,0.03333333333333333,0,0,0,0,False,0,0,False,0,0,False,1,0,30,0.03333333333333333,3.6298332325731124,4.021928094887363,0,0,0,0,0,0,0,0,0,0,1,0,0,0,0,1,0,0,2,2,1,0.0,0,0,0,0,0,0.0,0,0,0,0,0,1,malicious,libhackedhackedgui
libhtml5,2,1,True,False,False,1,2,0,2,0.03125,0,0,0,0,False,0,0,False,0,0,False,2,1,32,0.0625,3.2081808767710718,3.7264741182543757,0,0,0,0,0,0,0,0,0,0,0,0,0,0,0,0,0,0,2,2,2,0.0,0,0,1,1,0,0.0,0,0,0,0,0,1,malicious,libhtml5
libhttpcc,2,2,False,True,True,1,1,0,1,0.03333333333333333,0,1,0,0,False,0,0,False,0,0,False,1,0,30,0.03333333333333333,3.7264741182543757,3.7264741182543757,0,0,0,0,0,0,0,0,0,0,0,1,0,0,0,0,0,0,1,1,1,0.0,0,0,0,0,0,0.0,0,0,0,0,0,1,malicious,libhttpcc
libhttppip,2,0,False,False,False,0,3,2,3,0.0,0,0,0,2,False,0,1,False,0,0,False,1,0,29,0.034482758620689655,3.7693661822636595,5.135185083865586,1,0,0,0,0,1,0,2,0,0,1,1,0,0,0,2,0,0,3,3,3,0.0,0,0,0,0,0,0.0,0,0,0,0,0,1,malicious,libhttppip
libhttps,3,1,True,False,False,1,4,0,3,0.027777777777777776,0,3,0,0,False,0,0,False,0,0,False,2,0,36,0.05555555555555555,3.6551431436327353,3.9873261452560076,0,0,0,0,0,0,0,0,0,1,0,0,0,0,0,0,0,1,4,3,1,20.0,2,1,1,1,0,0.0,0,0,0,0,20,1,malicious,libhttps
libhydraint,2,1,False,True,False,1,2,0,2,0.03333333333333333,0,0,0,0,False,0,0,False,0,0,False,1,0,30,0.03333333333333333,3.6011997858617577,4.021928094887363,0,0,0,0,0,0,0,0,0,0,1,0,0,0,0,1,0,0,2,2,1,0.0,0,0,0,0,0,0.0,0,0,0,0,0,1,malicious,libhydraint
libide,2,0,False,False,False,1,3,0,3,0.03125,0,0,0,0,False,0,0,False,0,0,False,1,0,32,0.03125,3.222540103292582,3.7264741182543757,0,0,0,0,0,0,0,0,0,0,0,0,0,0,0,0,0,0,3,3,2,0.0,0,0,0,0,1,0.4,0,0,0,0,20,1,malicious,libide
libidreq,2,2,False,True,True,1,1,0,1,0.03333333333333333,0,1,0,0,False,0,0,False,0,0,False,1,0,30,0.03333333333333333,3.7264741182543757,3.7264741182543757,0,0,0,0,0,0,0,0,0,0,0,1,0,0,0,0,0,0,1,1,1,0.0,0,0,0,0,0,0.0,0,0,0,0,0,1,malicious,libidreq
libidrequest,2,0,False,False,False,1,3,0,3,0.03125,0,0,0,0,False,0,0,False,0,0,False,1,0,32,0.03125,3.2298123693163925,3.7264741182543757,0,0,0,0,0,0,0,0,0,0,0,0,0,0,0,0,0,0,3,3,2,0.0,0,0,0,0,1,0.4,0,0,0,0,20,1,malicious,libidrequest
libinfoed,2,0,False,False,False,1,3,0,3,0.03125,0,0,0,0,False,0,0,False,0,0,False,1,0,32,0.03125,3.222540103292582,3.7264741182543757,0,0,0,0,0,0,0,0,0,0,0,0,0,0,0,0,0,0,3,3,2,0.0,0,0,0,0,1,0.4,0,0,0,0,20,1,malicious,libinfoed
libinforam,2,0,False,False,False,0,3,2,3,0.0,0,0,0,2,False,0,1,False,0,0,False,1,0,29,0.034482758620689655,3.9945290990024414,5.135185083865586,1,0,0,0,0,1,0,2,0,0,1,1,0,0,0,2,0,0,3,3,3,0.0,0,0,0,0,0,0.0,0,0,0,0,0,1,malicious,libinforam
libinforeplacehacked,2,2,False,True,True,1,1,0,1,0.03333333333333333,0,1,0,0,False,0,0,False,0,0,False,1,0,30,0.03333333333333333,3.705328919016782,3.7264741182543757,0,0,0,0,0,0,0,0,0,0,0,1,0,0,0,0,0,0,1,1,1,0.0,0,0,0,0,0,0.0,0,0,0,0,0,1,malicious,libinforeplacehacked
libintelcv,2,2,False,True,True,1,1,0,1,0.03333333333333333,0,1,0,0,False,0,0,False,0,0,False,1,0,30,0.03333333333333333,3.324201106570869,3.7264741182543757,0,0,0,0,0,0,0,0,0,0,0,1,0,0,0,0,0,0,1,1,1,0.0,0,0,0,0,0,0.0,0,0,0,0,0,1,malicious,libintelcv
libintelkillinfo,2,0,False,False,False,0,3,2,3,0.0,0,0,0,2,False,0,1,False,0,0,False,1,0,29,0.034482758620689655,3.912219734039988,5.135185083865586,1,0,0,0,0,1,0,2,0,0,1,1,0,0,0,2,0,0,3,3,3,0.0,0,0,0,0,0,0.0,0,0,0,0,0,1,malicious,libintelkillinfo
libintelpyw,2,0,False,False,False,0,3,2,3,0.0,0,0,0,2,False,0,1,False,0,0,False,1,0,29,0.034482758620689655,3.985818152373632,5.135185083865586,1,0,0,0,0,1,0,2,0,0,1,1,0,0,0,2,0,0,3,3,3,0.0,0,0,0,0,0,0.0,0,0,0,0,0,1,malicious,libintelpyw
libintelram,3,1,True,False,False,1,4,0,3,0.027777777777777776,0,3,0,0,False,0,0,False,0,0,False,2,0,36,0.05555555555555555,3.515306171474785,3.9873261452560076,0,0,0,0,0,0,0,0,0,1,0,0,0,0,0,0,0,1,4,3,1,20.0,2,1,1,1,0,0.0,0,0,0,0,20,1,malicious,libintelram
libinthydragrand,2,0,False,False,False,1,3,0,3,0.03125,0,0,0,0,False,0,0,False,0,0,False,1,0,32,0.03125,3.2606550774694365,3.7264741182543757,0,0,0,0,0,0,0,0,0,0,0,0,0,0,0,0,0,0,3,3,2,0.0,0,0,0,0,1,0.4,0,0,0,0,20,1,malicious,libinthydragrand
libintultrapyw,2,1,False,True,False,1,2,0,2,0.03333333333333333,0,0,0,0,False,0,0,False,0,0,False,1,0,30,0.03333333333333333,3.626492300028523,4.021928094887363,0,0,0,0,0,0,0,0,0,0,1,0,0,0,0,1,0,0,2,2,1,0.0,0,0,0,0,0,0.0,0,0,0,0,0,1,malicious,libintultrapyw
libiobe,3,1,True,False,False,1,4,0,3,0.027777777777777776,0,3,0,0,False,0,0,False,0,0,False,2,0,36,0.05555555555555555,3.6551431436327353,3.9873261452560076,0,0,0,0,0,0,0,0,0,1,0,0,0,0,0,0,0,1,4,3,1,20.0,2,1,1,1,0,0.0,0,0,0,0,20,1,malicious,libiobe
libkillgamemc,2,1,False,True,False,1,2,0,2,0.03333333333333333,0,0,0,0,False,0,0,False,0,0,False,1,0,30,0.03333333333333333,3.5385431349968006,4.021928094887363,0,0,0,0,0,0,0,0,0,0,1,0,0,0,0,1,0,0,2,2,1,0.0,0,0,0,0,0,0.0,0,0,0,0,0,1,malicious,libkillgamemc
libkillmc,2,0,False,False,False,1,3,0,3,0.03125,0,0,0,0,False,0,0,False,0,0,False,1,0,32,0.03125,3.222540103292582,3.7264741182543757,0,0,0,0,0,0,0,0,0,0,0,0,0,0,0,0,0,0,3,3,2,0.0,0,0,0,0,1,0.4,0,0,0,0,20,1,malicious,libkillmc
libkillstringreplace,2,1,False,True,False,1,2,0,2,0.03333333333333333,0,0,0,0,False,0,0,False,0,0,False,1,0,30,0.03333333333333333,3.652842356601776,4.021928094887363,0,0,0,0,0,0,0,0,0,0,1,0,0,0,0,1,0,0,2,2,1,0.0,0,0,0,0,0,0.0,0,0,0,0,0,1,malicious,libkillstringreplace
liblgtbpostpaypal,2,1,True,False,False,1,2,0,2,0.03125,0,0,0,0,False,0,0,False,0,0,False,2,1,32,0.0625,3.1999164413566685,3.7264741182543757,0,0,0,0,0,0,0,0,0,0,0,0,0,0,0,0,0,0,2,2,2,0.0,0,0,1,1,0,0.0,0,0,0,0,0,1,malicious,liblgtbpostpaypal
liblibhttpinfo,2,0,False,False,False,1,3,0,3,0.03125,0,0,0,0,False,0,0,False,0,0,False,1,0,32,0.03125,3.1766922454452042,3.7264741182543757,0,0,0,0,0,0,0,0,0,0,0,0,0,0,0,0,0,0,3,3,2,0.0,0,0,0,0,1,0.4,0,0,0,0,20,1,malicious,liblibhttpinfo
libloadhackedpyw,3,1,True,False,False,1,4,0,3,0.027777777777777776,0,3,0,0,False,0,0,False,0,0,False,2,0,36,0.05555555555555555,3.6476073577245516,3.9873261452560076,0,0,0,0,0,0,0,0,0,1,0,0,0,0,0,0,0,1,4,3,1,20.0,2,1,1,1,0,0.0,0,0,0,0,20,1,malicious,libloadhackedpyw
libloadram,3,1,True,False,False,1,4,0,3,0.027777777777777776,0,3,0,0,False,0,0,False,0,0,False,2,0,36,0.05555555555555555,3.471839381446392,3.9873261452560076,0,0,0,0,0,0,0,0,0,1,0,0,0,0,0,0,0,1,4,3,1,20.0,2,1,1,1,0,0.0,0,0,0,0,20,1,malicious,libloadram
libmaskintel,2,0,False,False,False,0,3,2,3,0.0,0,0,0,2,False,0,1,False,0,0,False,1,0,29,0.034482758620689655,4.037762789835928,5.135185083865586,1,0,0,0,0,1,0,2,0,0,1,1,0,0,0,2,0,0,3,3,3,0.0,0,0,0,0,0,0.0,0,0,0,0,0,1,malicious,libmaskintel
libmaskramcv,3,1,True,False,False,1,4,0,3,0.027777777777777776,0,3,0,0,False,0,0,False,0,0,False,2,0,36,0.05555555555555555,3.554264649571507,3.9873261452560076,0,0,0,0,0,0,0,0,0,1,0,0,0,0,0,0,0,1,4,3,1,20.0,2,1,1,1,0,0.0,0,0,0,0,20,1,malicious,libmaskramcv
libmasksplittool,2,0,False,False,False,0,3,2,3,0.0,0,0,0,2,False,0,1,False,0,0,False,1,0,29,0.034482758620689655,4.021492911078249,5.135185083865586,1,0,0,0,0,1,0,2,0,0,1,1,0,0,0,2,0,0,3,3,3,0.0,0,0,0,0,0,0.0,0,0,0,0,0,1,malicious,libmasksplittool
libmcpingstudy,2,0,False,False,False,1,4,0,4,0.03225806451612903,0,0,0,0,False,0,0,False,0,0,False,2,1,31,0.06451612903225806,3.695485948727419,3.7264741182543757,0,0,0,0,0,0,0,0,0,0,0,0,0,0,0,0,0,0,4,4,2,0.0,0,0,1,1,1,0.4,0,0,0,0,20,1,malicious,libmcpingstudy
libminerandomosint,2,2,False,True,True,1,1,0,1,0.03333333333333333,0,1,0,0,False,0,0,False,0,0,False,1,0,30,0.03333333333333333,3.572928031950373,3.7264741182543757,0,0,0,0,0,0,0,0,0,0,0,1,0,0,0,0,0,0,1,1,1,0.0,0,0,0,0,0,0.0,0,0,0,0,0,1,malicious,libminerandomosint
libosintliblgtb,2,0,False,False,False,1,3,0,3,0.03125,0,0,0,0,False,0,0,False,0,0,False,1,0,32,0.03125,3.1225500179300596,3.7264741182543757,0,0,0,0,0,0,0,0,0,0,0,0,0,0,0,0,0,0,3,3,2,0.0,0,0,0,0,1,0.4,0,0,0,0,20,1,malicious,libosintliblgtb
libosintpostvisa,2,0,False,False,False,0,3,2,3,0.0,0,0,0,2,False,0,1,False,0,0,False,1,0,29,0.034482758620689655,4.005766088116509,5.135185083865586,1,0,0,0,0,1,0,2,0,0,1,1,0,0,0,2,0,0,3,3,3,0.0,0,0,0,0,0,0.0,0,0,0,0,0,1,malicious,libosintpostvisa
libpaypalhackedlgtb,2,0,False,False,False,0,3,2,3,0.0,0,0,0,2,False,0,1,False,0,0,False,1,0,29,0.034482758620689655,4.132848641954043,5.135185083865586,1,0,0,0,0,1,0,2,0,0,1,1,0,0,0,2,0,0,3,3,3,0.0,0,0,0,0,0,0.0,0,0,0,0,0,1,malicious,libpaypalhackedlgtb
libpeppostmask,2,1,True,False,False,1,2,0,2,0.03125,0,0,0,0,False,0,0,False,0,0,False,2,1,32,0.0625,3.2373513969826426,3.7264741182543757,0,0,0,0,0,0,0,0,0,0,0,0,0,0,0,0,0,0,2,2,2,0.0,0,0,1,1,0,0.0,0,0,0,0,0,1,malicious,libpeppostmask
libpesh,2,0,False,False,False,1,3,0,3,0.03125,0,0,0,0,False,0,0,False,0,0,False,1,0,32,0.03125,3.222540103292582,3.7264741182543757,0,0,0,0,0,0,0,0,0,0,0,0,0,0,0,0,0,0,3,3,2,0.0,0,0,0,0,1,0.4,0,0,0,0,20,1,malicious,libpesh
libpeshka,2,1,True,False,False,1,2,0,2,0.03125,0,0,0,0,False,0,0,False,0,0,False,2,1,32,0.0625,3.2081808767710718,3.7264741182543757,0,0,0,0,0,0,0,0,0,0,0,0,0,0,0,0,0,0,2,2,2,0.0,0,0,1,1,0,0.0,0,0,0,0,0,1,malicious,libpeshka
libpeshnx,2,1,True,False,False,1,2,0,2,0.03125,0,0,0,0,False,0,0,False,0,0,False,2,1,32,0.0625,3.2081808767710718,3.7264741182543757,0,0,0,0,0,0,0,0,0,0,0,0,0,0,0,0,0,0,2,2,2,0.0,0,0,1,1,0,0.0,0,0,0,0,0,1,malicious,libpeshnx
libpingreintel,2,1,True,False,False,1,2,0,2,0.03125,0,0,0,0,False,0,0,False,0,0,False,2,1,32,0.0625,3.1659228255540715,3.7264741182543757,0,0,0,0,0,0,0,0,0,0,0,0,0,0,0,0,0,0,2,2,2,0.0,0,0,1,1,0,0.0,0,0,0,0,0,1,malicious,libpingreintel
libpingstringreplace,3,1,True,False,False,1,4,0,3,0.027777777777777776,0,3,0,0,False,0,0,False,0,0,False,2,0,36,0.05555555555555555,3.612403287669349,3.9873261452560076,0,0,0,0,0,0,0,0,0,1,0,0,0,0,0,0,0,1,4,3,1,20.0,2,1,1,1,0,0.0,0,0,0,0,20,1,malicious,libpingstringreplace
libpipinfoad,2,1,False,True,False,1,2,0,2,0.03333333333333333,0,0,0,0,False,0,0,False,0,0,False,1,0,30,0.03333333333333333,3.537310228875529,4.021928094887363,0,0,0,0,0,0,0,0,0,0,1,0,0,0,0,1,0,0,2,2,1,0.0,0,0,0,0,0,0.0,0,0,0,0,0,1,malicious,libpipinfoad
libpiposintmc,3,1,True,False,False,1,4,0,3,0.027777777777777776,0,3,0,0,False,0,0,False,0,0,False,2,0,36,0.05555555555555555,3.5365656045259115,3.9873261452560076,0,0,0,0,0,0,0,0,0,1,0,0,0,0,0,0,0,1,4,3,1,20.0,2,1,1,1,0,0.0,0,0,0,0,20,1,malicious,libpiposintmc
libpongcvvm,3,1,True,False,False,1,4,0,3,0.027777777777777776,0,3,0,0,False,0,0,False,0,0,False,2,0,36,0.05555555555555555,3.5607607169293303,3.9873261452560076,0,0,0,0,0,0,0,0,0,1,0,0,0,0,0,0,0,1,4,3,1,20.0,2,1,1,1,0,0.0,0,0,0,0,20,1,malicious,libpongcvvm
libpongmc,2,0,False,False,False,1,3,0,3,0.03125,0,0,0,0,False,0,0,False,0,0,False,1,0,32,0.03125,3.222540103292582,3.7264741182543757,0,0,0,0,0,0,0,0,0,0,0,0,0,0,0,0,0,0,3,3,2,0.0,0,0,0,0,1,0.4,0,0,0,0,20,1,malicious,libpongmc
libpongurlvm,2,0,False,False,False,0,3,2,3,0.0,0,0,0,2,False,0,1,False,0,0,False,1,0,29,0.034482758620689655,4.093318345391483,5.135185083865586,1,0,0,0,0,1,0,2,0,0,1,1,0,0,0,2,0,0,3,3,3,0.0,0,0,0,0,0,0.0,0,0,0,0,0,1,malicious,libpongurlvm
libpostpong,2,2,False,True,True,1,1,0,1,0.03333333333333333,0,1,0,0,False,0,0,False,0,0,False,1,0,30,0.03333333333333333,3.411134686627655,3.7264741182543757,0,0,0,0,0,0,0,0,0,0,0,1,0,0,0,0,0,0,1,1,1,0.0,0,0,0,0,0,0.0,0,0,0,0,0,1,malicious,libpostpong
libproofpong,2,0,False,False,False,1,4,0,4,0.03225806451612903,0,0,0,0,False,0,0,False,0,0,False,2,1,31,0.06451612903225806,3.374264663564288,3.7264741182543757,0,0,0,0,0,0,0,0,0,0,0,0,0,0,0,0,0,0,4,4,2,0.0,0,0,1,1,1,0.4,0,0,0,0,20,1,malicious,libproofpong
libproofproofproof,2,1,True,False,False,1,2,0,2,0.03125,0,0,0,0,False,0,0,False,0,0,False,2,1,32,0.0625,3.0350830536219737,3.7264741182543757,0,0,0,0,0,0,0,0,0,0,0,0,0,0,0,0,0,0,2,2,2,0.0,0,0,1,1,0,0.0,0,0,0,0,0,1,malicious,libproofproofproof
libpullpongpaypal,2,2,False,True,True,1,1,0,1,0.03333333333333333,0,1,0,0,False,0,0,False,0,0,False,1,0,30,0.03333333333333333,3.3775567150464756,3.7264741182543757,0,0,0,0,0,0,0,0,0,0,0,1,0,0,0,0,0,0,1,1,1,0.0,0,0,0,0,0,0.0,0,0,0,0,0,1,malicious,libpullpongpaypal
libpullproofencode,2,2,False,True,True,1,1,0,1,0.03333333333333333,0,1,0,0,False,0,0,False,0,0,False,1,0,30,0.03333333333333333,3.572928031950373,3.7264741182543757,0,0,0,0,0,0,0,0,0,0,0,1,0,0,0,0,0,0,1,1,1,0.0,0,0,0,0,0,0.0,0,0,0,0,0,1,malicious,libpullproofencode
libpushmasklgtb,3,1,True,False,False,1,4,0,3,0.027777777777777776,0,3,0,0,False,0,0,False,0,0,False,2,0,36,0.05555555555555555,3.618080006626681,3.9873261452560076,0,0,0,0,0,0,0,0,0,1,0,0,0,0,0,0,0,1,4,3,1,20.0,2,1,1,1,0,0.0,0,0,0,0,20,1,malicious,libpushmasklgtb
libpyw,2,0,False,False,False,1,4,0,4,0.03225806451612903,0,0,0,0,False,0,0,False,0,0,False,2,1,31,0.06451612903225806,3.7264741182543757,3.7264741182543757,0,0,0,0,0,0,0,0,0,0,0,0,0,0,0,0,0,0,4,4,2,0.0,0,0,1,1,1,0.4,0,0,0,0,20,1,malicious,libpyw
libpywgame,2,2,False,True,True,1,1,0,1,0.03333333333333333,0,1,0,0,False,0,0,False,0,0,False,1,0,30,0.03333333333333333,3.524201106570869,3.7264741182543757,0,0,0,0,0,0,0,0,0,0,0,1,0,0,0,0,0,0,1,1,1,0.0,0,0,0,0,0,0.0,0,0,0,0,0,1,malicious,libpywgame
libpywgui,2,1,False,True,False,1,2,0,2,0.03333333333333333,0,0,0,0,False,0,0,False,0,0,False,1,0,30,0.03333333333333333,3.709061902209305,4.021928094887363,0,0,0,0,0,0,0,0,0,0,1,0,0,0,0,1,0,0,2,2,1,0.0,0,0,0,0,0,0.0,0,0,0,0,0,1,malicious,libpywgui
libpywintnvidia,2,1,False,True,False,1,2,0,2,0.03333333333333333,0,0,0,0,False,0,0,False,0,0,False,1,0,30,0.03333333333333333,3.5918524088924415,4.021928094887363,0,0,0,0,0,0,0,0,0,0,1,0,0,0,0,1,0,0,2,2,1,0.0,0,0,0,0,0,0.0,0,0,0,0,0,1,malicious,libpywintnvidia
libpywstrvm,2,0,False,False,False,0,3,2,3,0.0,0,0,0,2,False,0,1,False,0,0,False,1,0,29,0.034482758620689655,4.107030273585753,5.135185083865586,1,0,0,0,0,1,0,2,0,0,1,1,0,0,0,2,0,0,3,3,3,0.0,0,0,0,0,0,0.0,0,0,0,0,0,1,malicious,libpywstrvm
libpywvisavirtual,2,0,False,False,False,1,3,0,3,0.03125,0,0,0,0,False,0,0,False,0,0,False,1,0,32,0.03125,3.2806106774560884,3.7264741182543757,0,0,0,0,0,0,0,0,0,0,0,0,0,0,0,0,0,0,3,3,2,0.0,0,0,0,0,1,0.4,0,0,0,0,20,1,malicious,libpywvisavirtual
libramcv,2,1,False,True,False,1,2,0,2,0.03333333333333333,0,0,0,0,False,0,0,False,0,0,False,1,0,30,0.03333333333333333,3.709061902209305,4.021928094887363,0,0,0,0,0,0,0,0,0,0,1,0,0,0,0,1,0,0,2,2,1,0.0,0,0,0,0,0,0.0,0,0,0,0,0,1,malicious,libramcv
librandloadad,2,1,True,False,False,1,2,0,2,0.03125,0,0,0,0,False,0,0,False,0,0,False,2,1,32,0.0625,3.109903760107289,3.7264741182543757,0,0,0,0,0,0,0,0,0,0,0,0,0,0,0,0,0,0,2,2,2,0.0,0,0,1,1,0,0.0,0,0,0,0,0,1,malicious,librandloadad
librandloadmine,2,2,False,True,True,1,1,0,1,0.03333333333333333,0,1,0,0,False,0,0,False,0,0,False,1,0,30,0.03333333333333333,3.4833490235981137,3.7264741182543757,0,0,0,0,0,0,0,0,0,0,0,1,0,0,0,0,0,0,1,1,1,0.0,0,0,0,0,0,0.0,0,0,0,0,0,1,malicious,librandloadmine
librandomcrafthydra,2,0,False,False,False,1,3,0,3,0.03125,0,0,0,0,False,0,0,False,0,0,False,1,0,32,0.03125,3.3274425478786624,3.7264741182543757,0,0,0,0,0,0,0,0,0,0,0,0,0,0,0,0,0,0,3,3,2,0.0,0,0,0,0,1,0.4,0,0,0,0,20,1,malicious,librandomcrafthydra
librat,2,1,False,True,False,1,2,0,2,0.03333333333333333,0,0,0,0,False,0,0,False,0,0,False,1,0,30,0.03333333333333333,3.709061902209305,4.021928094887363,0,0,0,0,0,0,0,0,0,0,1,0,0,0,0,1,0,0,2,2,1,0.0,0,0,0,0,0,0.0,0,0,0,0,0,1,malicious,librat
libreplaceintel,2,0,False,False,False,0,3,2,3,0.0,0,0,0,2,False,0,1,False,0,0,False,1,0,29,0.034482758620689655,4.000410488035562,5.135185083865586,1,0,0,0,0,1,0,2,0,0,1,1,0,0,0,2,0,0,3,3,3,0.0,0,0,0,0,0,0.0,0,0,0,0,0,1,malicious,libreplaceintel
libreplaceultraintel,2,2,False,True,True,1,1,0,1,0.03333333333333333,0,1,0,0,False,0,0,False,0,0,False,1,0,30,0.03333333333333333,3.5053289190167822,3.7264741182543757,0,0,0,0,0,0,0,0,0,0,0,1,0,0,0,0,0,0,1,1,1,0.0,0,0,0,0,0,0.0,0,0,0,0,0,1,malicious,libreplaceultraintel
librere,2,0,False,False,False,0,3,2,3,0.0,0,0,0,2,False,0,1,False,0,0,False,1,0,29,0.034482758620689655,4.4308296010599815,5.135185083865586,1,0,0,0,0,1,0,2,0,0,1,1,0,0,0,2,0,0,3,3,3,0.0,0,0,0,0,0,0.0,0,0,0,0,0,1,malicious,librere
librereplacereplace,2,0,False,False,False,1,4,0,4,0.03225806451612903,0,0,0,0,False,0,0,False,0,0,False,2,1,31,0.06451612903225806,3.273531987460461,3.7264741182543757,0,0,0,0,0,0,0,0,0,0,0,0,0,0,0,0,0,0,4,4,2,0.0,0,0,1,1,1,0.4,0,0,0,0,20,1,malicious,librereplacereplace
libsplitguipull,3,1,True,False,False,1,4,0,3,0.027777777777777776,0,3,0,0,False,0,0,False,0,0,False,2,0,36,0.05555555555555555,3.438831881590623,3.9873261452560076,0,0,0,0,0,0,0,0,0,1,0,0,0,0,0,0,0,1,4,3,1,20.0,2,1,1,1,0,0.0,0,0,0,0,20,1,malicious,libsplitguipull
libsplitintel,2,0,False,False,False,0,3,2,3,0.0,0,0,0,2,False,0,1,False,0,0,False,1,0,29,0.034482758620689655,3.8922438707453018,5.135185083865586,1,0,0,0,0,1,0,2,0,0,1,1,0,0,0,2,0,0,3,3,3,0.0,0,0,0,0,0,0.0,0,0,0,0,0,1,malicious,libsplitintel
libssl,2,1,False,True,False,1,2,0,2,0.03333333333333333,0,0,0,0,False,0,0,False,0,0,False,1,0,30,0.03333333333333333,3.709061902209305,4.021928094887363,0,0,0,0,0,0,0,0,0,0,1,0,0,0,0,1,0,0,2,2,1,0.0,0,0,0,0,0,0.0,0,0,0,0,0,1,malicious,libssl
libstr,2,0,False,False,False,0,3,2,3,0.0,0,0,0,2,False,0,1,False,0,0,False,1,0,29,0.034482758620689655,4.4308296010599815,5.135185083865586,1,0,0,0,0,1,0,2,0,0,1,1,0,0,0,2,0,0,3,3,3,0.0,0,0,0,0,0,0.0,0,0,0,0,0,1,malicious,libstr
libstringhackedhacked,2,0,False,False,False,1,4,0,4,0.03225806451612903,0,0,0,0,False,0,0,False,0,0,False,2,1,31,0.06451612903225806,3.726062437183235,3.7264741182543757,0,0,0,0,0,0,0,0,0,0,0,0,0,0,0,0,0,0,4,4,2,0.0,0,0,1,1,1,0.4,0,0,0,0,20,1,malicious,libstringhackedhacked
libstringpostmask,3,1,True,False,False,1,4,0,3,0.027777777777777776,0,3,0,0,False,0,0,False,0,0,False,2,0,36,0.05555555555555555,3.6344747224170852,3.9873261452560076,0,0,0,0,0,0,0,0,0,1,0,0,0,0,0,0,0,1,4,3,1,20.0,2,1,1,1,0,0.0,0,0,0,0,20,1,malicious,libstringpostmask
libstringpy,2,0,False,False,False,1,3,0,3,0.03125,0,0,0,0,False,0,0,False,0,0,False,1,0,32,0.03125,3.2363084366742156,3.7264741182543757,0,0,0,0,0,0,0,0,0,0,0,0,0,0,0,0,0,0,3,3,2,0.0,0,0,0,0,1,0.4,0,0,0,0,20,1,malicious,libstringpy
libstringstringgame,3,1,True,False,False,1,4,0,3,0.027777777777777776,0,3,0,0,False,0,0,False,0,0,False,2,0,36,0.05555555555555555,3.572947459712725,3.9873261452560076,0,0,0,0,0,0,0,0,0,1,0,0,0,0,0,0,0,1,4,3,1,20.0,2,1,1,1,0,0.0,0,0,0,0,20,1,malicious,libstringstringgame
libstringvmed,2,2,False,True,True,1,1,0,1,0.03333333333333333,0,1,0,0,False,0,0,False,0,0,False,1,0,30,0.03333333333333333,3.636533841274657,3.7264741182543757,0,0,0,0,0,0,0,0,0,0,0,1,0,0,0,0,0,0,1,1,1,0.0,0,0,0,0,0,0.0,0,0,0,0,0,1,malicious,libstringvmed
libstrreget,2,2,False,True,True,1,1,0,1,0.03333333333333333,0,1,0,0,False,0,0,False,0,0,False,1,0,30,0.03333333333333333,3.320225595718564,3.7264741182543757,0,0,0,0,0,0,0,0,0,0,0,1,0,0,0,0,0,0,1,1,1,0.0,0,0,0,0,0,0.0,0,0,0,0,0,1,malicious,libstrreget
libsupercontrol,2,0,False,False,False,1,4,0,4,0.03225806451612903,0,0,0,0,False,0,0,False,0,0,False,2,1,31,0.06451612903225806,3.616682356931447,3.7264741182543757,0,0,0,0,0,0,0,0,0,0,0,0,0,0,0,0,0,0,4,4,2,0.0,0,0,1,1,1,0.4,0,0,0,0,20,1,malicious,libsupercontrol
libsuperencode,2,2,False,True,True,1,1,0,1,0.03333333333333333,0,1,0,0,False,0,0,False,0,0,False,1,0,30,0.03333333333333333,3.597097109364438,3.7264741182543757,0,0,0,0,0,0,0,0,0,0,0,1,0,0,0,0,0,0,1,1,1,0.0,0,0,0,0,0,0.0,0,0,0,0,0,1,malicious,libsuperencode
libsuperkilllib,2,1,False,True,False,1,2,0,2,0.03333333333333333,0,0,0,0,False,0,0,False,0,0,False,1,0,30,0.03333333333333333,3.512604283856384,4.021928094887363,0,0,0,0,0,0,0,0,0,0,1,0,0,0,0,1,0,0,2,2,1,0.0,0,0,0,0,0,0.0,0,0,0,0,0,1,malicious,libsuperkilllib
libultracc,3,1,True,False,False,1,4,0,3,0.027777777777777776,0,3,0,0,False,0,0,False,0,0,False,2,0,36,0.05555555555555555,3.471839381446392,3.9873261452560076,0,0,0,0,0,0,0,0,0,1,0,0,0,0,0,0,0,1,4,3,1,20.0,2,1,1,1,0,0.0,0,0,0,0,20,1,malicious,libultracc
libultralib,2,0,False,False,False,1,3,0,3,0.03125,0,0,0,0,False,0,0,False,0,0,False,1,0,32,0.03125,3.0827882661705006,3.7264741182543757,0,0,0,0,0,0,0,0,0,0,0,0,0,0,0,0,0,0,3,3,2,0.0,0,0,0,0,1,0.4,0,0,0,0,20,1,malicious,libultralib
libultratool,2,0,False,False,False,1,4,0,4,0.03225806451612903,0,0,0,0,False,0,0,False,0,0,False,2,1,31,0.06451612903225806,3.2909313302309546,3.7264741182543757,0,0,0,0,0,0,0,0,0,0,0,0,0,0,0,0,0,0,4,4,2,0.0,0,0,1,1,1,0.4,0,0,0,0,20,1,malicious,libultratool
liburlcraftgrand,2,1,False,True,False,1,2,0,2,0.03333333333333333,0,0,0,0,False,0,0,False,0,0,False,1,0,30,0.03333333333333333,3.6450013094356746,4.021928094887363,0,0,0,0,0,0,0,0,0,0,1,0,0,0,0,1,0,0,2,2,1,0.0,0,0,0,0,0,0.0,0,0,0,0,0,1,malicious,liburlcraftgrand
liburlsuperpost,2,0,False,False,False,1,4,0,4,0.03225806451612903,0,0,0,0,False,0,0,False,0,0,False,2,1,31,0.06451612903225806,3.4833490235981137,3.7264741182543757,0,0,0,0,0,0,0,0,0,0,0,0,0,0,0,0,0,0,4,4,2,0.0,0,0,1,1,1,0.4,0,0,0,0,20,1,malicious,liburlsuperpost
liburlurl,2,0,False,False,False,1,3,0,3,0.03125,0,0,0,0,False,0,0,False,0,0,False,1,0,32,0.03125,3.222540103292582,3.7264741182543757,0,0,0,0,0,0,0,0,0,0,0,0,0,0,0,0,0,0,3,3,2,0.0,0,0,0,0,1,0.4,0,0,0,0,20,1,malicious,liburlurl
libvercvint,2,0,False,False,False,1,4,0,4,0.03225806451612903,0,0,0,0,False,0,0,False,0,0,False,2,1,31,0.06451612903225806,3.411134686627655,3.7264741182543757,0,0,0,0,0,0,0,0,0,0,0,0,0,0,0,0,0,0,4,4,2,0.0,0,0,1,1,1,0.4,0,0,0,0,20,1,malicious,libvercvint
libvergameurl,3,1,True,False,False,1,4,0,3,0.027777777777777776,0,3,0,0,False,0,0,False,0,0,False,2,0,36,0.05555555555555555,3.5510826718752093,3.9873261452560076,0,0,0,0,0,0,0,0,0,1,0,0,0,0,0,0,0,1,4,3,1,20.0,2,1,1,1,0,0.0,0,0,0,0,20,1,malicious,libvergameurl
libvirtualgame,2,0,False,False,False,0,3,2,3,0.0,0,0,0,2,False,0,1,False,0,0,False,1,0,29,0.034482758620689655,4.080147565202046,5.135185083865586,1,0,0,0,0,1,0,2,0,0,1,1,0,0,0,2,0,0,3,3,3,0.0,0,0,0,0,0,0.0,0,0,0,0,0,1,malicious,libvirtualgame
libvirtuallgtbrand,2,2,False,True,True,1,1,0,1,0.03333333333333333,0,1,0,0,False,0,0,False,0,0,False,1,0,30,0.03333333333333333,3.5383415736771364,3.7264741182543757,0,0,0,0,0,0,0,0,0,0,0,1,0,0,0,0,0,0,1,1,1,0.0,0,0,0,0,0,0.0,0,0,0,0,0,1,malicious,libvirtuallgtbrand
libvirtualnvidiamask,2,0,False,False,False,0,3,2,3,0.0,0,0,0,2,False,0,1,False,0,0,False,1,0,29,0.034482758620689655,4.115280973966384,5.135185083865586,1,0,0,0,0,1,0,2,0,0,1,1,0,0,0,2,0,0,3,3,3,0.0,0,0,0,0,0,0.0,0,0,0,0,0,1,malicious,libvirtualnvidiamask
libvirtualpipvisa,2,2,False,True,True,1,1,0,1,0.03333333333333333,0,1,0,0,False,0,0,False,0,0,False,1,0,30,0.03333333333333333,3.43638024445824,3.7264741182543757,0,0,0,0,0,0,0,0,0,0,0,1,0,0,0,0,0,0,1,1,1,0.0,0,0,0,0,0,0.0,0,0,0,0,0,1,malicious,libvirtualpipvisa
libvirtualpull,2,0,False,False,False,0,3,2,3,0.0,0,0,0,2,False,0,1,False,0,0,False,1,0,29,0.034482758620689655,3.937290422344903,5.135185083865586,1,0,0,0,0,1,0,2,0,0,1,1,0,0,0,2,0,0,3,3,3,0.0,0,0,0,0,0,0.0,0,0,0,0,0,1,malicious,libvirtualpull
libvirtualsplitstring,2,0,False,False,False,1,3,0,3,0.03125,0,0,0,0,False,0,0,False,0,0,False,1,0,32,0.03125,3.2589156831126154,3.7264741182543757,0,0,0,0,0,0,0,0,0,0,0,0,0,0,0,0,0,0,3,3,2,0.0,0,0,0,0,1,0.4,0,0,0,0,20,1,malicious,libvirtualsplitstring
libvisacandyver,2,0,False,False,False,1,4,0,4,0.03225806451612903,0,0,0,0,False,0,0,False,0,0,False,2,1,31,0.06451612903225806,3.616682356931447,3.7264741182543757,0,0,0,0,0,0,0,0,0,0,0,0,0,0,0,0,0,0,4,4,2,0.0,0,0,1,1,1,0.4,0,0,0,0,20,1,malicious,libvisacandyver
libvisamc,2,0,False,False,False,1,3,0,3,0.03125,0,0,0,0,False,0,0,False,0,0,False,1,0,32,0.03125,3.222540103292582,3.7264741182543757,0,0,0,0,0,0,0,0,0,0,0,0,0,0,0,0,0,0,3,3,2,0.0,0,0,0,0,1,0.4,0,0,0,0,20,1,malicious,libvisamc
libvmnvidia,2,1,False,True,False,1,2,0,2,0.03333333333333333,0,0,0,0,False,0,0,False,0,0,False,1,0,30,0.03333333333333333,3.493134160812588,4.021928094887363,0,0,0,0,0,0,0,0,0,0,1,0,0,0,0,1,0,0,2,2,1,0.0,0,0,0,0,0,0.0,0,0,0,0,0,1,malicious,libvmnvidia
license-checker,3,1,True,False,False,1,4,0,3,0.027777777777777776,0,3,0,0,False,0,0,False,0,0,False,2,0,36,0.05555555555555555,3.50549854825729,3.9873261452560076,0,0,0,0,0,0,0,0,0,1,0,0,0,0,0,0,0,1,4,3,1,20.0,2,1,1,1,0,0.0,0,0,0,0,20,1,malicious,license-checker
lightgmb,2,0,False,False,False,0,3,2,3,0.0,0,0,0,2,False,0,1,False,0,0,False,1,0,29,0.034482758620689655,4.4308296010599815,5.135185083865586,1,0,0,0,0,1,0,2,0,0,1,1,0,0,0,2,0,0,3,3,3,0.0,0,0,0,0,0,0.0,0,0,0,0,0,1,malicious,lightgmb
ligitgays,2,1,False,True,False,1,2,0,2,0.03333333333333333,0,0,0,0,False,0,0,False,0,0,False,1,0,30,0.03333333333333333,3.709061902209305,4.021928094887363,0,0,0,0,0,0,0,0,0,0,1,0,0,0,0,1,0,0,2,2,1,0.0,0,0,0,0,0,0.0,0,0,0,0,0,1,malicious,ligitgays
ligitkidss,3,1,True,False,False,1,4,0,3,0.027777777777777776,0,3,0,0,False,0,0,False,0,0,False,2,0,36,0.05555555555555555,3.402967193892305,3.9873261452560076,0,0,0,0,0,0,0,0,0,1,0,0,0,0,0,0,0,1,4,3,1,20.0,2,1,1,1,0,0.0,0,0,0,0,20,1,malicious,ligitkidss
linkedin-scrape,2,1,True,False,False,1,2,0,2,0.03125,0,0,0,0,False,0,0,False,0,0,False,2,1,32,0.0625,3.282858306480433,3.7264741182543757,0,0,0,0,0,0,0,0,0,0,0,0,0,0,0,0,0,0,2,2,2,0.0,0,0,1,1,0,0.0,0,0,0,0,0,1,malicious,linkedin-scrape
lmaoalmost,3,1,True,False,False,1,4,0,3,0.027777777777777776,0,3,0,0,False,0,0,False,0,0,False,2,0,36,0.05555555555555555,3.371839381446392,3.9873261452560076,0,0,0,0,0,0,0,0,0,1,0,0,0,0,0,0,0,1,4,3,1,20.0,2,1,1,1,0,0.0,0,0,0,0,20,1,malicious,lmaoalmost
loadhttp,2,0,False,False,False,0,3,2,3,0.0,0,0,0,2,False,0,1,False,0,0,False,1,0,29,0.034482758620689655,4.4308296010599815,5.135185083865586,1,0,0,0,0,1,0,2,0,0,1,1,0,0,0,2,0,0,3,3,3,0.0,0,0,0,0,0,0.0,0,0,0,0,0,1,malicious,loadhttp
loadstudy,3,1,True,False,False,1,4,0,3,0.027777777777777776,0,3,0,0,False,0,0,False,0,0,False,2,0,36,0.05555555555555555,3.6551431436327353,3.9873261452560076,0,0,0,0,0,0,0,0,0,1,0,0,0,0,0,0,0,1,4,3,1,20.0,2,1,1,1,0,0.0,0,0,0,0,20,1,malicious,loadstudy
loggerbyxolo,3,1,True,False,False,1,4,0,3,0.027777777777777776,0,3,0,0,False,0,0,False,0,0,False,2,0,36,0.05555555555555555,3.455204493276435,3.9873261452560076,0,0,0,0,0,0,0,0,0,1,0,0,0,0,0,0,0,1,4,3,1,20.0,2,1,1,1,0,0.0,0,0,0,0,20,1,malicious,loggerbyxolo
logic2,2,0,False,False,False,1,4,0,4,0.03225806451612903,0,0,0,0,False,0,0,False,0,0,False,2,1,31,0.06451612903225806,3.7264741182543757,3.7264741182543757,0,0,0,0,0,0,0,0,0,0,0,0,0,0,0,0,0,0,4,4,2,0.0,0,0,1,1,1,0.4,0,0,0,0,20,1,malicious,logic2
loglib-modules,3,1,True,False,False,1,4,0,3,0.027777777777777776,0,3,0,0,False,0,0,False,0,0,False,2,0,36,0.05555555555555555,3.572573097128891,3.9873261452560076,0,0,0,0,0,0,0,0,0,1,0,0,0,0,0,0,0,1,4,3,1,20.0,2,1,1,1,0,0.0,0,0,0,0,20,1,malicious,loglib-modules
lolcrazy,2,0,False,False,False,1,3,0,3,0.03125,0,0,0,0,False,0,0,False,0,0,False,1,0,32,0.03125,3.222540103292582,3.7264741182543757,0,0,0,0,0,0,0,0,0,0,0,0,0,0,0,0,0,0,3,3,2,0.0,0,0,0,0,1,0.4,0,0,0,0,20,1,malicious,lolcrazy
lolsagetestbaha,2,0,False,False,False,0,3,2,3,0.0,0,0,0,2,False,0,1,False,0,0,False,1,0,29,0.034482758620689655,3.9727413214169722,5.135185083865586,1,0,0,0,0,1,0,2,0,0,1,1,0,0,0,2,0,0,3,3,3,0.0,0,0,0,0,0,0.0,0,0,0,0,0,1,malicious,lolsagetestbaha
lsxwriter,2,1,False,True,False,1,2,0,2,0.03333333333333333,0,0,0,0,False,0,0,False,0,0,False,1,0,30,0.03333333333333333,3.709061902209305,4.021928094887363,0,0,0,0,0,0,0,0,0,0,1,0,0,0,0,1,0,0,2,2,1,0.0,0,0,0,0,0,0.0,0,0,0,0,0,1,malicious,lsxwriter
lxlm,3,1,True,False,False,1,4,0,3,0.027777777777777776,0,3,0,0,False,0,0,False,0,0,False,2,0,36,0.05555555555555555,3.6551431436327353,3.9873261452560076,0,0,0,0,0,0,0,0,0,1,0,0,0,0,0,0,0,1,4,3,1,20.0,2,1,1,1,0,0.0,0,0,0,0,20,1,malicious,lxlm
lxsxwriter,2,0,False,False,False,1,4,0,4,0.03225806451612903,0,0,0,0,False,0,0,False,0,0,False,2,1,31,0.06451612903225806,3.324201106570869,3.7264741182543757,0,0,0,0,0,0,0,0,0,0,0,0,0,0,0,0,0,0,4,4,2,0.0,0,0,1,1,1,0.4,0,0,0,0,20,1,malicious,lxsxwriter
m5tlprovetomegz,2,0,False,False,False,1,3,0,3,0.03125,0,0,0,0,False,0,0,False,0,0,False,1,0,32,0.03125,3.260294393038233,3.7264741182543757,0,0,0,0,0,0,0,0,0,0,0,0,0,0,0,0,0,0,3,3,2,0.0,0,0,0,0,1,0.4,0,0,0,0,20,1,malicious,m5tlprovetomegz
mail-validator,2,0,False,False,False,1,3,0,3,0.03125,0,0,0,0,False,0,0,False,0,0,False,1,0,32,0.03125,3.2124065311594903,3.7264741182543757,0,0,0,0,0,0,0,0,0,0,0,0,0,0,0,0,0,0,3,3,2,0.0,0,0,0,0,1,0.4,0,0,0,0,20,1,malicious,mail-validator
make-box,2,1,True,False,False,1,2,0,2,0.03125,0,0,0,0,False,0,0,False,0,0,False,2,1,32,0.0625,3.2081808767710718,3.7264741182543757,0,0,0,0,0,0,0,0,0,0,0,0,0,0,0,0,0,0,2,2,2,0.0,0,0,1,1,0,0.0,0,0,0,0,0,1,malicious,make-box
malpip-tgh,3,1,True,False,False,1,4,0,3,0.027777777777777776,0,3,0,0,False,0,0,False,0,0,False,2,0,36,0.05555555555555555,3.5218393814463917,3.9873261452560076,0,0,0,0,0,0,0,0,0,1,0,0,0,0,0,0,0,1,4,3,1,20.0,2,1,1,1,0,0.0,0,0,0,0,20,1,malicious,malpip-tgh
manda-cv-secureit,2,0,False,False,False,0,3,2,3,0.0,0,0,0,2,False,0,1,False,0,0,False,1,0,29,0.034482758620689655,4.159511269358728,5.135185083865586,1,0,0,0,0,1,0,2,0,0,1,1,0,0,0,2,0,0,3,3,3,0.0,0,0,0,0,0,0.0,0,0,0,0,0,1,malicious,manda-cv-secureit
manda-tu-cv-a-secureit,2,1,False,True,False,1,2,0,2,0.03333333333333333,0,0,0,0,False,0,0,False,0,0,False,1,0,30,0.03333333333333333,3.660803336973536,4.021928094887363,0,0,0,0,0,0,0,0,0,0,1,0,0,0,0,1,0,0,2,2,1,0.0,0,0,0,0,0,0.0,0,0,0,0,0,1,malicious,manda-tu-cv-a-secureit
manganeko,2,2,False,True,True,1,1,0,1,0.03333333333333333,0,1,0,0,False,0,0,False,0,0,False,1,0,30,0.03333333333333333,3.7264741182543757,3.7264741182543757,0,0,0,0,0,0,0,0,0,0,0,1,0,0,0,0,0,0,1,1,1,0.0,0,0,0,0,0,0.0,0,0,0,0,0,1,malicious,manganeko
maratlib,2,0,False,False,False,1,4,0,4,0.03225806451612903,0,0,0,0,False,0,0,False,0,0,False,2,1,31,0.06451612903225806,3.7264741182543757,3.7264741182543757,0,0,0,0,0,0,0,0,0,0,0,0,0,0,0,0,0,0,4,4,2,0.0,0,0,1,1,1,0.4,0,0,0,0,20,1,malicious,maratlib
maratlib1,2,1,True,False,False,1,2,0,2,0.03125,0,0,0,0,False,0,0,False,0,0,False,2,1,32,0.0625,3.2081808767710718,3.7264741182543757,0,0,0,0,0,0,0,0,0,0,0,0,0,0,0,0,0,0,2,2,2,0.0,0,0,1,1,0,0.0,0,0,0,0,0,1,malicious,maratlib1
mariabd,2,0,False,False,False,1,3,0,3,0.03125,0,0,0,0,False,0,0,False,0,0,False,1,0,32,0.03125,3.222540103292582,3.7264741182543757,0,0,0,0,0,0,0,0,0,0,0,0,0,0,0,0,0,0,3,3,2,0.0,0,0,0,0,1,0.4,0,0,0,0,20,1,malicious,mariabd
mastowrapper,2,2,False,True,True,1,1,0,1,0.03333333333333333,0,1,0,0,False,0,0,False,0,0,False,1,0,30,0.03333333333333333,3.405718309487766,3.7264741182543757,0,0,0,0,0,0,0,0,0,0,0,1,0,0,0,0,0,0,1,1,1,0.0,0,0,0,0,0,0.0,0,0,0,0,0,1,malicious,mastowrapper
mateplotlib,2,1,False,True,False,1,2,0,2,0.03333333333333333,0,0,0,0,False,0,0,False,0,0,False,1,0,30,0.03333333333333333,3.5557452404072123,4.021928094887363,0,0,0,0,0,0,0,0,0,0,1,0,0,0,0,1,0,0,2,2,1,0.0,0,0,0,0,0,0.0,0,0,0,0,0,1,malicious,mateplotlib
matplatlib-plus,2,0,False,False,False,1,4,0,4,0.03225806451612903,0,0,0,0,False,0,0,False,0,0,False,2,1,31,0.06451612903225806,3.458186106859331,3.7264741182543757,0,0,0,0,0,0,0,0,0,0,0,0,0,0,0,0,0,0,4,4,2,0.0,0,0,1,1,1,0.4,0,0,0,0,20,1,malicious,matplatlib-plus
matpllotlib,2,0,False,False,False,0,3,2,3,0.0,0,0,0,2,False,0,1,False,0,0,False,1,0,29,0.034482758620689655,3.902336712914133,5.135185083865586,1,0,0,0,0,1,0,2,0,0,1,1,0,0,0,2,0,0,3,3,3,0.0,0,0,0,0,0,0.0,0,0,0,0,0,1,malicious,matpllotlib
matplolib,2,0,False,False,False,0,3,2,3,0.0,0,0,0,2,False,0,1,False,0,0,False,1,0,29,0.034482758620689655,4.4308296010599815,5.135185083865586,1,0,0,0,0,1,0,2,0,0,1,1,0,0,0,2,0,0,3,3,3,0.0,0,0,0,0,0,0.0,0,0,0,0,0,1,malicious,matplolib
matploltib,2,0,False,False,False,0,3,2,3,0.0,0,0,0,2,False,0,1,False,0,0,False,1,0,29,0.034482758620689655,3.927862432335775,5.135185083865586,1,0,0,0,0,1,0,2,0,0,1,1,0,0,0,2,0,0,3,3,3,0.0,0,0,0,0,0,0.0,0,0,0,0,0,1,malicious,matploltib
matplootlib,2,0,False,False,False,0,3,2,3,0.0,0,0,0,2,False,0,1,False,0,0,False,1,0,29,0.034482758620689655,3.9252120917675715,5.135185083865586,1,0,0,0,0,1,0,2,0,0,1,1,0,0,0,2,0,0,3,3,3,0.0,0,0,0,0,0,0.0,0,0,0,0,0,1,malicious,matplootlib
matplotlibb,2,1,False,True,False,1,2,0,2,0.03333333333333333,0,0,0,0,False,0,0,False,0,0,False,1,0,30,0.03333333333333333,3.510290694952667,4.021928094887363,0,0,0,0,0,0,0,0,0,0,1,0,0,0,0,1,0,0,2,2,1,0.0,0,0,0,0,0,0.0,0,0,0,0,0,1,malicious,matplotlibb
matpltolib,2,1,False,True,False,1,2,0,2,0.03333333333333333,0,0,0,0,False,0,0,False,0,0,False,1,0,30,0.03333333333333333,3.5122784503788194,4.021928094887363,0,0,0,0,0,0,0,0,0,0,1,0,0,0,0,1,0,0,2,2,1,0.0,0,0,0,0,0,0.0,0,0,0,0,0,1,malicious,matpltolib
mattplotlib,2,0,False,False,False,0,3,2,3,0.0,0,0,0,2,False,0,1,False,0,0,False,1,0,29,0.034482758620689655,3.902336712914133,5.135185083865586,1,0,0,0,0,1,0,2,0,0,1,1,0,0,0,2,0,0,3,3,3,0.0,0,0,0,0,0,0.0,0,0,0,0,0,1,malicious,mattplotlib
maxload,2,2,False,True,True,1,1,0,1,0.03333333333333333,0,1,0,0,False,0,0,False,0,0,False,1,0,30,0.03333333333333333,3.7264741182543757,3.7264741182543757,0,0,0,0,0,0,0,0,0,0,0,1,0,0,0,0,0,0,1,1,1,0.0,0,0,0,0,0,0.0,0,0,0,0,0,1,malicious,maxload
mchacked,2,0,False,False,False,0,3,2,3,0.0,0,0,0,2,False,0,1,False,0,0,False,1,0,29,0.034482758620689655,4.4308296010599815,5.135185083865586,1,0,0,0,0,1,0,2,0,0,1,1,0,0,0,2,0,0,3,3,3,0.0,0,0,0,0,0,0.0,0,0,0,0,0,1,malicious,mchacked
mcstring,3,1,True,False,False,1,4,0,3,0.027777777777777776,0,3,0,0,False,0,0,False,0,0,False,2,0,36,0.05555555555555555,3.6551431436327353,3.9873261452560076,0,0,0,0,0,0,0,0,0,1,0,0,0,0,0,0,0,1,4,3,1,20.0,2,1,1,1,0,0.0,0,0,0,0,20,1,malicious,mcstring
medoen,2,2,False,True,True,1,1,0,1,0.03333333333333333,0,1,0,0,False,0,0,False,0,0,False,1,0,30,0.03333333333333333,3.7264741182543757,3.7264741182543757,0,0,0,0,0,0,0,0,0,0,0,1,0,0,0,0,0,0,1,1,1,0.0,0,0,0,0,0,0.0,0,0,0,0,0,1,malicious,medoen
memlib,2,1,True,False,False,1,2,0,2,0.03125,0,0,0,0,False,0,0,False,0,0,False,2,1,32,0.0625,3.2081808767710718,3.7264741182543757,0,0,0,0,0,0,0,0,0,0,0,0,0,0,0,0,0,0,2,2,2,0.0,0,0,1,1,0,0.0,0,0,0,0,0,1,malicious,memlib
memory-profile,2,1,False,True,False,1,2,0,2,0.03333333333333333,0,0,0,0,False,0,0,False,0,0,False,1,0,30,0.03333333333333333,3.590778014314237,4.021928094887363,0,0,0,0,0,0,0,0,0,0,1,0,0,0,0,1,0,0,2,2,1,0.0,0,0,0,0,0,0.0,0,0,0,0,0,1,malicious,memory-profile
memorylib,2,0,False,False,False,1,4,0,4,0.03225806451612903,0,0,0,0,False,0,0,False,0,0,False,2,1,31,0.06451612903225806,3.7264741182543757,3.7264741182543757,0,0,0,0,0,0,0,0,0,0,0,0,0,0,0,0,0,0,4,4,2,0.0,0,0,1,1,1,0.4,0,0,0,0,20,1,malicious,memorylib
memtools,2,2,False,True,True,1,1,0,1,0.03333333333333333,0,1,0,0,False,0,0,False,0,0,False,1,0,30,0.03333333333333333,3.7264741182543757,3.7264741182543757,0,0,0,0,0,0,0,0,0,0,0,1,0,0,0,0,0,0,1,1,1,0.0,0,0,0,0,0,0.0,0,0,0,0,0,1,malicious,memtools
methantiafk,3,1,True,False,False,1,4,0,3,0.027777777777777776,0,3,0,0,False,0,0,False,0,0,False,2,0,36,0.05555555555555555,3.515306171474785,3.9873261452560076,0,0,0,0,0,0,0,0,0,1,0,0,0,0,0,0,0,1,4,3,1,20.0,2,1,1,1,0,0.0,0,0,0,0,20,1,malicious,methantiafk
metrical,2,2,False,True,True,1,1,0,1,0.03333333333333333,0,1,0,0,False,0,0,False,0,0,False,1,0,30,0.03333333333333333,3.7264741182543757,3.7264741182543757,0,0,0,0,0,0,0,0,0,0,0,1,0,0,0,0,0,0,1,1,1,0.0,0,0,0,0,0,0.0,0,0,0,0,0,1,malicious,metrical
mevguard,2,0,False,False,False,1,3,0,3,0.03125,0,0,0,0,False,0,0,False,0,0,False,1,0,32,0.03125,3.222540103292582,3.7264741182543757,0,0,0,0,0,0,0,0,0,0,0,0,0,0,0,0,0,0,3,3,2,0.0,0,0,0,0,1,0.4,0,0,0,0,20,1,malicious,mevguard
mianlmao,2,0,False,False,False,1,3,0,3,0.03125,0,0,0,0,False,0,0,False,0,0,False,1,0,32,0.03125,3.222540103292582,3.7264741182543757,0,0,0,0,0,0,0,0,0,0,0,0,0,0,0,0,0,0,3,3,2,0.0,0,0,0,0,1,0.4,0,0,0,0,20,1,malicious,mianlmao
mianooo,2,0,False,False,False,1,3,0,3,0.03125,0,0,0,0,False,0,0,False,0,0,False,1,0,32,0.03125,3.222540103292582,3.7264741182543757,0,0,0,0,0,0,0,0,0,0,0,0,0,0,0,0,0,0,3,3,2,0.0,0,0,0,0,1,0.4,0,0,0,0,20,1,malicious,mianooo
mianoplmao,2,1,False,True,False,1,2,0,2,0.03333333333333333,0,0,0,0,False,0,0,False,0,0,False,1,0,30,0.03333333333333333,3.4622784503788195,4.021928094887363,0,0,0,0,0,0,0,0,0,0,1,0,0,0,0,1,0,0,2,2,1,0.0,0,0,0,0,0,0.0,0,0,0,0,0,1,malicious,mianoplmao
mianoplol,2,0,False,False,False,0,3,2,3,0.0,0,0,0,2,False,0,1,False,0,0,False,1,0,29,0.034482758620689655,4.4308296010599815,5.135185083865586,1,0,0,0,0,1,0,2,0,0,1,1,0,0,0,2,0,0,3,3,3,0.0,0,0,0,0,0,0.0,0,0,0,0,0,1,malicious,mianoplol
mianprojlol,2,0,False,False,False,1,3,0,3,0.03125,0,0,0,0,False,0,0,False,0,0,False,1,0,32,0.03125,3.1908538912196702,3.7264741182543757,0,0,0,0,0,0,0,0,0,0,0,0,0,0,0,0,0,0,3,3,2,0.0,0,0,0,0,1,0.4,0,0,0,0,20,1,malicious,mianprojlol
mianshutdown,3,1,True,False,False,1,4,0,3,0.027777777777777776,0,3,0,0,False,0,0,False,0,0,False,2,0,36,0.05555555555555555,3.5959313162381736,3.9873261452560076,0,0,0,0,0,0,0,0,0,1,0,0,0,0,0,0,0,1,4,3,1,20.0,2,1,1,1,0,0.0,0,0,0,0,20,1,malicious,mianshutdown
miantest2,3,1,True,False,False,1,4,0,3,0.027777777777777776,0,3,0,0,False,0,0,False,0,0,False,2,0,36,0.05555555555555555,3.6551431436327353,3.9873261452560076,0,0,0,0,0,0,0,0,0,1,0,0,0,0,0,0,0,1,4,3,1,20.0,2,1,1,1,0,0.0,0,0,0,0,20,1,malicious,miantest2
microsoft-helper,2,1,False,True,False,1,2,0,2,0.03333333333333333,0,0,0,0,False,0,0,False,0,0,False,1,0,30,0.03333333333333333,3.6880464266569786,4.021928094887363,0,0,0,0,0,0,0,0,0,0,1,0,0,0,0,1,0,0,2,2,1,0.0,0,0,0,0,0,0.0,0,0,0,0,0,1,malicious,microsoft-helper
minehydra,2,2,False,True,True,1,1,0,1,0.03333333333333333,0,1,0,0,False,0,0,False,0,0,False,1,0,30,0.03333333333333333,3.7264741182543757,3.7264741182543757,0,0,0,0,0,0,0,0,0,0,0,1,0,0,0,0,0,0,1,1,1,0.0,0,0,0,0,0,0.0,0,0,0,0,0,1,malicious,minehydra
mineintel,2,0,False,False,False,1,3,0,3,0.03125,0,0,0,0,False,0,0,False,0,0,False,1,0,32,0.03125,3.222540103292582,3.7264741182543757,0,0,0,0,0,0,0,0,0,0,0,0,0,0,0,0,0,0,3,3,2,0.0,0,0,0,0,1,0.4,0,0,0,0,20,1,malicious,mineintel
minerandom,2,1,True,False,False,1,2,0,2,0.03125,0,0,0,0,False,0,0,False,0,0,False,2,1,32,0.0625,3.1366176813001436,3.7264741182543757,0,0,0,0,0,0,0,0,0,0,0,0,0,0,0,0,0,0,2,2,2,0.0,0,0,1,1,0,0.0,0,0,0,0,0,1,malicious,minerandom
minevisa,2,0,False,False,False,0,3,2,3,0.0,0,0,0,2,False,0,1,False,0,0,False,1,0,29,0.034482758620689655,4.4308296010599815,5.135185083865586,1,0,0,0,0,1,0,2,0,0,1,1,0,0,0,2,0,0,3,3,3,0.0,0,0,0,0,0,0.0,0,0,0,0,0,1,malicious,minevisa
mllearnlib,2,1,True,False,False,1,2,0,2,0.03125,0,0,0,0,False,0,0,False,0,0,False,2,1,32,0.0625,3.1177454937460576,3.7264741182543757,0,0,0,0,0,0,0,0,0,0,0,0,0,0,0,0,0,0,2,2,2,0.0,0,0,1,1,0,0.0,0,0,0,0,0,1,malicious,mllearnlib
mmatplotlib,2,1,False,True,False,1,2,0,2,0.03333333333333333,0,0,0,0,False,0,0,False,0,0,False,1,0,30,0.03333333333333333,3.510290694952667,4.021928094887363,0,0,0,0,0,0,0,0,0,0,1,0,0,0,0,1,0,0,2,2,1,0.0,0,0,0,0,0,0.0,0,0,0,0,0,1,malicious,mmatplotlib
modapksource-1-source-to-download-latest-premium-mod-apks-free-1qwap7,3,1,True,False,False,1,4,0,3,0.027777777777777776,0,3,0,0,False,0,0,False,0,0,False,2,0,36,0.05555555555555555,3.7630538491423997,4.086785965671393,0,0,0,0,0,0,0,0,0,1,0,0,0,0,0,0,0,1,4,3,1,20.0,2,1,1,1,0,0.0,0,0,0,0,20,1,malicious,modapksource-1-source-to-download-latest-premium-mod-apks-free-1qwap7
mokc,2,1,True,False,False,1,2,0,2,0.03125,0,0,0,0,False,0,0,False,0,0,False,2,1,32,0.0625,3.2081808767710718,3.7264741182543757,0,0,0,0,0,0,0,0,0,0,0,0,0,0,0,0,0,0,2,2,2,0.0,0,0,1,1,0,0.0,0,0,0,0,0,1,malicious,mokc
moneyprinter-api,2,2,False,True,True,1,1,0,1,0.03333333333333333,0,1,0,0,False,0,0,False,0,0,False,1,0,30,0.03333333333333333,3.550737059127188,3.7264741182543757,0,0,0,0,0,0,0,0,0,0,0,1,0,0,0,0,0,0,1,1,1,0.0,0,0,0,0,0,0.0,0,0,0,0,0,1,malicious,moneyprinter-api
monkeytypes,2,1,False,True,False,1,2,0,2,0.03333333333333333,0,0,0,0,False,0,0,False,0,0,False,1,0,30,0.03333333333333333,3.5557452404072123,4.021928094887363,0,0,0,0,0,0,0,0,0,0,1,0,0,0,0,1,0,0,2,2,1,0.0,0,0,0,0,0,0.0,0,0,0,0,0,1,malicious,monkeytypes
mplatlib,2,2,False,True,True,1,1,0,1,0.03333333333333333,0,1,0,0,False,0,0,False,0,0,False,1,0,30,0.03333333333333333,3.7264741182543757,3.7264741182543757,0,0,0,0,0,0,0,0,0,0,0,1,0,0,0,0,0,0,1,1,1,0.0,0,0,0,0,0,0.0,0,0,0,0,0,1,malicious,mplatlib
msfpath,2,1,True,False,False,1,2,0,2,0.03125,0,0,0,0,False,0,0,False,0,0,False,2,1,32,0.0625,3.2081808767710718,3.7264741182543757,0,0,0,0,0,0,0,0,0,0,0,0,0,0,0,0,0,0,2,2,2,0.0,0,0,1,1,0,0.0,0,0,0,0,0,1,malicious,msfpath
mtplotlib,2,1,False,True,False,1,2,0,2,0.03333333333333333,0,0,0,0,False,0,0,False,0,0,False,1,0,30,0.03333333333333333,3.709061902209305,4.021928094887363,0,0,0,0,0,0,0,0,0,0,1,0,0,0,0,1,0,0,2,2,1,0.0,0,0,0,0,0,0.0,0,0,0,0,0,1,malicious,mtplotlib
muktesitaban,2,0,False,False,False,1,4,0,4,0.03225806451612903,0,0,0,0,False,0,0,False,0,0,False,2,1,31,0.06451612903225806,3.4890516428210994,3.7264741182543757,0,0,0,0,0,0,0,0,0,0,0,0,0,0,0,0,0,0,4,4,2,0.0,0,0,1,1,1,0.4,0,0,0,0,20,1,malicious,muktesitaban
muktesittaban,3,1,True,False,False,1,4,0,3,0.027777777777777776,0,3,0,0,False,0,0,False,0,0,False,2,0,36,0.05555555555555555,3.5365656045259115,3.9873261452560076,0,0,0,0,0,0,0,0,0,1,0,0,0,0,0,0,0,1,4,3,1,20.0,2,1,1,1,0,0.0,0,0,0,0,20,1,malicious,muktesittaban
multiporn,2,0,False,False,False,1,3,0,3,0.03125,0,0,0,0,False,0,0,False,0,0,False,1,0,32,0.03125,3.222540103292582,3.7264741182543757,0,0,0,0,0,0,0,0,0,0,0,0,0,0,0,0,0,0,3,3,2,0.0,0,0,0,0,1,0.4,0,0,0,0,20,1,malicious,multiporn
mumpy,3,1,True,False,False,1,4,0,3,0.027777777777777776,0,3,0,0,False,0,0,False,0,0,False,2,0,36,0.05555555555555555,3.6551431436327353,3.9873261452560076,0,0,0,0,0,0,0,0,0,1,0,0,0,0,0,0,0,1,4,3,1,20.0,2,1,1,1,0,0.0,0,0,0,0,20,1,malicious,mumpy
mxnet-cuxxx,2,0,False,False,False,1,3,0,3,0.03125,0,0,0,0,False,0,0,False,0,0,False,1,0,32,0.03125,3.0999448003105794,3.7264741182543757,0,0,0,0,0,0,0,0,0,0,0,0,0,0,0,0,0,0,3,3,2,0.0,0,0,0,0,1,0.4,0,0,0,0,20,1,malicious,mxnet-cuxxx
mybiubiubiu,2,0,False,False,False,1,3,0,3,0.03125,0,0,0,0,False,0,0,False,0,0,False,1,0,32,0.03125,2.9575661069812518,3.7264741182543757,0,0,0,0,0,0,0,0,0,0,0,0,0,0,0,0,0,0,3,3,2,0.0,0,0,0,0,1,0.4,0,0,0,0,20,1,malicious,mybiubiubiu
mypackage1337,2,0,False,False,False,1,4,0,4,0.03225806451612903,0,0,0,0,False,0,0,False,0,0,False,2,1,31,0.06451612903225806,3.5596107643515804,3.7264741182543757,0,0,0,0,0,0,0,0,0,0,0,0,0,0,0,0,0,0,4,4,2,0.0,0,0,1,1,1,0.4,0,0,0,0,20,1,malicious,mypackage1337
mysql-connector-pyhton,2,0,False,False,False,0,3,2,3,0.0,0,0,0,2,False,0,1,False,0,0,False,1,0,29,0.034482758620689655,4.175063985641406,5.135185083865586,1,0,0,0,0,1,0,2,0,0,1,1,0,0,0,2,0,0,3,3,3,0.0,0,0,0,0,0,0.0,0,0,0,0,0,1,malicious,mysql-connector-pyhton
mysqlloadup,2,1,True,False,False,1,2,0,2,0.03125,0,0,0,0,False,0,0,False,0,0,False,2,1,32,0.0625,3.225539016783082,3.7264741182543757,0,0,0,0,0,0,0,0,0,0,0,0,0,0,0,0,0,0,2,2,2,0.0,0,0,1,1,0,0.0,0,0,0,0,0,1,malicious,mysqlloadup
nagogy,2,0,False,False,False,1,3,0,3,0.03125,0,0,0,0,False,0,0,False,0,0,False,1,0,32,0.03125,3.222540103292582,3.7264741182543757,0,0,0,0,0,0,0,0,0,0,0,0,0,0,0,0,0,0,3,3,2,0.0,0,0,0,0,1,0.4,0,0,0,0,20,1,malicious,nagogy
navigator-updatertest,2,1,False,True,False,1,2,0,2,0.03333333333333333,0,0,0,0,False,0,0,False,0,0,False,1,0,30,0.03333333333333333,3.6804128358973416,4.021928094887363,0,0,0,0,0,0,0,0,0,0,1,0,0,0,0,1,0,0,2,2,1,0.0,0,0,0,0,0,0.0,0,0,0,0,0,1,malicious,navigator-updatertest
netkit-lite,2,1,True,False,False,1,2,0,2,0.03125,0,0,0,0,False,0,0,False,0,0,False,2,1,32,0.0625,3.0720188462793674,3.7264741182543757,0,0,0,0,0,0,0,0,0,0,0,0,0,0,0,0,0,0,2,2,2,0.0,0,0,1,1,0,0.0,0,0,0,0,0,1,malicious,netkit-lite
new-reque-20222,2,1,False,True,False,1,2,0,2,0.03333333333333333,0,0,0,0,False,0,0,False,0,0,False,1,0,30,0.03333333333333333,3.512604283856384,4.021928094887363,0,0,0,0,0,0,0,0,0,0,1,0,0,0,0,1,0,0,2,2,1,0.0,0,0,0,0,0,0.0,0,0,0,0,0,1,malicious,new-reque-20222
new-request-2022,2,1,False,True,False,1,2,0,2,0.03333333333333333,0,0,0,0,False,0,0,False,0,0,False,1,0,30,0.03333333333333333,3.6019561922143706,4.021928094887363,0,0,0,0,0,0,0,0,0,0,1,0,0,0,0,1,0,0,2,2,1,0.0,0,0,0,0,0,0.0,0,0,0,0,0,1,malicious,new-request-2022
new-request,3,1,True,False,False,1,4,0,3,0.027777777777777776,0,3,0,0,False,0,0,False,0,0,False,2,0,36,0.05555555555555555,3.498149637334706,3.9873261452560076,0,0,0,0,0,0,0,0,0,1,0,0,0,0,0,0,0,1,4,3,1,20.0,2,1,1,1,0,0.0,0,0,0,0,20,1,malicious,new-request
new-requests-2022,2,0,False,False,False,1,4,0,4,0.03225806451612903,0,0,0,0,False,0,0,False,0,0,False,2,1,31,0.06451612903225806,3.5096221560956833,3.7264741182543757,0,0,0,0,0,0,0,0,0,0,0,0,0,0,0,0,0,0,4,4,2,0.0,0,0,1,1,1,0.4,0,0,0,0,20,1,malicious,new-requests-2022
new-requests-module,2,0,False,False,False,1,3,0,3,0.03125,0,0,0,0,False,0,0,False,0,0,False,1,0,32,0.03125,3.2946764295145434,3.7264741182543757,0,0,0,0,0,0,0,0,0,0,0,0,0,0,0,0,0,0,3,3,2,0.0,0,0,0,0,1,0.4,0,0,0,0,20,1,malicious,new-requests-module
new-requests,2,0,False,False,False,1,3,0,3,0.03125,0,0,0,0,False,0,0,False,0,0,False,1,0,32,0.03125,3.172418879687987,3.7264741182543757,0,0,0,0,0,0,0,0,0,0,0,0,0,0,0,0,0,0,3,3,2,0.0,0,0,0,0,1,0.4,0,0,0,0,20,1,malicious,new-requests
newdontinstallthistest,2,0,False,False,False,0,3,2,3,0.0,0,0,0,2,False,0,1,False,0,0,False,1,0,29,0.034482758620689655,4.029463372392363,5.135185083865586,1,0,0,0,0,1,0,2,0,0,1,1,0,0,0,2,0,0,3,3,3,0.0,0,0,0,0,0,0.0,0,0,0,0,0,1,malicious,newdontinstallthistest
newurllib,2,2,False,True,True,1,1,0,1,0.03333333333333333,0,1,0,0,False,0,0,False,0,0,False,1,0,30,0.03333333333333333,3.7264741182543757,3.7264741182543757,0,0,0,0,0,0,0,0,0,0,0,1,0,0,0,0,0,0,1,1,1,0.0,0,0,0,0,0,0.0,0,0,0,0,0,1,malicious,newurllib
nexlang,2,2,False,True,True,1,1,0,1,0.03333333333333333,0,1,0,0,False,0,0,False,0,0,False,1,0,30,0.03333333333333333,3.7264741182543757,3.7264741182543757,0,0,0,0,0,0,0,0,0,0,0,1,0,0,0,0,0,0,1,1,1,0.0,0,0,0,0,0,0.0,0,0,0,0,0,1,malicious,nexlang
nexusproto,2,0,False,False,False,1,3,0,3,0.03125,0,0,0,0,False,0,0,False,0,0,False,1,0,32,0.03125,3.197387101191277,3.7264741182543757,0,0,0,0,0,0,0,0,0,0,0,0,0,0,0,0,0,0,3,3,2,0.0,0,0,0,0,1,0.4,0,0,0,0,20,1,malicious,nexusproto
nitro-api66,2,1,False,True,False,1,2,0,2,0.03333333333333333,0,0,0,0,False,0,0,False,0,0,False,1,0,30,0.03333333333333333,3.5557452404072123,4.021928094887363,0,0,0,0,0,0,0,0,0,0,1,0,0,0,0,1,0,0,2,2,1,0.0,0,0,0,0,0,0.0,0,0,0,0,0,1,malicious,nitro-api66
nmap-python,2,0,False,False,False,1,3,0,3,0.03125,0,0,0,0,False,0,0,False,0,0,False,1,0,32,0.03125,3.1908538912196702,3.7264741182543757,0,0,0,0,0,0,0,0,0,0,0,0,0,0,0,0,0,0,3,3,2,0.0,0,0,0,0,1,0.4,0,0,0,0,20,1,malicious,nmap-python
noblesse,2,1,True,False,False,1,2,0,2,0.03125,0,0,0,0,False,0,0,False,0,0,False,2,1,32,0.0625,3.2081808767710718,3.7264741182543757,0,0,0,0,0,0,0,0,0,0,0,0,0,0,0,0,0,0,2,2,2,0.0,0,0,1,1,0,0.0,0,0,0,0,0,1,malicious,noblesse
noblesse2,2,0,False,False,False,1,4,0,4,0.03225806451612903,0,0,0,0,False,0,0,False,0,0,False,2,1,31,0.06451612903225806,3.7264741182543757,3.7264741182543757,0,0,0,0,0,0,0,0,0,0,0,0,0,0,0,0,0,0,4,4,2,0.0,0,0,1,1,1,0.4,0,0,0,0,20,1,malicious,noblesse2
noblessev2,2,0,False,False,False,0,3,2,3,0.0,0,0,0,2,False,0,1,False,0,0,False,1,0,29,0.034482758620689655,3.927862432335775,5.135185083865586,1,0,0,0,0,1,0,2,0,0,1,1,0,0,0,2,0,0,3,3,3,0.0,0,0,0,0,0,0.0,0,0,0,0,0,1,malicious,noblessev2
node-db-indicator,2,0,False,False,False,1,4,0,4,0.03225806451612903,0,0,0,0,False,0,0,False,0,0,False,2,1,31,0.06451612903225806,3.5318247296887266,3.7264741182543757,0,0,0,0,0,0,0,0,0,0,0,0,0,0,0,0,0,0,4,4,2,0.0,0,0,1,1,1,0.4,0,0,0,0,20,1,malicious,node-db-indicator
node-hill,2,0,False,False,False,0,3,2,3,0.0,0,0,0,2,False,0,1,False,0,0,False,1,0,29,0.034482758620689655,4.4308296010599815,5.135185083865586,1,0,0,0,0,1,0,2,0,0,1,1,0,0,0,2,0,0,3,3,3,0.0,0,0,0,0,0,0.0,0,0,0,0,0,1,malicious,node-hill
noed-hill,2,0,False,False,False,1,3,0,3,0.03125,0,0,0,0,False,0,0,False,0,0,False,1,0,32,0.03125,3.222540103292582,3.7264741182543757,0,0,0,0,0,0,0,0,0,0,0,0,0,0,0,0,0,0,3,3,2,0.0,0,0,0,0,1,0.4,0,0,0,0,20,1,malicious,noed-hill
noed,2,2,False,True,True,1,1,0,1,0.03333333333333333,0,1,0,0,False,0,0,False,0,0,False,1,0,30,0.03333333333333333,3.7264741182543757,3.7264741182543757,0,0,0,0,0,0,0,0,0,0,0,1,0,0,0,0,0,0,1,1,1,0.0,0,0,0,0,0,0.0,0,0,0,0,0,1,malicious,noed
nofex-hack,2,0,False,False,False,0,3,2,3,0.0,0,0,0,2,False,0,1,False,0,0,False,1,0,29,0.034482758620689655,4.061195765669108,5.135185083865586,1,0,0,0,0,1,0,2,0,0,1,1,0,0,0,2,0,0,3,3,3,0.0,0,0,0,0,0,0.0,0,0,0,0,0,1,malicious,nofex-hack
nofexhack,2,0,False,False,False,1,4,0,4,0.03225806451612903,0,0,0,0,False,0,0,False,0,0,False,2,1,31,0.06451612903225806,3.7264741182543757,3.7264741182543757,0,0,0,0,0,0,0,0,0,0,0,0,0,0,0,0,0,0,4,4,2,0.0,0,0,1,1,1,0.4,0,0,0,0,20,1,malicious,nofexhack
noonutil,2,0,False,False,False,1,4,0,4,0.03225806451612903,0,0,0,0,False,0,0,False,0,0,False,2,1,31,0.06451612903225806,3.7264741182543757,3.7264741182543757,0,0,0,0,0,0,0,0,0,0,0,0,0,0,0,0,0,0,4,4,2,0.0,0,0,1,1,1,0.4,0,0,0,0,20,1,malicious,noonutil
notebok,2,1,True,False,False,1,2,0,2,0.03125,0,0,0,0,False,0,0,False,0,0,False,2,1,32,0.0625,3.2081808767710718,3.7264741182543757,0,0,0,0,0,0,0,0,0,0,0,0,0,0,0,0,0,0,2,2,2,0.0,0,0,1,1,0,0.0,0,0,0,0,0,1,malicious,notebok
nukebount,2,1,True,False,False,1,2,0,2,0.03125,0,0,0,0,False,0,0,False,0,0,False,2,1,32,0.0625,3.2081808767710718,3.7264741182543757,0,0,0,0,0,0,0,0,0,0,0,0,0,0,0,0,0,0,2,2,2,0.0,0,0,1,1,0,0.0,0,0,0,0,0,1,malicious,nukebount
nukecount,2,0,False,False,False,1,4,0,4,0.03225806451612903,0,0,0,0,False,0,0,False,0,0,False,2,1,31,0.06451612903225806,3.7264741182543757,3.7264741182543757,0,0,0,0,0,0,0,0,0,0,0,0,0,0,0,0,0,0,4,4,2,0.0,0,0,1,1,1,0.4,0,0,0,0,20,1,malicious,nukecount
nukeport,2,2,False,True,True,1,1,0,1,0.03333333333333333,0,1,0,0,False,0,0,False,0,0,False,1,0,30,0.03333333333333333,3.7264741182543757,3.7264741182543757,0,0,0,0,0,0,0,0,0,0,0,1,0,0,0,0,0,0,1,1,1,0.0,0,0,0,0,0,0.0,0,0,0,0,0,1,malicious,nukeport
num2words,2,2,False,True,True,1,1,0,1,0.03333333333333333,0,1,0,0,False,0,0,False,0,0,False,1,0,30,0.03333333333333333,3.7264741182543757,3.7264741182543757,0,0,0,0,0,0,0,0,0,0,0,1,0,0,0,0,0,0,1,1,1,0.0,0,0,0,0,0,0.0,0,0,0,0,0,1,malicious,num2words
numipy,2,1,False,True,False,1,2,0,2,0.03333333333333333,0,0,0,0,False,0,0,False,0,0,False,1,0,30,0.03333333333333333,3.709061902209305,4.021928094887363,0,0,0,0,0,0,0,0,0,0,1,0,0,0,0,1,0,0,2,2,1,0.0,0,0,0,0,0,0.0,0,0,0,0,0,1,malicious,numipy
numipyopenvc,2,0,False,False,False,1,3,0,3,0.03125,0,0,0,0,False,0,0,False,0,0,False,1,0,32,0.03125,3.265091930081633,3.7264741182543757,0,0,0,0,0,0,0,0,0,0,0,0,0,0,0,0,0,0,3,3,2,0.0,0,0,0,0,1,0.4,0,0,0,0,20,1,malicious,numipyopenvc
numoy,2,2,False,True,True,1,1,0,1,0.03333333333333333,0,1,0,0,False,0,0,False,0,0,False,1,0,30,0.03333333333333333,3.7264741182543757,3.7264741182543757,0,0,0,0,0,0,0,0,0,0,0,1,0,0,0,0,0,0,1,1,1,0.0,0,0,0,0,0,0.0,0,0,0,0,0,1,malicious,numoy
nvidiavisa,2,1,False,True,False,1,2,0,2,0.03333333333333333,0,0,0,0,False,0,0,False,0,0,False,1,0,30,0.03333333333333333,3.393406262824733,4.021928094887363,0,0,0,0,0,0,0,0,0,0,1,0,0,0,0,1,0,0,2,2,1,0.0,0,0,0,0,0,0.0,0,0,0,0,0,1,malicious,nvidiavisa
oaijwdoijwaoj,2,2,False,True,True,1,1,0,1,0.03333333333333333,0,1,0,0,False,0,0,False,0,0,False,1,0,30,0.03333333333333333,3.116927110339006,3.7264741182543757,0,0,0,0,0,0,0,0,0,0,0,1,0,0,0,0,0,0,1,1,1,0.0,0,0,0,0,0,0.0,0,0,0,0,0,1,malicious,oaijwdoijwaoj
oepnpyxl,2,0,False,False,False,1,4,0,4,0.03225806451612903,0,0,0,0,False,0,0,False,0,0,False,2,1,31,0.06451612903225806,3.7264741182543757,3.7264741182543757,0,0,0,0,0,0,0,0,0,0,0,0,0,0,0,0,0,0,4,4,2,0.0,0,0,1,1,1,0.4,0,0,0,0,20,1,malicious,oepnpyxl
oiu,2,1,False,True,False,1,2,0,2,0.03333333333333333,0,0,0,0,False,0,0,False,0,0,False,1,0,30,0.03333333333333333,3.709061902209305,4.021928094887363,0,0,0,0,0,0,0,0,0,0,1,0,0,0,0,1,0,0,2,2,1,0.0,0,0,0,0,0,0.0,0,0,0,0,0,1,malicious,oiu
oklend,2,0,False,False,False,1,3,0,3,0.03125,0,0,0,0,False,0,0,False,0,0,False,1,0,32,0.03125,3.222540103292582,3.7264741182543757,0,0,0,0,0,0,0,0,0,0,0,0,0,0,0,0,0,0,3,3,2,0.0,0,0,0,0,1,0.4,0,0,0,0,20,1,malicious,oklend
oksana,2,1,False,True,False,1,2,0,2,0.03333333333333333,0,0,0,0,False,0,0,False,0,0,False,1,0,30,0.03333333333333333,3.709061902209305,4.021928094887363,0,0,0,0,0,0,0,0,0,0,1,0,0,0,0,1,0,0,2,2,1,0.0,0,0,0,0,0,0.0,0,0,0,0,0,1,malicious,oksana
olana,2,2,False,True,True,1,1,0,1,0.03333333333333333,0,1,0,0,False,0,0,False,0,0,False,1,0,30,0.03333333333333333,3.7264741182543757,3.7264741182543757,0,0,0,0,0,0,0,0,0,0,0,1,0,0,0,0,0,0,1,1,1,0.0,0,0,0,0,0,0.0,0,0,0,0,0,1,malicious,olana
onyxproxy,2,2,False,True,True,1,1,0,1,0.03333333333333333,0,1,0,0,False,0,0,False,0,0,False,1,0,30,0.03333333333333333,3.7264741182543757,3.7264741182543757,0,0,0,0,0,0,0,0,0,0,0,1,0,0,0,0,0,0,1,1,1,0.0,0,0,0,0,0,0.0,0,0,0,0,0,1,malicious,onyxproxy
openbabel-python,2,0,False,False,False,1,4,0,4,0.03225806451612903,0,0,0,0,False,0,0,False,0,0,False,2,1,31,0.06451612903225806,3.550737059127188,3.7264741182543757,0,0,0,0,0,0,0,0,0,0,0,0,0,0,0,0,0,0,4,4,2,0.0,0,0,1,1,1,0.4,0,0,0,0,20,1,malicious,openbabel-python
opencb-python,2,1,False,True,False,1,2,0,2,0.03333333333333333,0,0,0,0,False,0,0,False,0,0,False,1,0,30,0.03333333333333333,3.5915217408076363,4.021928094887363,0,0,0,0,0,0,0,0,0,0,1,0,0,0,0,1,0,0,2,2,1,0.0,0,0,0,0,0,0.0,0,0,0,0,0,1,malicious,opencb-python
opencvv-python,2,2,False,True,True,1,1,0,1,0.03333333333333333,0,1,0,0,False,0,0,False,0,0,False,1,0,30,0.03333333333333333,3.4812002344417046,3.7264741182543757,0,0,0,0,0,0,0,0,0,0,0,1,0,0,0,0,0,0,1,1,1,0.0,0,0,0,0,0,0.0,0,0,0,0,0,1,malicious,opencvv-python
opennpyxl,2,1,False,True,False,1,2,0,2,0.03333333333333333,0,0,0,0,False,0,0,False,0,0,False,1,0,30,0.03333333333333333,3.709061902209305,4.021928094887363,0,0,0,0,0,0,0,0,0,0,1,0,0,0,0,1,0,0,2,2,1,0.0,0,0,0,0,0,0.0,0,0,0,0,0,1,malicious,opennpyxl
openppyxl,2,1,True,False,False,1,2,0,2,0.03125,0,0,0,0,False,0,0,False,0,0,False,2,1,32,0.0625,3.2081808767710718,3.7264741182543757,0,0,0,0,0,0,0,0,0,0,0,0,0,0,0,0,0,0,2,2,2,0.0,0,0,1,1,0,0.0,0,0,0,0,0,1,malicious,openppyxl
openpylx,3,1,True,False,False,1,4,0,3,0.027777777777777776,0,3,0,0,False,0,0,False,0,0,False,2,0,36,0.05555555555555555,3.6551431436327353,3.9873261452560076,0,0,0,0,0,0,0,0,0,1,0,0,0,0,0,0,0,1,4,3,1,20.0,2,1,1,1,0,0.0,0,0,0,0,20,1,malicious,openpylx
openpyx,2,0,False,False,False,1,4,0,4,0.03225806451612903,0,0,0,0,False,0,0,False,0,0,False,2,1,31,0.06451612903225806,3.7264741182543757,3.7264741182543757,0,0,0,0,0,0,0,0,0,0,0,0,0,0,0,0,0,0,4,4,2,0.0,0,0,1,1,1,0.4,0,0,0,0,20,1,malicious,openpyx
openpyxll,2,0,False,False,False,1,4,0,4,0.03225806451612903,0,0,0,0,False,0,0,False,0,0,False,2,1,31,0.06451612903225806,3.7264741182543757,3.7264741182543757,0,0,0,0,0,0,0,0,0,0,0,0,0,0,0,0,0,0,4,4,2,0.0,0,0,1,1,1,0.4,0,0,0,0,20,1,malicious,openpyxll
openpyxxl,2,0,False,False,False,1,4,0,4,0.03225806451612903,0,0,0,0,False,0,0,False,0,0,False,2,1,31,0.06451612903225806,3.7264741182543757,3.7264741182543757,0,0,0,0,0,0,0,0,0,0,0,0,0,0,0,0,0,0,4,4,2,0.0,0,0,1,1,1,0.4,0,0,0,0,20,1,malicious,openpyxxl
openpyyxl,2,0,False,False,False,0,3,2,3,0.0,0,0,0,2,False,0,1,False,0,0,False,1,0,29,0.034482758620689655,4.4308296010599815,5.135185083865586,1,0,0,0,0,1,0,2,0,0,1,1,0,0,0,2,0,0,3,3,3,0.0,0,0,0,0,0,0.0,0,0,0,0,0,1,malicious,openpyyxl
openrobotics,2,0,False,False,False,1,3,0,3,0.03125,0,0,0,0,False,0,0,False,0,0,False,1,0,32,0.03125,3.2140855463546534,3.7264741182543757,0,0,0,0,0,0,0,0,0,0,0,0,0,0,0,0,0,0,3,3,2,0.0,0,0,0,0,1,0.4,0,0,0,0,20,1,malicious,openrobotics
openvc,2,0,False,False,False,1,4,0,4,0.03225806451612903,0,0,0,0,False,0,0,False,0,0,False,2,1,31,0.06451612903225806,3.7264741182543757,3.7264741182543757,0,0,0,0,0,0,0,0,0,0,0,0,0,0,0,0,0,0,4,4,2,0.0,0,0,1,1,1,0.4,0,0,0,0,20,1,malicious,openvc
openypxl,3,1,True,False,False,1,4,0,3,0.027777777777777776,0,3,0,0,False,0,0,False,0,0,False,2,0,36,0.05555555555555555,3.6551431436327353,3.9873261452560076,0,0,0,0,0,0,0,0,0,1,0,0,0,0,0,0,0,1,4,3,1,20.0,2,1,1,1,0,0.0,0,0,0,0,20,1,malicious,openypxl
openyxl,2,1,True,False,False,1,2,0,2,0.03125,0,0,0,0,False,0,0,False,0,0,False,2,1,32,0.0625,3.2081808767710718,3.7264741182543757,0,0,0,0,0,0,0,0,0,0,0,0,0,0,0,0,0,0,2,2,2,0.0,0,0,1,1,0,0.0,0,0,0,0,0,1,malicious,openyxl
opnepyxl,2,2,False,True,True,1,1,0,1,0.03333333333333333,0,1,0,0,False,0,0,False,0,0,False,1,0,30,0.03333333333333333,3.7264741182543757,3.7264741182543757,0,0,0,0,0,0,0,0,0,0,0,1,0,0,0,0,0,0,1,1,1,0.0,0,0,0,0,0,0.0,0,0,0,0,0,1,malicious,opnepyxl
oppenpyxl,2,1,True,False,False,1,2,0,2,0.03125,0,0,0,0,False,0,0,False,0,0,False,2,1,32,0.0625,3.2081808767710718,3.7264741182543757,0,0,0,0,0,0,0,0,0,0,0,0,0,0,0,0,0,0,2,2,2,0.0,0,0,1,1,0,0.0,0,0,0,0,0,1,malicious,oppenpyxl
osanlizer,2,2,False,True,True,1,1,0,1,0.03333333333333333,0,1,0,0,False,0,0,False,0,0,False,1,0,30,0.03333333333333333,3.7264741182543757,3.7264741182543757,0,0,0,0,0,0,0,0,0,0,0,1,0,0,0,0,0,0,1,1,1,0.0,0,0,0,0,0,0.0,0,0,0,0,0,1,malicious,osanlizer
osintinfo,2,0,False,False,False,1,4,0,4,0.03225806451612903,0,0,0,0,False,0,0,False,0,0,False,2,1,31,0.06451612903225806,3.7264741182543757,3.7264741182543757,0,0,0,0,0,0,0,0,0,0,0,0,0,0,0,0,0,0,4,4,2,0.0,0,0,1,1,1,0.4,0,0,0,0,20,1,malicious,osintinfo
osintrand,2,0,False,False,False,0,3,2,3,0.0,0,0,0,2,False,0,1,False,0,0,False,1,0,29,0.034482758620689655,4.4308296010599815,5.135185083865586,1,0,0,0,0,1,0,2,0,0,1,1,0,0,0,2,0,0,3,3,3,0.0,0,0,0,0,0,0.0,0,0,0,0,0,1,malicious,osintrand
osintrandom,3,1,True,False,False,1,4,0,3,0.027777777777777776,0,3,0,0,False,0,0,False,0,0,False,2,0,36,0.05555555555555555,3.515306171474785,3.9873261452560076,0,0,0,0,0,0,0,0,0,1,0,0,0,0,0,0,0,1,4,3,1,20.0,2,1,1,1,0,0.0,0,0,0,0,20,1,malicious,osintrandom
oslana,2,0,False,False,False,1,3,0,3,0.03125,0,0,0,0,False,0,0,False,0,0,False,1,0,32,0.03125,3.222540103292582,3.7264741182543757,0,0,0,0,0,0,0,0,0,0,0,0,0,0,0,0,0,0,3,3,2,0.0,0,0,0,0,1,0.4,0,0,0,0,20,1,malicious,oslana
osrs-hiscore,2,0,False,False,False,1,3,0,3,0.03125,0,0,0,0,False,0,0,False,0,0,False,1,0,32,0.03125,3.13075221302132,3.7264741182543757,0,0,0,0,0,0,0,0,0,0,0,0,0,0,0,0,0,0,3,3,2,0.0,0,0,0,0,1,0.4,0,0,0,0,20,1,malicious,osrs-hiscore
osxen,2,0,False,False,False,0,3,2,3,0.0,0,0,0,2,False,0,1,False,0,0,False,1,0,29,0.034482758620689655,4.4308296010599815,5.135185083865586,1,0,0,0,0,1,0,2,0,0,1,1,0,0,0,2,0,0,3,3,3,0.0,0,0,0,0,0,0.0,0,0,0,0,0,1,malicious,osxen
otr-utils,3,1,True,False,False,1,4,0,3,0.027777777777777776,0,3,0,0,False,0,0,False,0,0,False,2,0,36,0.05555555555555555,3.6551431436327353,3.9873261452560076,0,0,0,0,0,0,0,0,0,1,0,0,0,0,0,0,0,1,4,3,1,20.0,2,1,1,1,0,0.0,0,0,0,0,20,1,malicious,otr-utils
owlmoon,2,1,False,True,False,1,2,0,2,0.03333333333333333,0,0,0,0,False,0,0,False,0,0,False,1,0,30,0.03333333333333333,3.709061902209305,4.021928094887363,0,0,0,0,0,0,0,0,0,0,1,0,0,0,0,1,0,0,2,2,1,0.0,0,0,0,0,0,0.0,0,0,0,0,0,1,malicious,owlmoon
oxeru1,2,1,True,False,False,1,2,0,2,0.03125,0,0,0,0,False,0,0,False,0,0,False,2,1,32,0.0625,3.2081808767710718,3.7264741182543757,0,0,0,0,0,0,0,0,0,0,0,0,0,0,0,0,0,0,2,2,2,0.0,0,0,1,1,0,0.0,0,0,0,0,0,1,malicious,oxeru1
oxeru2,2,0,False,False,False,1,3,0,3,0.03125,0,0,0,0,False,0,0,False,0,0,False,1,0,32,0.03125,3.222540103292582,3.7264741182543757,0,0,0,0,0,0,0,0,0,0,0,0,0,0,0,0,0,0,3,3,2,0.0,0,0,0,0,1,0.4,0,0,0,0,20,1,malicious,oxeru2
oxeru3-test,2,0,False,False,False,1,4,0,4,0.03225806451612903,0,0,0,0,False,0,0,False,0,0,False,2,1,31,0.06451612903225806,3.411134686627655,3.7264741182543757,0,0,0,0,0,0,0,0,0,0,0,0,0,0,0,0,0,0,4,4,2,0.0,0,0,1,1,1,0.4,0,0,0,0,20,1,malicious,oxeru3-test
pacakegenow,3,1,True,False,False,1,4,0,3,0.027777777777777776,0,3,0,0,False,0,0,False,0,0,False,2,0,36,0.05555555555555555,3.515306171474785,3.9873261452560076,0,0,0,0,0,0,0,0,0,1,0,0,0,0,0,0,0,1,4,3,1,20.0,2,1,1,1,0,0.0,0,0,0,0,20,1,malicious,pacakegenow
panads,2,0,False,False,False,1,3,0,3,0.03125,0,0,0,0,False,0,0,False,0,0,False,1,0,32,0.03125,3.222540103292582,3.7264741182543757,0,0,0,0,0,0,0,0,0,0,0,0,0,0,0,0,0,0,3,3,2,0.0,0,0,0,0,1,0.4,0,0,0,0,20,1,malicious,panads
panas,2,0,False,False,False,0,3,2,3,0.0,0,0,0,2,False,0,1,False,0,0,False,1,0,29,0.034482758620689655,4.4308296010599815,5.135185083865586,1,0,0,0,0,1,0,2,0,0,1,1,0,0,0,2,0,0,3,3,3,0.0,0,0,0,0,0,0.0,0,0,0,0,0,1,malicious,panas
pandar,3,1,True,False,False,1,4,0,3,0.027777777777777776,0,3,0,0,False,0,0,False,0,0,False,2,0,36,0.05555555555555555,3.6551431436327353,3.9873261452560076,0,0,0,0,0,0,0,0,0,1,0,0,0,0,0,0,0,1,4,3,1,20.0,2,1,1,1,0,0.0,0,0,0,0,20,1,malicious,pandar
pandarequest,2,2,False,True,True,1,1,0,1,0.03333333333333333,0,1,0,0,False,0,0,False,0,0,False,1,0,30,0.03333333333333333,3.4890516428210994,3.7264741182543757,0,0,0,0,0,0,0,0,0,0,0,1,0,0,0,0,0,0,1,1,1,0.0,0,0,0,0,0,0.0,0,0,0,0,0,1,malicious,pandarequest
panderequests,3,1,True,False,False,1,4,0,3,0.027777777777777776,0,3,0,0,False,0,0,False,0,0,False,2,0,36,0.05555555555555555,3.5365656045259115,3.9873261452560076,0,0,0,0,0,0,0,0,0,1,0,0,0,0,0,0,0,1,4,3,1,20.0,2,1,1,1,0,0.0,0,0,0,0,20,1,malicious,panderequests
pandirequests,2,1,False,True,False,1,2,0,2,0.03333333333333333,0,0,0,0,False,0,0,False,0,0,False,1,0,30,0.03333333333333333,3.629983279269175,4.021928094887363,0,0,0,0,0,0,0,0,0,0,1,0,0,0,0,1,0,0,2,2,1,0.0,0,0,0,0,0,0.0,0,0,0,0,0,1,malicious,pandirequests
pandsa,2,0,False,False,False,1,4,0,4,0.03225806451612903,0,0,0,0,False,0,0,False,0,0,False,2,1,31,0.06451612903225806,3.7264741182543757,3.7264741182543757,0,0,0,0,0,0,0,0,0,0,0,0,0,0,0,0,0,0,4,4,2,0.0,0,0,1,1,1,0.4,0,0,0,0,20,1,malicious,pandsa
parser-scrapper,2,0,False,False,False,0,3,2,3,0.0,0,0,0,2,False,0,1,False,0,0,False,1,0,29,0.034482758620689655,3.839407988083639,5.135185083865586,1,0,0,0,0,1,0,2,0,0,1,1,0,0,0,2,0,0,3,3,3,0.0,0,0,0,0,0,0.0,0,0,0,0,0,1,malicious,parser-scrapper
paypalcpu,2,0,False,False,False,1,3,0,3,0.03125,0,0,0,0,False,0,0,False,0,0,False,1,0,32,0.03125,3.222540103292582,3.7264741182543757,0,0,0,0,0,0,0,0,0,0,0,0,0,0,0,0,0,0,3,3,2,0.0,0,0,0,0,1,0.4,0,0,0,0,20,1,malicious,paypalcpu
paypalotpbypass,3,1,True,False,False,1,4,0,3,0.027777777777777776,0,3,0,0,False,0,0,False,0,0,False,2,0,36,0.05555555555555555,3.438831881590623,3.9873261452560076,0,0,0,0,0,0,0,0,0,1,0,0,0,0,0,0,0,1,4,3,1,20.0,2,1,1,1,0,0.0,0,0,0,0,20,1,malicious,paypalotpbypass
pcodestyle,3,1,True,False,False,1,4,0,3,0.027777777777777776,0,3,0,0,False,0,0,False,0,0,False,2,0,36,0.05555555555555555,3.5218393814463917,3.9873261452560076,0,0,0,0,0,0,0,0,0,1,0,0,0,0,0,0,0,1,4,3,1,20.0,2,1,1,1,0,0.0,0,0,0,0,20,1,malicious,pcodestyle
pcyodestyle,2,1,False,True,False,1,2,0,2,0.03333333333333333,0,0,0,0,False,0,0,False,0,0,False,1,0,30,0.03333333333333333,3.5557452404072123,4.021928094887363,0,0,0,0,0,0,0,0,0,0,1,0,0,0,0,1,0,0,2,2,1,0.0,0,0,0,0,0,0.0,0,0,0,0,0,1,malicious,pcyodestyle
pencv-python,2,0,False,False,False,1,3,0,3,0.03125,0,0,0,0,False,0,0,False,0,0,False,1,0,32,0.03125,3.2298123693163925,3.7264741182543757,0,0,0,0,0,0,0,0,0,0,0,0,0,0,0,0,0,0,3,3,2,0.0,0,0,0,0,1,0.4,0,0,0,0,20,1,malicious,pencv-python
perlreq,2,0,False,False,False,1,4,0,4,0.03225806451612903,0,0,0,0,False,0,0,False,0,0,False,2,1,31,0.06451612903225806,3.7264741182543757,3.7264741182543757,0,0,0,0,0,0,0,0,0,0,0,0,0,0,0,0,0,0,4,4,2,0.0,0,0,1,1,1,0.4,0,0,0,0,20,1,malicious,perlreq
permsupping,3,1,True,False,False,1,4,0,3,0.027777777777777776,0,3,0,0,False,0,0,False,0,0,False,2,0,36,0.05555555555555555,3.498149637334706,3.9873261452560076,0,0,0,0,0,0,0,0,0,1,0,0,0,0,0,0,0,1,4,3,1,20.0,2,1,1,1,0,0.0,0,0,0,0,20,1,malicious,permsupping
pgame,2,0,False,False,False,1,4,0,4,0.03225806451612903,0,0,0,0,False,0,0,False,0,0,False,2,1,31,0.06451612903225806,3.7264741182543757,3.7264741182543757,0,0,0,0,0,0,0,0,0,0,0,0,0,0,0,0,0,0,4,4,2,0.0,0,0,1,1,1,0.4,0,0,0,0,20,1,malicious,pgame
phobia,2,2,False,True,True,1,1,0,1,0.03333333333333333,0,1,0,0,False,0,0,False,0,0,False,1,0,30,0.03333333333333333,3.7264741182543757,3.7264741182543757,0,0,0,0,0,0,0,0,0,0,0,1,0,0,0,0,0,0,1,1,1,0.0,0,0,0,0,0,0.0,0,0,0,0,0,1,malicious,phobia
php-requests-complex,2,0,False,False,False,1,4,0,4,0.03225806451612903,0,0,0,0,False,0,0,False,0,0,False,2,1,31,0.06451612903225806,3.6864567314626955,3.7264741182543757,0,0,0,0,0,0,0,0,0,0,0,0,0,0,0,0,0,0,4,4,2,0.0,0,0,1,1,1,0.4,0,0,0,0,20,1,malicious,php-requests-complex
pilloow,2,1,False,True,False,1,2,0,2,0.03333333333333333,0,0,0,0,False,0,0,False,0,0,False,1,0,30,0.03333333333333333,3.709061902209305,4.021928094887363,0,0,0,0,0,0,0,0,0,0,1,0,0,0,0,1,0,0,2,2,1,0.0,0,0,0,0,0,0.0,0,0,0,0,0,1,malicious,pilloow
pilloww,2,1,True,False,False,1,2,0,2,0.03125,0,0,0,0,False,0,0,False,0,0,False,2,1,32,0.0625,3.2081808767710718,3.7264741182543757,0,0,0,0,0,0,0,0,0,0,0,0,0,0,0,0,0,0,2,2,2,0.0,0,0,1,1,0,0.0,0,0,0,0,0,1,malicious,pilloww
pillw,2,1,True,False,False,1,2,0,2,0.03125,0,0,0,0,False,0,0,False,0,0,False,2,1,32,0.0625,3.2081808767710718,3.7264741182543757,0,0,0,0,0,0,0,0,0,0,0,0,0,0,0,0,0,0,2,2,2,0.0,0,0,1,1,0,0.0,0,0,0,0,0,1,malicious,pillw
pillwo,3,1,True,False,False,1,4,0,3,0.027777777777777776,0,3,0,0,False,0,0,False,0,0,False,2,0,36,0.05555555555555555,3.6551431436327353,3.9873261452560076,0,0,0,0,0,0,0,0,0,1,0,0,0,0,0,0,0,1,4,3,1,20.0,2,1,1,1,0,0.0,0,0,0,0,20,1,malicious,pillwo
pilolw,2,0,False,False,False,1,4,0,4,0.03225806451612903,0,0,0,0,False,0,0,False,0,0,False,2,1,31,0.06451612903225806,3.7264741182543757,3.7264741182543757,0,0,0,0,0,0,0,0,0,0,0,0,0,0,0,0,0,0,4,4,2,0.0,0,0,1,1,1,0.4,0,0,0,0,20,1,malicious,pilolw
pingkill,2,1,True,False,False,1,2,0,2,0.03125,0,0,0,0,False,0,0,False,0,0,False,2,1,32,0.0625,3.2081808767710718,3.7264741182543757,0,0,0,0,0,0,0,0,0,0,0,0,0,0,0,0,0,0,2,2,2,0.0,0,0,1,1,0,0.0,0,0,0,0,0,1,malicious,pingkill
pinglgtb,2,2,False,True,True,1,1,0,1,0.03333333333333333,0,1,0,0,False,0,0,False,0,0,False,1,0,30,0.03333333333333333,3.7264741182543757,3.7264741182543757,0,0,0,0,0,0,0,0,0,0,0,1,0,0,0,0,0,0,1,1,1,0.0,0,0,0,0,0,0.0,0,0,0,0,0,1,malicious,pinglgtb
pingmine,2,0,False,False,False,1,4,0,4,0.03225806451612903,0,0,0,0,False,0,0,False,0,0,False,2,1,31,0.06451612903225806,3.7264741182543757,3.7264741182543757,0,0,0,0,0,0,0,0,0,0,0,0,0,0,0,0,0,0,4,4,2,0.0,0,0,1,1,1,0.4,0,0,0,0,20,1,malicious,pingmine
pip-foo,2,0,False,False,False,1,4,0,4,0.03225806451612903,0,0,0,0,False,0,0,False,0,0,False,2,1,31,0.06451612903225806,3.7264741182543757,3.7264741182543757,0,0,0,0,0,0,0,0,0,0,0,0,0,0,0,0,0,0,4,4,2,0.0,0,0,1,1,1,0.4,0,0,0,0,20,1,malicious,pip-foo
pip-install-haxorsiambomber,3,1,True,False,False,1,4,0,3,0.027777777777777776,0,3,0,0,False,0,0,False,0,0,False,2,0,36,0.05555555555555555,3.693877612854984,3.9873261452560076,0,0,0,0,0,0,0,0,0,1,0,0,0,0,0,0,0,1,4,3,1,20.0,2,1,1,1,0,0.0,0,0,0,0,20,1,malicious,pip-install-haxorsiambomber
piphttps,2,1,True,False,False,1,2,0,2,0.03125,0,0,0,0,False,0,0,False,0,0,False,2,1,32,0.0625,3.2081808767710718,3.7264741182543757,0,0,0,0,0,0,0,0,0,0,0,0,0,0,0,0,0,0,2,2,2,0.0,0,0,1,1,0,0.0,0,0,0,0,0,1,malicious,piphttps
pippytest,2,0,False,False,False,1,4,0,4,0.03225806451612903,0,0,0,0,False,0,0,False,0,0,False,2,1,31,0.06451612903225806,3.7264741182543757,3.7264741182543757,0,0,0,0,0,0,0,0,0,0,0,0,0,0,0,0,0,0,4,4,2,0.0,0,0,1,1,1,0.4,0,0,0,0,20,1,malicious,pippytest
pippytests,3,1,True,False,False,1,4,0,3,0.027777777777777776,0,3,0,0,False,0,0,False,0,0,False,2,0,36,0.05555555555555555,3.3529671938923054,3.9873261452560076,0,0,0,0,0,0,0,0,0,1,0,0,0,0,0,0,0,1,4,3,1,20.0,2,1,1,1,0,0.0,0,0,0,0,20,1,malicious,pippytests
pipsplit,2,2,False,True,True,1,1,0,1,0.03333333333333333,0,1,0,0,False,0,0,False,0,0,False,1,0,30,0.03333333333333333,3.7264741182543757,3.7264741182543757,0,0,0,0,0,0,0,0,0,0,0,1,0,0,0,0,0,0,1,1,1,0.0,0,0,0,0,0,0.0,0,0,0,0,0,1,malicious,pipsplit
pipstyle,2,0,False,False,False,1,4,0,4,0.03225806451612903,0,0,0,0,False,0,0,False,0,0,False,2,1,31,0.06451612903225806,3.7264741182543757,3.7264741182543757,0,0,0,0,0,0,0,0,0,0,0,0,0,0,0,0,0,0,4,4,2,0.0,0,0,1,1,1,0.4,0,0,0,0,20,1,malicious,pipstyle
pipvm,2,0,False,False,False,1,4,0,4,0.03225806451612903,0,0,0,0,False,0,0,False,0,0,False,2,1,31,0.06451612903225806,3.7264741182543757,3.7264741182543757,0,0,0,0,0,0,0,0,0,0,0,0,0,0,0,0,0,0,4,4,2,0.0,0,0,1,1,1,0.4,0,0,0,0,20,1,malicious,pipvm
pip_security,2,0,False,False,False,1,3,0,3,0.03125,0,0,0,0,False,0,0,False,0,0,False,1,0,32,0.03125,3.2298123693163925,3.7264741182543757,0,0,0,0,0,0,0,0,0,0,0,0,0,0,0,0,0,0,3,3,2,0.0,0,0,0,0,1,0.4,0,0,0,0,20,1,malicious,pip_security
pirate-balls,2,1,False,True,False,1,2,0,2,0.03333333333333333,0,0,0,0,False,0,0,False,0,0,False,1,0,30,0.03333333333333333,3.5947037185039346,4.021928094887363,0,0,0,0,0,0,0,0,0,0,1,0,0,0,0,1,0,0,2,2,1,0.0,0,0,0,0,0,0.0,0,0,0,0,0,1,malicious,pirate-balls
piynstaller,2,0,False,False,False,1,3,0,3,0.03125,0,0,0,0,False,0,0,False,0,0,False,1,0,32,0.03125,3.2363084366742156,3.7264741182543757,0,0,0,0,0,0,0,0,0,0,0,0,0,0,0,0,0,0,3,3,2,0.0,0,0,0,0,1,0.4,0,0,0,0,20,1,malicious,piynstaller
pkg-with-extras,2,1,False,True,False,1,2,0,2,0.03333333333333333,0,0,0,0,False,0,0,False,0,0,False,1,0,30,0.03333333333333333,3.6918524088924416,4.021928094887363,0,0,0,0,0,0,0,0,0,0,1,0,0,0,0,1,0,0,2,2,1,0.0,0,0,0,0,0,0.0,0,0,0,0,0,1,malicious,pkg-with-extras
pkgutil,2,0,False,False,False,1,4,0,4,0.03225806451612903,0,0,0,0,False,0,0,False,0,0,False,2,1,31,0.06451612903225806,3.7264741182543757,3.7264741182543757,0,0,0,0,0,0,0,0,0,0,0,0,0,0,0,0,0,0,4,4,2,0.0,0,0,1,1,1,0.4,0,0,0,0,20,1,malicious,pkgutil
playsoun,2,2,False,True,True,1,1,0,1,0.03333333333333333,0,1,0,0,False,0,0,False,0,0,False,1,0,30,0.03333333333333333,3.7264741182543757,3.7264741182543757,0,0,0,0,0,0,0,0,0,0,0,1,0,0,0,0,0,0,1,1,1,0.0,0,0,0,0,0,0.0,0,0,0,0,0,1,malicious,playsoun
pllow,2,0,False,False,False,1,4,0,4,0.03225806451612903,0,0,0,0,False,0,0,False,0,0,False,2,1,31,0.06451612903225806,3.7264741182543757,3.7264741182543757,0,0,0,0,0,0,0,0,0,0,0,0,0,0,0,0,0,0,4,4,2,0.0,0,0,1,1,1,0.4,0,0,0,0,20,1,malicious,pllow
ploghandle,2,2,False,True,True,1,1,0,1,0.03333333333333333,0,1,0,0,False,0,0,False,0,0,False,1,0,30,0.03333333333333333,3.4242011065708686,3.7264741182543757,0,0,0,0,0,0,0,0,0,0,0,1,0,0,0,0,0,0,1,1,1,0.0,0,0,0,0,0,0.0,0,0,0,0,0,1,malicious,ploghandle
pluginlibrary,3,1,True,False,False,1,4,0,3,0.027777777777777776,0,3,0,0,False,0,0,False,0,0,False,2,0,36,0.05555555555555555,3.5510826718752093,3.9873261452560076,0,0,0,0,0,0,0,0,0,1,0,0,0,0,0,0,0,1,4,3,1,20.0,2,1,1,1,0,0.0,0,0,0,0,20,1,malicious,pluginlibrary
plutos,3,1,True,False,False,1,4,0,3,0.027777777777777776,0,3,0,0,False,0,0,False,0,0,False,2,0,36,0.05555555555555555,3.6551431436327353,3.9873261452560076,0,0,0,0,0,0,0,0,0,1,0,0,0,0,0,0,0,1,4,3,1,20.0,2,1,1,1,0,0.0,0,0,0,0,20,1,malicious,plutos
pogressbar2,2,1,True,False,False,1,2,0,2,0.03125,0,0,0,0,False,0,0,False,0,0,False,2,1,32,0.0625,3.180084471328537,3.7264741182543757,0,0,0,0,0,0,0,0,0,0,0,0,0,0,0,0,0,0,2,2,2,0.0,0,0,1,1,0,0.0,0,0,0,0,0,1,malicious,pogressbar2
poiqweconnector,2,0,False,False,False,0,3,2,3,0.0,0,0,0,2,False,0,1,False,0,0,False,1,0,29,0.034482758620689655,4.0171857658614165,5.135185083865586,1,0,0,0,0,1,0,2,0,0,1,1,0,0,0,2,0,0,3,3,3,0.0,0,0,0,0,0,0.0,0,0,0,0,0,1,malicious,poiqweconnector
pompt-toolkit,2,1,True,False,False,1,2,0,2,0.03125,0,0,0,0,False,0,0,False,0,0,False,2,1,32,0.0625,3.109903760107289,3.7264741182543757,0,0,0,0,0,0,0,0,0,0,0,0,0,0,0,0,0,0,2,2,2,0.0,0,0,1,1,0,0.0,0,0,0,0,0,1,malicious,pompt-toolkit
porgressbar2,2,1,False,True,False,1,2,0,2,0.03333333333333333,0,0,0,0,False,0,0,False,0,0,False,1,0,30,0.03333333333333333,3.537310228875529,4.021928094887363,0,0,0,0,0,0,0,0,0,0,1,0,0,0,0,1,0,0,2,2,1,0.0,0,0,0,0,0,0.0,0,0,0,0,0,1,malicious,porgressbar2
pormpt-toolkit,2,1,True,False,False,1,2,0,2,0.03125,0,0,0,0,False,0,0,False,0,0,False,2,1,32,0.0625,3.1524426915868666,3.7264741182543757,0,0,0,0,0,0,0,0,0,0,0,0,0,0,0,0,0,0,2,2,2,0.0,0,0,1,1,0,0.0,0,0,0,0,0,1,malicious,pormpt-toolkit
postgame,3,1,True,False,False,1,4,0,3,0.027777777777777776,0,3,0,0,False,0,0,False,0,0,False,2,0,36,0.05555555555555555,3.6551431436327353,3.9873261452560076,0,0,0,0,0,0,0,0,0,1,0,0,0,0,0,0,0,1,4,3,1,20.0,2,1,1,1,0,0.0,0,0,0,0,20,1,malicious,postgame
postproof,2,1,True,False,False,1,2,0,2,0.03125,0,0,0,0,False,0,0,False,0,0,False,2,1,32,0.0625,3.2081808767710718,3.7264741182543757,0,0,0,0,0,0,0,0,0,0,0,0,0,0,0,0,0,0,2,2,2,0.0,0,0,1,1,0,0.0,0,0,0,0,0,1,malicious,postproof
ppillow,2,0,False,False,False,1,3,0,3,0.03125,0,0,0,0,False,0,0,False,0,0,False,1,0,32,0.03125,3.222540103292582,3.7264741182543757,0,0,0,0,0,0,0,0,0,0,0,0,0,0,0,0,0,0,3,3,2,0.0,0,0,0,0,1,0.4,0,0,0,0,20,1,malicious,ppillow
pprogressbar2,2,0,False,False,False,1,4,0,4,0.03225806451612903,0,0,0,0,False,0,0,False,0,0,False,2,1,31,0.06451612903225806,3.3767304758068315,3.7264741182543757,0,0,0,0,0,0,0,0,0,0,0,0,0,0,0,0,0,0,4,4,2,0.0,0,0,1,1,1,0.4,0,0,0,0,20,1,malicious,pprogressbar2
ppsutil,2,1,True,False,False,1,2,0,2,0.03125,0,0,0,0,False,0,0,False,0,0,False,2,1,32,0.0625,3.2081808767710718,3.7264741182543757,0,0,0,0,0,0,0,0,0,0,0,0,0,0,0,0,0,0,2,2,2,0.0,0,0,1,1,0,0.0,0,0,0,0,0,1,malicious,ppsutil
pptest,2,0,False,False,False,1,4,0,4,0.03225806451612903,0,0,0,0,False,0,0,False,0,0,False,2,1,31,0.06451612903225806,3.7264741182543757,3.7264741182543757,0,0,0,0,0,0,0,0,0,0,0,0,0,0,0,0,0,0,4,4,2,0.0,0,0,1,1,1,0.4,0,0,0,0,20,1,malicious,pptest
ppygame,2,2,False,True,True,1,1,0,1,0.03333333333333333,0,1,0,0,False,0,0,False,0,0,False,1,0,30,0.03333333333333333,3.7264741182543757,3.7264741182543757,0,0,0,0,0,0,0,0,0,0,0,1,0,0,0,0,0,0,1,1,1,0.0,0,0,0,0,0,0.0,0,0,0,0,0,1,malicious,ppygame
ppysocks,3,1,True,False,False,1,4,0,3,0.027777777777777776,0,3,0,0,False,0,0,False,0,0,False,2,0,36,0.05555555555555555,3.6551431436327353,3.9873261452560076,0,0,0,0,0,0,0,0,0,1,0,0,0,0,0,0,0,1,4,3,1,20.0,2,1,1,1,0,0.0,0,0,0,0,20,1,malicious,ppysocks
ppython-binance,2,2,False,True,True,1,1,0,1,0.03333333333333333,0,1,0,0,False,0,0,False,0,0,False,1,0,30,0.03333333333333333,3.5915194401926644,3.7264741182543757,0,0,0,0,0,0,0,0,0,0,0,1,0,0,0,0,0,0,1,1,1,0.0,0,0,0,0,0,0.0,0,0,0,0,0,1,malicious,ppython-binance
ppytorch,2,1,False,True,False,1,2,0,2,0.03333333333333333,0,0,0,0,False,0,0,False,0,0,False,1,0,30,0.03333333333333333,3.709061902209305,4.021928094887363,0,0,0,0,0,0,0,0,0,0,1,0,0,0,0,1,0,0,2,2,1,0.0,0,0,0,0,0,0.0,0,0,0,0,0,1,malicious,ppytorch
predpatt,2,0,False,False,False,1,3,0,3,0.03125,0,0,0,0,False,0,0,False,0,0,False,1,0,32,0.03125,3.222540103292582,3.7264741182543757,0,0,0,0,0,0,0,0,0,0,0,0,0,0,0,0,0,0,3,3,2,0.0,0,0,0,0,1,0.4,0,0,0,0,20,1,malicious,predpatt
prgoressbar2,2,0,False,False,False,1,4,0,4,0.03225806451612903,0,0,0,0,False,0,0,False,0,0,False,2,1,31,0.06451612903225806,3.374264663564288,3.7264741182543757,0,0,0,0,0,0,0,0,0,0,0,0,0,0,0,0,0,0,4,4,2,0.0,0,0,1,1,1,0.4,0,0,0,0,20,1,malicious,prgoressbar2
printf,2,2,False,True,True,1,1,0,1,0.03333333333333333,0,1,0,0,False,0,0,False,0,0,False,1,0,30,0.03333333333333333,3.7264741182543757,3.7264741182543757,0,0,0,0,0,0,0,0,0,0,0,1,0,0,0,0,0,0,1,1,1,0.0,0,0,0,0,0,0.0,0,0,0,0,0,1,malicious,printf
private-library-dont-install,3,1,True,False,False,1,4,0,3,0.027777777777777776,0,3,0,0,False,0,0,False,0,0,False,2,0,36,0.05555555555555555,3.670612829194481,3.9873261452560076,0,0,0,0,0,0,0,0,0,1,0,0,0,0,0,0,0,1,4,3,1,20.0,2,1,1,1,0,0.0,0,0,0,0,20,1,malicious,private-library-dont-install
prmopt-toolkit,2,0,False,False,False,1,3,0,3,0.03125,0,0,0,0,False,0,0,False,0,0,False,1,0,32,0.03125,3.1632121114779994,3.7264741182543757,0,0,0,0,0,0,0,0,0,0,0,0,0,0,0,0,0,0,3,3,2,0.0,0,0,0,0,1,0.4,0,0,0,0,20,1,malicious,prmopt-toolkit
prmpt-toolkit,2,0,False,False,False,1,3,0,3,0.03125,0,0,0,0,False,0,0,False,0,0,False,1,0,32,0.03125,3.1736517858092586,3.7264741182543757,0,0,0,0,0,0,0,0,0,0,0,0,0,0,0,0,0,0,3,3,2,0.0,0,0,0,0,1,0.4,0,0,0,0,20,1,malicious,prmpt-toolkit
progerssbar2,2,1,False,True,False,1,2,0,2,0.03333333333333333,0,0,0,0,False,0,0,False,0,0,False,1,0,30,0.03333333333333333,3.537310228875529,4.021928094887363,0,0,0,0,0,0,0,0,0,0,1,0,0,0,0,1,0,0,2,2,1,0.0,0,0,0,0,0,0.0,0,0,0,0,0,1,malicious,progerssbar2
progessbar2,2,1,True,False,False,1,2,0,2,0.03125,0,0,0,0,False,0,0,False,0,0,False,2,1,32,0.0625,3.180084471328537,3.7264741182543757,0,0,0,0,0,0,0,0,0,0,0,0,0,0,0,0,0,0,2,2,2,0.0,0,0,1,1,0,0.0,0,0,0,0,0,1,malicious,progessbar2
proggressbar2,2,2,False,True,True,1,1,0,1,0.03333333333333333,0,1,0,0,False,0,0,False,0,0,False,1,0,30,0.03333333333333333,3.3767304758068315,3.7264741182543757,0,0,0,0,0,0,0,0,0,0,0,1,0,0,0,0,0,0,1,1,1,0.0,0,0,0,0,0,0.0,0,0,0,0,0,1,malicious,proggressbar2
progreessbar2,2,1,True,False,False,1,2,0,2,0.03125,0,0,0,0,False,0,0,False,0,0,False,2,1,32,0.0625,3.162882365918125,3.7264741182543757,0,0,0,0,0,0,0,0,0,0,0,0,0,0,0,0,0,0,2,2,2,0.0,0,0,1,1,0,0.0,0,0,0,0,0,1,malicious,progreessbar2
progresbar2,2,2,False,True,True,1,1,0,1,0.03333333333333333,0,1,0,0,False,0,0,False,0,0,False,1,0,30,0.03333333333333333,3.3768216183474973,3.7264741182543757,0,0,0,0,0,0,0,0,0,0,0,1,0,0,0,0,0,0,1,1,1,0.0,0,0,0,0,0,0.0,0,0,0,0,0,1,malicious,progresbar2
progresbsar2,2,0,False,False,False,1,3,0,3,0.03125,0,0,0,0,False,0,0,False,0,0,False,1,0,32,0.03125,3.172418879687987,3.7264741182543757,0,0,0,0,0,0,0,0,0,0,0,0,0,0,0,0,0,0,3,3,2,0.0,0,0,0,0,1,0.4,0,0,0,0,20,1,malicious,progresbsar2
progressabr2,2,0,False,False,False,0,3,2,3,0.0,0,0,0,2,False,0,1,False,0,0,False,1,0,29,0.034482758620689655,3.961238136998054,5.135185083865586,1,0,0,0,0,1,0,2,0,0,1,1,0,0,0,2,0,0,3,3,3,0.0,0,0,0,0,0,0.0,0,0,0,0,0,1,malicious,progressabr2
progressar2,2,1,True,False,False,1,2,0,2,0.03125,0,0,0,0,False,0,0,False,0,0,False,2,1,32,0.0625,3.1174733917339124,3.7264741182543757,0,0,0,0,0,0,0,0,0,0,0,0,0,0,0,0,0,0,2,2,2,0.0,0,0,1,1,0,0.0,0,0,0,0,0,1,malicious,progressar2
progressba2,2,0,False,False,False,1,3,0,3,0.03125,0,0,0,0,False,0,0,False,0,0,False,1,0,32,0.03125,3.1908538912196702,3.7264741182543757,0,0,0,0,0,0,0,0,0,0,0,0,0,0,0,0,0,0,3,3,2,0.0,0,0,0,0,1,0.4,0,0,0,0,20,1,malicious,progressba2
progressbaar2,2,2,False,True,True,1,1,0,1,0.03333333333333333,0,1,0,0,False,0,0,False,0,0,False,1,0,30,0.03333333333333333,3.3767304758068315,3.7264741182543757,0,0,0,0,0,0,0,0,0,0,0,1,0,0,0,0,0,0,1,1,1,0.0,0,0,0,0,0,0.0,0,0,0,0,0,1,malicious,progressbaar2
progressbar22,2,0,False,False,False,1,4,0,4,0.03225806451612903,0,0,0,0,False,0,0,False,0,0,False,2,1,31,0.06451612903225806,3.3767304758068315,3.7264741182543757,0,0,0,0,0,0,0,0,0,0,0,0,0,0,0,0,0,0,4,4,2,0.0,0,0,1,1,1,0.4,0,0,0,0,20,1,malicious,progressbar22
progressbarr2,2,0,False,False,False,0,3,2,3,0.0,0,0,0,2,False,0,1,False,0,0,False,1,0,29,0.034482758620689655,3.9309560503434287,5.135185083865586,1,0,0,0,0,1,0,2,0,0,1,1,0,0,0,2,0,0,3,3,3,0.0,0,0,0,0,0,0.0,0,0,0,0,0,1,malicious,progressbarr2
progressbbar2,2,2,False,True,True,1,1,0,1,0.03333333333333333,0,1,0,0,False,0,0,False,0,0,False,1,0,30,0.03333333333333333,3.3767304758068315,3.7264741182543757,0,0,0,0,0,0,0,0,0,0,0,1,0,0,0,0,0,0,1,1,1,0.0,0,0,0,0,0,0.0,0,0,0,0,0,1,malicious,progressbbar2
progressbr2,2,1,True,False,False,1,2,0,2,0.03125,0,0,0,0,False,0,0,False,0,0,False,2,1,32,0.0625,3.1174733917339124,3.7264741182543757,0,0,0,0,0,0,0,0,0,0,0,0,0,0,0,0,0,0,2,2,2,0.0,0,0,1,1,0,0.0,0,0,0,0,0,1,malicious,progressbr2
progressbra2,3,1,True,False,False,1,4,0,3,0.027777777777777776,0,3,0,0,False,0,0,False,0,0,False,2,0,36,0.05555555555555555,3.4968711599431015,3.9873261452560076,0,0,0,0,0,0,0,0,0,1,0,0,0,0,0,0,0,1,4,3,1,20.0,2,1,1,1,0,0.0,0,0,0,0,20,1,malicious,progressbra2
progresssbar2,2,0,False,False,False,1,4,0,4,0.03225806451612903,0,0,0,0,False,0,0,False,0,0,False,2,1,31,0.06451612903225806,3.3476963411082368,3.7264741182543757,0,0,0,0,0,0,0,0,0,0,0,0,0,0,0,0,0,0,4,4,2,0.0,0,0,1,1,1,0.4,0,0,0,0,20,1,malicious,progresssbar2
progrressbar2,2,0,False,False,False,1,3,0,3,0.03125,0,0,0,0,False,0,0,False,0,0,False,1,0,32,0.03125,3.1497073146970176,3.7264741182543757,0,0,0,0,0,0,0,0,0,0,0,0,0,0,0,0,0,0,3,3,2,0.0,0,0,0,0,1,0.4,0,0,0,0,20,1,malicious,progrressbar2
progrsesbar2,2,1,False,True,False,1,2,0,2,0.03333333333333333,0,0,0,0,False,0,0,False,0,0,False,1,0,30,0.03333333333333333,3.537310228875529,4.021928094887363,0,0,0,0,0,0,0,0,0,0,1,0,0,0,0,1,0,0,2,2,1,0.0,0,0,0,0,0,0.0,0,0,0,0,0,1,malicious,progrsesbar2
progrssbar2,2,0,False,False,False,0,3,2,3,0.0,0,0,0,2,False,0,1,False,0,0,False,1,0,29,0.034482758620689655,3.902336712914133,5.135185083865586,1,0,0,0,0,1,0,2,0,0,1,1,0,0,0,2,0,0,3,3,3,0.0,0,0,0,0,0,0.0,0,0,0,0,0,1,malicious,progrssbar2
promppt-toolkit,2,0,False,False,False,1,4,0,4,0.03225806451612903,0,0,0,0,False,0,0,False,0,0,False,2,1,31,0.06451612903225806,3.3411936067151,3.7264741182543757,0,0,0,0,0,0,0,0,0,0,0,0,0,0,0,0,0,0,4,4,2,0.0,0,0,1,1,1,0.4,0,0,0,0,20,1,malicious,promppt-toolkit
prompt-oolkit,2,0,False,False,False,1,4,0,4,0.03225806451612903,0,0,0,0,False,0,0,False,0,0,False,2,1,31,0.06451612903225806,3.3767304758068315,3.7264741182543757,0,0,0,0,0,0,0,0,0,0,0,0,0,0,0,0,0,0,4,4,2,0.0,0,0,1,1,1,0.4,0,0,0,0,20,1,malicious,prompt-oolkit
prompt-otolkit,2,0,False,False,False,0,3,2,3,0.0,0,0,0,2,False,0,1,False,0,0,False,1,0,29,0.034482758620689655,3.948962446051405,5.135185083865586,1,0,0,0,0,1,0,2,0,0,1,1,0,0,0,2,0,0,3,3,3,0.0,0,0,0,0,0,0.0,0,0,0,0,0,1,malicious,prompt-otolkit
prompt-tolkit,2,0,False,False,False,1,3,0,3,0.03125,0,0,0,0,False,0,0,False,0,0,False,1,0,32,0.03125,3.1736517858092586,3.7264741182543757,0,0,0,0,0,0,0,0,0,0,0,0,0,0,0,0,0,0,3,3,2,0.0,0,0,0,0,1,0.4,0,0,0,0,20,1,malicious,prompt-tolkit
prompt-tolokit,2,0,False,False,False,1,4,0,4,0.03225806451612903,0,0,0,0,False,0,0,False,0,0,False,2,1,31,0.06451612903225806,3.355851127144314,3.7264741182543757,0,0,0,0,0,0,0,0,0,0,0,0,0,0,0,0,0,0,4,4,2,0.0,0,0,1,1,1,0.4,0,0,0,0,20,1,malicious,prompt-tolokit
prompt-toolikt,3,1,True,False,False,1,4,0,3,0.027777777777777776,0,3,0,0,False,0,0,False,0,0,False,2,0,36,0.05555555555555555,3.4876643917331145,3.9873261452560076,0,0,0,0,0,0,0,0,0,1,0,0,0,0,0,0,0,1,4,3,1,20.0,2,1,1,1,0,0.0,0,0,0,0,20,1,malicious,prompt-toolikt
prompt-toolit,2,1,False,True,False,1,2,0,2,0.03333333333333333,0,0,0,0,False,0,0,False,0,0,False,1,0,30,0.03333333333333333,3.485564529185965,4.021928094887363,0,0,0,0,0,0,0,0,0,0,1,0,0,0,0,1,0,0,2,2,1,0.0,0,0,0,0,0,0.0,0,0,0,0,0,1,malicious,prompt-toolit
prompt-toolkiit,2,1,True,False,False,1,2,0,2,0.03125,0,0,0,0,False,0,0,False,0,0,False,2,1,32,0.0625,3.157695389741651,3.7264741182543757,0,0,0,0,0,0,0,0,0,0,0,0,0,0,0,0,0,0,2,2,2,0.0,0,0,1,1,0,0.0,0,0,0,0,0,1,malicious,prompt-toolkiit
prompt-toolkitt,2,0,False,False,False,0,3,2,3,0.0,0,0,0,2,False,0,1,False,0,0,False,1,0,29,0.034482758620689655,3.9282968769725275,5.135185083865586,1,0,0,0,0,1,0,2,0,0,1,1,0,0,0,2,0,0,3,3,3,0.0,0,0,0,0,0,0.0,0,0,0,0,0,1,malicious,prompt-toolkitt
prompt-toolkkit,2,0,False,False,False,0,3,2,3,0.0,0,0,0,2,False,0,1,False,0,0,False,1,0,29,0.034482758620689655,3.955966043591117,5.135185083865586,1,0,0,0,0,1,0,2,0,0,1,1,0,0,0,2,0,0,3,3,3,0.0,0,0,0,0,0,0.0,0,0,0,0,0,1,malicious,prompt-toolkkit
prompt-toolkt,2,0,False,False,False,1,4,0,4,0.03225806451612903,0,0,0,0,False,0,0,False,0,0,False,2,1,31,0.06451612903225806,3.2707732641851597,3.7264741182543757,0,0,0,0,0,0,0,0,0,0,0,0,0,0,0,0,0,0,4,4,2,0.0,0,0,1,1,1,0.4,0,0,0,0,20,1,malicious,prompt-toolkt
prompt-toolkti,2,0,False,False,False,1,3,0,3,0.03125,0,0,0,0,False,0,0,False,0,0,False,1,0,32,0.03125,3.163212111478,3.7264741182543757,0,0,0,0,0,0,0,0,0,0,0,0,0,0,0,0,0,0,3,3,2,0.0,0,0,0,0,1,0.4,0,0,0,0,20,1,malicious,prompt-toolkti
prompt-toollkit,2,0,False,False,False,1,4,0,4,0.03225806451612903,0,0,0,0,False,0,0,False,0,0,False,2,1,31,0.06451612903225806,3.3663565234538826,3.7264741182543757,0,0,0,0,0,0,0,0,0,0,0,0,0,0,0,0,0,0,4,4,2,0.0,0,0,1,1,1,0.4,0,0,0,0,20,1,malicious,prompt-toollkit
prompt-tooolkit,2,2,False,True,True,1,1,0,1,0.03333333333333333,0,1,0,0,False,0,0,False,0,0,False,1,0,30,0.03333333333333333,3.324852773525998,3.7264741182543757,0,0,0,0,0,0,0,0,0,0,0,1,0,0,0,0,0,0,1,1,1,0.0,0,0,0,0,0,0.0,0,0,0,0,0,1,malicious,prompt-tooolkit
prompt-ttoolkit,2,0,False,False,False,1,3,0,3,0.03125,0,0,0,0,False,0,0,False,0,0,False,1,0,32,0.03125,3.1477129346688417,3.7264741182543757,0,0,0,0,0,0,0,0,0,0,0,0,0,0,0,0,0,0,3,3,2,0.0,0,0,0,0,1,0.4,0,0,0,0,20,1,malicious,prompt-ttoolkit
promptcolor,2,1,False,True,False,1,2,0,2,0.03333333333333333,0,0,0,0,False,0,0,False,0,0,False,1,0,30,0.03333333333333333,3.4476796153580427,4.021928094887363,0,0,0,0,0,0,0,0,0,0,1,0,0,0,0,1,0,0,2,2,1,0.0,0,0,0,0,0,0.0,0,0,0,0,0,1,malicious,promptcolor
promt-toolkit,2,2,False,True,True,1,1,0,1,0.03333333333333333,0,1,0,0,False,0,0,False,0,0,False,1,0,30,0.03333333333333333,3.3476963411082368,3.7264741182543757,0,0,0,0,0,0,0,0,0,0,0,1,0,0,0,0,0,0,1,1,1,0.0,0,0,0,0,0,0.0,0,0,0,0,0,1,malicious,promt-toolkit
promtp-toolkit,2,2,False,True,True,1,1,0,1,0.03333333333333333,0,1,0,0,False,0,0,False,0,0,False,1,0,30,0.03333333333333333,3.355851127144314,3.7264741182543757,0,0,0,0,0,0,0,0,0,0,0,1,0,0,0,0,0,0,1,1,1,0.0,0,0,0,0,0,0.0,0,0,0,0,0,1,malicious,promtp-toolkit
proofed,3,1,True,False,False,1,4,0,3,0.027777777777777776,0,3,0,0,False,0,0,False,0,0,False,2,0,36,0.05555555555555555,3.6551431436327353,3.9873261452560076,0,0,0,0,0,0,0,0,0,1,0,0,0,0,0,0,0,1,4,3,1,20.0,2,1,1,1,0,0.0,0,0,0,0,20,1,malicious,proofed
proofhttp,2,2,False,True,True,1,1,0,1,0.03333333333333333,0,1,0,0,False,0,0,False,0,0,False,1,0,30,0.03333333333333333,3.7264741182543757,3.7264741182543757,0,0,0,0,0,0,0,0,0,0,0,1,0,0,0,0,0,0,1,1,1,0.0,0,0,0,0,0,0.0,0,0,0,0,0,1,malicious,proofhttp
proofmc,2,0,False,False,False,0,3,2,3,0.0,0,0,0,2,False,0,1,False,0,0,False,1,0,29,0.034482758620689655,4.4308296010599815,5.135185083865586,1,0,0,0,0,1,0,2,0,0,1,1,0,0,0,2,0,0,3,3,3,0.0,0,0,0,0,0,0.0,0,0,0,0,0,1,malicious,proofmc
proofpip,3,1,True,False,False,1,4,0,3,0.027777777777777776,0,3,0,0,False,0,0,False,0,0,False,2,0,36,0.05555555555555555,3.6551431436327353,3.9873261452560076,0,0,0,0,0,0,0,0,0,1,0,0,0,0,0,0,0,1,4,3,1,20.0,2,1,1,1,0,0.0,0,0,0,0,20,1,malicious,proofpip
proofpong,3,1,True,False,False,1,4,0,3,0.027777777777777776,0,3,0,0,False,0,0,False,0,0,False,2,0,36,0.05555555555555555,3.6551431436327353,3.9873261452560076,0,0,0,0,0,0,0,0,0,1,0,0,0,0,0,0,0,1,4,3,1,20.0,2,1,1,1,0,0.0,0,0,0,0,20,1,malicious,proofpong
proofpy,2,1,False,True,False,1,2,0,2,0.03333333333333333,0,0,0,0,False,0,0,False,0,0,False,1,0,30,0.03333333333333333,3.709061902209305,4.021928094887363,0,0,0,0,0,0,0,0,0,0,1,0,0,0,0,1,0,0,2,2,1,0.0,0,0,0,0,0,0.0,0,0,0,0,0,1,malicious,proofpy
proofsuper,2,1,False,True,False,1,2,0,2,0.03333333333333333,0,0,0,0,False,0,0,False,0,0,False,1,0,30,0.03333333333333333,3.4622784503788195,4.021928094887363,0,0,0,0,0,0,0,0,0,0,1,0,0,0,0,1,0,0,2,2,1,0.0,0,0,0,0,0,0.0,0,0,0,0,0,1,malicious,proofsuper
proogressbar2,2,0,False,False,False,1,4,0,4,0.03225806451612903,0,0,0,0,False,0,0,False,0,0,False,2,1,31,0.06451612903225806,3.3767304758068315,3.7264741182543757,0,0,0,0,0,0,0,0,0,0,0,0,0,0,0,0,0,0,4,4,2,0.0,0,0,1,1,1,0.4,0,0,0,0,20,1,malicious,proogressbar2
proompt-toolkit,2,0,False,False,False,1,4,0,4,0.03225806451612903,0,0,0,0,False,0,0,False,0,0,False,2,1,31,0.06451612903225806,3.324852773525998,3.7264741182543757,0,0,0,0,0,0,0,0,0,0,0,0,0,0,0,0,0,0,4,4,2,0.0,0,0,1,1,1,0.4,0,0,0,0,20,1,malicious,proompt-toolkit
propeller-solver-core,2,1,False,True,False,1,2,0,2,0.03333333333333333,0,0,0,0,False,0,0,False,0,0,False,1,0,30,0.03333333333333333,3.528568937062062,4.021928094887363,0,0,0,0,0,0,0,0,0,0,1,0,0,0,0,1,0,0,2,2,1,0.0,0,0,0,0,0,0.0,0,0,0,0,0,1,malicious,propeller-solver-core
propmt-toolkit,2,2,False,True,True,1,1,0,1,0.03333333333333333,0,1,0,0,False,0,0,False,0,0,False,1,0,30,0.03333333333333333,3.355851127144314,3.7264741182543757,0,0,0,0,0,0,0,0,0,0,0,1,0,0,0,0,0,0,1,1,1,0.0,0,0,0,0,0,0.0,0,0,0,0,0,1,malicious,propmt-toolkit
propt-toolkit,2,0,False,False,False,1,4,0,4,0.03225806451612903,0,0,0,0,False,0,0,False,0,0,False,2,1,31,0.06451612903225806,3.2707732641851597,3.7264741182543757,0,0,0,0,0,0,0,0,0,0,0,0,0,0,0,0,0,0,4,4,2,0.0,0,0,1,1,1,0.4,0,0,0,0,20,1,malicious,propt-toolkit
proressbar2,2,2,False,True,True,1,1,0,1,0.03333333333333333,0,1,0,0,False,0,0,False,0,0,False,1,0,30,0.03333333333333333,3.2859125274384064,3.7264741182543757,0,0,0,0,0,0,0,0,0,0,0,1,0,0,0,0,0,0,1,1,1,0.0,0,0,0,0,0,0.0,0,0,0,0,0,1,malicious,proressbar2
prorgessbar2,2,0,False,False,False,1,4,0,4,0.03225806451612903,0,0,0,0,False,0,0,False,0,0,False,2,1,31,0.06451612903225806,3.374264663564288,3.7264741182543757,0,0,0,0,0,0,0,0,0,0,0,0,0,0,0,0,0,0,4,4,2,0.0,0,0,1,1,1,0.4,0,0,0,0,20,1,malicious,prorgessbar2
protonvpn-nm-lib,2,0,False,False,False,1,3,0,3,0.03125,0,0,0,0,False,0,0,False,0,0,False,1,0,32,0.03125,3.2488599602481325,3.7264741182543757,0,0,0,0,0,0,0,0,0,0,0,0,0,0,0,0,0,0,3,3,2,0.0,0,0,0,0,1,0.4,0,0,0,0,20,1,malicious,protonvpn-nm-lib
proxier-api,2,1,True,False,False,1,2,0,2,0.03125,0,0,0,0,False,0,0,False,0,0,False,2,1,32,0.0625,3.134629925873991,3.7264741182543757,0,0,0,0,0,0,0,0,0,0,0,0,0,0,0,0,0,0,2,2,2,0.0,0,0,1,1,0,0.0,0,0,0,0,0,1,malicious,proxier-api
proxycrape,2,0,False,False,False,1,3,0,3,0.03125,0,0,0,0,False,0,0,False,0,0,False,1,0,32,0.03125,3.1473871011912773,3.7264741182543757,0,0,0,0,0,0,0,0,0,0,0,0,0,0,0,0,0,0,3,3,2,0.0,0,0,0,0,1,0.4,0,0,0,0,20,1,malicious,proxycrape
proxyrape,2,0,False,False,False,1,3,0,3,0.03125,0,0,0,0,False,0,0,False,0,0,False,1,0,32,0.03125,3.222540103292582,3.7264741182543757,0,0,0,0,0,0,0,0,0,0,0,0,0,0,0,0,0,0,3,3,2,0.0,0,0,0,0,1,0.4,0,0,0,0,20,1,malicious,proxyrape
proxyscrope,2,1,False,True,False,1,2,0,2,0.03333333333333333,0,0,0,0,False,0,0,False,0,0,False,1,0,30,0.03333333333333333,3.510290694952667,4.021928094887363,0,0,0,0,0,0,0,0,0,0,1,0,0,0,0,1,0,0,2,2,1,0.0,0,0,0,0,0,0.0,0,0,0,0,0,1,malicious,proxyscrope
prrogressbar2,2,1,False,True,False,1,2,0,2,0.03333333333333333,0,0,0,0,False,0,0,False,0,0,False,1,0,30,0.03333333333333333,3.5145986638845597,4.021928094887363,0,0,0,0,0,0,0,0,0,0,1,0,0,0,0,1,0,0,2,2,1,0.0,0,0,0,0,0,0.0,0,0,0,0,0,1,malicious,prrogressbar2
prrompt-toolkit,2,0,False,False,False,0,3,2,3,0.0,0,0,0,2,False,0,1,False,0,0,False,1,0,29,0.034482758620689655,3.955966043591117,5.135185083865586,1,0,0,0,0,1,0,2,0,0,1,1,0,0,0,2,0,0,3,3,3,0.0,0,0,0,0,0,0.0,0,0,0,0,0,1,malicious,prrompt-toolkit
psocks,2,0,False,False,False,1,3,0,3,0.03125,0,0,0,0,False,0,0,False,0,0,False,1,0,32,0.03125,3.222540103292582,3.7264741182543757,0,0,0,0,0,0,0,0,0,0,0,0,0,0,0,0,0,0,3,3,2,0.0,0,0,0,0,1,0.4,0,0,0,0,20,1,malicious,psocks
psslib,3,1,True,False,False,1,4,0,3,0.027777777777777776,0,3,0,0,False,0,0,False,0,0,False,2,0,36,0.05555555555555555,3.6551431436327353,3.9873261452560076,0,0,0,0,0,0,0,0,0,1,0,0,0,0,0,0,0,1,4,3,1,20.0,2,1,1,1,0,0.0,0,0,0,0,20,1,malicious,psslib
pssutil,2,0,False,False,False,0,3,2,3,0.0,0,0,0,2,False,0,1,False,0,0,False,1,0,29,0.034482758620689655,4.4308296010599815,5.135185083865586,1,0,0,0,0,1,0,2,0,0,1,1,0,0,0,2,0,0,3,3,3,0.0,0,0,0,0,0,0.0,0,0,0,0,0,1,malicious,pssutil
pstil,2,0,False,False,False,0,3,2,3,0.0,0,0,0,2,False,0,1,False,0,0,False,1,0,29,0.034482758620689655,4.4308296010599815,5.135185083865586,1,0,0,0,0,1,0,2,0,0,1,1,0,0,0,2,0,0,3,3,3,0.0,0,0,0,0,0,0.0,0,0,0,0,0,1,malicious,pstil
pstuil,2,1,False,True,False,1,2,0,2,0.03333333333333333,0,0,0,0,False,0,0,False,0,0,False,1,0,30,0.03333333333333333,3.709061902209305,4.021928094887363,0,0,0,0,0,0,0,0,0,0,1,0,0,0,0,1,0,0,2,2,1,0.0,0,0,0,0,0,0.0,0,0,0,0,0,1,malicious,pstuil
psuti,2,0,False,False,False,1,3,0,3,0.03125,0,0,0,0,False,0,0,False,0,0,False,1,0,32,0.03125,3.222540103292582,3.7264741182543757,0,0,0,0,0,0,0,0,0,0,0,0,0,0,0,0,0,0,3,3,2,0.0,0,0,0,0,1,0.4,0,0,0,0,20,1,malicious,psuti
psutill,2,1,False,True,False,1,2,0,2,0.03333333333333333,0,0,0,0,False,0,0,False,0,0,False,1,0,30,0.03333333333333333,3.709061902209305,4.021928094887363,0,0,0,0,0,0,0,0,0,0,1,0,0,0,0,1,0,0,2,2,1,0.0,0,0,0,0,0,0.0,0,0,0,0,0,1,malicious,psutill
psuttil,2,0,False,False,False,1,3,0,3,0.03125,0,0,0,0,False,0,0,False,0,0,False,1,0,32,0.03125,3.222540103292582,3.7264741182543757,0,0,0,0,0,0,0,0,0,0,0,0,0,0,0,0,0,0,3,3,2,0.0,0,0,0,0,1,0.4,0,0,0,0,20,1,malicious,psuttil
psuutil,2,1,True,False,False,1,2,0,2,0.03125,0,0,0,0,False,0,0,False,0,0,False,2,1,32,0.0625,3.2081808767710718,3.7264741182543757,0,0,0,0,0,0,0,0,0,0,0,0,0,0,0,0,0,0,2,2,2,0.0,0,0,1,1,0,0.0,0,0,0,0,0,1,malicious,psuutil
psycogp2,2,0,False,False,False,1,4,0,4,0.03225806451612903,0,0,0,0,False,0,0,False,0,0,False,2,1,31,0.06451612903225806,3.7264741182543757,3.7264741182543757,0,0,0,0,0,0,0,0,0,0,0,0,0,0,0,0,0,0,4,4,2,0.0,0,0,1,1,1,0.4,0,0,0,0,20,1,malicious,psycogp2
psyocks,2,0,False,False,False,1,4,0,4,0.03225806451612903,0,0,0,0,False,0,0,False,0,0,False,2,1,31,0.06451612903225806,3.7264741182543757,3.7264741182543757,0,0,0,0,0,0,0,0,0,0,0,0,0,0,0,0,0,0,4,4,2,0.0,0,0,1,1,1,0.4,0,0,0,0,20,1,malicious,psyocks
pthttp,2,2,False,True,True,1,1,0,1,0.03333333333333333,0,1,0,0,False,0,0,False,0,0,False,1,0,30,0.03333333333333333,3.7264741182543757,3.7264741182543757,0,0,0,0,0,0,0,0,0,0,0,1,0,0,0,0,0,0,1,1,1,0.0,0,0,0,0,0,0.0,0,0,0,0,0,1,malicious,pthttp
ptorch,2,0,False,False,False,0,3,2,3,0.0,0,0,0,2,False,0,1,False,0,0,False,1,0,29,0.034482758620689655,4.4308296010599815,5.135185083865586,1,0,0,0,0,1,0,2,0,0,1,1,0,0,0,2,0,0,3,3,3,0.0,0,0,0,0,0,0.0,0,0,0,0,0,1,malicious,ptorch
ptyhon-binance,3,1,True,False,False,1,4,0,3,0.027777777777777776,0,3,0,0,False,0,0,False,0,0,False,2,0,36,0.05555555555555555,3.6082873828431765,3.9873261452560076,0,0,0,0,0,0,0,0,0,1,0,0,0,0,0,0,0,1,4,3,1,20.0,2,1,1,1,0,0.0,0,0,0,0,20,1,malicious,ptyhon-binance
ptyorch,3,1,True,False,False,1,4,0,3,0.027777777777777776,0,3,0,0,False,0,0,False,0,0,False,2,0,36,0.05555555555555555,3.6551431436327353,3.9873261452560076,0,0,0,0,0,0,0,0,0,1,0,0,0,0,0,0,0,1,4,3,1,20.0,2,1,1,1,0,0.0,0,0,0,0,20,1,malicious,ptyorch
pullcc,2,1,False,True,False,1,2,0,2,0.03333333333333333,0,0,0,0,False,0,0,False,0,0,False,1,0,30,0.03333333333333333,3.709061902209305,4.021928094887363,0,0,0,0,0,0,0,0,0,0,1,0,0,0,0,1,0,0,2,2,1,0.0,0,0,0,0,0,0.0,0,0,0,0,0,1,malicious,pullcc
pullload,2,0,False,False,False,1,3,0,3,0.03125,0,0,0,0,False,0,0,False,0,0,False,1,0,32,0.03125,3.222540103292582,3.7264741182543757,0,0,0,0,0,0,0,0,0,0,0,0,0,0,0,0,0,0,3,3,2,0.0,0,0,0,0,1,0.4,0,0,0,0,20,1,malicious,pullload
pullpaypal,2,0,False,False,False,1,3,0,3,0.03125,0,0,0,0,False,0,0,False,0,0,False,1,0,32,0.03125,2.959642726083104,3.7264741182543757,0,0,0,0,0,0,0,0,0,0,0,0,0,0,0,0,0,0,3,3,2,0.0,0,0,0,0,1,0.4,0,0,0,0,20,1,malicious,pullpaypal
pullvm,2,0,False,False,False,0,3,2,3,0.0,0,0,0,2,False,0,1,False,0,0,False,1,0,29,0.034482758620689655,4.4308296010599815,5.135185083865586,1,0,0,0,0,1,0,2,0,0,1,1,0,0,0,2,0,0,3,3,3,0.0,0,0,0,0,0,0.0,0,0,0,0,0,1,malicious,pullvm
puregram,2,0,False,False,False,1,4,0,4,0.03225806451612903,0,0,0,0,False,0,0,False,0,0,False,2,1,31,0.06451612903225806,3.7264741182543757,3.7264741182543757,0,0,0,0,0,0,0,0,0,0,0,0,0,0,0,0,0,0,4,4,2,0.0,0,0,1,1,1,0.4,0,0,0,0,20,1,malicious,puregram
pushproof,3,1,True,False,False,1,4,0,3,0.027777777777777776,0,3,0,0,False,0,0,False,0,0,False,2,0,36,0.05555555555555555,3.6551431436327353,3.9873261452560076,0,0,0,0,0,0,0,0,0,1,0,0,0,0,0,0,0,1,4,3,1,20.0,2,1,1,1,0,0.0,0,0,0,0,20,1,malicious,pushproof
pussysus,2,1,False,True,False,1,2,0,2,0.03333333333333333,0,0,0,0,False,0,0,False,0,0,False,1,0,30,0.03333333333333333,3.709061902209305,4.021928094887363,0,0,0,0,0,0,0,0,0,0,1,0,0,0,0,1,0,0,2,2,1,0.0,0,0,0,0,0,0.0,0,0,0,0,0,1,malicious,pussysus
pustil,2,0,False,False,False,1,4,0,4,0.03225806451612903,0,0,0,0,False,0,0,False,0,0,False,2,1,31,0.06451612903225806,3.7264741182543757,3.7264741182543757,0,0,0,0,0,0,0,0,0,0,0,0,0,0,0,0,0,0,4,4,2,0.0,0,0,1,1,1,0.4,0,0,0,0,20,1,malicious,pustil
pvhttp,2,0,False,False,False,0,3,2,3,0.0,0,0,0,2,False,0,1,False,0,0,False,1,0,29,0.034482758620689655,4.4308296010599815,5.135185083865586,1,0,0,0,0,1,0,2,0,0,1,1,0,0,0,2,0,0,3,3,3,0.0,0,0,0,0,0,0.0,0,0,0,0,0,1,malicious,pvhttp
pwd,2,2,False,True,True,1,1,0,1,0.03333333333333333,0,1,0,0,False,0,0,False,0,0,False,1,0,30,0.03333333333333333,3.7264741182543757,3.7264741182543757,0,0,0,0,0,0,0,0,0,0,0,1,0,0,0,0,0,0,1,1,1,0.0,0,0,0,0,0,0.0,0,0,0,0,0,1,malicious,pwd
pwniepip,2,2,False,True,True,1,1,0,1,0.03333333333333333,0,1,0,0,False,0,0,False,0,0,False,1,0,30,0.03333333333333333,3.7264741182543757,3.7264741182543757,0,0,0,0,0,0,0,0,0,0,0,1,0,0,0,0,0,0,1,1,1,0.0,0,0,0,0,0,0.0,0,0,0,0,0,1,malicious,pwniepip
py-adgame,2,0,False,False,False,1,4,0,4,0.03225806451612903,0,0,0,0,False,0,0,False,0,0,False,2,1,31,0.06451612903225806,3.7264741182543757,3.7264741182543757,0,0,0,0,0,0,0,0,0,0,0,0,0,0,0,0,0,0,4,4,2,0.0,0,0,1,1,1,0.4,0,0,0,0,20,1,malicious,py-adgame
py-adpaypalkill,2,1,False,True,False,1,2,0,2,0.03333333333333333,0,0,0,0,False,0,0,False,0,0,False,1,0,30,0.03333333333333333,3.4874413671176017,4.021928094887363,0,0,0,0,0,0,0,0,0,0,1,0,0,0,0,1,0,0,2,2,1,0.0,0,0,0,0,0,0.0,0,0,0,0,0,1,malicious,py-adpaypalkill
py-adpongultra,2,0,False,False,False,0,3,2,3,0.0,0,0,0,2,False,0,1,False,0,0,False,1,0,29,0.034482758620689655,4.127766612821094,5.135185083865586,1,0,0,0,0,1,0,2,0,0,1,1,0,0,0,2,0,0,3,3,3,0.0,0,0,0,0,0,0.0,0,0,0,0,0,1,malicious,py-adpongultra
py-adrehacked,2,0,False,False,False,1,3,0,3,0.03125,0,0,0,0,False,0,0,False,0,0,False,1,0,32,0.03125,3.2266303916200942,3.7264741182543757,0,0,0,0,0,0,0,0,0,0,0,0,0,0,0,0,0,0,3,3,2,0.0,0,0,0,0,1,0.4,0,0,0,0,20,1,malicious,py-adrehacked
py-candycontrollgtb,2,0,False,False,False,1,4,0,4,0.03225806451612903,0,0,0,0,False,0,0,False,0,0,False,2,1,31,0.06451612903225806,3.67141134216477,3.7264741182543757,0,0,0,0,0,0,0,0,0,0,0,0,0,0,0,0,0,0,4,4,2,0.0,0,0,1,1,1,0.4,0,0,0,0,20,1,malicious,py-candycontrollgtb
py-candyhydrapep,2,0,False,False,False,1,3,0,3,0.03125,0,0,0,0,False,0,0,False,0,0,False,1,0,32,0.03125,3.205814843026828,3.7264741182543757,0,0,0,0,0,0,0,0,0,0,0,0,0,0,0,0,0,0,3,3,2,0.0,0,0,0,0,1,0.4,0,0,0,0,20,1,malicious,py-candyhydrapep
py-ccmcstudy,3,1,True,False,False,1,4,0,3,0.027777777777777776,0,3,0,0,False,0,0,False,0,0,False,2,0,36,0.05555555555555555,3.4968711599431015,3.9873261452560076,0,0,0,0,0,0,0,0,0,1,0,0,0,0,0,0,0,1,4,3,1,20.0,2,1,1,1,0,0.0,0,0,0,0,20,1,malicious,py-ccmcstudy
py-ccpongver,2,2,False,True,True,1,1,0,1,0.03333333333333333,0,1,0,0,False,0,0,False,0,0,False,1,0,30,0.03333333333333333,3.4890516428210994,3.7264741182543757,0,0,0,0,0,0,0,0,0,0,0,1,0,0,0,0,0,0,1,1,1,0.0,0,0,0,0,0,0.0,0,0,0,0,0,1,malicious,py-ccpongver
py-controlguipost,2,2,False,True,True,1,1,0,1,0.03333333333333333,0,1,0,0,False,0,0,False,0,0,False,1,0,30,0.03333333333333333,3.6494717885122556,3.7264741182543757,0,0,0,0,0,0,0,0,0,0,0,1,0,0,0,0,0,0,1,1,1,0.0,0,0,0,0,0,0.0,0,0,0,0,0,1,malicious,py-controlguipost
py-controlpingcraft,2,1,True,False,False,1,2,0,2,0.03125,0,0,0,0,False,0,0,False,0,0,False,2,1,32,0.0625,3.310222799097094,3.7264741182543757,0,0,0,0,0,0,0,0,0,0,0,0,0,0,0,0,0,0,2,2,2,0.0,0,0,1,1,0,0.0,0,0,0,0,0,1,malicious,py-controlpingcraft
py-controlrand,2,0,False,False,False,0,3,2,3,0.0,0,0,0,2,False,0,1,False,0,0,False,1,0,29,0.034482758620689655,4.080147565202046,5.135185083865586,1,0,0,0,0,1,0,2,0,0,1,1,0,0,0,2,0,0,3,3,3,0.0,0,0,0,0,0,0.0,0,0,0,0,0,1,malicious,py-controlrand
py-controlstrcraft,2,0,False,False,False,1,4,0,4,0.03225806451612903,0,0,0,0,False,0,0,False,0,0,False,2,1,31,0.06451612903225806,3.5729280319503736,3.7264741182543757,0,0,0,0,0,0,0,0,0,0,0,0,0,0,0,0,0,0,4,4,2,0.0,0,0,1,1,1,0.4,0,0,0,0,20,1,malicious,py-controlstrcraft
py-cpuintelsplit,2,1,True,False,False,1,2,0,2,0.03125,0,0,0,0,False,0,0,False,0,0,False,2,1,32,0.0625,3.238090540356999,3.7264741182543757,0,0,0,0,0,0,0,0,0,0,0,0,0,0,0,0,0,0,2,2,2,0.0,0,0,1,1,0,0.0,0,0,0,0,0,1,malicious,py-cpuintelsplit
py-craftlib,2,0,False,False,False,1,3,0,3,0.03125,0,0,0,0,False,0,0,False,0,0,False,1,0,32,0.03125,3.281762982128761,3.7264741182543757,0,0,0,0,0,0,0,0,0,0,0,0,0,0,0,0,0,0,3,3,2,0.0,0,0,0,0,1,0.4,0,0,0,0,20,1,malicious,py-craftlib
py-cvencode,2,0,False,False,False,1,4,0,4,0.03225806451612903,0,0,0,0,False,0,0,False,0,0,False,2,1,31,0.06451612903225806,3.411134686627655,3.7264741182543757,0,0,0,0,0,0,0,0,0,0,0,0,0,0,0,0,0,0,4,4,2,0.0,0,0,1,1,1,0.4,0,0,0,0,20,1,malicious,py-cvencode
py-cvposthydra,2,0,False,False,False,1,4,0,4,0.03225806451612903,0,0,0,0,False,0,0,False,0,0,False,2,1,31,0.06451612903225806,3.6240573772988474,3.7264741182543757,0,0,0,0,0,0,0,0,0,0,0,0,0,0,0,0,0,0,4,4,2,0.0,0,0,1,1,1,0.4,0,0,0,0,20,1,malicious,py-cvposthydra
py-encodehackeded,2,0,False,False,False,1,3,0,3,0.03125,0,0,0,0,False,0,0,False,0,0,False,1,0,32,0.03125,3.2217871480443234,3.7264741182543757,0,0,0,0,0,0,0,0,0,0,0,0,0,0,0,0,0,0,3,3,2,0.0,0,0,0,0,1,0.4,0,0,0,0,20,1,malicious,py-encodehackeded
py-encodelib,3,1,True,False,False,1,4,0,3,0.027777777777777776,0,3,0,0,False,0,0,False,0,0,False,2,0,36,0.05555555555555555,3.5959313162381736,3.9873261452560076,0,0,0,0,0,0,0,0,0,1,0,0,0,0,0,0,0,1,4,3,1,20.0,2,1,1,1,0,0.0,0,0,0,0,20,1,malicious,py-encodelib
py-encodevirtualgui,2,1,True,False,False,1,2,0,2,0.03125,0,0,0,0,False,0,0,False,0,0,False,2,1,32,0.0625,3.389170167518147,3.9321380397593737,0,0,0,0,0,0,0,0,0,0,0,0,0,0,0,0,0,0,2,2,2,0.0,0,0,1,1,0,0.0,0,0,0,0,0,1,malicious,py-encodevirtualgui
py-gameintelpull,2,2,False,True,True,1,1,0,1,0.03333333333333333,0,1,0,0,False,0,0,False,0,0,False,1,0,30,0.03333333333333333,3.5896468246845794,3.7264741182543757,0,0,0,0,0,0,0,0,0,0,0,1,0,0,0,0,0,0,1,1,1,0.0,0,0,0,0,0,0.0,0,0,0,0,0,1,malicious,py-gameintelpull
py-gamerepong,2,2,False,True,True,1,1,0,1,0.03333333333333333,0,1,0,0,False,0,0,False,0,0,False,1,0,30,0.03333333333333333,3.4826876874285033,3.7264741182543757,0,0,0,0,0,0,0,0,0,0,0,1,0,0,0,0,0,0,1,1,1,0.0,0,0,0,0,0,0.0,0,0,0,0,0,1,malicious,py-gamerepong
py-getcrafttool,2,0,False,False,False,1,4,0,4,0.03225806451612903,0,0,0,0,False,0,0,False,0,0,False,2,1,31,0.06451612903225806,3.5915194401926644,3.7264741182543757,0,0,0,0,0,0,0,0,0,0,0,0,0,0,0,0,0,0,4,4,2,0.0,0,0,1,1,1,0.4,0,0,0,0,20,1,malicious,py-getcrafttool
py-getstr,2,1,True,False,False,1,2,0,2,0.03125,0,0,0,0,False,0,0,False,0,0,False,2,1,32,0.0625,3.2081808767710718,3.7264741182543757,0,0,0,0,0,0,0,0,0,0,0,0,0,0,0,0,0,0,2,2,2,0.0,0,0,1,1,0,0.0,0,0,0,0,0,1,malicious,py-getstr
py-grandkill,2,1,False,True,False,1,2,0,2,0.03333333333333333,0,0,0,0,False,0,0,False,0,0,False,1,0,30,0.03333333333333333,3.636370385170601,4.021928094887363,0,0,0,0,0,0,0,0,0,0,1,0,0,0,0,1,0,0,2,2,1,0.0,0,0,0,0,0,0.0,0,0,0,0,0,1,malicious,py-grandkill
py-grandnvidiagrand,2,2,False,True,True,1,1,0,1,0.03333333333333333,0,1,0,0,False,0,0,False,0,0,False,1,0,30,0.03333333333333333,3.453920223572917,3.7264741182543757,0,0,0,0,0,0,0,0,0,0,0,1,0,0,0,0,0,0,1,1,1,0.0,0,0,0,0,0,0.0,0,0,0,0,0,1,malicious,py-grandnvidiagrand
py-grandre,2,2,False,True,True,1,1,0,1,0.03333333333333333,0,1,0,0,False,0,0,False,0,0,False,1,0,30,0.03333333333333333,3.4242011065708686,3.7264741182543757,0,0,0,0,0,0,0,0,0,0,0,1,0,0,0,0,0,0,1,1,1,0.0,0,0,0,0,0,0.0,0,0,0,0,0,1,malicious,py-grandre
py-guigrand,2,1,True,False,False,1,2,0,2,0.03125,0,0,0,0,False,0,0,False,0,0,False,2,1,32,0.0625,3.225539016783082,3.7264741182543757,0,0,0,0,0,0,0,0,0,0,0,0,0,0,0,0,0,0,2,2,2,0.0,0,0,1,1,0,0.0,0,0,0,0,0,1,malicious,py-guigrand
py-guipaypal,2,1,True,False,False,1,2,0,2,0.03125,0,0,0,0,False,0,0,False,0,0,False,2,1,32,0.0625,3.1199827931301867,3.7264741182543757,0,0,0,0,0,0,0,0,0,0,0,0,0,0,0,0,0,0,2,2,2,0.0,0,0,1,1,0,0.0,0,0,0,0,0,1,malicious,py-guipaypal
py-hackedgrandproof,2,2,False,True,True,1,1,0,1,0.03333333333333333,0,1,0,0,False,0,0,False,0,0,False,1,0,30,0.03333333333333333,3.7240429211121384,3.7264741182543757,0,0,0,0,0,0,0,0,0,0,0,1,0,0,0,0,0,0,1,1,1,0.0,0,0,0,0,0,0.0,0,0,0,0,0,1,malicious,py-hackedgrandproof
py-hackedreplace,2,0,False,False,False,1,3,0,3,0.03125,0,0,0,0,False,0,0,False,0,0,False,1,0,32,0.03125,3.2488599602481325,3.7264741182543757,0,0,0,0,0,0,0,0,0,0,0,0,0,0,0,0,0,0,3,3,2,0.0,0,0,0,0,1,0.4,0,0,0,0,20,1,malicious,py-hackedreplace
py-httpencode,2,2,False,True,True,1,1,0,1,0.03333333333333333,0,1,0,0,False,0,0,False,0,0,False,1,0,30,0.03333333333333333,3.4826876874285033,3.7264741182543757,0,0,0,0,0,0,0,0,0,0,0,1,0,0,0,0,0,0,1,1,1,0.0,0,0,0,0,0,0.0,0,0,0,0,0,1,malicious,py-httpencode
py-httpkill,2,0,False,False,False,1,3,0,3,0.03125,0,0,0,0,False,0,0,False,0,0,False,1,0,32,0.03125,3.145399345765125,3.7264741182543757,0,0,0,0,0,0,0,0,0,0,0,0,0,0,0,0,0,0,3,3,2,0.0,0,0,0,0,1,0.4,0,0,0,0,20,1,malicious,py-httpkill
py-httpreplacerand,2,1,True,False,False,1,2,0,2,0.03125,0,0,0,0,False,0,0,False,0,0,False,2,1,32,0.0625,3.2714656926310557,3.7264741182543757,0,0,0,0,0,0,0,0,0,0,0,0,0,0,0,0,0,0,2,2,2,0.0,0,0,1,1,0,0.0,0,0,0,0,0,1,malicious,py-httpreplacerand
py-httptoolstring,3,1,True,False,False,1,4,0,3,0.027777777777777776,0,3,0,0,False,0,0,False,0,0,False,2,0,36,0.05555555555555555,3.5867524798018424,3.9873261452560076,0,0,0,0,0,0,0,0,0,1,0,0,0,0,0,0,0,1,4,3,1,20.0,2,1,1,1,0,0.0,0,0,0,0,20,1,malicious,py-httptoolstring
py-hydrapy,2,2,False,True,True,1,1,0,1,0.03333333333333333,0,1,0,0,False,0,0,False,0,0,False,1,0,30,0.03333333333333333,3.1864567314626955,3.7264741182543757,0,0,0,0,0,0,0,0,0,0,0,1,0,0,0,0,0,0,1,1,1,0.0,0,0,0,0,0,0.0,0,0,0,0,0,1,malicious,py-hydrapy
py-hydraurlstudy,2,1,True,False,False,1,2,0,2,0.03125,0,0,0,0,False,0,0,False,0,0,False,2,1,32,0.0625,3.238090540356999,3.7264741182543757,0,0,0,0,0,0,0,0,0,0,0,0,0,0,0,0,0,0,2,2,2,0.0,0,0,1,1,0,0.0,0,0,0,0,0,1,malicious,py-hydraurlstudy
py-inforandom,3,1,True,False,False,1,4,0,3,0.027777777777777776,0,3,0,0,False,0,0,False,0,0,False,2,0,36,0.05555555555555555,3.5895442103367476,3.9873261452560076,0,0,0,0,0,0,0,0,0,1,0,0,0,0,0,0,0,1,4,3,1,20.0,2,1,1,1,0,0.0,0,0,0,0,20,1,malicious,py-inforandom
py-infover,2,2,False,True,True,1,1,0,1,0.03333333333333333,0,1,0,0,False,0,0,False,0,0,False,1,0,30,0.03333333333333333,3.524201106570869,3.7264741182543757,0,0,0,0,0,0,0,0,0,0,0,1,0,0,0,0,0,0,1,1,1,0.0,0,0,0,0,0,0.0,0,0,0,0,0,1,malicious,py-infover
py-infovirtualgame,2,1,False,True,False,1,2,0,2,0.03333333333333333,0,0,0,0,False,0,0,False,0,0,False,1,0,30,0.03333333333333333,3.7687221214620013,4.021928094887363,0,0,0,0,0,0,0,0,0,0,1,0,0,0,0,1,0,0,2,2,1,0.0,0,0,0,0,0,0.0,0,0,0,0,0,1,malicious,py-infovirtualgame
py-intcandyintel,2,1,True,False,False,1,2,0,2,0.03125,0,0,0,0,False,0,0,False,0,0,False,2,1,32,0.0625,3.238090540356999,3.7264741182543757,0,0,0,0,0,0,0,0,0,0,0,0,0,0,0,0,0,0,2,2,2,0.0,0,0,1,1,0,0.0,0,0,0,0,0,1,malicious,py-intcandyintel
py-intelget,2,0,False,False,False,1,4,0,4,0.03225806451612903,0,0,0,0,False,0,0,False,0,0,False,2,1,31,0.06451612903225806,3.411134686627655,3.7264741182543757,0,0,0,0,0,0,0,0,0,0,0,0,0,0,0,0,0,0,4,4,2,0.0,0,0,1,1,1,0.4,0,0,0,0,20,1,malicious,py-intelget
py-intelinfohacked,2,0,False,False,False,0,3,2,3,0.0,0,0,0,2,False,0,1,False,0,0,False,1,0,29,0.034482758620689655,4.232750290076313,5.135185083865586,1,0,0,0,0,1,0,2,0,0,1,1,0,0,0,2,0,0,3,3,3,0.0,0,0,0,0,0,0.0,0,0,0,0,0,1,malicious,py-intelinfohacked
py-intelpepsplit,2,0,False,False,False,1,4,0,4,0.03225806451612903,0,0,0,0,False,0,0,False,0,0,False,2,1,31,0.06451612903225806,3.363237059127188,3.7264741182543757,0,0,0,0,0,0,0,0,0,0,0,0,0,0,0,0,0,0,4,4,2,0.0,0,0,1,1,1,0.4,0,0,0,0,20,1,malicious,py-intelpepsplit
py-intelpingvm,3,1,True,False,False,1,4,0,3,0.027777777777777776,0,3,0,0,False,0,0,False,0,0,False,2,0,36,0.05555555555555555,3.5860532310960958,3.9873261452560076,0,0,0,0,0,0,0,0,0,1,0,0,0,0,0,0,0,1,4,3,1,20.0,2,1,1,1,0,0.0,0,0,0,0,20,1,malicious,py-intelpingvm
py-intelproofcandy,2,1,True,False,False,1,2,0,2,0.03125,0,0,0,0,False,0,0,False,0,0,False,2,1,32,0.0625,3.33750579682777,3.7264741182543757,0,0,0,0,0,0,0,0,0,0,0,0,0,0,0,0,0,0,2,2,2,0.0,0,0,1,1,0,0.0,0,0,0,0,0,1,malicious,py-intelproofcandy
py-killtoolad,2,0,False,False,False,0,3,2,3,0.0,0,0,0,2,False,0,1,False,0,0,False,1,0,29,0.034482758620689655,4.014164063108468,5.135185083865586,1,0,0,0,0,1,0,2,0,0,1,1,0,0,0,2,0,0,3,3,3,0.0,0,0,0,0,0,0.0,0,0,0,0,0,1,malicious,py-killtoolad
py-lgtbminecc,2,1,False,True,False,1,2,0,2,0.03333333333333333,0,0,0,0,False,0,0,False,0,0,False,1,0,30,0.03333333333333333,3.6684448177307134,4.021928094887363,0,0,0,0,0,0,0,0,0,0,1,0,0,0,0,1,0,0,2,2,1,0.0,0,0,0,0,0,0.0,0,0,0,0,0,1,malicious,py-lgtbminecc
py-lgtbosintload,2,0,False,False,False,0,3,2,3,0.0,0,0,0,2,False,0,1,False,0,0,False,1,0,29,0.034482758620689655,4.162219734039987,5.135185083865586,1,0,0,0,0,1,0,2,0,0,1,1,0,0,0,2,0,0,3,3,3,0.0,0,0,0,0,0,0.0,0,0,0,0,0,1,malicious,py-lgtbosintload
py-lgtbping,2,1,True,False,False,1,2,0,2,0.03125,0,0,0,0,False,0,0,False,0,0,False,2,1,32,0.0625,3.180084471328537,3.7264741182543757,0,0,0,0,0,0,0,0,0,0,0,0,0,0,0,0,0,0,2,2,2,0.0,0,0,1,1,0,0.0,0,0,0,0,0,1,malicious,py-lgtbping
py-lgtbpywhttp,2,0,False,False,False,0,3,2,3,0.0,0,0,0,2,False,0,1,False,0,0,False,1,0,29,0.034482758620689655,3.948962446051405,5.135185083865586,1,0,0,0,0,1,0,2,0,0,1,1,0,0,0,2,0,0,3,3,3,0.0,0,0,0,0,0,0.0,0,0,0,0,0,1,malicious,py-lgtbpywhttp
py-loadcpugui,2,0,False,False,False,1,3,0,3,0.03125,0,0,0,0,False,0,0,False,0,0,False,1,0,32,0.03125,3.265091930081633,3.7264741182543757,0,0,0,0,0,0,0,0,0,0,0,0,0,0,0,0,0,0,3,3,2,0.0,0,0,0,0,1,0.4,0,0,0,0,20,1,malicious,py-loadcpugui
py-loadmine,2,1,False,True,False,1,2,0,2,0.03333333333333333,0,0,0,0,False,0,0,False,0,0,False,1,0,30,0.03333333333333333,3.6466543313163036,4.021928094887363,0,0,0,0,0,0,0,0,0,0,1,0,0,0,0,1,0,0,2,2,1,0.0,0,0,0,0,0,0.0,0,0,0,0,0,1,malicious,py-loadmine
py-loadpostpush,2,0,False,False,False,1,4,0,4,0.03225806451612903,0,0,0,0,False,0,0,False,0,0,False,2,1,31,0.06451612903225806,3.524852773525998,3.7264741182543757,0,0,0,0,0,0,0,0,0,0,0,0,0,0,0,0,0,0,4,4,2,0.0,0,0,1,1,1,0.4,0,0,0,0,20,1,malicious,py-loadpostpush
py-maskgetpong,2,2,False,True,True,1,1,0,1,0.03333333333333333,0,1,0,0,False,0,0,False,0,0,False,1,0,30,0.03333333333333333,3.6240573772988474,3.7264741182543757,0,0,0,0,0,0,0,0,0,0,0,1,0,0,0,0,0,0,1,1,1,0.0,0,0,0,0,0,0.0,0,0,0,0,0,1,malicious,py-maskgetpong
py-maskverstring,2,1,True,False,False,1,2,0,2,0.03125,0,0,0,0,False,0,0,False,0,0,False,2,1,32,0.0625,3.3436356575783037,3.75,0,0,0,0,0,0,0,0,0,0,0,0,0,0,0,0,0,0,2,2,2,0.0,0,0,1,1,0,0.0,0,0,0,0,0,1,malicious,py-maskverstring
py-mcosint,2,0,False,False,False,0,3,2,3,0.0,0,0,0,2,False,0,1,False,0,0,False,1,0,29,0.034482758620689655,4.061195765669108,5.135185083865586,1,0,0,0,0,1,0,2,0,0,1,1,0,0,0,2,0,0,3,3,3,0.0,0,0,0,0,0,0.0,0,0,0,0,0,1,malicious,py-mcosint
py-mcultracraft,2,1,False,True,False,1,2,0,2,0.03333333333333333,0,0,0,0,False,0,0,False,0,0,False,1,0,30,0.03333333333333333,3.625185742225775,4.021928094887363,0,0,0,0,0,0,0,0,0,0,1,0,0,0,0,1,0,0,2,2,1,0.0,0,0,0,0,0,0.0,0,0,0,0,0,1,malicious,py-mcultracraft
py-mcvirtualpy,2,1,True,False,False,1,2,0,2,0.03125,0,0,0,0,False,0,0,False,0,0,False,2,1,32,0.0625,3.286545816664133,3.7264741182543757,0,0,0,0,0,0,0,0,0,0,0,0,0,0,0,0,0,0,2,2,2,0.0,0,0,1,1,0,0.0,0,0,0,0,0,1,malicious,py-mcvirtualpy
py-minemaskget,2,2,False,True,True,1,1,0,1,0.03333333333333333,0,1,0,0,False,0,0,False,0,0,False,1,0,30,0.03333333333333333,3.6240573772988474,3.7264741182543757,0,0,0,0,0,0,0,0,0,0,0,1,0,0,0,0,0,0,1,1,1,0.0,0,0,0,0,0,0.0,0,0,0,0,0,1,malicious,py-minemaskget
py-minenvidia,2,1,False,True,False,1,2,0,2,0.03333333333333333,0,0,0,0,False,0,0,False,0,0,False,1,0,30,0.03333333333333333,3.577004673458339,4.021928094887363,0,0,0,0,0,0,0,0,0,0,1,0,0,0,0,1,0,0,2,2,1,0.0,0,0,0,0,0,0.0,0,0,0,0,0,1,malicious,py-minenvidia
py-minepipram,2,0,False,False,False,0,3,2,3,0.0,0,0,0,2,False,0,1,False,0,0,False,1,0,29,0.034482758620689655,3.9628820118264163,5.135185083865586,1,0,0,0,0,1,0,2,0,0,1,1,0,0,0,2,0,0,3,3,3,0.0,0,0,0,0,0,0.0,0,0,0,0,0,1,malicious,py-minepipram
py-nvidiarandvirtual,2,0,False,False,False,1,4,0,4,0.03225806451612903,0,0,0,0,False,0,0,False,0,0,False,2,1,31,0.06451612903225806,3.586456731462696,3.7264741182543757,0,0,0,0,0,0,0,0,0,0,0,0,0,0,0,0,0,0,4,4,2,0.0,0,0,1,1,1,0.4,0,0,0,0,20,1,malicious,py-nvidiarandvirtual
py-osintgui,2,0,False,False,False,1,4,0,4,0.03225806451612903,0,0,0,0,False,0,0,False,0,0,False,2,1,31,0.06451612903225806,3.5020437775367457,3.7264741182543757,0,0,0,0,0,0,0,0,0,0,0,0,0,0,0,0,0,0,4,4,2,0.0,0,0,1,1,1,0.4,0,0,0,0,20,1,malicious,py-osintgui
py-osintnvidiastring,2,0,False,False,False,1,3,0,3,0.03125,0,0,0,0,False,0,0,False,0,0,False,1,0,32,0.03125,3.2879510074142337,3.7264741182543757,0,0,0,0,0,0,0,0,0,0,0,0,0,0,0,0,0,0,3,3,2,0.0,0,0,0,0,1,0.4,0,0,0,0,20,1,malicious,py-osintnvidiastring
py-osintpep,2,0,False,False,False,0,3,2,3,0.0,0,0,0,2,False,0,1,False,0,0,False,1,0,29,0.034482758620689655,3.9629427735201936,5.135185083865586,1,0,0,0,0,1,0,2,0,0,1,1,0,0,0,2,0,0,3,3,3,0.0,0,0,0,0,0,0.0,0,0,0,0,0,1,malicious,py-osintpep
py-osintpyw,2,1,False,True,False,1,2,0,2,0.03333333333333333,0,0,0,0,False,0,0,False,0,0,False,1,0,30,0.03333333333333333,3.5557452404072123,4.021928094887363,0,0,0,0,0,0,0,0,0,0,1,0,0,0,0,1,0,0,2,2,1,0.0,0,0,0,0,0,0.0,0,0,0,0,0,1,malicious,py-osintpyw
py-osintsuperintel,2,0,False,False,False,1,4,0,4,0.03225806451612903,0,0,0,0,False,0,0,False,0,0,False,2,1,31,0.06451612903225806,3.6148662265150104,3.7264741182543757,0,0,0,0,0,0,0,0,0,0,0,0,0,0,0,0,0,0,4,4,2,0.0,0,0,1,1,1,0.4,0,0,0,0,20,1,malicious,py-osintsuperintel
py-paypalgetultra,2,1,False,True,False,1,2,0,2,0.03333333333333333,0,0,0,0,False,0,0,False,0,0,False,1,0,30,0.03333333333333333,3.5755772104353443,4.021928094887363,0,0,0,0,0,0,0,0,0,0,1,0,0,0,0,1,0,0,2,2,1,0.0,0,0,0,0,0,0.0,0,0,0,0,0,1,malicious,py-paypalgetultra
py-paypalinfopip,2,2,False,True,True,1,1,0,1,0.03333333333333333,0,1,0,0,False,0,0,False,0,0,False,1,0,30,0.03333333333333333,3.312935794301038,3.7264741182543757,0,0,0,0,0,0,0,0,0,0,0,1,0,0,0,0,0,0,1,1,1,0.0,0,0,0,0,0,0.0,0,0,0,0,0,1,malicious,py-paypalinfopip
py-paypalintellgtb,2,0,False,False,False,1,4,0,4,0.03225806451612903,0,0,0,0,False,0,0,False,0,0,False,2,1,31,0.06451612903225806,3.5173724763948178,3.7264741182543757,0,0,0,0,0,0,0,0,0,0,0,0,0,0,0,0,0,0,4,4,2,0.0,0,0,1,1,1,0.4,0,0,0,0,20,1,malicious,py-paypalintellgtb
py-paypalpaypal,2,0,False,False,False,1,4,0,4,0.03225806451612903,0,0,0,0,False,0,0,False,0,0,False,2,1,31,0.06451612903225806,2.937864757711438,3.7264741182543757,0,0,0,0,0,0,0,0,0,0,0,0,0,0,0,0,0,0,4,4,2,0.0,0,0,1,1,1,0.4,0,0,0,0,20,1,malicious,py-paypalpaypal
py-paypalsplitsplit,2,0,False,False,False,1,3,0,3,0.03125,0,0,0,0,False,0,0,False,0,0,False,1,0,32,0.03125,3.131985271927698,3.7264741182543757,0,0,0,0,0,0,0,0,0,0,0,0,0,0,0,0,0,0,3,3,2,0.0,0,0,0,0,1,0.4,0,0,0,0,20,1,malicious,py-paypalsplitsplit
py-pepnvidiastr,2,1,False,True,False,1,2,0,2,0.03333333333333333,0,0,0,0,False,0,0,False,0,0,False,1,0,30,0.03333333333333333,3.645937617189717,4.021928094887363,0,0,0,0,0,0,0,0,0,0,1,0,0,0,0,1,0,0,2,2,1,0.0,0,0,0,0,0,0.0,0,0,0,0,0,1,malicious,py-pepnvidiastr
py-peppy,2,0,False,False,False,1,3,0,3,0.03125,0,0,0,0,False,0,0,False,0,0,False,1,0,32,0.03125,3.222540103292582,3.7264741182543757,0,0,0,0,0,0,0,0,0,0,0,0,0,0,0,0,0,0,3,3,2,0.0,0,0,0,0,1,0.4,0,0,0,0,20,1,malicious,py-peppy
py-peprandcandy,2,0,False,False,False,1,3,0,3,0.03125,0,0,0,0,False,0,0,False,0,0,False,1,0,32,0.03125,3.1810462680021754,3.7264741182543757,0,0,0,0,0,0,0,0,0,0,0,0,0,0,0,0,0,0,3,3,2,0.0,0,0,0,0,1,0.4,0,0,0,0,20,1,malicious,py-peprandcandy
py-pinggrandnvidia,3,1,True,False,False,1,4,0,3,0.027777777777777776,0,3,0,0,False,0,0,False,0,0,False,2,0,36,0.05555555555555555,3.5406472885805886,3.9873261452560076,0,0,0,0,0,0,0,0,0,1,0,0,0,0,0,0,0,1,4,3,1,20.0,2,1,1,1,0,0.0,0,0,0,0,20,1,malicious,py-pinggrandnvidia
py-pingpipkill,3,1,True,False,False,1,4,0,3,0.027777777777777776,0,3,0,0,False,0,0,False,0,0,False,2,0,36,0.05555555555555555,3.4297159542717477,3.9873261452560076,0,0,0,0,0,0,0,0,0,1,0,0,0,0,0,0,0,1,4,3,1,20.0,2,1,1,1,0,0.0,0,0,0,0,20,1,malicious,py-pingpipkill
py-pongcpureplace,2,0,False,False,False,0,3,2,3,0.0,0,0,0,2,False,0,1,False,0,0,False,1,0,29,0.034482758620689655,4.081079896809709,5.135185083865586,1,0,0,0,0,1,0,2,0,0,1,1,0,0,0,2,0,0,3,3,3,0.0,0,0,0,0,0,0.0,0,0,0,0,0,1,malicious,py-pongcpureplace
py-pongpep,2,0,False,False,False,1,3,0,3,0.03125,0,0,0,0,False,0,0,False,0,0,False,1,0,32,0.03125,3.047387101191277,3.7264741182543757,0,0,0,0,0,0,0,0,0,0,0,0,0,0,0,0,0,0,3,3,2,0.0,0,0,0,0,1,0.4,0,0,0,0,20,1,malicious,py-pongpep
py-pongpongpong,2,2,False,True,True,1,1,0,1,0.03333333333333333,0,1,0,0,False,0,0,False,0,0,False,1,0,30,0.03333333333333333,3.0745269400484334,3.7264741182543757,0,0,0,0,0,0,0,0,0,0,0,1,0,0,0,0,0,0,1,1,1,0.0,0,0,0,0,0,0.0,0,0,0,0,0,1,malicious,py-pongpongpong
py-pongtoolkill,2,1,True,False,False,1,2,0,2,0.03125,0,0,0,0,False,0,0,False,0,0,False,2,1,32,0.0625,3.191028723074984,3.7264741182543757,0,0,0,0,0,0,0,0,0,0,0,0,0,0,0,0,0,0,2,2,2,0.0,0,0,1,1,0,0.0,0,0,0,0,0,1,malicious,py-pongtoolkill
py-postmine,3,1,True,False,False,1,4,0,3,0.027777777777777776,0,3,0,0,False,0,0,False,0,0,False,2,0,36,0.05555555555555555,3.5607607169293307,3.9873261452560076,0,0,0,0,0,0,0,0,0,1,0,0,0,0,0,0,0,1,4,3,1,20.0,2,1,1,1,0,0.0,0,0,0,0,20,1,malicious,py-postmine
py-postpull,2,1,False,True,False,1,2,0,2,0.03333333333333333,0,0,0,0,False,0,0,False,0,0,False,1,0,30,0.03333333333333333,3.493134160812588,4.021928094887363,0,0,0,0,0,0,0,0,0,0,1,0,0,0,0,1,0,0,2,2,1,0.0,0,0,0,0,0,0.0,0,0,0,0,0,1,malicious,py-postpull
py-postrandint,2,1,False,True,False,1,2,0,2,0.03333333333333333,0,0,0,0,False,0,0,False,0,0,False,1,0,30,0.03333333333333333,3.6264923000285227,4.021928094887363,0,0,0,0,0,0,0,0,0,0,1,0,0,0,0,1,0,0,2,2,1,0.0,0,0,0,0,0,0.0,0,0,0,0,0,1,malicious,py-postrandint
py-postultrahacked,2,0,False,False,False,1,4,0,4,0.03225806451612903,0,0,0,0,False,0,0,False,0,0,False,2,1,31,0.06451612903225806,3.7815328931816774,3.8365916681089787,0,0,0,0,0,0,0,0,0,0,0,0,0,0,0,0,0,0,4,4,2,0.0,0,0,1,1,1,0.4,0,0,0,0,20,1,malicious,py-postultrahacked
py-proofmine,2,2,False,True,True,1,1,0,1,0.03333333333333333,0,1,0,0,False,0,0,False,0,0,False,1,0,30,0.03333333333333333,3.4890516428210994,3.7264741182543757,0,0,0,0,0,0,0,0,0,0,0,1,0,0,0,0,0,0,1,1,1,0.0,0,0,0,0,0,0.0,0,0,0,0,0,1,malicious,py-proofmine
py-pullcvrand,2,2,False,True,True,1,1,0,1,0.03333333333333333,0,1,0,0,False,0,0,False,0,0,False,1,0,30,0.03333333333333333,3.5596107643515804,3.7264741182543757,0,0,0,0,0,0,0,0,0,0,0,1,0,0,0,0,0,0,1,1,1,0.0,0,0,0,0,0,0.0,0,0,0,0,0,1,malicious,py-pullcvrand
py-pullencode,2,1,True,False,False,1,2,0,2,0.03125,0,0,0,0,False,0,0,False,0,0,False,2,1,32,0.0625,3.2158609717289615,3.7264741182543757,0,0,0,0,0,0,0,0,0,0,0,0,0,0,0,0,0,0,2,2,2,0.0,0,0,1,1,0,0.0,0,0,0,0,0,1,malicious,py-pullencode
py-pullpy,2,2,False,True,True,1,1,0,1,0.03333333333333333,0,1,0,0,False,0,0,False,0,0,False,1,0,30,0.03333333333333333,3.7264741182543757,3.7264741182543757,0,0,0,0,0,0,0,0,0,0,0,1,0,0,0,0,0,0,1,1,1,0.0,0,0,0,0,0,0.0,0,0,0,0,0,1,malicious,py-pullpy
py-pullstrintel,2,0,False,False,False,1,4,0,4,0.03225806451612903,0,0,0,0,False,0,0,False,0,0,False,2,1,31,0.06451612903225806,3.524852773525998,3.7264741182543757,0,0,0,0,0,0,0,0,0,0,0,0,0,0,0,0,0,0,4,4,2,0.0,0,0,1,1,1,0.4,0,0,0,0,20,1,malicious,py-pullstrintel
py-pushcpu,2,0,False,False,False,1,3,0,3,0.03125,0,0,0,0,False,0,0,False,0,0,False,1,0,32,0.03125,3.0785149136371905,3.7264741182543757,0,0,0,0,0,0,0,0,0,0,0,0,0,0,0,0,0,0,3,3,2,0.0,0,0,0,0,1,0.4,0,0,0,0,20,1,malicious,py-pushcpu
py-pushget,2,0,False,False,False,1,4,0,4,0.03225806451612903,0,0,0,0,False,0,0,False,0,0,False,2,1,31,0.06451612903225806,3.4242011065708686,3.7264741182543757,0,0,0,0,0,0,0,0,0,0,0,0,0,0,0,0,0,0,4,4,2,0.0,0,0,1,1,1,0.4,0,0,0,0,20,1,malicious,py-pushget
py-pushintelhydra,3,1,True,False,False,1,4,0,3,0.027777777777777776,0,3,0,0,False,0,0,False,0,0,False,2,0,36,0.05555555555555555,3.6749877739194896,3.9873261452560076,0,0,0,0,0,0,0,0,0,1,0,0,0,0,0,0,0,1,4,3,1,20.0,2,1,1,1,0,0.0,0,0,0,0,20,1,malicious,py-pushintelhydra
py-pushpingload,3,1,True,False,False,1,4,0,3,0.027777777777777776,0,3,0,0,False,0,0,False,0,0,False,2,0,36,0.05555555555555555,3.6388318815906233,3.9873261452560076,0,0,0,0,0,0,0,0,0,1,0,0,0,0,0,0,0,1,4,3,1,20.0,2,1,1,1,0,0.0,0,0,0,0,20,1,malicious,py-pushpingload
py-pywrandomvisa,2,1,False,True,False,1,2,0,2,0.03333333333333333,0,0,0,0,False,0,0,False,0,0,False,1,0,30,0.03333333333333333,3.6880464266569786,4.021928094887363,0,0,0,0,0,0,0,0,0,0,1,0,0,0,0,1,0,0,2,2,1,0.0,0,0,0,0,0,0.0,0,0,0,0,0,1,malicious,py-pywrandomvisa
py-pywsuperre,2,0,False,False,False,0,3,2,3,0.0,0,0,0,2,False,0,1,False,0,0,False,1,0,29,0.034482758620689655,3.911599960544365,5.135185083865586,1,0,0,0,0,1,0,2,0,0,1,1,0,0,0,2,0,0,3,3,3,0.0,0,0,0,0,0,0.0,0,0,0,0,0,1,malicious,py-pywsuperre
py-pywvisahydra,2,1,False,True,False,1,2,0,2,0.03333333333333333,0,0,0,0,False,0,0,False,0,0,False,1,0,30,0.03333333333333333,3.612604283856384,4.021928094887363,0,0,0,0,0,0,0,0,0,0,1,0,0,0,0,1,0,0,2,2,1,0.0,0,0,0,0,0,0.0,0,0,0,0,0,1,malicious,py-pywvisahydra
py-ramedre,2,0,False,False,False,1,3,0,3,0.03125,0,0,0,0,False,0,0,False,0,0,False,1,0,32,0.03125,3.1473871011912773,3.7264741182543757,0,0,0,0,0,0,0,0,0,0,0,0,0,0,0,0,0,0,3,3,2,0.0,0,0,0,0,1,0.4,0,0,0,0,20,1,malicious,py-ramedre
py-ramhydra,2,1,True,False,False,1,2,0,2,0.03125,0,0,0,0,False,0,0,False,0,0,False,2,1,32,0.0625,3.134629925873991,3.7264741182543757,0,0,0,0,0,0,0,0,0,0,0,0,0,0,0,0,0,0,2,2,2,0.0,0,0,1,1,0,0.0,0,0,0,0,0,1,malicious,py-ramhydra
py-randomcpu,2,2,False,True,True,1,1,0,1,0.03333333333333333,0,1,0,0,False,0,0,False,0,0,False,1,0,30,0.03333333333333333,3.5723849761544324,3.7264741182543757,0,0,0,0,0,0,0,0,0,0,0,1,0,0,0,0,0,0,1,1,1,0.0,0,0,0,0,0,0.0,0,0,0,0,0,1,malicious,py-randomcpu
py-randomencode,3,1,True,False,False,1,4,0,3,0.027777777777777776,0,3,0,0,False,0,0,False,0,0,False,2,0,36,0.05555555555555555,3.5847466732933477,3.9873261452560076,0,0,0,0,0,0,0,0,0,1,0,0,0,0,0,0,0,1,4,3,1,20.0,2,1,1,1,0,0.0,0,0,0,0,20,1,malicious,py-randomencode
py-randomgamemine,2,0,False,False,False,1,4,0,4,0.03225806451612903,0,0,0,0,False,0,0,False,0,0,False,2,1,31,0.06451612903225806,3.590648259100491,3.7264741182543757,0,0,0,0,0,0,0,0,0,0,0,0,0,0,0,0,0,0,4,4,2,0.0,0,0,1,1,1,0.4,0,0,0,0,20,1,malicious,py-randomgamemine
py-randpepgrand,3,1,True,False,False,1,4,0,3,0.027777777777777776,0,3,0,0,False,0,0,False,0,0,False,2,0,36,0.05555555555555555,3.50549854825729,3.9873261452560076,0,0,0,0,0,0,0,0,0,1,0,0,0,0,0,0,0,1,4,3,1,20.0,2,1,1,1,0,0.0,0,0,0,0,20,1,malicious,py-randpepgrand
py-replacestringcandy,2,0,False,False,False,0,3,2,3,0.0,0,0,0,2,False,0,1,False,0,0,False,1,0,29,0.034482758620689655,4.195769986077352,5.135185083865586,1,0,0,0,0,1,0,2,0,0,1,1,0,0,0,2,0,0,3,3,3,0.0,0,0,0,0,0,0.0,0,0,0,0,0,1,malicious,py-replacestringcandy
py-rerandom,2,1,False,True,False,1,2,0,2,0.03333333333333333,0,0,0,0,False,0,0,False,0,0,False,1,0,30,0.03333333333333333,3.6011997858617577,4.021928094887363,0,0,0,0,0,0,0,0,0,0,1,0,0,0,0,1,0,0,2,2,1,0.0,0,0,0,0,0,0.0,0,0,0,0,0,1,malicious,py-rerandom
py-splitvercraft,2,0,False,False,False,0,3,2,3,0.0,0,0,0,2,False,0,1,False,0,0,False,1,0,29,0.034482758620689655,4.162219734039987,5.135185083865586,1,0,0,0,0,1,0,2,0,0,1,1,0,0,0,2,0,0,3,3,3,0.0,0,0,0,0,0,0.0,0,0,0,0,0,1,malicious,py-splitvercraft
py-strcvkill,2,1,False,True,False,1,2,0,2,0.03333333333333333,0,0,0,0,False,0,0,False,0,0,False,1,0,30,0.03333333333333333,3.636370385170601,4.021928094887363,0,0,0,0,0,0,0,0,0,0,1,0,0,0,0,1,0,0,2,2,1,0.0,0,0,0,0,0,0.0,0,0,0,0,0,1,malicious,py-strcvkill
py-stred,2,1,False,True,False,1,2,0,2,0.03333333333333333,0,0,0,0,False,0,0,False,0,0,False,1,0,30,0.03333333333333333,3.709061902209305,4.021928094887363,0,0,0,0,0,0,0,0,0,0,1,0,0,0,0,1,0,0,2,2,1,0.0,0,0,0,0,0,0.0,0,0,0,0,0,1,malicious,py-stred
py-stringlib,2,0,False,False,False,1,3,0,3,0.03125,0,0,0,0,False,0,0,False,0,0,False,1,0,32,0.03125,3.271479035983059,3.7264741182543757,0,0,0,0,0,0,0,0,0,0,0,0,0,0,0,0,0,0,3,3,2,0.0,0,0,0,0,1,0.4,0,0,0,0,20,1,malicious,py-stringlib
py-stringpostmc,2,1,False,True,False,1,2,0,2,0.03333333333333333,0,0,0,0,False,0,0,False,0,0,False,1,0,30,0.03333333333333333,3.6585190755591084,4.021928094887363,0,0,0,0,0,0,0,0,0,0,1,0,0,0,0,1,0,0,2,2,1,0.0,0,0,0,0,0,0.0,0,0,0,0,0,1,malicious,py-stringpostmc
py-strkillcraft,2,0,False,False,False,1,4,0,4,0.03225806451612903,0,0,0,0,False,0,0,False,0,0,False,2,1,31,0.06451612903225806,3.616682356931447,3.7264741182543757,0,0,0,0,0,0,0,0,0,0,0,0,0,0,0,0,0,0,4,4,2,0.0,0,0,1,1,1,0.4,0,0,0,0,20,1,malicious,py-strkillcraft
py-strmaskmine,2,1,True,False,False,1,2,0,2,0.03125,0,0,0,0,False,0,0,False,0,0,False,2,1,32,0.0625,3.286545816664133,3.7264741182543757,0,0,0,0,0,0,0,0,0,0,0,0,0,0,0,0,0,0,2,2,2,0.0,0,0,1,1,0,0.0,0,0,0,0,0,1,malicious,py-strmaskmine
py-studyedstr,2,2,False,True,True,1,1,0,1,0.03333333333333333,0,1,0,0,False,0,0,False,0,0,False,1,0,30,0.03333333333333333,3.4057646105054262,3.7264741182543757,0,0,0,0,0,0,0,0,0,0,0,1,0,0,0,0,0,0,1,1,1,0.0,0,0,0,0,0,0.0,0,0,0,0,0,1,malicious,py-studyedstr
py-studynvidiamc,2,2,False,True,True,1,1,0,1,0.03333333333333333,0,1,0,0,False,0,0,False,0,0,False,1,0,30,0.03333333333333333,3.675737059127188,3.7264741182543757,0,0,0,0,0,0,0,0,0,0,0,1,0,0,0,0,0,0,1,1,1,0.0,0,0,0,0,0,0.0,0,0,0,0,0,1,malicious,py-studynvidiamc
py-studypush,3,1,True,False,False,1,4,0,3,0.027777777777777776,0,3,0,0,False,0,0,False,0,0,False,2,0,36,0.05555555555555555,3.4709313162381736,3.9873261452560076,0,0,0,0,0,0,0,0,0,1,0,0,0,0,0,0,0,1,4,3,1,20.0,2,1,1,1,0,0.0,0,0,0,0,20,1,malicious,py-studypush
py-studytoolping,2,0,False,False,False,1,3,0,3,0.03125,0,0,0,0,False,0,0,False,0,0,False,1,0,32,0.03125,3.2919050774694365,3.7264741182543757,0,0,0,0,0,0,0,0,0,0,0,0,0,0,0,0,0,0,3,3,2,0.0,0,0,0,0,1,0.4,0,0,0,0,20,1,malicious,py-studytoolping
py-supergetnvidia,2,2,False,True,True,1,1,0,1,0.03333333333333333,0,1,0,0,False,0,0,False,0,0,False,1,0,30,0.03333333333333333,3.730497891517064,3.734521664779752,0,0,0,0,0,0,0,0,0,0,0,1,0,0,0,0,0,0,1,1,1,0.0,0,0,0,0,0,0.0,0,0,0,0,0,1,malicious,py-supergetnvidia
py-superrandompaypal,2,0,False,False,False,0,3,2,3,0.0,0,0,0,2,False,0,1,False,0,0,False,1,0,29,0.034482758620689655,4.115280973966384,5.135185083865586,1,0,0,0,0,1,0,2,0,0,1,1,0,0,0,2,0,0,3,3,3,0.0,0,0,0,0,0,0.0,0,0,0,0,0,1,malicious,py-superrandompaypal
py-sys-utils,2,1,True,False,False,1,2,0,2,0.03125,0,0,0,0,False,0,0,False,0,0,False,2,1,32,0.0625,3.1199827931301867,3.7264741182543757,0,0,0,0,0,0,0,0,0,0,0,0,0,0,0,0,0,0,2,2,2,0.0,0,0,1,1,0,0.0,0,0,0,0,0,1,malicious,py-sys-utils
py-toollibcpu,2,0,False,False,False,1,3,0,3,0.03125,0,0,0,0,False,0,0,False,0,0,False,1,0,32,0.03125,3.2266303916200942,3.7264741182543757,0,0,0,0,0,0,0,0,0,0,0,0,0,0,0,0,0,0,3,3,2,0.0,0,0,0,0,1,0.4,0,0,0,0,20,1,malicious,py-toollibcpu
py-toolpongram,2,0,False,False,False,0,3,2,3,0.0,0,0,0,2,False,0,1,False,0,0,False,1,0,29,0.034482758620689655,4.062174053245773,5.135185083865586,1,0,0,0,0,1,0,2,0,0,1,1,0,0,0,2,0,0,3,3,3,0.0,0,0,0,0,0,0.0,0,0,0,0,0,1,malicious,py-toolpongram
py-toolreplacelib,2,0,False,False,False,1,3,0,3,0.03125,0,0,0,0,False,0,0,False,0,0,False,1,0,32,0.03125,3.2806106774560884,3.7264741182543757,0,0,0,0,0,0,0,0,0,0,0,0,0,0,0,0,0,0,3,3,2,0.0,0,0,0,0,1,0.4,0,0,0,0,20,1,malicious,py-toolreplacelib
py-toolvmintel,2,1,True,False,False,1,2,0,2,0.03125,0,0,0,0,False,0,0,False,0,0,False,2,1,32,0.0625,3.2508315309498474,3.7264741182543757,0,0,0,0,0,0,0,0,0,0,0,0,0,0,0,0,0,0,2,2,2,0.0,0,0,1,1,0,0.0,0,0,0,0,0,1,malicious,py-toolvmintel
py-ultrageturl,2,0,False,False,False,1,4,0,4,0.03225806451612903,0,0,0,0,False,0,0,False,0,0,False,2,1,31,0.06451612903225806,3.4812002344417046,3.7264741182543757,0,0,0,0,0,0,0,0,0,0,0,0,0,0,0,0,0,0,4,4,2,0.0,0,0,1,1,1,0.4,0,0,0,0,20,1,malicious,py-ultrageturl
py-ultraproofinfo,2,2,False,True,True,1,1,0,1,0.03333333333333333,0,1,0,0,False,0,0,False,0,0,False,1,0,30,0.03333333333333333,3.590648259100491,3.7264741182543757,0,0,0,0,0,0,0,0,0,0,0,1,0,0,0,0,0,0,1,1,1,0.0,0,0,0,0,0,0.0,0,0,0,0,0,1,malicious,py-ultraproofinfo
py-ultrarandom,2,0,False,False,False,1,4,0,4,0.03225806451612903,0,0,0,0,False,0,0,False,0,0,False,2,1,31,0.06451612903225806,3.6240573772988474,3.7264741182543757,0,0,0,0,0,0,0,0,0,0,0,0,0,0,0,0,0,0,4,4,2,0.0,0,0,1,1,1,0.4,0,0,0,0,20,1,malicious,py-ultrarandom
py-urlcandyosint,2,1,True,False,False,1,2,0,2,0.03125,0,0,0,0,False,0,0,False,0,0,False,2,1,32,0.0625,3.3436356575783037,3.75,0,0,0,0,0,0,0,0,0,0,0,0,0,0,0,0,0,0,2,2,2,0.0,0,0,1,1,0,0.0,0,0,0,0,0,1,malicious,py-urlcandyosint
py-urlhttphttp,2,0,False,False,False,1,4,0,4,0.03225806451612903,0,0,0,0,False,0,0,False,0,0,False,2,1,31,0.06451612903225806,3.2399542522215805,3.7264741182543757,0,0,0,0,0,0,0,0,0,0,0,0,0,0,0,0,0,0,4,4,2,0.0,0,0,1,1,1,0.4,0,0,0,0,20,1,malicious,py-urlhttphttp
py-urlponggame,2,1,False,True,False,1,2,0,2,0.03333333333333333,0,0,0,0,False,0,0,False,0,0,False,1,0,30,0.03333333333333333,3.6622065857428088,4.021928094887363,0,0,0,0,0,0,0,0,0,0,1,0,0,0,0,1,0,0,2,2,1,0.0,0,0,0,0,0,0.0,0,0,0,0,0,1,malicious,py-urlponggame
py-vercraftget,3,1,True,False,False,1,4,0,3,0.027777777777777776,0,3,0,0,False,0,0,False,0,0,False,2,0,36,0.05555555555555555,3.5860532310960958,3.9873261452560076,0,0,0,0,0,0,0,0,0,1,0,0,0,0,0,0,0,1,4,3,1,20.0,2,1,1,1,0,0.0,0,0,0,0,20,1,malicious,py-vercraftget
py-virtualpaypal,2,0,False,False,False,1,4,0,4,0.03225806451612903,0,0,0,0,False,0,0,False,0,0,False,2,1,31,0.06451612903225806,3.441056590241971,3.7264741182543757,0,0,0,0,0,0,0,0,0,0,0,0,0,0,0,0,0,0,4,4,2,0.0,0,0,1,1,1,0.4,0,0,0,0,20,1,malicious,py-virtualpaypal
py-virtualpip,2,1,False,True,False,1,2,0,2,0.03333333333333333,0,0,0,0,False,0,0,False,0,0,False,1,0,30,0.03333333333333333,3.577004673458339,4.021928094887363,0,0,0,0,0,0,0,0,0,0,1,0,0,0,0,1,0,0,2,2,1,0.0,0,0,0,0,0,0.0,0,0,0,0,0,1,malicious,py-virtualpip
py-virtualpipkill,2,2,False,True,True,1,1,0,1,0.03333333333333333,0,1,0,0,False,0,0,False,0,0,False,1,0,30,0.03333333333333333,3.48741958250264,3.7264741182543757,0,0,0,0,0,0,0,0,0,0,0,1,0,0,0,0,0,0,1,1,1,0.0,0,0,0,0,0,0.0,0,0,0,0,0,1,malicious,py-virtualpipkill
py-visagrand,3,1,True,False,False,1,4,0,3,0.027777777777777776,0,3,0,0,False,0,0,False,0,0,False,2,0,36,0.05555555555555555,3.5959313162381736,3.9873261452560076,0,0,0,0,0,0,0,0,0,1,0,0,0,0,0,0,0,1,4,3,1,20.0,2,1,1,1,0,0.0,0,0,0,0,20,1,malicious,py-visagrand
py-visalgtb,2,2,False,True,True,1,1,0,1,0.03333333333333333,0,1,0,0,False,0,0,False,0,0,False,1,0,30,0.03333333333333333,3.592952868445837,3.7264741182543757,0,0,0,0,0,0,0,0,0,0,0,1,0,0,0,0,0,0,1,1,1,0.0,0,0,0,0,0,0.0,0,0,0,0,0,1,malicious,py-visalgtb
py-vmvm,2,0,False,False,False,0,3,2,3,0.0,0,0,0,2,False,0,1,False,0,0,False,1,0,29,0.034482758620689655,4.4308296010599815,5.135185083865586,1,0,0,0,0,1,0,2,0,0,1,1,0,0,0,2,0,0,3,3,3,0.0,0,0,0,0,0,0.0,0,0,0,0,0,1,malicious,py-vmvm
pyagme,2,0,False,False,False,1,3,0,3,0.03125,0,0,0,0,False,0,0,False,0,0,False,1,0,32,0.03125,3.222540103292582,3.7264741182543757,0,0,0,0,0,0,0,0,0,0,0,0,0,0,0,0,0,0,3,3,2,0.0,0,0,0,0,1,0.4,0,0,0,0,20,1,malicious,pyagme
pyautogiu,2,1,True,False,False,1,2,0,2,0.03125,0,0,0,0,False,0,0,False,0,0,False,2,1,32,0.0625,3.2081808767710718,3.7264741182543757,0,0,0,0,0,0,0,0,0,0,0,0,0,0,0,0,0,0,2,2,2,0.0,0,0,1,1,0,0.0,0,0,0,0,0,1,malicious,pyautogiu
pybetterascii,2,0,False,False,False,1,4,0,4,0.03225806451612903,0,0,0,0,False,0,0,False,0,0,False,2,1,31,0.06451612903225806,3.4826876874285033,3.7264741182543757,0,0,0,0,0,0,0,0,0,0,0,0,0,0,0,0,0,0,4,4,2,0.0,0,0,1,1,1,0.4,0,0,0,0,20,1,malicious,pybetterascii
pycaptchapass,2,1,True,False,False,1,2,0,2,0.03125,0,0,0,0,False,0,0,False,0,0,False,2,1,32,0.0625,3.071442221645751,3.7264741182543757,0,0,0,0,0,0,0,0,0,0,0,0,0,0,0,0,0,0,2,2,2,0.0,0,0,1,1,0,0.0,0,0,0,0,0,1,malicious,pycaptchapass
pycbytes,3,1,True,False,False,1,4,0,3,0.027777777777777776,0,3,0,0,False,0,0,False,0,0,False,2,0,36,0.05555555555555555,3.6551431436327353,3.9873261452560076,0,0,0,0,0,0,0,0,0,1,0,0,0,0,0,0,0,1,4,3,1,20.0,2,1,1,1,0,0.0,0,0,0,0,20,1,malicious,pycbytes
pyccodestyle,2,0,False,False,False,0,3,2,3,0.0,0,0,0,2,False,0,1,False,0,0,False,1,0,29,0.034482758620689655,3.9822072342803723,5.135185083865586,1,0,0,0,0,1,0,2,0,0,1,1,0,0,0,2,0,0,3,3,3,0.0,0,0,0,0,0,0.0,0,0,0,0,0,1,malicious,pyccodestyle
pycdestyle,2,0,False,False,False,0,3,2,3,0.0,0,0,0,2,False,0,1,False,0,0,False,1,0,29,0.034482758620689655,3.927862432335775,5.135185083865586,1,0,0,0,0,1,0,2,0,0,1,1,0,0,0,2,0,0,3,3,3,0.0,0,0,0,0,0,0.0,0,0,0,0,0,1,malicious,pycdestyle
pycdoestyle,2,0,False,False,False,1,4,0,4,0.03225806451612903,0,0,0,0,False,0,0,False,0,0,False,2,1,31,0.06451612903225806,3.411134686627655,3.7264741182543757,0,0,0,0,0,0,0,0,0,0,0,0,0,0,0,0,0,0,4,4,2,0.0,0,0,1,1,1,0.4,0,0,0,0,20,1,malicious,pycdoestyle
pycoddestyle,2,0,False,False,False,1,4,0,4,0.03225806451612903,0,0,0,0,False,0,0,False,0,0,False,2,1,31,0.06451612903225806,3.405718309487766,3.7264741182543757,0,0,0,0,0,0,0,0,0,0,0,0,0,0,0,0,0,0,4,4,2,0.0,0,0,1,1,1,0.4,0,0,0,0,20,1,malicious,pycoddestyle
pycodeestyle,2,1,True,False,False,1,2,0,2,0.03125,0,0,0,0,False,0,0,False,0,0,False,2,1,32,0.0625,3.1616494597968536,3.7264741182543757,0,0,0,0,0,0,0,0,0,0,0,0,0,0,0,0,0,0,2,2,2,0.0,0,0,1,1,0,0.0,0,0,0,0,0,1,malicious,pycodeestyle
pycodesstyle,2,0,False,False,False,1,4,0,4,0.03225806451612903,0,0,0,0,False,0,0,False,0,0,False,2,1,31,0.06451612903225806,3.405718309487766,3.7264741182543757,0,0,0,0,0,0,0,0,0,0,0,0,0,0,0,0,0,0,4,4,2,0.0,0,0,1,1,1,0.4,0,0,0,0,20,1,malicious,pycodesstyle
pycodestle,2,2,False,True,True,1,1,0,1,0.03333333333333333,0,1,0,0,False,0,0,False,0,0,False,1,0,30,0.03333333333333333,3.4242011065708686,3.7264741182543757,0,0,0,0,0,0,0,0,0,0,0,1,0,0,0,0,0,0,1,1,1,0.0,0,0,0,0,0,0.0,0,0,0,0,0,1,malicious,pycodestle
pycodestlye,2,2,False,True,True,1,1,0,1,0.03333333333333333,0,1,0,0,False,0,0,False,0,0,False,1,0,30,0.03333333333333333,3.411134686627655,3.7264741182543757,0,0,0,0,0,0,0,0,0,0,0,1,0,0,0,0,0,0,1,1,1,0.0,0,0,0,0,0,0.0,0,0,0,0,0,1,malicious,pycodestlye
pycodesttyle,2,0,False,False,False,0,3,2,3,0.0,0,0,0,2,False,0,1,False,0,0,False,1,0,29,0.034482758620689655,3.9822072342803723,5.135185083865586,1,0,0,0,0,1,0,2,0,0,1,1,0,0,0,2,0,0,3,3,3,0.0,0,0,0,0,0,0.0,0,0,0,0,0,1,malicious,pycodesttyle
pycodestye,2,2,False,True,True,1,1,0,1,0.03333333333333333,0,1,0,0,False,0,0,False,0,0,False,1,0,30,0.03333333333333333,3.324201106570869,3.7264741182543757,0,0,0,0,0,0,0,0,0,0,0,1,0,0,0,0,0,0,1,1,1,0.0,0,0,0,0,0,0.0,0,0,0,0,0,1,malicious,pycodestye
pycodestyel,2,1,False,True,False,1,2,0,2,0.03333333333333333,0,0,0,0,False,0,0,False,0,0,False,1,0,30,0.03333333333333333,3.5557452404072123,4.021928094887363,0,0,0,0,0,0,0,0,0,0,1,0,0,0,0,1,0,0,2,2,1,0.0,0,0,0,0,0,0.0,0,0,0,0,0,1,malicious,pycodestyel
pycodestyl,3,1,True,False,False,1,4,0,3,0.027777777777777776,0,3,0,0,False,0,0,False,0,0,False,2,0,36,0.05555555555555555,3.5218393814463917,3.9873261452560076,0,0,0,0,0,0,0,0,0,1,0,0,0,0,0,0,0,1,4,3,1,20.0,2,1,1,1,0,0.0,0,0,0,0,20,1,malicious,pycodestyl
pycodestylee,2,1,True,False,False,1,2,0,2,0.03125,0,0,0,0,False,0,0,False,0,0,False,2,1,32,0.0625,3.1616494597968536,3.7264741182543757,0,0,0,0,0,0,0,0,0,0,0,0,0,0,0,0,0,0,2,2,2,0.0,0,0,1,1,0,0.0,0,0,0,0,0,1,malicious,pycodestylee
pycodestylle,2,0,False,False,False,1,4,0,4,0.03225806451612903,0,0,0,0,False,0,0,False,0,0,False,2,1,31,0.06451612903225806,3.405718309487766,3.7264741182543757,0,0,0,0,0,0,0,0,0,0,0,0,0,0,0,0,0,0,4,4,2,0.0,0,0,1,1,1,0.4,0,0,0,0,20,1,malicious,pycodestylle
pycodestyyle,2,2,False,True,True,1,1,0,1,0.03333333333333333,0,1,0,0,False,0,0,False,0,0,False,1,0,30,0.03333333333333333,3.374264663564288,3.7264741182543757,0,0,0,0,0,0,0,0,0,0,0,1,0,0,0,0,0,0,1,1,1,0.0,0,0,0,0,0,0.0,0,0,0,0,0,1,malicious,pycodestyyle
pycodesyle,2,0,False,False,False,1,4,0,4,0.03225806451612903,0,0,0,0,False,0,0,False,0,0,False,2,1,31,0.06451612903225806,3.324201106570869,3.7264741182543757,0,0,0,0,0,0,0,0,0,0,0,0,0,0,0,0,0,0,4,4,2,0.0,0,0,1,1,1,0.4,0,0,0,0,20,1,malicious,pycodesyle
pycodesytle,2,1,False,True,False,1,2,0,2,0.03333333333333333,0,0,0,0,False,0,0,False,0,0,False,1,0,30,0.03333333333333333,3.5557452404072123,4.021928094887363,0,0,0,0,0,0,0,0,0,0,1,0,0,0,0,1,0,0,2,2,1,0.0,0,0,0,0,0,0.0,0,0,0,0,0,1,malicious,pycodesytle
pycodetsyle,2,1,False,True,False,1,2,0,2,0.03333333333333333,0,0,0,0,False,0,0,False,0,0,False,1,0,30,0.03333333333333333,3.5557452404072123,4.021928094887363,0,0,0,0,0,0,0,0,0,0,1,0,0,0,0,1,0,0,2,2,1,0.0,0,0,0,0,0,0.0,0,0,0,0,0,1,malicious,pycodetsyle
pycodetyle,2,2,False,True,True,1,1,0,1,0.03333333333333333,0,1,0,0,False,0,0,False,0,0,False,1,0,30,0.03333333333333333,3.324201106570869,3.7264741182543757,0,0,0,0,0,0,0,0,0,0,0,1,0,0,0,0,0,0,1,1,1,0.0,0,0,0,0,0,0.0,0,0,0,0,0,1,malicious,pycodetyle
pycodsetyle,2,1,True,False,False,1,2,0,2,0.03125,0,0,0,0,False,0,0,False,0,0,False,2,1,32,0.0625,3.180084471328537,3.7264741182543757,0,0,0,0,0,0,0,0,0,0,0,0,0,0,0,0,0,0,2,2,2,0.0,0,0,1,1,0,0.0,0,0,0,0,0,1,malicious,pycodsetyle
pycodstyle,2,0,False,False,False,0,3,2,3,0.0,0,0,0,2,False,0,1,False,0,0,False,1,0,29,0.034482758620689655,3.9945290990024414,5.135185083865586,1,0,0,0,0,1,0,2,0,0,1,1,0,0,0,2,0,0,3,3,3,0.0,0,0,0,0,0,0.0,0,0,0,0,0,1,malicious,pycodstyle
pycoestyle,3,1,True,False,False,1,4,0,3,0.027777777777777776,0,3,0,0,False,0,0,False,0,0,False,2,0,36,0.05555555555555555,3.471839381446392,3.9873261452560076,0,0,0,0,0,0,0,0,0,1,0,0,0,0,0,0,0,1,4,3,1,20.0,2,1,1,1,0,0.0,0,0,0,0,20,1,malicious,pycoestyle
pycolorz,2,1,True,False,False,1,2,0,2,0.03125,0,0,0,0,False,0,0,False,0,0,False,2,1,32,0.0625,3.2081808767710718,3.7264741182543757,0,0,0,0,0,0,0,0,0,0,0,0,0,0,0,0,0,0,2,2,2,0.0,0,0,1,1,0,0.0,0,0,0,0,0,1,malicious,pycolorz
pycolouring,2,1,False,True,False,1,2,0,2,0.03333333333333333,0,0,0,0,False,0,0,False,0,0,False,1,0,30,0.03333333333333333,3.6011997858617577,4.021928094887363,0,0,0,0,0,0,0,0,0,0,1,0,0,0,0,1,0,0,2,2,1,0.0,0,0,0,0,0,0.0,0,0,0,0,0,1,malicious,pycolouring
pyconau-funtimes,2,0,False,False,False,0,3,2,3,0.0,0,0,0,2,False,0,1,False,0,0,False,1,0,29,0.034482758620689655,4.203886400706654,5.135185083865586,1,0,0,0,0,1,0,2,0,0,1,1,0,0,0,2,0,0,3,3,3,0.0,0,0,0,0,0,0.0,0,0,0,0,0,1,malicious,pyconau-funtimes
pycoodestyle,2,0,False,False,False,0,3,2,3,0.0,0,0,0,2,False,0,1,False,0,0,False,1,0,29,0.034482758620689655,3.9822072342803723,5.135185083865586,1,0,0,0,0,1,0,2,0,0,1,1,0,0,0,2,0,0,3,3,3,0.0,0,0,0,0,0,0.0,0,0,0,0,0,1,malicious,pycoodestyle
pycryptdome,2,1,False,True,False,1,2,0,2,0.03333333333333333,0,0,0,0,False,0,0,False,0,0,False,1,0,30,0.03333333333333333,3.5557452404072123,4.021928094887363,0,0,0,0,0,0,0,0,0,0,1,0,0,0,0,1,0,0,2,2,1,0.0,0,0,0,0,0,0.0,0,0,0,0,0,1,malicious,pycryptdome
pycrypte,2,2,False,True,True,1,1,0,1,0.03333333333333333,0,1,0,0,False,0,0,False,0,0,False,1,0,30,0.03333333333333333,3.7264741182543757,3.7264741182543757,0,0,0,0,0,0,0,0,0,0,0,1,0,0,0,0,0,0,1,1,1,0.0,0,0,0,0,0,0.0,0,0,0,0,0,1,malicious,pycrypte
pycrypterexe,2,0,False,False,False,1,4,0,4,0.03225806451612903,0,0,0,0,False,0,0,False,0,0,False,2,1,31,0.06451612903225806,3.207597996897621,3.7264741182543757,0,0,0,0,0,0,0,0,0,0,0,0,0,0,0,0,0,0,4,4,2,0.0,0,0,1,1,1,0.4,0,0,0,0,20,1,malicious,pycrypterexe
pycryptexe,2,1,False,True,False,1,2,0,2,0.03333333333333333,0,0,0,0,False,0,0,False,0,0,False,1,0,30,0.03333333333333333,3.4622784503788195,4.021928094887363,0,0,0,0,0,0,0,0,0,0,1,0,0,0,0,1,0,0,2,2,1,0.0,0,0,0,0,0,0.0,0,0,0,0,0,1,malicious,pycryptexe
pycrypting,2,0,False,False,False,1,4,0,4,0.03225806451612903,0,0,0,0,False,0,0,False,0,0,False,2,1,31,0.06451612903225806,3.324201106570869,3.7264741182543757,0,0,0,0,0,0,0,0,0,0,0,0,0,0,0,0,0,0,4,4,2,0.0,0,0,1,1,1,0.4,0,0,0,0,20,1,malicious,pycrypting
pycryptodomes,2,0,False,False,False,1,3,0,3,0.03125,0,0,0,0,False,0,0,False,0,0,False,1,0,32,0.03125,3.2266303916200942,3.7264741182543757,0,0,0,0,0,0,0,0,0,0,0,0,0,0,0,0,0,0,3,3,2,0.0,0,0,0,0,1,0.4,0,0,0,0,20,1,malicious,pycryptodomes
pycryptography,2,1,True,False,False,1,2,0,2,0.03125,0,0,0,0,False,0,0,False,0,0,False,2,1,32,0.0625,3.1524426915868666,3.7264741182543757,0,0,0,0,0,0,0,0,0,0,0,0,0,0,0,0,0,0,2,2,2,0.0,0,0,1,1,0,0.0,0,0,0,0,0,1,malicious,pycryptography
pycryptro,2,0,False,False,False,1,4,0,4,0.03225806451612903,0,0,0,0,False,0,0,False,0,0,False,2,1,31,0.06451612903225806,3.7264741182543757,3.7264741182543757,0,0,0,0,0,0,0,0,0,0,0,0,0,0,0,0,0,0,4,4,2,0.0,0,0,1,1,1,0.4,0,0,0,0,20,1,malicious,pycryptro
pydefender,2,1,True,False,False,1,2,0,2,0.03125,0,0,0,0,False,0,0,False,0,0,False,2,1,32,0.0625,3.067745493746057,3.7264741182543757,0,0,0,0,0,0,0,0,0,0,0,0,0,0,0,0,0,0,2,2,2,0.0,0,0,1,1,0,0.0,0,0,0,0,0,1,malicious,pydefender
pydesings,2,1,False,True,False,1,2,0,2,0.03333333333333333,0,0,0,0,False,0,0,False,0,0,False,1,0,30,0.03333333333333333,3.709061902209305,4.021928094887363,0,0,0,0,0,0,0,0,0,0,1,0,0,0,0,1,0,0,2,2,1,0.0,0,0,0,0,0,0.0,0,0,0,0,0,1,malicious,pydesings
pydobc,3,1,True,False,False,1,4,0,3,0.027777777777777776,0,3,0,0,False,0,0,False,0,0,False,2,0,36,0.05555555555555555,3.6551431436327353,3.9873261452560076,0,0,0,0,0,0,0,0,0,1,0,0,0,0,0,0,0,1,4,3,1,20.0,2,1,1,1,0,0.0,0,0,0,0,20,1,malicious,pydobc
pydprotect,2,2,False,True,True,1,1,0,1,0.03333333333333333,0,1,0,0,False,0,0,False,0,0,False,1,0,30,0.03333333333333333,3.324201106570869,3.7264741182543757,0,0,0,0,0,0,0,0,0,0,0,1,0,0,0,0,0,0,1,1,1,0.0,0,0,0,0,0,0.0,0,0,0,0,0,1,malicious,pydprotect
pyevasive,2,2,False,True,True,1,1,0,1,0.03333333333333333,0,1,0,0,False,0,0,False,0,0,False,1,0,30,0.03333333333333333,3.7264741182543757,3.7264741182543757,0,0,0,0,0,0,0,0,0,0,0,1,0,0,0,0,0,0,1,1,1,0.0,0,0,0,0,0,0.0,0,0,0,0,0,1,malicious,pyevasive
pyezstyle,2,1,False,True,False,1,2,0,2,0.03333333333333333,0,0,0,0,False,0,0,False,0,0,False,1,0,30,0.03333333333333333,3.709061902209305,4.021928094887363,0,0,0,0,0,0,0,0,0,0,1,0,0,0,0,1,0,0,2,2,1,0.0,0,0,0,0,0,0.0,0,0,0,0,0,1,malicious,pyezstyle
pyfilget,2,1,True,False,False,1,2,0,2,0.03125,0,0,0,0,False,0,0,False,0,0,False,2,1,32,0.0625,3.2081808767710718,3.7264741182543757,0,0,0,0,0,0,0,0,0,0,0,0,0,0,0,0,0,0,2,2,2,0.0,0,0,1,1,0,0.0,0,0,0,0,0,1,malicious,pyfilget
pyg-utils,2,0,False,False,False,1,4,0,4,0.03225806451612903,0,0,0,0,False,0,0,False,0,0,False,2,1,31,0.06451612903225806,3.7264741182543757,3.7264741182543757,0,0,0,0,0,0,0,0,0,0,0,0,0,0,0,0,0,0,4,4,2,0.0,0,0,1,1,1,0.4,0,0,0,0,20,1,malicious,pyg-utils
pygaame,3,1,True,False,False,1,4,0,3,0.027777777777777776,0,3,0,0,False,0,0,False,0,0,False,2,0,36,0.05555555555555555,3.6551431436327353,3.9873261452560076,0,0,0,0,0,0,0,0,0,1,0,0,0,0,0,0,0,1,4,3,1,20.0,2,1,1,1,0,0.0,0,0,0,0,20,1,malicious,pygaame
pygae,2,0,False,False,False,0,3,2,3,0.0,0,0,0,2,False,0,1,False,0,0,False,1,0,29,0.034482758620689655,4.4308296010599815,5.135185083865586,1,0,0,0,0,1,0,2,0,0,1,1,0,0,0,2,0,0,3,3,3,0.0,0,0,0,0,0,0.0,0,0,0,0,0,1,malicious,pygae
pygaem,2,1,True,False,False,1,2,0,2,0.03125,0,0,0,0,False,0,0,False,0,0,False,2,1,32,0.0625,3.2081808767710718,3.7264741182543757,0,0,0,0,0,0,0,0,0,0,0,0,0,0,0,0,0,0,2,2,2,0.0,0,0,1,1,0,0.0,0,0,0,0,0,1,malicious,pygaem
pygamee,2,0,False,False,False,1,4,0,4,0.03225806451612903,0,0,0,0,False,0,0,False,0,0,False,2,1,31,0.06451612903225806,3.7264741182543757,3.7264741182543757,0,0,0,0,0,0,0,0,0,0,0,0,0,0,0,0,0,0,4,4,2,0.0,0,0,1,1,1,0.4,0,0,0,0,20,1,malicious,pygamee
pygamme,2,1,True,False,False,1,2,0,2,0.03125,0,0,0,0,False,0,0,False,0,0,False,2,1,32,0.0625,3.2081808767710718,3.7264741182543757,0,0,0,0,0,0,0,0,0,0,0,0,0,0,0,0,0,0,2,2,2,0.0,0,0,1,1,0,0.0,0,0,0,0,0,1,malicious,pygamme
pyggame,2,0,False,False,False,1,4,0,4,0.03225806451612903,0,0,0,0,False,0,0,False,0,0,False,2,1,31,0.06451612903225806,3.7264741182543757,3.7264741182543757,0,0,0,0,0,0,0,0,0,0,0,0,0,0,0,0,0,0,4,4,2,0.0,0,0,1,1,1,0.4,0,0,0,0,20,1,malicious,pyggame
pygmae,3,1,True,False,False,1,4,0,3,0.027777777777777776,0,3,0,0,False,0,0,False,0,0,False,2,0,36,0.05555555555555555,3.6551431436327353,3.9873261452560076,0,0,0,0,0,0,0,0,0,1,0,0,0,0,0,0,0,1,4,3,1,20.0,2,1,1,1,0,0.0,0,0,0,0,20,1,malicious,pygmae
pygradient,2,0,False,False,False,1,4,0,4,0.03225806451612903,0,0,0,0,False,0,0,False,0,0,False,2,1,31,0.06451612903225806,3.524201106570869,3.7264741182543757,0,0,0,0,0,0,0,0,0,0,0,0,0,0,0,0,0,0,4,4,2,0.0,0,0,1,1,1,0.4,0,0,0,0,20,1,malicious,pygradient
pygrata-utils,2,0,False,False,False,0,3,2,3,0.0,0,0,0,2,False,0,1,False,0,0,False,1,0,29,0.034482758620689655,4.084802204189582,5.135185083865586,1,0,0,0,0,1,0,2,0,0,1,1,0,0,0,2,0,0,3,3,3,0.0,0,0,0,0,0,0.0,0,0,0,0,0,1,malicious,pygrata-utils
pygrata,2,0,False,False,False,1,3,0,3,0.03125,0,0,0,0,False,0,0,False,0,0,False,1,0,32,0.03125,3.222540103292582,3.7264741182543757,0,0,0,0,0,0,0,0,0,0,0,0,0,0,0,0,0,0,3,3,2,0.0,0,0,0,0,1,0.4,0,0,0,0,20,1,malicious,pygrata
pyhints,2,1,False,True,False,1,2,0,2,0.03333333333333333,0,0,0,0,False,0,0,False,0,0,False,1,0,30,0.03333333333333333,3.709061902209305,4.021928094887363,0,0,0,0,0,0,0,0,0,0,1,0,0,0,0,1,0,0,2,2,1,0.0,0,0,0,0,0,0.0,0,0,0,0,0,1,malicious,pyhints
pyhon-binance,3,1,True,False,False,1,4,0,3,0.027777777777777776,0,3,0,0,False,0,0,False,0,0,False,2,0,36,0.05555555555555555,3.5750271429874503,3.9873261452560076,0,0,0,0,0,0,0,0,0,1,0,0,0,0,0,0,0,1,4,3,1,20.0,2,1,1,1,0,0.0,0,0,0,0,20,1,malicious,pyhon-binance
pyhton-binance,2,0,False,False,False,1,3,0,3,0.03125,0,0,0,0,False,0,0,False,0,0,False,1,0,32,0.03125,3.283835102588062,3.7264741182543757,0,0,0,0,0,0,0,0,0,0,0,0,0,0,0,0,0,0,3,3,2,0.0,0,0,0,0,1,0.4,0,0,0,0,20,1,malicious,pyhton-binance
pyiinstaller,2,0,False,False,False,1,3,0,3,0.03125,0,0,0,0,False,0,0,False,0,0,False,1,0,32,0.03125,3.2298123693163925,3.7264741182543757,0,0,0,0,0,0,0,0,0,0,0,0,0,0,0,0,0,0,3,3,2,0.0,0,0,0,0,1,0.4,0,0,0,0,20,1,malicious,pyiinstaller
pyinsaller,2,1,True,False,False,1,2,0,2,0.03125,0,0,0,0,False,0,0,False,0,0,False,2,1,32,0.0625,3.1866176813001443,3.7264741182543757,0,0,0,0,0,0,0,0,0,0,0,0,0,0,0,0,0,0,2,2,2,0.0,0,0,1,1,0,0.0,0,0,0,0,0,1,malicious,pyinsaller
pyinsstaller,2,1,True,False,False,1,2,0,2,0.03125,0,0,0,0,False,0,0,False,0,0,False,2,1,32,0.0625,3.2190429494252593,3.7264741182543757,0,0,0,0,0,0,0,0,0,0,0,0,0,0,0,0,0,0,2,2,2,0.0,0,0,1,1,0,0.0,0,0,0,0,0,1,malicious,pyinsstaller
pyinstaaller,2,2,False,True,True,1,1,0,1,0.03333333333333333,0,1,0,0,False,0,0,False,0,0,False,1,0,30,0.03333333333333333,3.4890516428210994,3.7264741182543757,0,0,0,0,0,0,0,0,0,0,0,1,0,0,0,0,0,0,1,1,1,0.0,0,0,0,0,0,0.0,0,0,0,0,0,1,malicious,pyinstaaller
pyinstaler,2,1,False,True,False,1,2,0,2,0.03333333333333333,0,0,0,0,False,0,0,False,0,0,False,1,0,30,0.03333333333333333,3.6122784503788194,4.021928094887363,0,0,0,0,0,0,0,0,0,0,1,0,0,0,0,1,0,0,2,2,1,0.0,0,0,0,0,0,0.0,0,0,0,0,0,1,malicious,pyinstaler
pyinstalle,2,0,False,False,False,0,3,2,3,0.0,0,0,0,2,False,0,1,False,0,0,False,1,0,29,0.034482758620689655,3.994529099002442,5.135185083865586,1,0,0,0,0,1,0,2,0,0,1,1,0,0,0,2,0,0,3,3,3,0.0,0,0,0,0,0,0.0,0,0,0,0,0,1,malicious,pyinstalle
pyinstalleer,2,2,False,True,True,1,1,0,1,0.03333333333333333,0,1,0,0,False,0,0,False,0,0,False,1,0,30,0.03333333333333333,3.4890516428210994,3.7264741182543757,0,0,0,0,0,0,0,0,0,0,0,1,0,0,0,0,0,0,1,1,1,0.0,0,0,0,0,0,0.0,0,0,0,0,0,1,malicious,pyinstalleer
pyinstallerr,2,0,False,False,False,1,4,0,4,0.03225806451612903,0,0,0,0,False,0,0,False,0,0,False,2,1,31,0.06451612903225806,3.4890516428210994,3.7264741182543757,0,0,0,0,0,0,0,0,0,0,0,0,0,0,0,0,0,0,4,4,2,0.0,0,0,1,1,1,0.4,0,0,0,0,20,1,malicious,pyinstallerr
pyinstallre,3,1,True,False,False,1,4,0,3,0.027777777777777776,0,3,0,0,False,0,0,False,0,0,False,2,0,36,0.05555555555555555,3.5607607169293303,3.9873261452560076,0,0,0,0,0,0,0,0,0,1,0,0,0,0,0,0,0,1,4,3,1,20.0,2,1,1,1,0,0.0,0,0,0,0,20,1,malicious,pyinstallre
pyinstlaler,3,1,True,False,False,1,4,0,3,0.027777777777777776,0,3,0,0,False,0,0,False,0,0,False,2,0,36,0.05555555555555555,3.5607607169293303,3.9873261452560076,0,0,0,0,0,0,0,0,0,1,0,0,0,0,0,0,0,1,4,3,1,20.0,2,1,1,1,0,0.0,0,0,0,0,20,1,malicious,pyinstlaler
pyiopcs,2,1,True,False,False,1,2,0,2,0.03125,0,0,0,0,False,0,0,False,0,0,False,2,1,32,0.0625,3.2081808767710718,3.7264741182543757,0,0,0,0,0,0,0,0,0,0,0,0,0,0,0,0,0,0,2,2,2,0.0,0,0,1,1,0,0.0,0,0,0,0,0,1,malicious,pyiopcs
pyisntaller,2,0,False,False,False,0,3,2,3,0.0,0,0,0,2,False,0,1,False,0,0,False,1,0,29,0.034482758620689655,4.046424212979693,5.135185083865586,1,0,0,0,0,1,0,2,0,0,1,1,0,0,0,2,0,0,3,3,3,0.0,0,0,0,0,0,0.0,0,0,0,0,0,1,malicious,pyisntaller
pylibcrypt,2,0,False,False,False,0,3,2,3,0.0,0,0,0,2,False,0,1,False,0,0,False,1,0,29,0.034482758620689655,3.927862432335775,5.135185083865586,1,0,0,0,0,1,0,2,0,0,1,1,0,0,0,2,0,0,3,3,3,0.0,0,0,0,0,0,0.0,0,0,0,0,0,1,malicious,pylibcrypt
pymafka,3,1,True,False,False,1,4,0,3,0.027777777777777776,0,3,0,0,False,0,0,False,0,0,False,2,0,36,0.05555555555555555,3.6551431436327353,3.9873261452560076,0,0,0,0,0,0,0,0,0,1,0,0,0,0,0,0,0,1,4,3,1,20.0,2,1,1,1,0,0.0,0,0,0,0,20,1,malicious,pymafka
pymocks,2,1,True,False,False,1,2,0,2,0.03125,0,0,0,0,False,0,0,False,0,0,False,2,1,32,0.0625,3.2081808767710718,3.7264741182543757,0,0,0,0,0,0,0,0,0,0,0,0,0,0,0,0,0,0,2,2,2,0.0,0,0,1,1,0,0.0,0,0,0,0,0,1,malicious,pymocks
pymongosinspired13,3,1,True,False,False,1,4,0,3,0.027777777777777776,0,3,0,0,False,0,0,False,0,0,False,2,0,36,0.05555555555555555,3.6449497191962403,3.9873261452560076,0,0,0,0,0,0,0,0,0,1,0,0,0,0,0,0,0,1,4,3,1,20.0,2,1,1,1,0,0.0,0,0,0,0,20,1,malicious,pymongosinspired13
pynalc,2,0,False,False,False,1,3,0,3,0.03125,0,0,0,0,False,0,0,False,0,0,False,1,0,32,0.03125,3.222540103292582,3.7264741182543757,0,0,0,0,0,0,0,0,0,0,0,0,0,0,0,0,0,0,3,3,2,0.0,0,0,0,0,1,0.4,0,0,0,0,20,1,malicious,pynalc
pyobfadvance,2,0,False,False,False,0,3,2,3,0.0,0,0,0,2,False,0,1,False,0,0,False,1,0,29,0.034482758620689655,4.093318345391483,5.135185083865586,1,0,0,0,0,1,0,2,0,0,1,1,0,0,0,2,0,0,3,3,3,0.0,0,0,0,0,0,0.0,0,0,0,0,0,1,malicious,pyobfadvance
pyocdestyle,2,1,True,False,False,1,2,0,2,0.03125,0,0,0,0,False,0,0,False,0,0,False,2,1,32,0.0625,3.180084471328537,3.7264741182543757,0,0,0,0,0,0,0,0,0,0,0,0,0,0,0,0,0,0,2,2,2,0.0,0,0,1,1,0,0.0,0,0,0,0,0,1,malicious,pyocdestyle
pyocks,2,0,False,False,False,1,4,0,4,0.03225806451612903,0,0,0,0,False,0,0,False,0,0,False,2,1,31,0.06451612903225806,3.7264741182543757,3.7264741182543757,0,0,0,0,0,0,0,0,0,0,0,0,0,0,0,0,0,0,4,4,2,0.0,0,0,1,1,1,0.4,0,0,0,0,20,1,malicious,pyocks
pyodestyle,2,1,True,False,False,1,2,0,2,0.03125,0,0,0,0,False,0,0,False,0,0,False,2,1,32,0.0625,3.1366176813001436,3.7264741182543757,0,0,0,0,0,0,0,0,0,0,0,0,0,0,0,0,0,0,2,2,2,0.0,0,0,1,1,0,0.0,0,0,0,0,0,1,malicious,pyodestyle
pyoscks,2,1,False,True,False,1,2,0,2,0.03333333333333333,0,0,0,0,False,0,0,False,0,0,False,1,0,30,0.03333333333333333,3.709061902209305,4.021928094887363,0,0,0,0,0,0,0,0,0,0,1,0,0,0,0,1,0,0,2,2,1,0.0,0,0,0,0,0,0.0,0,0,0,0,0,1,malicious,pyoscks
pyprotectfile,2,0,False,False,False,0,3,2,3,0.0,0,0,0,2,False,0,1,False,0,0,False,1,0,29,0.034482758620689655,4.033520152907531,5.135185083865586,1,0,0,0,0,1,0,2,0,0,1,1,0,0,0,2,0,0,3,3,3,0.0,0,0,0,0,0,0.0,0,0,0,0,0,1,malicious,pyprotectfile
pyprotector,2,0,False,False,False,0,3,2,3,0.0,0,0,0,2,False,0,1,False,0,0,False,1,0,29,0.034482758620689655,3.864606031161511,5.135185083865586,1,0,0,0,0,1,0,2,0,0,1,1,0,0,0,2,0,0,3,3,3,0.0,0,0,0,0,0,0.0,0,0,0,0,0,1,malicious,pyprotector
pyproto2,3,1,True,False,False,1,4,0,3,0.027777777777777776,0,3,0,0,False,0,0,False,0,0,False,2,0,36,0.05555555555555555,3.6551431436327353,3.9873261452560076,0,0,0,0,0,0,0,0,0,1,0,0,0,0,0,0,0,1,4,3,1,20.0,2,1,1,1,0,0.0,0,0,0,0,20,1,malicious,pyproto2
pyproximabe,2,0,False,False,False,0,3,2,3,0.0,0,0,0,2,False,0,1,False,0,0,False,1,0,29,0.034482758620689655,4.0464242129796935,5.135185083865586,1,0,0,0,0,1,0,2,0,0,1,1,0,0,0,2,0,0,3,3,3,0.0,0,0,0,0,0,0.0,0,0,0,0,0,1,malicious,pyproximabe
pyptext,2,0,False,False,False,1,4,0,4,0.03225806451612903,0,0,0,0,False,0,0,False,0,0,False,2,1,31,0.06451612903225806,3.7264741182543757,3.7264741182543757,0,0,0,0,0,0,0,0,0,0,0,0,0,0,0,0,0,0,4,4,2,0.0,0,0,1,1,1,0.4,0,0,0,0,20,1,malicious,pyptext
pypttt,2,0,False,False,False,1,4,0,4,0.03225806451612903,0,0,0,0,False,0,0,False,0,0,False,2,1,31,0.06451612903225806,3.7264741182543757,3.7264741182543757,0,0,0,0,0,0,0,0,0,0,0,0,0,0,0,0,0,0,4,4,2,0.0,0,0,1,1,1,0.4,0,0,0,0,20,1,malicious,pypttt
pypull,2,0,False,False,False,1,4,0,4,0.03225806451612903,0,0,0,0,False,0,0,False,0,0,False,2,1,31,0.06451612903225806,3.7264741182543757,3.7264741182543757,0,0,0,0,0,0,0,0,0,0,0,0,0,0,0,0,0,0,4,4,2,0.0,0,0,1,1,1,0.4,0,0,0,0,20,1,malicious,pypull
pyquest,2,2,False,True,True,1,1,0,1,0.03333333333333333,0,1,0,0,False,0,0,False,0,0,False,1,0,30,0.03333333333333333,3.7264741182543757,3.7264741182543757,0,0,0,0,0,0,0,0,0,0,0,1,0,0,0,0,0,0,1,1,1,0.0,0,0,0,0,0,0.0,0,0,0,0,0,1,malicious,pyquest
pyrologin,2,0,False,False,False,1,4,0,4,0.03225806451612903,0,0,0,0,False,0,0,False,0,0,False,2,1,31,0.06451612903225806,3.7264741182543757,3.7264741182543757,0,0,0,0,0,0,0,0,0,0,0,0,0,0,0,0,0,0,4,4,2,0.0,0,0,1,1,1,0.4,0,0,0,0,20,1,malicious,pyrologin
pyscks,3,1,True,False,False,1,4,0,3,0.027777777777777776,0,3,0,0,False,0,0,False,0,0,False,2,0,36,0.05555555555555555,3.6551431436327353,3.9873261452560076,0,0,0,0,0,0,0,0,0,1,0,0,0,0,0,0,0,1,4,3,1,20.0,2,1,1,1,0,0.0,0,0,0,0,20,1,malicious,pyscks
pyscoks,2,0,False,False,False,1,3,0,3,0.03125,0,0,0,0,False,0,0,False,0,0,False,1,0,32,0.03125,3.222540103292582,3.7264741182543757,0,0,0,0,0,0,0,0,0,0,0,0,0,0,0,0,0,0,3,3,2,0.0,0,0,0,0,1,0.4,0,0,0,0,20,1,malicious,pyscoks
pyscrapy,2,1,True,False,False,1,2,0,2,0.03125,0,0,0,0,False,0,0,False,0,0,False,2,1,32,0.0625,3.2081808767710718,3.7264741182543757,0,0,0,0,0,0,0,0,0,0,0,0,0,0,0,0,0,0,2,2,2,0.0,0,0,1,1,0,0.0,0,0,0,0,0,1,malicious,pyscrapy
pyshftuler,2,0,False,False,False,0,3,2,3,0.0,0,0,0,2,False,0,1,False,0,0,False,1,0,29,0.034482758620689655,4.061195765669108,5.135185083865586,1,0,0,0,0,1,0,2,0,0,1,1,0,0,0,2,0,0,3,3,3,0.0,0,0,0,0,0,0.0,0,0,0,0,0,1,malicious,pyshftuler
pyslqite3,2,2,False,True,True,1,1,0,1,0.03333333333333333,0,1,0,0,False,0,0,False,0,0,False,1,0,30,0.03333333333333333,3.7264741182543757,3.7264741182543757,0,0,0,0,0,0,0,0,0,0,0,1,0,0,0,0,0,0,1,1,1,0.0,0,0,0,0,0,0.0,0,0,0,0,0,1,malicious,pyslqite3
pyslye,2,2,False,True,True,1,1,0,1,0.03333333333333333,0,1,0,0,False,0,0,False,0,0,False,1,0,30,0.03333333333333333,3.7264741182543757,3.7264741182543757,0,0,0,0,0,0,0,0,0,0,0,1,0,0,0,0,0,0,1,1,1,0.0,0,0,0,0,0,0.0,0,0,0,0,0,1,malicious,pyslye
pyslyte,3,1,True,False,False,1,4,0,3,0.027777777777777776,0,3,0,0,False,0,0,False,0,0,False,2,0,36,0.05555555555555555,3.6551431436327353,3.9873261452560076,0,0,0,0,0,0,0,0,0,1,0,0,0,0,0,0,0,1,4,3,1,20.0,2,1,1,1,0,0.0,0,0,0,0,20,1,malicious,pyslyte
pysoccks,2,0,False,False,False,1,4,0,4,0.03225806451612903,0,0,0,0,False,0,0,False,0,0,False,2,1,31,0.06451612903225806,3.7264741182543757,3.7264741182543757,0,0,0,0,0,0,0,0,0,0,0,0,0,0,0,0,0,0,4,4,2,0.0,0,0,1,1,1,0.4,0,0,0,0,20,1,malicious,pysoccks
pysockks,2,1,True,False,False,1,2,0,2,0.03125,0,0,0,0,False,0,0,False,0,0,False,2,1,32,0.0625,3.2081808767710718,3.7264741182543757,0,0,0,0,0,0,0,0,0,0,0,0,0,0,0,0,0,0,2,2,2,0.0,0,0,1,1,0,0.0,0,0,0,0,0,1,malicious,pysockks
pysockss,2,0,False,False,False,1,4,0,4,0.03225806451612903,0,0,0,0,False,0,0,False,0,0,False,2,1,31,0.06451612903225806,3.7264741182543757,3.7264741182543757,0,0,0,0,0,0,0,0,0,0,0,0,0,0,0,0,0,0,4,4,2,0.0,0,0,1,1,1,0.4,0,0,0,0,20,1,malicious,pysockss
pysocs,2,1,False,True,False,1,2,0,2,0.03333333333333333,0,0,0,0,False,0,0,False,0,0,False,1,0,30,0.03333333333333333,3.709061902209305,4.021928094887363,0,0,0,0,0,0,0,0,0,0,1,0,0,0,0,1,0,0,2,2,1,0.0,0,0,0,0,0,0.0,0,0,0,0,0,1,malicious,pysocs
pysofti,2,1,False,True,False,1,2,0,2,0.03333333333333333,0,0,0,0,False,0,0,False,0,0,False,1,0,30,0.03333333333333333,3.709061902209305,4.021928094887363,0,0,0,0,0,0,0,0,0,0,1,0,0,0,0,1,0,0,2,2,1,0.0,0,0,0,0,0,0.0,0,0,0,0,0,1,malicious,pysofti
pysokcs,2,2,False,True,True,1,1,0,1,0.03333333333333333,0,1,0,0,False,0,0,False,0,0,False,1,0,30,0.03333333333333333,3.7264741182543757,3.7264741182543757,0,0,0,0,0,0,0,0,0,0,0,1,0,0,0,0,0,0,1,1,1,0.0,0,0,0,0,0,0.0,0,0,0,0,0,1,malicious,pysokcs
pysoks,2,0,False,False,False,1,3,0,3,0.03125,0,0,0,0,False,0,0,False,0,0,False,1,0,32,0.03125,3.222540103292582,3.7264741182543757,0,0,0,0,0,0,0,0,0,0,0,0,0,0,0,0,0,0,3,3,2,0.0,0,0,0,0,1,0.4,0,0,0,0,20,1,malicious,pysoks
pysoocks,2,2,False,True,True,1,1,0,1,0.03333333333333333,0,1,0,0,False,0,0,False,0,0,False,1,0,30,0.03333333333333333,3.7264741182543757,3.7264741182543757,0,0,0,0,0,0,0,0,0,0,0,1,0,0,0,0,0,0,1,1,1,0.0,0,0,0,0,0,0.0,0,0,0,0,0,1,malicious,pysoocks
pysprak,2,0,False,False,False,1,4,0,4,0.03225806451612903,0,0,0,0,False,0,0,False,0,0,False,2,1,31,0.06451612903225806,3.7264741182543757,3.7264741182543757,0,0,0,0,0,0,0,0,0,0,0,0,0,0,0,0,0,0,4,4,2,0.0,0,0,1,1,1,0.4,0,0,0,0,20,1,malicious,pysprak
pyssocks,2,0,False,False,False,1,3,0,3,0.03125,0,0,0,0,False,0,0,False,0,0,False,1,0,32,0.03125,3.222540103292582,3.7264741182543757,0,0,0,0,0,0,0,0,0,0,0,0,0,0,0,0,0,0,3,3,2,0.0,0,0,0,0,1,0.4,0,0,0,0,20,1,malicious,pyssocks
pystlete,2,1,True,False,False,1,2,0,2,0.03125,0,0,0,0,False,0,0,False,0,0,False,2,1,32,0.0625,3.2081808767710718,3.7264741182543757,0,0,0,0,0,0,0,0,0,0,0,0,0,0,0,0,0,0,2,2,2,0.0,0,0,1,1,0,0.0,0,0,0,0,0,1,malicious,pystlete
pystylerio,2,1,False,True,False,1,2,0,2,0.03333333333333333,0,0,0,0,False,0,0,False,0,0,False,1,0,30,0.03333333333333333,3.562278450378819,4.021928094887363,0,0,0,0,0,0,0,0,0,0,1,0,0,0,0,1,0,0,2,2,1,0.0,0,0,0,0,0,0.0,0,0,0,0,0,1,malicious,pystylerio
pystyte,2,0,False,False,False,1,4,0,4,0.03225806451612903,0,0,0,0,False,0,0,False,0,0,False,2,1,31,0.06451612903225806,3.7264741182543757,3.7264741182543757,0,0,0,0,0,0,0,0,0,0,0,0,0,0,0,0,0,0,4,4,2,0.0,0,0,1,1,1,0.4,0,0,0,0,20,1,malicious,pystyte
pytagora,2,0,False,False,False,0,3,2,3,0.0,0,0,0,2,False,0,1,False,0,0,False,1,0,29,0.034482758620689655,4.4308296010599815,5.135185083865586,1,0,0,0,0,1,0,2,0,0,1,1,0,0,0,2,0,0,3,3,3,0.0,0,0,0,0,0,0.0,0,0,0,0,0,1,malicious,pytagora
pytagora2,2,0,False,False,False,1,3,0,3,0.03125,0,0,0,0,False,0,0,False,0,0,False,1,0,32,0.03125,3.222540103292582,3.7264741182543757,0,0,0,0,0,0,0,0,0,0,0,0,0,0,0,0,0,0,3,3,2,0.0,0,0,0,0,1,0.4,0,0,0,0,20,1,malicious,pytagora2
pytensorlite,2,0,False,False,False,0,3,2,3,0.0,0,0,0,2,False,0,1,False,0,0,False,1,0,29,0.034482758620689655,4.037762789835928,5.135185083865586,1,0,0,0,0,1,0,2,0,0,1,1,0,0,0,2,0,0,3,3,3,0.0,0,0,0,0,0,0.0,0,0,0,0,0,1,malicious,pytensorlite
pyteseract,2,0,False,False,False,0,3,2,3,0.0,0,0,0,2,False,0,1,False,0,0,False,1,0,29,0.034482758620689655,3.927862432335775,5.135185083865586,1,0,0,0,0,1,0,2,0,0,1,1,0,0,0,2,0,0,3,3,3,0.0,0,0,0,0,0,0.0,0,0,0,0,0,1,malicious,pyteseract
pythhon-binance,2,0,False,False,False,1,4,0,4,0.03225806451612903,0,0,0,0,False,0,0,False,0,0,False,2,1,31,0.06451612903225806,3.5915194401926644,3.7264741182543757,0,0,0,0,0,0,0,0,0,0,0,0,0,0,0,0,0,0,4,4,2,0.0,0,0,1,1,1,0.4,0,0,0,0,20,1,malicious,pythhon-binance
pythn-binance,2,0,False,False,False,0,3,2,3,0.0,0,0,0,2,False,0,1,False,0,0,False,1,0,29,0.034482758620689655,4.065446114390519,5.135185083865586,1,0,0,0,0,1,0,2,0,0,1,1,0,0,0,2,0,0,3,3,3,0.0,0,0,0,0,0,0.0,0,0,0,0,0,1,malicious,pythn-binance
pythno-binance,2,2,False,True,True,1,1,0,1,0.03333333333333333,0,1,0,0,False,0,0,False,0,0,False,1,0,30,0.03333333333333333,3.597097109364438,3.7264741182543757,0,0,0,0,0,0,0,0,0,0,0,1,0,0,0,0,0,0,1,1,1,0.0,0,0,0,0,0,0.0,0,0,0,0,0,1,malicious,pythno-binance
pythno,2,0,False,False,False,1,3,0,3,0.03125,0,0,0,0,False,0,0,False,0,0,False,1,0,32,0.03125,3.222540103292582,3.7264741182543757,0,0,0,0,0,0,0,0,0,0,0,0,0,0,0,0,0,0,3,3,2,0.0,0,0,0,0,1,0.4,0,0,0,0,20,1,malicious,pythno
pytho-binance,2,0,False,False,False,0,3,2,3,0.0,0,0,0,2,False,0,1,False,0,0,False,1,0,29,0.034482758620689655,4.1360842554716335,5.135185083865586,1,0,0,0,0,1,0,2,0,0,1,1,0,0,0,2,0,0,3,3,3,0.0,0,0,0,0,0,0.0,0,0,0,0,0,1,malicious,pytho-binance
python-amazon-doc-utils,2,0,False,False,False,1,4,0,4,0.03225806451612903,0,0,0,0,False,0,0,False,0,0,False,2,1,31,0.06451612903225806,3.7878490153225,3.849223912390625,0,0,0,0,0,0,0,0,0,0,0,0,0,0,0,0,0,0,4,4,2,0.0,0,0,1,1,1,0.4,0,0,0,0,20,1,malicious,python-amazon-doc-utils
python-bbinance,2,1,False,True,False,1,2,0,2,0.03333333333333333,0,0,0,0,False,0,0,False,0,0,False,1,0,30,0.03333333333333333,3.645937617189717,4.021928094887363,0,0,0,0,0,0,0,0,0,0,1,0,0,0,0,1,0,0,2,2,1,0.0,0,0,0,0,0,0.0,0,0,0,0,0,1,malicious,python-bbinance
python-biance,2,0,False,False,False,1,3,0,3,0.03125,0,0,0,0,False,0,0,False,0,0,False,1,0,32,0.03125,3.3035534685431713,3.7264741182543757,0,0,0,0,0,0,0,0,0,0,0,0,0,0,0,0,0,0,3,3,2,0.0,0,0,0,0,1,0.4,0,0,0,0,20,1,malicious,python-biance
python-biannce,2,2,False,True,True,1,1,0,1,0.03333333333333333,0,1,0,0,False,0,0,False,0,0,False,1,0,30,0.03333333333333333,3.597097109364438,3.7264741182543757,0,0,0,0,0,0,0,0,0,0,0,1,0,0,0,0,0,0,1,1,1,0.0,0,0,0,0,0,0.0,0,0,0,0,0,1,malicious,python-biannce
python-biinance,3,1,True,False,False,1,4,0,3,0.027777777777777776,0,3,0,0,False,0,0,False,0,0,False,2,0,36,0.05555555555555555,3.6054985482572897,3.9873261452560076,0,0,0,0,0,0,0,0,0,1,0,0,0,0,0,0,0,1,4,3,1,20.0,2,1,1,1,0,0.0,0,0,0,0,20,1,malicious,python-biinance
python-binaance,2,0,False,False,False,1,3,0,3,0.03125,0,0,0,0,False,0,0,False,0,0,False,1,0,32,0.03125,3.281046268002175,3.7264741182543757,0,0,0,0,0,0,0,0,0,0,0,0,0,0,0,0,0,0,3,3,2,0.0,0,0,0,0,1,0.4,0,0,0,0,20,1,malicious,python-binaance
python-binace,3,1,True,False,False,1,4,0,3,0.027777777777777776,0,3,0,0,False,0,0,False,0,0,False,2,0,36,0.05555555555555555,3.628005748798286,3.9873261452560076,0,0,0,0,0,0,0,0,0,1,0,0,0,0,0,0,0,1,4,3,1,20.0,2,1,1,1,0,0.0,0,0,0,0,20,1,malicious,python-binace
python-binacne,2,0,False,False,False,0,3,2,3,0.0,0,0,0,2,False,0,1,False,0,0,False,1,0,29,0.034482758620689655,4.109793100864821,5.135185083865586,1,0,0,0,0,1,0,2,0,0,1,1,0,0,0,2,0,0,3,3,3,0.0,0,0,0,0,0,0.0,0,0,0,0,0,1,malicious,python-binacne
python-binanc,2,0,False,False,False,1,3,0,3,0.03125,0,0,0,0,False,0,0,False,0,0,False,1,0,32,0.03125,3.250574862732335,3.7264741182543757,0,0,0,0,0,0,0,0,0,0,0,0,0,0,0,0,0,0,3,3,2,0.0,0,0,0,0,1,0.4,0,0,0,0,20,1,malicious,python-binanc
python-binancce,2,0,False,False,False,0,3,2,3,0.0,0,0,0,2,False,0,1,False,0,0,False,1,0,29,0.034482758620689655,4.106074654750305,5.135185083865586,1,0,0,0,0,1,0,2,0,0,1,1,0,0,0,2,0,0,3,3,3,0.0,0,0,0,0,0,0.0,0,0,0,0,0,1,malicious,python-binancce
python-binancee,2,0,False,False,False,1,3,0,3,0.03125,0,0,0,0,False,0,0,False,0,0,False,1,0,32,0.03125,3.281046268002175,3.7264741182543757,0,0,0,0,0,0,0,0,0,0,0,0,0,0,0,0,0,0,3,3,2,0.0,0,0,0,0,1,0.4,0,0,0,0,20,1,malicious,python-binancee
python-binanec,2,0,False,False,False,0,3,2,3,0.0,0,0,0,2,False,0,1,False,0,0,False,1,0,29,0.034482758620689655,4.109793100864821,5.135185083865586,1,0,0,0,0,1,0,2,0,0,1,1,0,0,0,2,0,0,3,3,3,0.0,0,0,0,0,0,0.0,0,0,0,0,0,1,malicious,python-binanec
python-binannce,2,0,False,False,False,0,3,2,3,0.0,0,0,0,2,False,0,1,False,0,0,False,1,0,29,0.034482758620689655,4.0784054881317156,5.135185083865586,1,0,0,0,0,1,0,2,0,0,1,1,0,0,0,2,0,0,3,3,3,0.0,0,0,0,0,0,0.0,0,0,0,0,0,1,malicious,python-binannce
python-binnace,2,1,True,False,False,1,2,0,2,0.03125,0,0,0,0,False,0,0,False,0,0,False,2,1,32,0.0625,3.273065682696928,3.7264741182543757,0,0,0,0,0,0,0,0,0,0,0,0,0,0,0,0,0,0,2,2,2,0.0,0,0,1,1,0,0.0,0,0,0,0,0,1,malicious,python-binnace
python-binnance,2,0,False,False,False,1,3,0,3,0.03125,0,0,0,0,False,0,0,False,0,0,False,1,0,32,0.03125,3.2602943930382327,3.7264741182543757,0,0,0,0,0,0,0,0,0,0,0,0,0,0,0,0,0,0,3,3,2,0.0,0,0,0,0,1,0.4,0,0,0,0,20,1,malicious,python-binnance
python-binnce,2,1,False,True,False,1,2,0,2,0.03333333333333333,0,0,0,0,False,0,0,False,0,0,False,1,0,30,0.03333333333333333,3.6154662119198773,4.021928094887363,0,0,0,0,0,0,0,0,0,0,1,0,0,0,0,1,0,0,2,2,1,0.0,0,0,0,0,0,0.0,0,0,0,0,0,1,malicious,python-binnce
python-bnance,2,0,False,False,False,0,3,2,3,0.0,0,0,0,2,False,0,1,False,0,0,False,1,0,29,0.034482758620689655,4.065446114390519,5.135185083865586,1,0,0,0,0,1,0,2,0,0,1,1,0,0,0,2,0,0,3,3,3,0.0,0,0,0,0,0,0.0,0,0,0,0,0,1,malicious,python-bnance
python-bniance,2,1,True,False,False,1,2,0,2,0.03125,0,0,0,0,False,0,0,False,0,0,False,2,1,32,0.0625,3.273065682696928,3.7264741182543757,0,0,0,0,0,0,0,0,0,0,0,0,0,0,0,0,0,0,2,2,2,0.0,0,0,1,1,0,0.0,0,0,0,0,0,1,malicious,python-bniance
python-dateitil,2,2,False,True,True,1,1,0,1,0.03333333333333333,0,1,0,0,False,0,0,False,0,0,False,1,0,30,0.03333333333333333,3.5915194401926644,3.7264741182543757,0,0,0,0,0,0,0,0,0,0,0,1,0,0,0,0,0,0,1,1,1,0.0,0,0,0,0,0,0.0,0,0,0,0,0,1,malicious,python-dateitil
python-datetil,2,1,True,False,False,1,2,0,2,0.03125,0,0,0,0,False,0,0,False,0,0,False,2,1,32,0.0625,3.273065682696928,3.7264741182543757,0,0,0,0,0,0,0,0,0,0,0,0,0,0,0,0,0,0,2,2,2,0.0,0,0,1,1,0,0.0,0,0,0,0,0,1,malicious,python-datetil
python-dateuti,2,1,True,False,False,1,2,0,2,0.03125,0,0,0,0,False,0,0,False,0,0,False,2,1,32,0.0625,3.273065682696928,3.7264741182543757,0,0,0,0,0,0,0,0,0,0,0,0,0,0,0,0,0,0,2,2,2,0.0,0,0,1,1,0,0.0,0,0,0,0,0,1,malicious,python-dateuti
python-dateutils,2,0,False,False,False,1,4,0,4,0.03225806451612903,0,0,0,0,False,0,0,False,0,0,False,2,1,31,0.06451612903225806,3.7146468246845794,3.7264741182543757,0,0,0,0,0,0,0,0,0,0,0,0,0,0,0,0,0,0,4,4,2,0.0,0,0,1,1,1,0.4,0,0,0,0,20,1,malicious,python-dateutils
python-drgn,2,0,False,False,False,1,3,0,3,0.03125,0,0,0,0,False,0,0,False,0,0,False,1,0,32,0.03125,3.2363084366742156,3.7264741182543757,0,0,0,0,0,0,0,0,0,0,0,0,0,0,0,0,0,0,3,3,2,0.0,0,0,0,0,1,0.4,0,0,0,0,20,1,malicious,python-drgn
python-flask,2,1,False,True,False,1,2,0,2,0.03333333333333333,0,0,0,0,False,0,0,False,0,0,False,1,0,30,0.03333333333333333,3.678037051837268,4.021928094887363,0,0,0,0,0,0,0,0,0,0,1,0,0,0,0,1,0,0,2,2,1,0.0,0,0,0,0,0,0.0,0,0,0,0,0,1,malicious,python-flask
python-ftp,2,1,True,False,False,1,2,0,2,0.03125,0,0,0,0,False,0,0,False,0,0,False,2,1,32,0.0625,3.1366176813001436,3.7264741182543757,0,0,0,0,0,0,0,0,0,0,0,0,0,0,0,0,0,0,2,2,2,0.0,0,0,1,1,0,0.0,0,0,0,0,0,1,malicious,python-ftp
python-ibnance,2,1,False,True,False,1,2,0,2,0.03333333333333333,0,0,0,0,False,0,0,False,0,0,False,1,0,30,0.03333333333333333,3.648726451775604,4.021928094887363,0,0,0,0,0,0,0,0,0,0,1,0,0,0,0,1,0,0,2,2,1,0.0,0,0,0,0,0,0.0,0,0,0,0,0,1,malicious,python-ibnance
python-inance,2,2,False,True,True,1,1,0,1,0.03333333333333333,0,1,0,0,False,0,0,False,0,0,False,1,0,30,0.03333333333333333,3.5305766296529852,3.7264741182543757,0,0,0,0,0,0,0,0,0,0,0,1,0,0,0,0,0,0,1,1,1,0.0,0,0,0,0,0,0.0,0,0,0,0,0,1,malicious,python-inance
python-kudu,2,2,False,True,True,1,1,0,1,0.03333333333333333,0,1,0,0,False,0,0,False,0,0,False,1,0,30,0.03333333333333333,3.5020437775367457,3.7264741182543757,0,0,0,0,0,0,0,0,0,0,0,1,0,0,0,0,0,0,1,1,1,0.0,0,0,0,0,0,0.0,0,0,0,0,0,1,malicious,python-kudu
python-ledgercommon,2,2,False,True,True,1,1,0,1,0.03333333333333333,0,1,0,0,False,0,0,False,0,0,False,1,0,30,0.03333333333333333,3.704177460528889,3.7264741182543757,0,0,0,0,0,0,0,0,0,0,0,1,0,0,0,0,0,0,1,1,1,0.0,0,0,0,0,0,0.0,0,0,0,0,0,1,malicious,python-ledgercommon
python-mongo,3,1,True,False,False,1,4,0,3,0.027777777777777776,0,3,0,0,False,0,0,False,0,0,False,2,0,36,0.05555555555555555,3.4968711599431015,3.9873261452560076,0,0,0,0,0,0,0,0,0,1,0,0,0,0,0,0,0,1,4,3,1,20.0,2,1,1,1,0,0.0,0,0,0,0,20,1,malicious,python-mongo
python-mysql,2,0,False,False,False,1,4,0,4,0.03225806451612903,0,0,0,0,False,0,0,False,0,0,False,2,1,31,0.06451612903225806,3.5723849761544324,3.7264741182543757,0,0,0,0,0,0,0,0,0,0,0,0,0,0,0,0,0,0,4,4,2,0.0,0,0,1,1,1,0.4,0,0,0,0,20,1,malicious,python-mysql
python-mysqldb,2,0,False,False,False,1,4,0,4,0.03225806451612903,0,0,0,0,False,0,0,False,0,0,False,2,1,31,0.06451612903225806,3.695485948727419,3.7264741182543757,0,0,0,0,0,0,0,0,0,0,0,0,0,0,0,0,0,0,4,4,2,0.0,0,0,1,1,1,0.4,0,0,0,0,20,1,malicious,python-mysqldb
python-openssl,2,2,False,True,True,1,1,0,1,0.03333333333333333,0,1,0,0,False,0,0,False,0,0,False,1,0,30,0.03333333333333333,3.4812002344417046,3.7264741182543757,0,0,0,0,0,0,0,0,0,0,0,1,0,0,0,0,0,0,1,1,1,0.0,0,0,0,0,0,0.0,0,0,0,0,0,1,malicious,python-openssl
python-requirements-inspector,2,1,True,False,False,1,2,0,2,0.03125,0,0,0,0,False,0,0,False,0,0,False,2,1,32,0.0625,3.342487264062865,3.7454064259382482,0,0,0,0,0,0,0,0,0,0,0,0,0,0,0,0,0,0,2,2,2,0.0,0,0,1,1,0,0.0,0,0,0,0,0,1,malicious,python-requirements-inspector
python-sqlite,2,0,False,False,False,1,3,0,3,0.03125,0,0,0,0,False,0,0,False,0,0,False,1,0,32,0.03125,3.3035534685431713,3.7264741182543757,0,0,0,0,0,0,0,0,0,0,0,0,0,0,0,0,0,0,3,3,2,0.0,0,0,0,0,1,0.4,0,0,0,0,20,1,malicious,python-sqlite
python3-dateutil,2,1,True,False,False,1,2,0,2,0.03125,0,0,0,0,False,0,0,False,0,0,False,2,1,32,0.0625,3.331840540356999,3.7264741182543757,0,0,0,0,0,0,0,0,0,0,0,0,0,0,0,0,0,0,2,2,2,0.0,0,0,1,1,0,0.0,0,0,0,0,0,1,malicious,python3-dateutil
python3-flask,2,0,False,False,False,1,3,0,3,0.03125,0,0,0,0,False,0,0,False,0,0,False,1,0,32,0.03125,3.3420150070047097,3.7264741182543757,0,0,0,0,0,0,0,0,0,0,0,0,0,0,0,0,0,0,3,3,2,0.0,0,0,0,0,1,0.4,0,0,0,0,20,1,malicious,python3-flask
python3-ki,3,1,True,False,False,1,4,0,3,0.027777777777777776,0,3,0,0,False,0,0,False,0,0,False,2,0,36,0.05555555555555555,3.571839381446392,3.9873261452560076,0,0,0,0,0,0,0,0,0,1,0,0,0,0,0,0,0,1,4,3,1,20.0,2,1,1,1,0,0.0,0,0,0,0,20,1,malicious,python3-ki
python3-kivy,2,0,False,False,False,0,3,2,3,0.0,0,0,0,2,False,0,1,False,0,0,False,1,0,29,0.034482758620689655,4.093318345391483,5.135185083865586,1,0,0,0,0,1,0,2,0,0,1,1,0,0,0,2,0,0,3,3,3,0.0,0,0,0,0,0,0.0,0,0,0,0,0,1,malicious,python3-kivy
pythonarg,2,0,False,False,False,1,4,0,4,0.03225806451612903,0,0,0,0,False,0,0,False,0,0,False,2,1,31,0.06451612903225806,3.7264741182543757,3.7264741182543757,0,0,0,0,0,0,0,0,0,0,0,0,0,0,0,0,0,0,4,4,2,0.0,0,0,1,1,1,0.4,0,0,0,0,20,1,malicious,pythonarg
pythonkafka,2,1,False,True,False,1,2,0,2,0.03333333333333333,0,0,0,0,False,0,0,False,0,0,False,1,0,30,0.03333333333333333,3.5557452404072123,4.021928094887363,0,0,0,0,0,0,0,0,0,0,1,0,0,0,0,1,0,0,2,2,1,0.0,0,0,0,0,0,0.0,0,0,0,0,0,1,malicious,pythonkafka
pythonstyles,2,2,False,True,True,1,1,0,1,0.03333333333333333,0,1,0,0,False,0,0,False,0,0,False,1,0,30,0.03333333333333333,3.405718309487766,3.7264741182543757,0,0,0,0,0,0,0,0,0,0,0,1,0,0,0,0,0,0,1,1,1,0.0,0,0,0,0,0,0.0,0,0,0,0,0,1,malicious,pythonstyles
pythoon-binance,2,0,False,False,False,1,4,0,4,0.03225806451612903,0,0,0,0,False,0,0,False,0,0,False,2,1,31,0.06451612903225806,3.5915194401926644,3.7264741182543757,0,0,0,0,0,0,0,0,0,0,0,0,0,0,0,0,0,0,4,4,2,0.0,0,0,1,1,1,0.4,0,0,0,0,20,1,malicious,pythoon-binance
pytoch,2,0,False,False,False,0,3,2,3,0.0,0,0,0,2,False,0,1,False,0,0,False,1,0,29,0.034482758620689655,4.4308296010599815,5.135185083865586,1,0,0,0,0,1,0,2,0,0,1,1,0,0,0,2,0,0,3,3,3,0.0,0,0,0,0,0,0.0,0,0,0,0,0,1,malicious,pytoch
pytocrh,2,1,True,False,False,1,2,0,2,0.03125,0,0,0,0,False,0,0,False,0,0,False,2,1,32,0.0625,3.2081808767710718,3.7264741182543757,0,0,0,0,0,0,0,0,0,0,0,0,0,0,0,0,0,0,2,2,2,0.0,0,0,1,1,0,0.0,0,0,0,0,0,1,malicious,pytocrh
pytohn-binance,2,2,False,True,True,1,1,0,1,0.03333333333333333,0,1,0,0,False,0,0,False,0,0,False,1,0,30,0.03333333333333333,3.597097109364438,3.7264741182543757,0,0,0,0,0,0,0,0,0,0,0,1,0,0,0,0,0,0,1,1,1,0.0,0,0,0,0,0,0.0,0,0,0,0,0,1,malicious,pytohn-binance
pyton-binance,2,1,True,False,False,1,2,0,2,0.03125,0,0,0,0,False,0,0,False,0,0,False,2,1,32,0.0625,3.2398054428412024,3.7264741182543757,0,0,0,0,0,0,0,0,0,0,0,0,0,0,0,0,0,0,2,2,2,0.0,0,0,1,1,0,0.0,0,0,0,0,0,1,malicious,pyton-binance
pytoorch,2,0,False,False,False,0,3,2,3,0.0,0,0,0,2,False,0,1,False,0,0,False,1,0,29,0.034482758620689655,4.4308296010599815,5.135185083865586,1,0,0,0,0,1,0,2,0,0,1,1,0,0,0,2,0,0,3,3,3,0.0,0,0,0,0,0,0.0,0,0,0,0,0,1,malicious,pytoorch
pytorcch,3,1,True,False,False,1,4,0,3,0.027777777777777776,0,3,0,0,False,0,0,False,0,0,False,2,0,36,0.05555555555555555,3.6551431436327353,3.9873261452560076,0,0,0,0,0,0,0,0,0,1,0,0,0,0,0,0,0,1,4,3,1,20.0,2,1,1,1,0,0.0,0,0,0,0,20,1,malicious,pytorcch
pytorchh,2,2,False,True,True,1,1,0,1,0.03333333333333333,0,1,0,0,False,0,0,False,0,0,False,1,0,30,0.03333333333333333,3.7264741182543757,3.7264741182543757,0,0,0,0,0,0,0,0,0,0,0,1,0,0,0,0,0,0,1,1,1,0.0,0,0,0,0,0,0.0,0,0,0,0,0,1,malicious,pytorchh
pytorh,2,2,False,True,True,1,1,0,1,0.03333333333333333,0,1,0,0,False,0,0,False,0,0,False,1,0,30,0.03333333333333333,3.7264741182543757,3.7264741182543757,0,0,0,0,0,0,0,0,0,0,0,1,0,0,0,0,0,0,1,1,1,0.0,0,0,0,0,0,0.0,0,0,0,0,0,1,malicious,pytorh
pytorhc,2,0,False,False,False,0,3,2,3,0.0,0,0,0,2,False,0,1,False,0,0,False,1,0,29,0.034482758620689655,4.4308296010599815,5.135185083865586,1,0,0,0,0,1,0,2,0,0,1,1,0,0,0,2,0,0,3,3,3,0.0,0,0,0,0,0,0.0,0,0,0,0,0,1,malicious,pytorhc
pytorrch,2,1,True,False,False,1,2,0,2,0.03125,0,0,0,0,False,0,0,False,0,0,False,2,1,32,0.0625,3.2081808767710718,3.7264741182543757,0,0,0,0,0,0,0,0,0,0,0,0,0,0,0,0,0,0,2,2,2,0.0,0,0,1,1,0,0.0,0,0,0,0,0,1,malicious,pytorrch
pytthon-binance,2,0,False,False,False,0,3,2,3,0.0,0,0,0,2,False,0,1,False,0,0,False,1,0,29,0.034482758620689655,4.106074654750305,5.135185083865586,1,0,0,0,0,1,0,2,0,0,1,1,0,0,0,2,0,0,3,3,3,0.0,0,0,0,0,0,0.0,0,0,0,0,0,1,malicious,pytthon-binance
pytttsx3,2,1,True,False,False,1,2,0,2,0.03125,0,0,0,0,False,0,0,False,0,0,False,2,1,32,0.0625,3.2081808767710718,3.7264741182543757,0,0,0,0,0,0,0,0,0,0,0,0,0,0,0,0,0,0,2,2,2,0.0,0,0,1,1,0,0.0,0,0,0,0,0,1,malicious,pytttsx3
pytz3-dev,2,0,False,False,False,1,4,0,4,0.03225806451612903,0,0,0,0,False,0,0,False,0,0,False,2,1,31,0.06451612903225806,3.7264741182543757,3.7264741182543757,0,0,0,0,0,0,0,0,0,0,0,0,0,0,0,0,0,0,4,4,2,0.0,0,0,1,1,1,0.4,0,0,0,0,20,1,malicious,pytz3-dev
pyuer,2,2,False,True,True,1,1,0,1,0.03333333333333333,0,1,0,0,False,0,0,False,0,0,False,1,0,30,0.03333333333333333,3.7264741182543757,3.7264741182543757,0,0,0,0,0,0,0,0,0,0,0,1,0,0,0,0,0,0,1,1,1,0.0,0,0,0,0,0,0.0,0,0,0,0,0,1,malicious,pyuer
pyurllib,3,1,True,False,False,1,4,0,3,0.027777777777777776,0,3,0,0,False,0,0,False,0,0,False,2,0,36,0.05555555555555555,3.6551431436327353,3.9873261452560076,0,0,0,0,0,0,0,0,0,1,0,0,0,0,0,0,0,1,4,3,1,20.0,2,1,1,1,0,0.0,0,0,0,0,20,1,malicious,pyurllib
pyvrypto,2,1,True,False,False,1,2,0,2,0.03125,0,0,0,0,False,0,0,False,0,0,False,2,1,32,0.0625,3.2081808767710718,3.7264741182543757,0,0,0,0,0,0,0,0,0,0,0,0,0,0,0,0,0,0,2,2,2,0.0,0,0,1,1,0,0.0,0,0,0,0,0,1,malicious,pyvrypto
pywe,2,0,False,False,False,1,3,0,3,0.03125,0,0,0,0,False,0,0,False,0,0,False,1,0,32,0.03125,3.222540103292582,3.7264741182543757,0,0,0,0,0,0,0,0,0,0,0,0,0,0,0,0,0,0,3,3,2,0.0,0,0,0,0,1,0.4,0,0,0,0,20,1,malicious,pywe
pywin31,2,0,False,False,False,1,3,0,3,0.03125,0,0,0,0,False,0,0,False,0,0,False,1,0,32,0.03125,3.222540103292582,3.7264741182543757,0,0,0,0,0,0,0,0,0,0,0,0,0,0,0,0,0,0,3,3,2,0.0,0,0,0,0,1,0.4,0,0,0,0,20,1,malicious,pywin31
pywin33,2,1,True,False,False,1,2,0,2,0.03125,0,0,0,0,False,0,0,False,0,0,False,2,1,32,0.0625,3.2081808767710718,3.7264741182543757,0,0,0,0,0,0,0,0,0,0,0,0,0,0,0,0,0,0,2,2,2,0.0,0,0,1,1,0,0.0,0,0,0,0,0,1,malicious,pywin33
pywkill,2,1,False,True,False,1,2,0,2,0.03333333333333333,0,0,0,0,False,0,0,False,0,0,False,1,0,30,0.03333333333333333,3.709061902209305,4.021928094887363,0,0,0,0,0,0,0,0,0,0,1,0,0,0,0,1,0,0,2,2,1,0.0,0,0,0,0,0,0.0,0,0,0,0,0,1,malicious,pywkill
pywpep,3,1,True,False,False,1,4,0,3,0.027777777777777776,0,3,0,0,False,0,0,False,0,0,False,2,0,36,0.05555555555555555,3.6551431436327353,3.9873261452560076,0,0,0,0,0,0,0,0,0,1,0,0,0,0,0,0,0,1,4,3,1,20.0,2,1,1,1,0,0.0,0,0,0,0,20,1,malicious,pywpep
pywstr,3,1,True,False,False,1,4,0,3,0.027777777777777776,0,3,0,0,False,0,0,False,0,0,False,2,0,36,0.05555555555555555,3.6551431436327353,3.9873261452560076,0,0,0,0,0,0,0,0,0,1,0,0,0,0,0,0,0,1,4,3,1,20.0,2,1,1,1,0,0.0,0,0,0,0,20,1,malicious,pywstr
pywstudy,2,1,False,True,False,1,2,0,2,0.03333333333333333,0,0,0,0,False,0,0,False,0,0,False,1,0,30,0.03333333333333333,3.709061902209305,4.021928094887363,0,0,0,0,0,0,0,0,0,0,1,0,0,0,0,1,0,0,2,2,1,0.0,0,0,0,0,0,0.0,0,0,0,0,0,1,malicious,pywstudy
pywz,2,1,False,True,False,1,2,0,2,0.03333333333333333,0,0,0,0,False,0,0,False,0,0,False,1,0,30,0.03333333333333333,3.709061902209305,4.021928094887363,0,0,0,0,0,0,0,0,0,0,1,0,0,0,0,1,0,0,2,2,1,0.0,0,0,0,0,0,0.0,0,0,0,0,0,1,malicious,pywz
pyxrypto,2,1,False,True,False,1,2,0,2,0.03333333333333333,0,0,0,0,False,0,0,False,0,0,False,1,0,30,0.03333333333333333,3.709061902209305,4.021928094887363,0,0,0,0,0,0,0,0,0,0,1,0,0,0,0,1,0,0,2,2,1,0.0,0,0,0,0,0,0.0,0,0,0,0,0,1,malicious,pyxrypto
pyyalm,2,0,False,False,False,1,3,0,3,0.03125,0,0,0,0,False,0,0,False,0,0,False,1,0,32,0.03125,3.222540103292582,3.7264741182543757,0,0,0,0,0,0,0,0,0,0,0,0,0,0,0,0,0,0,3,3,2,0.0,0,0,0,0,1,0.4,0,0,0,0,20,1,malicious,pyyalm
pyycodestyle,2,0,False,False,False,1,3,0,3,0.03125,0,0,0,0,False,0,0,False,0,0,False,1,0,32,0.03125,3.172418879687987,3.7264741182543757,0,0,0,0,0,0,0,0,0,0,0,0,0,0,0,0,0,0,3,3,2,0.0,0,0,0,0,1,0.4,0,0,0,0,20,1,malicious,pyycodestyle
pyygame,2,0,False,False,False,1,3,0,3,0.03125,0,0,0,0,False,0,0,False,0,0,False,1,0,32,0.03125,3.222540103292582,3.7264741182543757,0,0,0,0,0,0,0,0,0,0,0,0,0,0,0,0,0,0,3,3,2,0.0,0,0,0,0,1,0.4,0,0,0,0,20,1,malicious,pyygame
PyYMAL,2,2,False,True,True,1,1,0,1,0.03333333333333333,0,1,0,0,False,0,0,False,0,0,False,1,0,30,0.03333333333333333,3.7264741182543757,3.7264741182543757,0,0,0,0,0,0,0,0,0,0,0,1,0,0,0,0,0,0,1,1,1,0.0,0,0,0,0,0,0.0,0,0,0,0,0,1,malicious,PyYMAL
pyysocks,2,2,False,True,True,1,1,0,1,0.03333333333333333,0,1,0,0,False,0,0,False,0,0,False,1,0,30,0.03333333333333333,3.7264741182543757,3.7264741182543757,0,0,0,0,0,0,0,0,0,0,0,1,0,0,0,0,0,0,1,1,1,0.0,0,0,0,0,0,0.0,0,0,0,0,0,1,malicious,pyysocks
pyython-binance,2,0,False,False,False,0,3,2,3,0.0,0,0,0,2,False,0,1,False,0,0,False,1,0,29,0.034482758620689655,4.106074654750305,5.135185083865586,1,0,0,0,0,1,0,2,0,0,1,1,0,0,0,2,0,0,3,3,3,0.0,0,0,0,0,0,0.0,0,0,0,0,0,1,malicious,pyython-binance
pyytorch,2,1,True,False,False,1,2,0,2,0.03125,0,0,0,0,False,0,0,False,0,0,False,2,1,32,0.0625,3.2081808767710718,3.7264741182543757,0,0,0,0,0,0,0,0,0,0,0,0,0,0,0,0,0,0,2,2,2,0.0,0,0,1,1,0,0.0,0,0,0,0,0,1,malicious,pyytorch
qsteemp,2,1,True,False,False,1,2,0,2,0.03125,0,0,0,0,False,0,0,False,0,0,False,2,1,32,0.0625,3.2081808767710718,3.7264741182543757,0,0,0,0,0,0,0,0,0,0,0,0,0,0,0,0,0,0,2,2,2,0.0,0,0,1,1,0,0.0,0,0,0,0,0,1,malicious,qsteemp
quantiumbase,2,1,True,False,False,1,2,0,2,0.03125,0,0,0,0,False,0,0,False,0,0,False,2,1,32,0.0625,3.2190429494252593,3.7264741182543757,0,0,0,0,0,0,0,0,0,0,0,0,0,0,0,0,0,0,2,2,2,0.0,0,0,1,1,0,0.0,0,0,0,0,0,1,malicious,quantiumbase
quarejma-botnet,2,1,False,True,False,1,2,0,2,0.03333333333333333,0,0,0,0,False,0,0,False,0,0,False,1,0,30,0.03333333333333333,3.6585190755591084,4.021928094887363,0,0,0,0,0,0,0,0,0,0,1,0,0,0,0,1,0,0,2,2,1,0.0,0,0,0,0,0,0.0,0,0,0,0,0,1,malicious,quarejma-botnet
quarejma-botnetx,2,0,False,False,False,0,3,2,3,0.0,0,0,0,2,False,0,1,False,0,0,False,1,0,29,0.034482758620689655,4.162219734039987,5.135185083865586,1,0,0,0,0,1,0,2,0,0,1,1,0,0,0,2,0,0,3,3,3,0.0,0,0,0,0,0,0.0,0,0,0,0,0,1,malicious,quarejma-botnetx
quarejma-door,2,2,False,True,True,1,1,0,1,0.03333333333333333,0,1,0,0,False,0,0,False,0,0,False,1,0,30,0.03333333333333333,3.4826876874285033,3.7264741182543757,0,0,0,0,0,0,0,0,0,0,0,1,0,0,0,0,0,0,1,1,1,0.0,0,0,0,0,0,0.0,0,0,0,0,0,1,malicious,quarejma-door
quarejma-erdem,2,0,False,False,False,1,4,0,4,0.03225806451612903,0,0,0,0,False,0,0,False,0,0,False,2,1,31,0.06451612903225806,3.3828113950787233,3.7264741182543757,0,0,0,0,0,0,0,0,0,0,0,0,0,0,0,0,0,0,4,4,2,0.0,0,0,1,1,1,0.4,0,0,0,0,20,1,malicious,quarejma-erdem
quick-telegram-sender,2,0,False,False,False,1,4,0,4,0.03225806451612903,0,0,0,0,False,0,0,False,0,0,False,2,1,31,0.06451612903225806,3.7736814848022817,3.820888851350188,0,0,0,0,0,0,0,0,0,0,0,0,0,0,0,0,0,0,4,4,2,0.0,0,0,1,1,1,0.4,0,0,0,0,20,1,malicious,quick-telegram-sender
quistik,2,2,False,True,True,1,1,0,1,0.03333333333333333,0,1,0,0,False,0,0,False,0,0,False,1,0,30,0.03333333333333333,3.7264741182543757,3.7264741182543757,0,0,0,0,0,0,0,0,0,0,0,1,0,0,0,0,0,0,1,1,1,0.0,0,0,0,0,0,0.0,0,0,0,0,0,1,malicious,quistik
r3quests,2,0,False,False,False,0,3,2,3,0.0,0,0,0,2,False,0,1,False,0,0,False,1,0,29,0.034482758620689655,4.4308296010599815,5.135185083865586,1,0,0,0,0,1,0,2,0,0,1,1,0,0,0,2,0,0,3,3,3,0.0,0,0,0,0,0,0.0,0,0,0,0,0,1,malicious,r3quests
r4quests,2,0,False,False,False,0,3,2,3,0.0,0,0,0,2,False,0,1,False,0,0,False,1,0,29,0.034482758620689655,4.4308296010599815,5.135185083865586,1,0,0,0,0,1,0,2,0,0,1,1,0,0,0,2,0,0,3,3,3,0.0,0,0,0,0,0,0.0,0,0,0,0,0,1,malicious,r4quests
rabin-sharmakobau,2,1,False,True,False,1,2,0,2,0.03333333333333333,0,0,0,0,False,0,0,False,0,0,False,1,0,30,0.03333333333333333,3.62719154873427,4.021928094887363,0,0,0,0,0,0,0,0,0,0,1,0,0,0,0,1,0,0,2,2,1,0.0,0,0,0,0,0,0.0,0,0,0,0,0,1,malicious,rabin-sharmakobau
raknet-testing-package,3,1,True,False,False,1,4,0,3,0.027777777777777776,0,3,0,0,False,0,0,False,0,0,False,2,0,36,0.05555555555555555,3.60320773390103,3.9873261452560076,0,0,0,0,0,0,0,0,0,1,0,0,0,0,0,0,0,1,4,3,1,20.0,2,1,1,1,0,0.0,0,0,0,0,20,1,malicious,raknet-testing-package
raknet-testing-package2,2,0,False,False,False,0,3,2,3,0.0,0,0,0,2,False,0,1,False,0,0,False,1,0,29,0.034482758620689655,4.139064117848986,5.135185083865586,1,0,0,0,0,1,0,2,0,0,1,1,0,0,0,2,0,0,3,3,3,0.0,0,0,0,0,0,0.0,0,0,0,0,0,1,malicious,raknet-testing-package2
ramcc,2,0,False,False,False,1,3,0,3,0.03125,0,0,0,0,False,0,0,False,0,0,False,1,0,32,0.03125,3.222540103292582,3.7264741182543757,0,0,0,0,0,0,0,0,0,0,0,0,0,0,0,0,0,0,3,3,2,0.0,0,0,0,0,1,0.4,0,0,0,0,20,1,malicious,ramcc
ramcontrol,2,2,False,True,True,1,1,0,1,0.03333333333333333,0,1,0,0,False,0,0,False,0,0,False,1,0,30,0.03333333333333333,3.324201106570869,3.7264741182543757,0,0,0,0,0,0,0,0,0,0,0,1,0,0,0,0,0,0,1,1,1,0.0,0,0,0,0,0,0.0,0,0,0,0,0,1,malicious,ramcontrol
ramhacked,2,1,False,True,False,1,2,0,2,0.03333333333333333,0,0,0,0,False,0,0,False,0,0,False,1,0,30,0.03333333333333333,3.709061902209305,4.021928094887363,0,0,0,0,0,0,0,0,0,0,1,0,0,0,0,1,0,0,2,2,1,0.0,0,0,0,0,0,0.0,0,0,0,0,0,1,malicious,ramhacked
rampush,2,0,False,False,False,0,3,2,3,0.0,0,0,0,2,False,0,1,False,0,0,False,1,0,29,0.034482758620689655,4.4308296010599815,5.135185083865586,1,0,0,0,0,1,0,2,0,0,1,1,0,0,0,2,0,0,3,3,3,0.0,0,0,0,0,0,0.0,0,0,0,0,0,1,malicious,rampush
randar303,2,1,True,False,False,1,2,0,2,0.03125,0,0,0,0,False,0,0,False,0,0,False,2,1,32,0.0625,3.2081808767710718,3.7264741182543757,0,0,0,0,0,0,0,0,0,0,0,0,0,0,0,0,0,0,2,2,2,0.0,0,0,1,1,0,0.0,0,0,0,0,0,1,malicious,randar303
randget,2,0,False,False,False,0,3,2,3,0.0,0,0,0,2,False,0,1,False,0,0,False,1,0,29,0.034482758620689655,4.4308296010599815,5.135185083865586,1,0,0,0,0,1,0,2,0,0,1,1,0,0,0,2,0,0,3,3,3,0.0,0,0,0,0,0,0.0,0,0,0,0,0,1,malicious,randget
randomad,2,0,False,False,False,1,3,0,3,0.03125,0,0,0,0,False,0,0,False,0,0,False,1,0,32,0.03125,3.222540103292582,3.7264741182543757,0,0,0,0,0,0,0,0,0,0,0,0,0,0,0,0,0,0,3,3,2,0.0,0,0,0,0,1,0.4,0,0,0,0,20,1,malicious,randomad
randomized,2,2,False,True,True,1,1,0,1,0.03333333333333333,0,1,0,0,False,0,0,False,0,0,False,1,0,30,0.03333333333333333,3.4242011065708686,3.7264741182543757,0,0,0,0,0,0,0,0,0,0,0,1,0,0,0,0,0,0,1,1,1,0.0,0,0,0,0,0,0.0,0,0,0,0,0,1,malicious,randomized
randomultra,2,1,False,True,False,1,2,0,2,0.03333333333333333,0,0,0,0,False,0,0,False,0,0,False,1,0,30,0.03333333333333333,3.5557452404072123,4.021928094887363,0,0,0,0,0,0,0,0,0,0,1,0,0,0,0,1,0,0,2,2,1,0.0,0,0,0,0,0,0.0,0,0,0,0,0,1,malicious,randomultra
randrange,3,1,True,False,False,1,4,0,3,0.027777777777777776,0,3,0,0,False,0,0,False,0,0,False,2,0,36,0.05555555555555555,3.6551431436327353,3.9873261452560076,0,0,0,0,0,0,0,0,0,1,0,0,0,0,0,0,0,1,4,3,1,20.0,2,1,1,1,0,0.0,0,0,0,0,20,1,malicious,randrange
randsplit,2,0,False,False,False,1,3,0,3,0.03125,0,0,0,0,False,0,0,False,0,0,False,1,0,32,0.03125,3.222540103292582,3.7264741182543757,0,0,0,0,0,0,0,0,0,0,0,0,0,0,0,0,0,0,3,3,2,0.0,0,0,0,0,1,0.4,0,0,0,0,20,1,malicious,randsplit
raw-tool,2,1,False,True,False,1,2,0,2,0.03333333333333333,0,0,0,0,False,0,0,False,0,0,False,1,0,30,0.03333333333333333,3.709061902209305,4.021928094887363,0,0,0,0,0,0,0,0,0,0,1,0,0,0,0,1,0,0,2,2,1,0.0,0,0,0,0,0,0.0,0,0,0,0,0,1,malicious,raw-tool
rawrequest,2,2,False,True,True,1,1,0,1,0.03333333333333333,0,1,0,0,False,0,0,False,0,0,False,1,0,30,0.03333333333333333,3.324201106570869,3.7264741182543757,0,0,0,0,0,0,0,0,0,0,0,1,0,0,0,0,0,0,1,1,1,0.0,0,0,0,0,0,0.0,0,0,0,0,0,1,malicious,rawrequest
rblxtools,2,1,True,False,False,1,2,0,2,0.03125,0,0,0,0,False,0,0,False,0,0,False,2,1,32,0.0625,3.2081808767710718,3.7264741182543757,0,0,0,0,0,0,0,0,0,0,0,0,0,0,0,0,0,0,2,2,2,0.0,0,0,1,1,0,0.0,0,0,0,0,0,1,malicious,rblxtools
rbx1325,2,0,False,False,False,1,4,0,4,0.03225806451612903,0,0,0,0,False,0,0,False,0,0,False,2,1,31,0.06451612903225806,3.7264741182543757,3.7264741182543757,0,0,0,0,0,0,0,0,0,0,0,0,0,0,0,0,0,0,4,4,2,0.0,0,0,1,1,1,0.4,0,0,0,0,20,1,malicious,rbx1325
rbx1325382,2,0,False,False,False,1,3,0,3,0.03125,0,0,0,0,False,0,0,False,0,0,False,1,0,32,0.03125,3.1473871011912773,3.7264741182543757,0,0,0,0,0,0,0,0,0,0,0,0,0,0,0,0,0,0,3,3,2,0.0,0,0,0,0,1,0.4,0,0,0,0,20,1,malicious,rbx1325382
rbxtool,2,1,False,True,False,1,2,0,2,0.03333333333333333,0,0,0,0,False,0,0,False,0,0,False,1,0,30,0.03333333333333333,3.709061902209305,4.021928094887363,0,0,0,0,0,0,0,0,0,0,1,0,0,0,0,1,0,0,2,2,1,0.0,0,0,0,0,0,0.0,0,0,0,0,0,1,malicious,rbxtool
rbxtools,2,1,True,False,False,1,2,0,2,0.03125,0,0,0,0,False,0,0,False,0,0,False,2,1,32,0.0625,3.2081808767710718,3.7264741182543757,0,0,0,0,0,0,0,0,0,0,0,0,0,0,0,0,0,0,2,2,2,0.0,0,0,1,1,0,0.0,0,0,0,0,0,1,malicious,rbxtools
rcyptofeed,2,0,False,False,False,1,4,0,4,0.03225806451612903,0,0,0,0,False,0,0,False,0,0,False,2,1,31,0.06451612903225806,3.424201106570869,3.7264741182543757,0,0,0,0,0,0,0,0,0,0,0,0,0,0,0,0,0,0,4,4,2,0.0,0,0,1,1,1,0.4,0,0,0,0,20,1,malicious,rcyptofeed
rdquests,3,1,True,False,False,1,4,0,3,0.027777777777777776,0,3,0,0,False,0,0,False,0,0,False,2,0,36,0.05555555555555555,3.6551431436327353,3.9873261452560076,0,0,0,0,0,0,0,0,0,1,0,0,0,0,0,0,0,1,4,3,1,20.0,2,1,1,1,0,0.0,0,0,0,0,20,1,malicious,rdquests
readycharz,2,0,False,False,False,0,3,2,3,0.0,0,0,0,2,False,0,1,False,0,0,False,1,0,29,0.034482758620689655,3.927862432335775,5.135185083865586,1,0,0,0,0,1,0,2,0,0,1,1,0,0,0,2,0,0,3,3,3,0.0,0,0,0,0,0,0.0,0,0,0,0,0,1,malicious,readycharz
reauests,2,0,False,False,False,0,3,2,3,0.0,0,0,0,2,False,0,1,False,0,0,False,1,0,29,0.034482758620689655,4.4308296010599815,5.135185083865586,1,0,0,0,0,1,0,2,0,0,1,1,0,0,0,2,0,0,3,3,3,0.0,0,0,0,0,0,0.0,0,0,0,0,0,1,malicious,reauests
redist,2,2,False,True,True,1,1,0,1,0.03333333333333333,0,1,0,0,False,0,0,False,0,0,False,1,0,30,0.03333333333333333,3.7264741182543757,3.7264741182543757,0,0,0,0,0,0,0,0,0,0,0,1,0,0,0,0,0,0,1,1,1,0.0,0,0,0,0,0,0.0,0,0,0,0,0,1,malicious,redist
reduests,2,0,False,False,False,1,3,0,3,0.03125,0,0,0,0,False,0,0,False,0,0,False,1,0,32,0.03125,3.222540103292582,3.7264741182543757,0,0,0,0,0,0,0,0,0,0,0,0,0,0,0,0,0,0,3,3,2,0.0,0,0,0,0,1,0.4,0,0,0,0,20,1,malicious,reduests
reequests-toolbelt,2,1,True,False,False,1,2,0,2,0.03125,0,0,0,0,False,0,0,False,0,0,False,2,1,32,0.0625,3.1881323592977218,3.7264741182543757,0,0,0,0,0,0,0,0,0,0,0,0,0,0,0,0,0,0,2,2,2,0.0,0,0,1,1,0,0.0,0,0,0,0,0,1,malicious,reequests-toolbelt
reequests,2,1,False,True,False,1,2,0,2,0.03333333333333333,0,0,0,0,False,0,0,False,0,0,False,1,0,30,0.03333333333333333,3.709061902209305,4.021928094887363,0,0,0,0,0,0,0,0,0,0,1,0,0,0,0,1,0,0,2,2,1,0.0,0,0,0,0,0,0.0,0,0,0,0,0,1,malicious,reequests
reeuests,2,0,False,False,False,0,3,2,3,0.0,0,0,0,2,False,0,1,False,0,0,False,1,0,29,0.034482758620689655,4.4308296010599815,5.135185083865586,1,0,0,0,0,1,0,2,0,0,1,1,0,0,0,2,0,0,3,3,3,0.0,0,0,0,0,0,0.0,0,0,0,0,0,1,malicious,reeuests
regixtest,2,2,False,True,True,1,1,0,1,0.03333333333333333,0,1,0,0,False,0,0,False,0,0,False,1,0,30,0.03333333333333333,3.7264741182543757,3.7264741182543757,0,0,0,0,0,0,0,0,0,0,0,1,0,0,0,0,0,0,1,1,1,0.0,0,0,0,0,0,0.0,0,0,0,0,0,1,malicious,regixtest
renvidia,3,1,True,False,False,1,4,0,3,0.027777777777777776,0,3,0,0,False,0,0,False,0,0,False,2,0,36,0.05555555555555555,3.6551431436327353,3.9873261452560076,0,0,0,0,0,0,0,0,0,1,0,0,0,0,0,0,0,1,4,3,1,20.0,2,1,1,1,0,0.0,0,0,0,0,20,1,malicious,renvidia
reols,2,2,False,True,True,1,1,0,1,0.03333333333333333,0,1,0,0,False,0,0,False,0,0,False,1,0,30,0.03333333333333333,3.7264741182543757,3.7264741182543757,0,0,0,0,0,0,0,0,0,0,0,1,0,0,0,0,0,0,1,1,1,0.0,0,0,0,0,0,0.0,0,0,0,0,0,1,malicious,reols
replacead,2,2,False,True,True,1,1,0,1,0.03333333333333333,0,1,0,0,False,0,0,False,0,0,False,1,0,30,0.03333333333333333,3.7264741182543757,3.7264741182543757,0,0,0,0,0,0,0,0,0,0,0,1,0,0,0,0,0,0,1,1,1,0.0,0,0,0,0,0,0.0,0,0,0,0,0,1,malicious,replacead
req-tools,2,0,False,False,False,0,3,2,3,0.0,0,0,0,2,False,0,1,False,0,0,False,1,0,29,0.034482758620689655,4.4308296010599815,5.135185083865586,1,0,0,0,0,1,0,2,0,0,1,1,0,0,0,2,0,0,3,3,3,0.0,0,0,0,0,0,0.0,0,0,0,0,0,1,malicious,req-tools
req7ests,2,0,False,False,False,1,4,0,4,0.03225806451612903,0,0,0,0,False,0,0,False,0,0,False,2,1,31,0.06451612903225806,3.7264741182543757,3.7264741182543757,0,0,0,0,0,0,0,0,0,0,0,0,0,0,0,0,0,0,4,4,2,0.0,0,0,1,1,1,0.4,0,0,0,0,20,1,malicious,req7ests
req8ests,2,1,False,True,False,1,2,0,2,0.03333333333333333,0,0,0,0,False,0,0,False,0,0,False,1,0,30,0.03333333333333333,3.709061902209305,4.021928094887363,0,0,0,0,0,0,0,0,0,0,1,0,0,0,0,1,0,0,2,2,1,0.0,0,0,0,0,0,0.0,0,0,0,0,0,1,malicious,req8ests
reqests-toolbelt,2,1,True,False,False,1,2,0,2,0.03125,0,0,0,0,False,0,0,False,0,0,False,2,1,32,0.0625,3.163795423135695,3.7264741182543757,0,0,0,0,0,0,0,0,0,0,0,0,0,0,0,0,0,0,2,2,2,0.0,0,0,1,1,0,0.0,0,0,0,0,0,1,malicious,reqests-toolbelt
reqeusts-toolbelt,2,1,False,True,False,1,2,0,2,0.03333333333333333,0,0,0,0,False,0,0,False,0,0,False,1,0,30,0.03333333333333333,3.5755772104353443,4.021928094887363,0,0,0,0,0,0,0,0,0,0,1,0,0,0,0,1,0,0,2,2,1,0.0,0,0,0,0,0,0.0,0,0,0,0,0,1,malicious,reqeusts-toolbelt
reqhests,2,1,False,True,False,1,2,0,2,0.03333333333333333,0,0,0,0,False,0,0,False,0,0,False,1,0,30,0.03333333333333333,3.709061902209305,4.021928094887363,0,0,0,0,0,0,0,0,0,0,1,0,0,0,0,1,0,0,2,2,1,0.0,0,0,0,0,0,0.0,0,0,0,0,0,1,malicious,reqhests
reqinstaller,2,0,False,False,False,1,3,0,3,0.03125,0,0,0,0,False,0,0,False,0,0,False,1,0,32,0.03125,3.1881457026497255,3.7264741182543757,0,0,0,0,0,0,0,0,0,0,0,0,0,0,0,0,0,0,3,3,2,0.0,0,0,0,0,1,0.4,0,0,0,0,20,1,malicious,reqinstaller
reqkests,2,1,False,True,False,1,2,0,2,0.03333333333333333,0,0,0,0,False,0,0,False,0,0,False,1,0,30,0.03333333333333333,3.709061902209305,4.021928094887363,0,0,0,0,0,0,0,0,0,0,1,0,0,0,0,1,0,0,2,2,1,0.0,0,0,0,0,0,0.0,0,0,0,0,0,1,malicious,reqkests
reqquests-toolbelt,2,0,False,False,False,1,3,0,3,0.03125,0,0,0,0,False,0,0,False,0,0,False,1,0,32,0.03125,3.216195008325474,3.7264741182543757,0,0,0,0,0,0,0,0,0,0,0,0,0,0,0,0,0,0,3,3,2,0.0,0,0,0,0,1,0.4,0,0,0,0,20,1,malicious,reqquests-toolbelt
reqquests,2,0,False,False,False,1,3,0,3,0.03125,0,0,0,0,False,0,0,False,0,0,False,1,0,32,0.03125,3.222540103292582,3.7264741182543757,0,0,0,0,0,0,0,0,0,0,0,0,0,0,0,0,0,0,3,3,2,0.0,0,0,0,0,1,0.4,0,0,0,0,20,1,malicious,reqquests
reqsystem,2,1,False,True,False,1,2,0,2,0.03333333333333333,0,0,0,0,False,0,0,False,0,0,False,1,0,30,0.03333333333333333,3.709061902209305,4.021928094887363,0,0,0,0,0,0,0,0,0,0,1,0,0,0,0,1,0,0,2,2,1,0.0,0,0,0,0,0,0.0,0,0,0,0,0,1,malicious,reqsystem
reqtik,2,1,False,True,False,1,2,0,2,0.03333333333333333,0,0,0,0,False,0,0,False,0,0,False,1,0,30,0.03333333333333333,3.709061902209305,4.021928094887363,0,0,0,0,0,0,0,0,0,0,1,0,0,0,0,1,0,0,2,2,1,0.0,0,0,0,0,0,0.0,0,0,0,0,0,1,malicious,reqtik
reqtrade,2,2,False,True,True,1,1,0,1,0.03333333333333333,0,1,0,0,False,0,0,False,0,0,False,1,0,30,0.03333333333333333,3.7264741182543757,3.7264741182543757,0,0,0,0,0,0,0,0,0,0,0,1,0,0,0,0,0,0,1,1,1,0.0,0,0,0,0,0,0.0,0,0,0,0,0,1,malicious,reqtrade
requ-sts,2,1,True,False,False,1,2,0,2,0.03125,0,0,0,0,False,0,0,False,0,0,False,2,1,32,0.0625,3.2081808767710718,3.7264741182543757,0,0,0,0,0,0,0,0,0,0,0,0,0,0,0,0,0,0,2,2,2,0.0,0,0,1,1,0,0.0,0,0,0,0,0,1,malicious,requ-sts
requeests-toolbelt,2,1,False,True,False,1,2,0,2,0.03333333333333333,0,0,0,0,False,0,0,False,0,0,False,1,0,30,0.03333333333333333,3.5637931283763975,4.021928094887363,0,0,0,0,0,0,0,0,0,0,1,0,0,0,0,1,0,0,2,2,1,0.0,0,0,0,0,0,0.0,0,0,0,0,0,1,malicious,requeests-toolbelt
requeests,3,1,True,False,False,1,4,0,3,0.027777777777777776,0,3,0,0,False,0,0,False,0,0,False,2,0,36,0.05555555555555555,3.6551431436327353,3.9873261452560076,0,0,0,0,0,0,0,0,0,1,0,0,0,0,0,0,0,1,4,3,1,20.0,2,1,1,1,0,0.0,0,0,0,0,20,1,malicious,requeests
reques-new-2022,2,1,False,True,False,1,2,0,2,0.03333333333333333,0,0,0,0,False,0,0,False,0,0,False,1,0,30,0.03333333333333333,3.5666894921536594,4.021928094887363,0,0,0,0,0,0,0,0,0,0,1,0,0,0,0,1,0,0,2,2,1,0.0,0,0,0,0,0,0.0,0,0,0,0,0,1,malicious,reques-new-2022
requesfs,2,0,False,False,False,0,3,2,3,0.0,0,0,0,2,False,0,1,False,0,0,False,1,0,29,0.034482758620689655,4.4308296010599815,5.135185083865586,1,0,0,0,0,1,0,2,0,0,1,1,0,0,0,2,0,0,3,3,3,0.0,0,0,0,0,0,0.0,0,0,0,0,0,1,malicious,requesfs
requesrs,2,1,True,False,False,1,2,0,2,0.03125,0,0,0,0,False,0,0,False,0,0,False,2,1,32,0.0625,3.2081808767710718,3.7264741182543757,0,0,0,0,0,0,0,0,0,0,0,0,0,0,0,0,0,0,2,2,2,0.0,0,0,1,1,0,0.0,0,0,0,0,0,1,malicious,requesrs
requess-toolbelt,2,0,False,False,False,1,3,0,3,0.03125,0,0,0,0,False,0,0,False,0,0,False,1,0,32,0.03125,3.2176099602481325,3.7264741182543757,0,0,0,0,0,0,0,0,0,0,0,0,0,0,0,0,0,0,3,3,2,0.0,0,0,0,0,1,0.4,0,0,0,0,20,1,malicious,requess-toolbelt
requess,2,1,False,True,False,1,2,0,2,0.03333333333333333,0,0,0,0,False,0,0,False,0,0,False,1,0,30,0.03333333333333333,3.709061902209305,4.021928094887363,0,0,0,0,0,0,0,0,0,0,1,0,0,0,0,1,0,0,2,2,1,0.0,0,0,0,0,0,0.0,0,0,0,0,0,1,malicious,requess
requesst-toolbelt,2,0,False,False,False,0,3,2,3,0.0,0,0,0,2,False,0,1,False,0,0,False,1,0,29,0.034482758620689655,4.012260779077807,5.135185083865586,1,0,0,0,0,1,0,2,0,0,1,1,0,0,0,2,0,0,3,3,3,0.0,0,0,0,0,0,0.0,0,0,0,0,0,1,malicious,requesst-toolbelt
requessts-toolbelt,2,1,False,True,False,1,2,0,2,0.03333333333333333,0,0,0,0,False,0,0,False,0,0,False,1,0,30,0.03333333333333333,3.570601808871857,4.021928094887363,0,0,0,0,0,0,0,0,0,0,1,0,0,0,0,1,0,0,2,2,1,0.0,0,0,0,0,0,0.0,0,0,0,0,0,1,malicious,requessts-toolbelt
requessts,2,2,False,True,True,1,1,0,1,0.03333333333333333,0,1,0,0,False,0,0,False,0,0,False,1,0,30,0.03333333333333333,3.7264741182543757,3.7264741182543757,0,0,0,0,0,0,0,0,0,0,0,1,0,0,0,0,0,0,1,1,1,0.0,0,0,0,0,0,0.0,0,0,0,0,0,1,malicious,requessts
request-toolbelt,2,0,False,False,False,1,4,0,4,0.03225806451612903,0,0,0,0,False,0,0,False,0,0,False,2,1,31,0.06451612903225806,3.441056590241971,3.7264741182543757,0,0,0,0,0,0,0,0,0,0,0,0,0,0,0,0,0,0,4,4,2,0.0,0,0,1,1,1,0.4,0,0,0,0,20,1,malicious,request-toolbelt
request-unitest,2,1,True,False,False,1,2,0,2,0.03125,0,0,0,0,False,0,0,False,0,0,False,2,1,32,0.0625,3.157695389741651,3.7264741182543757,0,0,0,0,0,0,0,0,0,0,0,0,0,0,0,0,0,0,2,2,2,0.0,0,0,1,1,0,0.0,0,0,0,0,0,1,malicious,request-unitest
request,2,1,True,False,False,1,2,0,2,0.03125,0,0,0,0,False,0,0,False,0,0,False,2,1,32,0.0625,3.2081808767710718,3.7264741182543757,0,0,0,0,0,0,0,0,0,0,0,0,0,0,0,0,0,0,2,2,2,0.0,0,0,1,1,0,0.0,0,0,0,0,0,1,malicious,request
requesta,2,1,False,True,False,1,2,0,2,0.03333333333333333,0,0,0,0,False,0,0,False,0,0,False,1,0,30,0.03333333333333333,3.709061902209305,4.021928094887363,0,0,0,0,0,0,0,0,0,0,1,0,0,0,0,1,0,0,2,2,1,0.0,0,0,0,0,0,0.0,0,0,0,0,0,1,malicious,requesta
requeste,2,1,False,True,False,1,2,0,2,0.03333333333333333,0,0,0,0,False,0,0,False,0,0,False,1,0,30,0.03333333333333333,3.709061902209305,4.021928094887363,0,0,0,0,0,0,0,0,0,0,1,0,0,0,0,1,0,0,2,2,1,0.0,0,0,0,0,0,0.0,0,0,0,0,0,1,malicious,requeste
requests-beta,2,0,False,False,False,0,3,2,3,0.0,0,0,0,2,False,0,1,False,0,0,False,1,0,29,0.034482758620689655,3.9628820118264163,5.135185083865586,1,0,0,0,0,1,0,2,0,0,1,1,0,0,0,2,0,0,3,3,3,0.0,0,0,0,0,0,0.0,0,0,0,0,0,1,malicious,requests-beta
requests-httpx,2,1,False,True,False,1,2,0,2,0.03333333333333333,0,0,0,0,False,0,0,False,0,0,False,1,0,30,0.03333333333333333,3.5772978803470323,4.021928094887363,0,0,0,0,0,0,0,0,0,0,1,0,0,0,0,1,0,0,2,2,1,0.0,0,0,0,0,0,0.0,0,0,0,0,0,1,malicious,requests-httpx
requests-new-module,2,2,False,True,True,1,1,0,1,0.03333333333333333,0,1,0,0,False,0,0,False,0,0,False,1,0,30,0.03333333333333333,3.6187797632174012,3.7264741182543757,0,0,0,0,0,0,0,0,0,0,0,1,0,0,0,0,0,0,1,1,1,0.0,0,0,0,0,0,0.0,0,0,0,0,0,1,malicious,requests-new-module
requests-oolbelt,2,2,False,True,True,1,1,0,1,0.03333333333333333,0,1,0,0,False,0,0,False,0,0,False,1,0,30,0.03333333333333333,3.4646468246845794,3.7264741182543757,0,0,0,0,0,0,0,0,0,0,0,1,0,0,0,0,0,0,1,1,1,0.0,0,0,0,0,0,0.0,0,0,0,0,0,1,malicious,requests-oolbelt
requests-tolbelt,2,0,False,False,False,0,3,2,3,0.0,0,0,0,2,False,0,1,False,0,0,False,1,0,29,0.034482758620689655,4.005766088116509,5.135185083865586,1,0,0,0,0,1,0,2,0,0,1,1,0,0,0,2,0,0,3,3,3,0.0,0,0,0,0,0,0.0,0,0,0,0,0,1,malicious,requests-tolbelt
requests-tolobelt,2,0,False,False,False,0,3,2,3,0.0,0,0,0,2,False,0,1,False,0,0,False,1,0,29,0.034482758620689655,4.012260779077807,5.135185083865586,1,0,0,0,0,1,0,2,0,0,1,1,0,0,0,2,0,0,3,3,3,0.0,0,0,0,0,0,0.0,0,0,0,0,0,1,malicious,requests-tolobelt
requests-toobelt,2,0,False,False,False,0,3,2,3,0.0,0,0,0,2,False,0,1,False,0,0,False,1,0,29,0.034482758620689655,4.005766088116509,5.135185083865586,1,0,0,0,0,1,0,2,0,0,1,1,0,0,0,2,0,0,3,3,3,0.0,0,0,0,0,0,0.0,0,0,0,0,0,1,malicious,requests-toobelt
requests-tooblelt,2,0,False,False,False,0,3,2,3,0.0,0,0,0,2,False,0,1,False,0,0,False,1,0,29,0.034482758620689655,4.012260779077807,5.135185083865586,1,0,0,0,0,1,0,2,0,0,1,1,0,0,0,2,0,0,3,3,3,0.0,0,0,0,0,0,0.0,0,0,0,0,0,1,malicious,requests-tooblelt
requests-toolbbelt,2,0,False,False,False,1,3,0,3,0.03125,0,0,0,0,False,0,0,False,0,0,False,1,0,32,0.03125,3.216195008325474,3.7264741182543757,0,0,0,0,0,0,0,0,0,0,0,0,0,0,0,0,0,0,3,3,2,0.0,0,0,0,0,1,0.4,0,0,0,0,20,1,malicious,requests-toolbbelt
requests-toolbeelt,2,1,False,True,False,1,2,0,2,0.03333333333333333,0,0,0,0,False,0,0,False,0,0,False,1,0,30,0.03333333333333333,3.5637931283763975,4.021928094887363,0,0,0,0,0,0,0,0,0,0,1,0,0,0,0,1,0,0,2,2,1,0.0,0,0,0,0,0,0.0,0,0,0,0,0,1,malicious,requests-toolbeelt
requests-toolbel,2,2,False,True,True,1,1,0,1,0.03333333333333333,0,1,0,0,False,0,0,False,0,0,False,1,0,30,0.03333333333333333,3.4646468246845794,3.7264741182543757,0,0,0,0,0,0,0,0,0,0,0,1,0,0,0,0,0,0,1,1,1,0.0,0,0,0,0,0,0.0,0,0,0,0,0,1,malicious,requests-toolbel
requests-toolbeltt,2,2,False,True,True,1,1,0,1,0.03333333333333333,0,1,0,0,False,0,0,False,0,0,False,1,0,30,0.03333333333333333,3.4272304625660253,3.7264741182543757,0,0,0,0,0,0,0,0,0,0,0,1,0,0,0,0,0,0,1,1,1,0.0,0,0,0,0,0,0.0,0,0,0,0,0,1,malicious,requests-toolbeltt
requests-toolbet,2,1,False,True,False,1,2,0,2,0.03333333333333333,0,0,0,0,False,0,0,False,0,0,False,1,0,30,0.03333333333333333,3.5707061922143706,4.021928094887363,0,0,0,0,0,0,0,0,0,0,1,0,0,0,0,1,0,0,2,2,1,0.0,0,0,0,0,0,0.0,0,0,0,0,0,1,malicious,requests-toolbet
requests-toolblet,2,1,False,True,False,1,2,0,2,0.03333333333333333,0,0,0,0,False,0,0,False,0,0,False,1,0,30,0.03333333333333333,3.5755772104353443,4.021928094887363,0,0,0,0,0,0,0,0,0,0,1,0,0,0,0,1,0,0,2,2,1,0.0,0,0,0,0,0,0.0,0,0,0,0,0,1,malicious,requests-toolblet
requests-toolblt,3,1,True,False,False,1,4,0,3,0.027777777777777776,0,3,0,0,False,0,0,False,0,0,False,2,0,36,0.05555555555555555,3.542062240503247,3.9873261452560076,0,0,0,0,0,0,0,0,0,1,0,0,0,0,0,0,0,1,4,3,1,20.0,2,1,1,1,0,0.0,0,0,0,0,20,1,malicious,requests-toolblt
requests-tooleblt,2,1,True,False,False,1,2,0,2,0.03125,0,0,0,0,False,0,0,False,0,0,False,2,1,32,0.0625,3.1999164413566685,3.7264741182543757,0,0,0,0,0,0,0,0,0,0,0,0,0,0,0,0,0,0,2,2,2,0.0,0,0,1,1,0,0.0,0,0,0,0,0,1,malicious,requests-tooleblt
requests-toolelt,3,1,True,False,False,1,4,0,3,0.027777777777777776,0,3,0,0,False,0,0,False,0,0,False,2,0,36,0.05555555555555555,3.499017123281943,3.9873261452560076,0,0,0,0,0,0,0,0,0,1,0,0,0,0,0,0,0,1,4,3,1,20.0,2,1,1,1,0,0.0,0,0,0,0,20,1,malicious,requests-toolelt
requests-toollbelt,2,1,True,False,False,1,2,0,2,0.03125,0,0,0,0,False,0,0,False,0,0,False,2,1,32,0.0625,3.1949410397931812,3.7264741182543757,0,0,0,0,0,0,0,0,0,0,0,0,0,0,0,0,0,0,2,2,2,0.0,0,0,1,1,0,0.0,0,0,0,0,0,1,malicious,requests-toollbelt
requests-tooolbelt,2,1,False,True,False,1,2,0,2,0.03333333333333333,0,0,0,0,False,0,0,False,0,0,False,1,0,30,0.03333333333333333,3.570601808871857,4.021928094887363,0,0,0,0,0,0,0,0,0,0,1,0,0,0,0,1,0,0,2,2,1,0.0,0,0,0,0,0,0.0,0,0,0,0,0,1,malicious,requests-tooolbelt
requests-ttoolbelt,2,2,False,True,True,1,1,0,1,0.03333333333333333,0,1,0,0,False,0,0,False,0,0,False,1,0,30,0.03333333333333333,3.4272304625660253,3.7264741182543757,0,0,0,0,0,0,0,0,0,0,0,1,0,0,0,0,0,0,1,1,1,0.0,0,0,0,0,0,0.0,0,0,0,0,0,1,malicious,requests-ttoolbelt
requestss-toolbelt,2,1,True,False,False,1,2,0,2,0.03125,0,0,0,0,False,0,0,False,0,0,False,2,1,32,0.0625,3.1949410397931812,3.7264741182543757,0,0,0,0,0,0,0,0,0,0,0,0,0,0,0,0,0,0,2,2,2,0.0,0,0,1,1,0,0.0,0,0,0,0,0,1,malicious,requestss-toolbelt
requestts-toolbelt,2,1,False,True,False,1,2,0,2,0.03333333333333333,0,0,0,0,False,0,0,False,0,0,False,1,0,30,0.03333333333333333,3.5637931283763975,4.021928094887363,0,0,0,0,0,0,0,0,0,0,1,0,0,0,0,1,0,0,2,2,1,0.0,0,0,0,0,0,0.0,0,0,0,0,0,1,malicious,requestts-toolbelt
requestts,2,0,False,False,False,1,3,0,3,0.03125,0,0,0,0,False,0,0,False,0,0,False,1,0,32,0.03125,3.222540103292582,3.7264741182543757,0,0,0,0,0,0,0,0,0,0,0,0,0,0,0,0,0,0,3,3,2,0.0,0,0,0,0,1,0.4,0,0,0,0,20,1,malicious,requestts
requestw,2,1,True,False,False,1,2,0,2,0.03125,0,0,0,0,False,0,0,False,0,0,False,2,1,32,0.0625,3.2081808767710718,3.7264741182543757,0,0,0,0,0,0,0,0,0,0,0,0,0,0,0,0,0,0,2,2,2,0.0,0,0,1,1,0,0.0,0,0,0,0,0,1,malicious,requestw
requesys,2,2,False,True,True,1,1,0,1,0.03333333333333333,0,1,0,0,False,0,0,False,0,0,False,1,0,30,0.03333333333333333,3.7264741182543757,3.7264741182543757,0,0,0,0,0,0,0,0,0,0,0,1,0,0,0,0,0,0,1,1,1,0.0,0,0,0,0,0,0.0,0,0,0,0,0,1,malicious,requesys
requet,2,0,False,False,False,0,3,2,3,0.0,0,0,0,2,False,0,1,False,0,0,False,1,0,29,0.034482758620689655,4.4308296010599815,5.135185083865586,1,0,0,0,0,1,0,2,0,0,1,1,0,0,0,2,0,0,3,3,3,0.0,0,0,0,0,0,0.0,0,0,0,0,0,1,malicious,requet
requetss-toolbelt,2,0,False,False,False,1,4,0,4,0.03225806451612903,0,0,0,0,False,0,0,False,0,0,False,2,1,31,0.06451612903225806,3.4507986266839183,3.7264741182543757,0,0,0,0,0,0,0,0,0,0,0,0,0,0,0,0,0,0,4,4,2,0.0,0,0,1,1,1,0.4,0,0,0,0,20,1,malicious,requetss-toolbelt
requfsts,2,2,False,True,True,1,1,0,1,0.03333333333333333,0,1,0,0,False,0,0,False,0,0,False,1,0,30,0.03333333333333333,3.7264741182543757,3.7264741182543757,0,0,0,0,0,0,0,0,0,0,0,1,0,0,0,0,0,0,1,1,1,0.0,0,0,0,0,0,0.0,0,0,0,0,0,1,malicious,requfsts
requiest,2,1,False,True,False,1,2,0,2,0.03333333333333333,0,0,0,0,False,0,0,False,0,0,False,1,0,30,0.03333333333333333,3.709061902209305,4.021928094887363,0,0,0,0,0,0,0,0,0,0,1,0,0,0,0,1,0,0,2,2,1,0.0,0,0,0,0,0,0.0,0,0,0,0,0,1,malicious,requiest
requires-python,3,1,True,False,False,1,4,0,3,0.027777777777777776,0,3,0,0,False,0,0,False,0,0,False,2,0,36,0.05555555555555555,3.651413339960014,3.9873261452560076,0,0,0,0,0,0,0,0,0,1,0,0,0,0,0,0,0,1,4,3,1,20.0,2,1,1,1,0,0.0,0,0,0,0,20,1,malicious,requires-python
requists,2,1,False,True,False,1,2,0,2,0.03333333333333333,0,0,0,0,False,0,0,False,0,0,False,1,0,30,0.03333333333333333,3.709061902209305,4.021928094887363,0,0,0,0,0,0,0,0,0,0,1,0,0,0,0,1,0,0,2,2,1,0.0,0,0,0,0,0,0.0,0,0,0,0,0,1,malicious,requists
requrest,2,0,False,False,False,1,3,0,3,0.03125,0,0,0,0,False,0,0,False,0,0,False,1,0,32,0.03125,3.222540103292582,3.7264741182543757,0,0,0,0,0,0,0,0,0,0,0,0,0,0,0,0,0,0,3,3,2,0.0,0,0,0,0,1,0.4,0,0,0,0,20,1,malicious,requrest
requset,2,0,False,False,False,1,3,0,3,0.03125,0,0,0,0,False,0,0,False,0,0,False,1,0,32,0.03125,3.222540103292582,3.7264741182543757,0,0,0,0,0,0,0,0,0,0,0,0,0,0,0,0,0,0,3,3,2,0.0,0,0,0,0,1,0.4,0,0,0,0,20,1,malicious,requset
requsets-toolbelt,2,0,False,False,False,1,3,0,3,0.03125,0,0,0,0,False,0,0,False,0,0,False,1,0,32,0.03125,3.2106858612478018,3.7264741182543757,0,0,0,0,0,0,0,0,0,0,0,0,0,0,0,0,0,0,3,3,2,0.0,0,0,0,0,1,0.4,0,0,0,0,20,1,malicious,requsets-toolbelt
requsets,2,0,False,False,False,1,3,0,3,0.03125,0,0,0,0,False,0,0,False,0,0,False,1,0,32,0.03125,3.222540103292582,3.7264741182543757,0,0,0,0,0,0,0,0,0,0,0,0,0,0,0,0,0,0,3,3,2,0.0,0,0,0,0,1,0.4,0,0,0,0,20,1,malicious,requsets
requst,3,1,True,False,False,1,4,0,3,0.027777777777777776,0,3,0,0,False,0,0,False,0,0,False,2,0,36,0.05555555555555555,3.6551431436327353,3.9873261452560076,0,0,0,0,0,0,0,0,0,1,0,0,0,0,0,0,0,1,4,3,1,20.0,2,1,1,1,0,0.0,0,0,0,0,20,1,malicious,requst
requstes,2,0,False,False,False,0,3,2,3,0.0,0,0,0,2,False,0,1,False,0,0,False,1,0,29,0.034482758620689655,4.4308296010599815,5.135185083865586,1,0,0,0,0,1,0,2,0,0,1,1,0,0,0,2,0,0,3,3,3,0.0,0,0,0,0,0,0.0,0,0,0,0,0,1,malicious,requstes
requsts-toolbelt,2,2,False,True,True,1,1,0,1,0.03333333333333333,0,1,0,0,False,0,0,False,0,0,False,1,0,30,0.03333333333333333,3.4646468246845794,3.7264741182543757,0,0,0,0,0,0,0,0,0,0,0,1,0,0,0,0,0,0,1,1,1,0.0,0,0,0,0,0,0.0,0,0,0,0,0,1,malicious,requsts-toolbelt
requstsss,2,1,False,True,False,1,2,0,2,0.03333333333333333,0,0,0,0,False,0,0,False,0,0,False,1,0,30,0.03333333333333333,3.709061902209305,4.021928094887363,0,0,0,0,0,0,0,0,0,0,1,0,0,0,0,1,0,0,2,2,1,0.0,0,0,0,0,0,0.0,0,0,0,0,0,1,malicious,requstsss
requstsssq,2,0,False,False,False,0,3,2,3,0.0,0,0,0,2,False,0,1,False,0,0,False,1,0,29,0.034482758620689655,3.7278624323357747,5.135185083865586,1,0,0,0,0,1,0,2,0,0,1,1,0,0,0,2,0,0,3,3,3,0.0,0,0,0,0,0,0.0,0,0,0,0,0,1,malicious,requstsssq
requuests-toolbelt,2,1,False,True,False,1,2,0,2,0.03333333333333333,0,0,0,0,False,0,0,False,0,0,False,1,0,30,0.03333333333333333,3.581086357513016,4.021928094887363,0,0,0,0,0,0,0,0,0,0,1,0,0,0,0,1,0,0,2,2,1,0.0,0,0,0,0,0,0.0,0,0,0,0,0,1,malicious,requuests-toolbelt
requuests,2,0,False,False,False,1,3,0,3,0.03125,0,0,0,0,False,0,0,False,0,0,False,1,0,32,0.03125,3.222540103292582,3.7264741182543757,0,0,0,0,0,0,0,0,0,0,0,0,0,0,0,0,0,0,3,3,2,0.0,0,0,0,0,1,0.4,0,0,0,0,20,1,malicious,requuests
resplit,2,0,False,False,False,1,4,0,4,0.03225806451612903,0,0,0,0,False,0,0,False,0,0,False,2,1,31,0.06451612903225806,3.7264741182543757,3.7264741182543757,0,0,0,0,0,0,0,0,0,0,0,0,0,0,0,0,0,0,4,4,2,0.0,0,0,1,1,1,0.4,0,0,0,0,20,1,malicious,resplit
resuests,2,0,False,False,False,1,3,0,3,0.03125,0,0,0,0,False,0,0,False,0,0,False,1,0,32,0.03125,3.222540103292582,3.7264741182543757,0,0,0,0,0,0,0,0,0,0,0,0,0,0,0,0,0,0,3,3,2,0.0,0,0,0,0,1,0.4,0,0,0,0,20,1,malicious,resuests
reuests-toolbelt,2,1,True,False,False,1,2,0,2,0.03125,0,0,0,0,False,0,0,False,0,0,False,2,1,32,0.0625,3.163795423135695,3.7264741182543757,0,0,0,0,0,0,0,0,0,0,0,0,0,0,0,0,0,0,2,2,2,0.0,0,0,1,1,0,0.0,0,0,0,0,0,1,malicious,reuests-toolbelt
reuests,2,0,False,False,False,0,3,2,3,0.0,0,0,0,2,False,0,1,False,0,0,False,1,0,29,0.034482758620689655,4.4308296010599815,5.135185083865586,1,0,0,0,0,1,0,2,0,0,1,1,0,0,0,2,0,0,3,3,3,0.0,0,0,0,0,0,0.0,0,0,0,0,0,1,malicious,reuests
reuqests-toolbelt,2,1,False,True,False,1,2,0,2,0.03333333333333333,0,0,0,0,False,0,0,False,0,0,False,1,0,30,0.03333333333333333,3.5755772104353443,4.021928094887363,0,0,0,0,0,0,0,0,0,0,1,0,0,0,0,1,0,0,2,2,1,0.0,0,0,0,0,0,0.0,0,0,0,0,0,1,malicious,reuqests-toolbelt
reverse-shell,2,1,False,True,False,1,2,0,2,0.03333333333333333,0,0,0,0,False,0,0,False,0,0,False,1,0,30,0.03333333333333333,3.4376755869614826,4.021928094887363,0,0,0,0,0,0,0,0,0,0,1,0,0,0,0,1,0,0,2,2,1,0.0,0,0,0,0,0,0.0,0,0,0,0,0,1,malicious,reverse-shell
reversepkg,2,2,False,True,True,1,1,0,1,0.03333333333333333,0,1,0,0,False,0,0,False,0,0,False,1,0,30,0.03333333333333333,3.1864567314626955,3.7264741182543757,0,0,0,0,0,0,0,0,0,0,0,1,0,0,0,0,0,0,1,1,1,0.0,0,0,0,0,0,0.0,0,0,0,0,0,1,malicious,reversepkg
rewuests,2,2,False,True,True,1,1,0,1,0.03333333333333333,0,1,0,0,False,0,0,False,0,0,False,1,0,30,0.03333333333333333,3.7264741182543757,3.7264741182543757,0,0,0,0,0,0,0,0,0,0,0,1,0,0,0,0,0,0,1,1,1,0.0,0,0,0,0,0,0.0,0,0,0,0,0,1,malicious,rewuests
rfeqtrade,2,0,False,False,False,1,4,0,4,0.03225806451612903,0,0,0,0,False,0,0,False,0,0,False,2,1,31,0.06451612903225806,3.7264741182543757,3.7264741182543757,0,0,0,0,0,0,0,0,0,0,0,0,0,0,0,0,0,0,4,4,2,0.0,0,0,1,1,1,0.4,0,0,0,0,20,1,malicious,rfeqtrade
rfquests,3,1,True,False,False,1,4,0,3,0.027777777777777776,0,3,0,0,False,0,0,False,0,0,False,2,0,36,0.05555555555555555,3.6551431436327353,3.9873261452560076,0,0,0,0,0,0,0,0,0,1,0,0,0,0,0,0,0,1,4,3,1,20.0,2,1,1,1,0,0.0,0,0,0,0,20,1,malicious,rfquests
rgparse,2,0,False,False,False,0,3,2,3,0.0,0,0,0,2,False,0,1,False,0,0,False,1,0,29,0.034482758620689655,4.4308296010599815,5.135185083865586,1,0,0,0,0,1,0,2,0,0,1,1,0,0,0,2,0,0,3,3,3,0.0,0,0,0,0,0,0.0,0,0,0,0,0,1,malicious,rgparse
ripe-atlas-dyndns,2,0,False,False,False,1,3,0,3,0.03125,0,0,0,0,False,0,0,False,0,0,False,1,0,32,0.03125,3.29171196425261,3.7264741182543757,0,0,0,0,0,0,0,0,0,0,0,0,0,0,0,0,0,0,3,3,2,0.0,0,0,0,0,1,0.4,0,0,0,0,20,1,malicious,ripe-atlas-dyndns
roblcx-cookie3,2,0,False,False,False,1,4,0,4,0.03225806451612903,0,0,0,0,False,0,0,False,0,0,False,2,1,31,0.06451612903225806,3.5256685379358665,3.7264741182543757,0,0,0,0,0,0,0,0,0,0,0,0,0,0,0,0,0,0,4,4,2,0.0,0,0,1,1,1,0.4,0,0,0,0,20,1,malicious,roblcx-cookie3
roblox-com,2,1,False,True,False,1,2,0,2,0.03333333333333333,0,0,0,0,False,0,0,False,0,0,False,1,0,30,0.03333333333333333,3.4934062628247324,4.021928094887363,0,0,0,0,0,0,0,0,0,0,1,0,0,0,0,1,0,0,2,2,1,0.0,0,0,0,0,0,0.0,0,0,0,0,0,1,malicious,roblox-com
roblox-mod,2,0,False,False,False,1,4,0,4,0.03225806451612903,0,0,0,0,False,0,0,False,0,0,False,2,1,31,0.06451612903225806,3.2864567314626956,3.7264741182543757,0,0,0,0,0,0,0,0,0,0,0,0,0,0,0,0,0,0,4,4,2,0.0,0,0,1,1,1,0.4,0,0,0,0,20,1,malicious,roblox-mod
roblox-py1000,2,2,False,True,True,1,1,0,1,0.03333333333333333,0,1,0,0,False,0,0,False,0,0,False,1,0,30,0.03333333333333333,3.453653552729908,3.7264741182543757,0,0,0,0,0,0,0,0,0,0,0,1,0,0,0,0,0,0,1,1,1,0.0,0,0,0,0,0,0.0,0,0,0,0,0,1,malicious,roblox-py1000
robloxapiaccess,3,1,True,False,False,1,4,0,3,0.027777777777777776,0,3,0,0,False,0,0,False,0,0,False,2,0,36,0.05555555555555555,3.5847466732933477,3.9873261452560076,0,0,0,0,0,0,0,0,0,1,0,0,0,0,0,0,0,1,4,3,1,20.0,2,1,1,1,0,0.0,0,0,0,0,20,1,malicious,robloxapiaccess
robloxlogger,2,1,False,True,False,1,2,0,2,0.03333333333333333,0,0,0,0,False,0,0,False,0,0,False,1,0,30,0.03333333333333333,3.4539768955421954,4.021928094887363,0,0,0,0,0,0,0,0,0,0,1,0,0,0,0,1,0,0,2,2,1,0.0,0,0,0,0,0,0.0,0,0,0,0,0,1,malicious,robloxlogger
robloxmod,2,0,False,False,False,1,4,0,4,0.03225806451612903,0,0,0,0,False,0,0,False,0,0,False,2,1,31,0.06451612903225806,3.7264741182543757,3.7264741182543757,0,0,0,0,0,0,0,0,0,0,0,0,0,0,0,0,0,0,4,4,2,0.0,0,0,1,1,1,0.4,0,0,0,0,20,1,malicious,robloxmod
robloxpinreader,2,1,True,False,False,1,2,0,2,0.03125,0,0,0,0,False,0,0,False,0,0,False,2,1,32,0.0625,3.2369435147777086,3.7264741182543757,0,0,0,0,0,0,0,0,0,0,0,0,0,0,0,0,0,0,2,2,2,0.0,0,0,1,1,0,0.0,0,0,0,0,0,1,malicious,robloxpinreader
robloxpinreaderr,2,1,False,True,False,1,2,0,2,0.03333333333333333,0,0,0,0,False,0,0,False,0,0,False,1,0,30,0.03333333333333333,3.5942964266569786,4.021928094887363,0,0,0,0,0,0,0,0,0,0,1,0,0,0,0,1,0,0,2,2,1,0.0,0,0,0,0,0,0.0,0,0,0,0,0,1,malicious,robloxpinreaderr
robonotif,2,0,False,False,False,1,4,0,4,0.03225806451612903,0,0,0,0,False,0,0,False,0,0,False,2,1,31,0.06451612903225806,3.7264741182543757,3.7264741182543757,0,0,0,0,0,0,0,0,0,0,0,0,0,0,0,0,0,0,4,4,2,0.0,0,0,1,1,1,0.4,0,0,0,0,20,1,malicious,robonotif
rompt-toolkit,2,2,False,True,True,1,1,0,1,0.03333333333333333,0,1,0,0,False,0,0,False,0,0,False,1,0,30,0.03333333333333333,3.3476963411082368,3.7264741182543757,0,0,0,0,0,0,0,0,0,0,0,1,0,0,0,0,0,0,1,1,1,0.0,0,0,0,0,0,0.0,0,0,0,0,0,1,malicious,rompt-toolkit
rpogressbar2,2,0,False,False,False,1,4,0,4,0.03225806451612903,0,0,0,0,False,0,0,False,0,0,False,2,1,31,0.06451612903225806,3.374264663564288,3.7264741182543757,0,0,0,0,0,0,0,0,0,0,0,0,0,0,0,0,0,0,4,4,2,0.0,0,0,1,1,1,0.4,0,0,0,0,20,1,malicious,rpogressbar2
rpompt-toolkit,2,0,False,False,False,0,3,2,3,0.0,0,0,0,2,False,0,1,False,0,0,False,1,0,29,0.034482758620689655,3.948962446051405,5.135185083865586,1,0,0,0,0,1,0,2,0,0,1,1,0,0,0,2,0,0,3,3,3,0.0,0,0,0,0,0,0.0,0,0,0,0,0,1,malicious,rpompt-toolkit
rq-websites,2,1,True,False,False,1,2,0,2,0.03125,0,0,0,0,False,0,0,False,0,0,False,2,1,32,0.0625,3.180084471328537,3.7264741182543757,0,0,0,0,0,0,0,0,0,0,0,0,0,0,0,0,0,0,2,2,2,0.0,0,0,1,1,0,0.0,0,0,0,0,0,1,malicious,rq-websites
rqeuests-toolbelt,2,0,False,False,False,0,3,2,3,0.0,0,0,0,2,False,0,1,False,0,0,False,1,0,29,0.034482758620689655,4.012260779077807,5.135185083865586,1,0,0,0,0,1,0,2,0,0,1,1,0,0,0,2,0,0,3,3,3,0.0,0,0,0,0,0,0.0,0,0,0,0,0,1,malicious,rqeuests-toolbelt
rqeuests,2,2,False,True,True,1,1,0,1,0.03333333333333333,0,1,0,0,False,0,0,False,0,0,False,1,0,30,0.03333333333333333,3.7264741182543757,3.7264741182543757,0,0,0,0,0,0,0,0,0,0,0,1,0,0,0,0,0,0,1,1,1,0.0,0,0,0,0,0,0.0,0,0,0,0,0,1,malicious,rqeuests
rqrqrq,2,1,True,False,False,1,2,0,2,0.03125,0,0,0,0,False,0,0,False,0,0,False,2,1,32,0.0625,3.2081808767710718,3.7264741182543757,0,0,0,0,0,0,0,0,0,0,0,0,0,0,0,0,0,0,2,2,2,0.0,0,0,1,1,0,0.0,0,0,0,0,0,1,malicious,rqrqrq
rquest,2,0,False,False,False,1,4,0,4,0.03225806451612903,0,0,0,0,False,0,0,False,0,0,False,2,1,31,0.06451612903225806,3.7264741182543757,3.7264741182543757,0,0,0,0,0,0,0,0,0,0,0,0,0,0,0,0,0,0,4,4,2,0.0,0,0,1,1,1,0.4,0,0,0,0,20,1,malicious,rquest
rrequests-toolbelt,2,0,False,False,False,1,4,0,4,0.03225806451612903,0,0,0,0,False,0,0,False,0,0,False,2,1,31,0.06451612903225806,3.4618169208392624,3.7264741182543757,0,0,0,0,0,0,0,0,0,0,0,0,0,0,0,0,0,0,4,4,2,0.0,0,0,1,1,1,0.4,0,0,0,0,20,1,malicious,rrequests-toolbelt
rrequests,2,1,False,True,False,1,2,0,2,0.03333333333333333,0,0,0,0,False,0,0,False,0,0,False,1,0,30,0.03333333333333333,3.709061902209305,4.021928094887363,0,0,0,0,0,0,0,0,0,0,1,0,0,0,0,1,0,0,2,2,1,0.0,0,0,0,0,0,0.0,0,0,0,0,0,1,malicious,rrequests
rrquests,2,0,False,False,False,0,3,2,3,0.0,0,0,0,2,False,0,1,False,0,0,False,1,0,29,0.034482758620689655,4.4308296010599815,5.135185083865586,1,0,0,0,0,1,0,2,0,0,1,1,0,0,0,2,0,0,3,3,3,0.0,0,0,0,0,0,0.0,0,0,0,0,0,1,malicious,rrquests
rsacracker,3,1,True,False,False,1,4,0,3,0.027777777777777776,0,3,0,0,False,0,0,False,0,0,False,2,0,36,0.05555555555555555,3.3529671938923054,3.9873261452560076,0,0,0,0,0,0,0,0,0,1,0,0,0,0,0,0,0,1,4,3,1,20.0,2,1,1,1,0,0.0,0,0,0,0,20,1,malicious,rsacracker
ruamel-poc,3,1,True,False,False,1,4,0,3,0.027777777777777776,0,3,0,0,False,0,0,False,0,0,False,2,0,36,0.05555555555555555,3.571839381446392,3.9873261452560076,0,0,0,0,0,0,0,0,0,1,0,0,0,0,0,0,0,1,4,3,1,20.0,2,1,1,1,0,0.0,0,0,0,0,20,1,malicious,ruamel-poc
rullib3,2,0,False,False,False,1,3,0,3,0.03125,0,0,0,0,False,0,0,False,0,0,False,1,0,32,0.03125,3.222540103292582,3.7264741182543757,0,0,0,0,0,0,0,0,0,0,0,0,0,0,0,0,0,0,3,3,2,0.0,0,0,0,0,1,0.4,0,0,0,0,20,1,malicious,rullib3
rumihell,2,0,False,False,False,0,3,2,3,0.0,0,0,0,2,False,0,1,False,0,0,False,1,0,29,0.034482758620689655,4.4308296010599815,5.135185083865586,1,0,0,0,0,1,0,2,0,0,1,1,0,0,0,2,0,0,3,3,3,0.0,0,0,0,0,0,0.0,0,0,0,0,0,1,malicious,rumihell
rumihelling,2,1,False,True,False,1,2,0,2,0.03333333333333333,0,0,0,0,False,0,0,False,0,0,False,1,0,30,0.03333333333333333,3.5557452404072123,4.021928094887363,0,0,0,0,0,0,0,0,0,0,1,0,0,0,0,1,0,0,2,2,1,0.0,0,0,0,0,0,0.0,0,0,0,0,0,1,malicious,rumihelling
rwquests,2,2,False,True,True,1,1,0,1,0.03333333333333333,0,1,0,0,False,0,0,False,0,0,False,1,0,30,0.03333333333333333,3.7264741182543757,3.7264741182543757,0,0,0,0,0,0,0,0,0,0,0,1,0,0,0,0,0,0,1,1,1,0.0,0,0,0,0,0,0.0,0,0,0,0,0,1,malicious,rwquests
s3tranfer,2,2,False,True,True,1,1,0,1,0.03333333333333333,0,1,0,0,False,0,0,False,0,0,False,1,0,30,0.03333333333333333,3.7264741182543757,3.7264741182543757,0,0,0,0,0,0,0,0,0,0,0,1,0,0,0,0,0,0,1,1,1,0.0,0,0,0,0,0,0.0,0,0,0,0,0,1,malicious,s3tranfer
s3transfere,2,0,False,False,False,1,4,0,4,0.03225806451612903,0,0,0,0,False,0,0,False,0,0,False,2,1,31,0.06451612903225806,3.320225595718564,3.7264741182543757,0,0,0,0,0,0,0,0,0,0,0,0,0,0,0,0,0,0,4,4,2,0.0,0,0,1,1,1,0.4,0,0,0,0,20,1,malicious,s3transfere
s3transferr,2,0,False,False,False,0,3,2,3,0.0,0,0,0,2,False,0,1,False,0,0,False,1,0,29,0.034482758620689655,3.902336712914133,5.135185083865586,1,0,0,0,0,1,0,2,0,0,1,1,0,0,0,2,0,0,3,3,3,0.0,0,0,0,0,0,0.0,0,0,0,0,0,1,malicious,s3transferr
s3trnasfer,2,1,False,True,False,1,2,0,2,0.03333333333333333,0,0,0,0,False,0,0,False,0,0,False,1,0,30,0.03333333333333333,3.5122784503788194,4.021928094887363,0,0,0,0,0,0,0,0,0,0,1,0,0,0,0,1,0,0,2,2,1,0.0,0,0,0,0,0,0.0,0,0,0,0,0,1,malicious,s3trnasfer
s3trnasfers,3,1,True,False,False,1,4,0,3,0.027777777777777776,0,3,0,0,False,0,0,False,0,0,False,2,0,36,0.05555555555555555,3.4526950918801607,3.9873261452560076,0,0,0,0,0,0,0,0,0,1,0,0,0,0,0,0,0,1,4,3,1,20.0,2,1,1,1,0,0.0,0,0,0,0,20,1,malicious,s3trnasfers
safepackage,2,2,False,True,True,1,1,0,1,0.03333333333333333,0,1,0,0,False,0,0,False,0,0,False,1,0,30,0.03333333333333333,3.2859125274384064,3.7264741182543757,0,0,0,0,0,0,0,0,0,0,0,1,0,0,0,0,0,0,1,1,1,0.0,0,0,0,0,0,0.0,0,0,0,0,0,1,malicious,safepackage
sagepay,2,0,False,False,False,1,3,0,3,0.03125,0,0,0,0,False,0,0,False,0,0,False,1,0,32,0.03125,3.222540103292582,3.7264741182543757,0,0,0,0,0,0,0,0,0,0,0,0,0,0,0,0,0,0,3,3,2,0.0,0,0,0,0,1,0.4,0,0,0,0,20,1,malicious,sagepay
sagetesteight,2,0,False,False,False,0,3,2,3,0.0,0,0,0,2,False,0,1,False,0,0,False,1,0,29,0.034482758620689655,3.8409618194632507,5.135185083865586,1,0,0,0,0,1,0,2,0,0,1,1,0,0,0,2,0,0,3,3,3,0.0,0,0,0,0,0,0.0,0,0,0,0,0,1,malicious,sagetesteight
sagetestfive,2,0,False,False,False,1,4,0,4,0.03225806451612903,0,0,0,0,False,0,0,False,0,0,False,2,1,31,0.06451612903225806,3.2909313302309546,3.7264741182543757,0,0,0,0,0,0,0,0,0,0,0,0,0,0,0,0,0,0,4,4,2,0.0,0,0,1,1,1,0.4,0,0,0,0,20,1,malicious,sagetestfive
sagetestfour,2,1,False,True,False,1,2,0,2,0.03333333333333333,0,0,0,0,False,0,0,False,0,0,False,1,0,30,0.03333333333333333,3.5530370518372676,4.021928094887363,0,0,0,0,0,0,0,0,0,0,1,0,0,0,0,1,0,0,2,2,1,0.0,0,0,0,0,0,0.0,0,0,0,0,0,1,malicious,sagetestfour
sagetestseven,2,0,False,False,False,1,4,0,4,0.03225806451612903,0,0,0,0,False,0,0,False,0,0,False,2,1,31,0.06451612903225806,3.1459612450376007,3.7264741182543757,0,0,0,0,0,0,0,0,0,0,0,0,0,0,0,0,0,0,4,4,2,0.0,0,0,1,1,1,0.4,0,0,0,0,20,1,malicious,sagetestseven
sagetestsix,2,0,False,False,False,1,3,0,3,0.03125,0,0,0,0,False,0,0,False,0,0,False,1,0,32,0.03125,3.0827882661705006,3.7264741182543757,0,0,0,0,0,0,0,0,0,0,0,0,0,0,0,0,0,0,3,3,2,0.0,0,0,0,0,1,0.4,0,0,0,0,20,1,malicious,sagetestsix
sagetestthree,3,1,True,False,False,1,4,0,3,0.027777777777777776,0,3,0,0,False,0,0,False,0,0,False,2,0,36,0.05555555555555555,3.3827194506797578,3.9873261452560076,0,0,0,0,0,0,0,0,0,1,0,0,0,0,0,0,0,1,4,3,1,20.0,2,1,1,1,0,0.0,0,0,0,0,20,1,malicious,sagetestthree
sagetesttwo,3,1,True,False,False,1,4,0,3,0.027777777777777776,0,3,0,0,False,0,0,False,0,0,False,2,0,36,0.05555555555555555,3.4072405464256152,3.9873261452560076,0,0,0,0,0,0,0,0,0,1,0,0,0,0,0,0,0,1,4,3,1,20.0,2,1,1,1,0,0.0,0,0,0,0,20,1,malicious,sagetesttwo
salami3,2,2,False,True,True,1,1,0,1,0.03333333333333333,0,1,0,0,False,0,0,False,0,0,False,1,0,30,0.03333333333333333,3.7264741182543757,3.7264741182543757,0,0,0,0,0,0,0,0,0,0,0,1,0,0,0,0,0,0,1,1,1,0.0,0,0,0,0,0,0.0,0,0,0,0,0,1,malicious,salami3
salamus,2,0,False,False,False,1,3,0,3,0.03125,0,0,0,0,False,0,0,False,0,0,False,1,0,32,0.03125,3.222540103292582,3.7264741182543757,0,0,0,0,0,0,0,0,0,0,0,0,0,0,0,0,0,0,3,3,2,0.0,0,0,0,0,1,0.4,0,0,0,0,20,1,malicious,salamus
salamus1,3,1,True,False,False,1,4,0,3,0.027777777777777776,0,3,0,0,False,0,0,False,0,0,False,2,0,36,0.05555555555555555,3.6551431436327353,3.9873261452560076,0,0,0,0,0,0,0,0,0,1,0,0,0,0,0,0,0,1,4,3,1,20.0,2,1,1,1,0,0.0,0,0,0,0,20,1,malicious,salamus1
salamus2y,2,0,False,False,False,0,3,2,3,0.0,0,0,0,2,False,0,1,False,0,0,False,1,0,29,0.034482758620689655,4.4308296010599815,5.135185083865586,1,0,0,0,0,1,0,2,0,0,1,1,0,0,0,2,0,0,3,3,3,0.0,0,0,0,0,0,0.0,0,0,0,0,0,1,malicious,salamus2y
salamus3,2,1,True,False,False,1,2,0,2,0.03125,0,0,0,0,False,0,0,False,0,0,False,2,1,32,0.0625,3.2081808767710718,3.7264741182543757,0,0,0,0,0,0,0,0,0,0,0,0,0,0,0,0,0,0,2,2,2,0.0,0,0,1,1,0,0.0,0,0,0,0,0,1,malicious,salamus3
salamus4,2,1,True,False,False,1,2,0,2,0.03125,0,0,0,0,False,0,0,False,0,0,False,2,1,32,0.0625,3.2081808767710718,3.7264741182543757,0,0,0,0,0,0,0,0,0,0,0,0,0,0,0,0,0,0,2,2,2,0.0,0,0,1,1,0,0.0,0,0,0,0,0,1,malicious,salamus4
salamus5,2,0,False,False,False,1,3,0,3,0.03125,0,0,0,0,False,0,0,False,0,0,False,1,0,32,0.03125,3.222540103292582,3.7264741182543757,0,0,0,0,0,0,0,0,0,0,0,0,0,0,0,0,0,0,3,3,2,0.0,0,0,0,0,1,0.4,0,0,0,0,20,1,malicious,salamus5
salamus6,2,0,False,False,False,1,4,0,4,0.03225806451612903,0,0,0,0,False,0,0,False,0,0,False,2,1,31,0.06451612903225806,3.7264741182543757,3.7264741182543757,0,0,0,0,0,0,0,0,0,0,0,0,0,0,0,0,0,0,4,4,2,0.0,0,0,1,1,1,0.4,0,0,0,0,20,1,malicious,salamus6
salamus7,2,0,False,False,False,1,4,0,4,0.03225806451612903,0,0,0,0,False,0,0,False,0,0,False,2,1,31,0.06451612903225806,3.7264741182543757,3.7264741182543757,0,0,0,0,0,0,0,0,0,0,0,0,0,0,0,0,0,0,4,4,2,0.0,0,0,1,1,1,0.4,0,0,0,0,20,1,malicious,salamus7
salamus8,2,1,False,True,False,1,2,0,2,0.03333333333333333,0,0,0,0,False,0,0,False,0,0,False,1,0,30,0.03333333333333333,3.709061902209305,4.021928094887363,0,0,0,0,0,0,0,0,0,0,1,0,0,0,0,1,0,0,2,2,1,0.0,0,0,0,0,0,0.0,0,0,0,0,0,1,malicious,salamus8
sandbox-sandboxr3dcondemosca,2,0,False,False,False,0,3,2,3,0.0,0,0,0,2,False,0,1,False,0,0,False,1,0,29,0.034482758620689655,4.164353682504045,5.135185083865586,1,0,0,0,0,1,0,2,0,0,1,1,0,0,0,2,0,0,3,3,3,0.0,0,0,0,0,0,0.0,0,0,0,0,0,1,malicious,sandbox-sandboxr3dcondemosca
saturnian,2,0,False,False,False,1,3,0,3,0.03125,0,0,0,0,False,0,0,False,0,0,False,1,0,32,0.03125,3.222540103292582,3.7264741182543757,0,0,0,0,0,0,0,0,0,0,0,0,0,0,0,0,0,0,3,3,2,0.0,0,0,0,0,1,0.4,0,0,0,0,20,1,malicious,saturnian
sccikit-learn,2,0,False,False,False,1,3,0,3,0.03125,0,0,0,0,False,0,0,False,0,0,False,1,0,32,0.03125,3.265091930081633,3.7264741182543757,0,0,0,0,0,0,0,0,0,0,0,0,0,0,0,0,0,0,3,3,2,0.0,0,0,0,0,1,0.4,0,0,0,0,20,1,malicious,sccikit-learn
sccrapy,2,2,False,True,True,1,1,0,1,0.03333333333333333,0,1,0,0,False,0,0,False,0,0,False,1,0,30,0.03333333333333333,3.7264741182543757,3.7264741182543757,0,0,0,0,0,0,0,0,0,0,0,1,0,0,0,0,0,0,1,1,1,0.0,0,0,0,0,0,0.0,0,0,0,0,0,1,malicious,sccrapy
sciikit-learn,2,0,False,False,False,1,4,0,4,0.03225806451612903,0,0,0,0,False,0,0,False,0,0,False,2,1,31,0.06451612903225806,3.5305766296529852,3.7264741182543757,0,0,0,0,0,0,0,0,0,0,0,0,0,0,0,0,0,0,4,4,2,0.0,0,0,1,1,1,0.4,0,0,0,0,20,1,malicious,sciikit-learn
sciikt-learn,2,1,False,True,False,1,2,0,2,0.03333333333333333,0,0,0,0,False,0,0,False,0,0,False,1,0,30,0.03333333333333333,3.636370385170601,4.021928094887363,0,0,0,0,0,0,0,0,0,0,1,0,0,0,0,1,0,0,2,2,1,0.0,0,0,0,0,0,0.0,0,0,0,0,0,1,malicious,sciikt-learn
sciit-learn,2,2,False,True,True,1,1,0,1,0.03333333333333333,0,1,0,0,False,0,0,False,0,0,False,1,0,30,0.03333333333333333,3.5020437775367457,3.7264741182543757,0,0,0,0,0,0,0,0,0,0,0,1,0,0,0,0,0,0,1,1,1,0.0,0,0,0,0,0,0.0,0,0,0,0,0,1,malicious,sciit-learn
scikiit-learn,2,0,False,False,False,0,3,2,3,0.0,0,0,0,2,False,0,1,False,0,0,False,1,0,29,0.034482758620689655,4.065446114390519,5.135185083865586,1,0,0,0,0,1,0,2,0,0,1,1,0,0,0,2,0,0,3,3,3,0.0,0,0,0,0,0,0.0,0,0,0,0,0,1,malicious,scikiit-learn
scikit-earn,2,2,False,True,True,1,1,0,1,0.03333333333333333,0,1,0,0,False,0,0,False,0,0,False,1,0,30,0.03333333333333333,3.5020437775367457,3.7264741182543757,0,0,0,0,0,0,0,0,0,0,0,1,0,0,0,0,0,0,1,1,1,0.0,0,0,0,0,0,0.0,0,0,0,0,0,1,malicious,scikit-earn
scikit-elarn,3,1,True,False,False,1,4,0,3,0.027777777777777776,0,3,0,0,False,0,0,False,0,0,False,2,0,36,0.05555555555555555,3.5959313162381736,3.9873261452560076,0,0,0,0,0,0,0,0,0,1,0,0,0,0,0,0,0,1,4,3,1,20.0,2,1,1,1,0,0.0,0,0,0,0,20,1,malicious,scikit-elarn
scikit-laern,3,1,True,False,False,1,4,0,3,0.027777777777777776,0,3,0,0,False,0,0,False,0,0,False,2,0,36,0.05555555555555555,3.5959313162381736,3.9873261452560076,0,0,0,0,0,0,0,0,0,1,0,0,0,0,0,0,0,1,4,3,1,20.0,2,1,1,1,0,0.0,0,0,0,0,20,1,malicious,scikit-laern
scikit-larn,2,2,False,True,True,1,1,0,1,0.03333333333333333,0,1,0,0,False,0,0,False,0,0,False,1,0,30,0.03333333333333333,3.5020437775367457,3.7264741182543757,0,0,0,0,0,0,0,0,0,0,0,1,0,0,0,0,0,0,1,1,1,0.0,0,0,0,0,0,0.0,0,0,0,0,0,1,malicious,scikit-larn
scikit-lean,2,1,False,True,False,1,2,0,2,0.03333333333333333,0,0,0,0,False,0,0,False,0,0,False,1,0,30,0.03333333333333333,3.6011997858617577,4.021928094887363,0,0,0,0,0,0,0,0,0,0,1,0,0,0,0,1,0,0,2,2,1,0.0,0,0,0,0,0,0.0,0,0,0,0,0,1,malicious,scikit-lean
scikit-leanr,2,1,False,True,False,1,2,0,2,0.03333333333333333,0,0,0,0,False,0,0,False,0,0,False,1,0,30,0.03333333333333333,3.636370385170601,4.021928094887363,0,0,0,0,0,0,0,0,0,0,1,0,0,0,0,1,0,0,2,2,1,0.0,0,0,0,0,0,0.0,0,0,0,0,0,1,malicious,scikit-leanr
scikit-lear,2,2,False,True,True,1,1,0,1,0.03333333333333333,0,1,0,0,False,0,0,False,0,0,False,1,0,30,0.03333333333333333,3.5020437775367457,3.7264741182543757,0,0,0,0,0,0,0,0,0,0,0,1,0,0,0,0,0,0,1,1,1,0.0,0,0,0,0,0,0.0,0,0,0,0,0,1,malicious,scikit-lear
scikit-learrn,2,2,False,True,True,1,1,0,1,0.03333333333333333,0,1,0,0,False,0,0,False,0,0,False,1,0,30,0.03333333333333333,3.5596107643515804,3.7264741182543757,0,0,0,0,0,0,0,0,0,0,0,1,0,0,0,0,0,0,1,1,1,0.0,0,0,0,0,0,0.0,0,0,0,0,0,1,malicious,scikit-learrn
scikit-leearn,2,1,True,False,False,1,2,0,2,0.03125,0,0,0,0,False,0,0,False,0,0,False,2,1,32,0.0625,3.2543225101905,3.7264741182543757,0,0,0,0,0,0,0,0,0,0,0,0,0,0,0,0,0,0,2,2,2,0.0,0,0,1,1,0,0.0,0,0,0,0,0,1,malicious,scikit-leearn
scikit-leran,2,1,False,True,False,1,2,0,2,0.03333333333333333,0,0,0,0,False,0,0,False,0,0,False,1,0,30,0.03333333333333333,3.636370385170601,4.021928094887363,0,0,0,0,0,0,0,0,0,0,1,0,0,0,0,1,0,0,2,2,1,0.0,0,0,0,0,0,0.0,0,0,0,0,0,1,malicious,scikit-leran
scikit-llearn,2,2,False,True,True,1,1,0,1,0.03333333333333333,0,1,0,0,False,0,0,False,0,0,False,1,0,30,0.03333333333333333,3.5596107643515804,3.7264741182543757,0,0,0,0,0,0,0,0,0,0,0,1,0,0,0,0,0,0,1,1,1,0.0,0,0,0,0,0,0.0,0,0,0,0,0,1,malicious,scikit-llearn
scikkit-learn,2,0,False,False,False,1,4,0,4,0.03225806451612903,0,0,0,0,False,0,0,False,0,0,False,2,1,31,0.06451612903225806,3.5596107643515804,3.7264741182543757,0,0,0,0,0,0,0,0,0,0,0,0,0,0,0,0,0,0,4,4,2,0.0,0,0,1,1,1,0.4,0,0,0,0,20,1,malicious,scikkit-learn
scikt-learn,2,0,False,False,False,1,4,0,4,0.03225806451612903,0,0,0,0,False,0,0,False,0,0,False,2,1,31,0.06451612903225806,3.592952868445837,3.7264741182543757,0,0,0,0,0,0,0,0,0,0,0,0,0,0,0,0,0,0,4,4,2,0.0,0,0,1,1,1,0.4,0,0,0,0,20,1,malicious,scikt-learn
scikti-learn,2,0,False,False,False,1,3,0,3,0.03125,0,0,0,0,False,0,0,False,0,0,False,1,0,32,0.03125,3.271479035983059,3.7264741182543757,0,0,0,0,0,0,0,0,0,0,0,0,0,0,0,0,0,0,3,3,2,0.0,0,0,0,0,1,0.4,0,0,0,0,20,1,malicious,scikti-learn
sckiit-learn,3,1,True,False,False,1,4,0,3,0.027777777777777776,0,3,0,0,False,0,0,False,0,0,False,2,0,36,0.05555555555555555,3.5959313162381736,3.9873261452560076,0,0,0,0,0,0,0,0,0,1,0,0,0,0,0,0,0,1,4,3,1,20.0,2,1,1,1,0,0.0,0,0,0,0,20,1,malicious,sckiit-learn
sckit-learn,2,2,False,True,True,1,1,0,1,0.03333333333333333,0,1,0,0,False,0,0,False,0,0,False,1,0,30,0.03333333333333333,3.592952868445837,3.7264741182543757,0,0,0,0,0,0,0,0,0,0,0,1,0,0,0,0,0,0,1,1,1,0.0,0,0,0,0,0,0.0,0,0,0,0,0,1,malicious,sckit-learn
scraapy,2,0,False,False,False,0,3,2,3,0.0,0,0,0,2,False,0,1,False,0,0,False,1,0,29,0.034482758620689655,4.4308296010599815,5.135185083865586,1,0,0,0,0,1,0,2,0,0,1,1,0,0,0,2,0,0,3,3,3,0.0,0,0,0,0,0,0.0,0,0,0,0,0,1,malicious,scraapy
scrapeasy-jkhjasdsad,3,1,True,False,False,1,4,0,3,0.027777777777777776,0,3,0,0,False,0,0,False,0,0,False,2,0,36,0.05555555555555555,3.571839381446392,3.9873261452560076,0,0,0,0,0,0,0,0,0,1,0,0,0,0,0,0,0,1,4,3,1,20.0,2,1,1,1,0,0.0,0,0,0,0,20,1,malicious,scrapeasy-jkhjasdsad
scrapeasy-juhsdgfjs,3,1,True,False,False,1,4,0,3,0.027777777777777776,0,3,0,0,False,0,0,False,0,0,False,2,0,36,0.05555555555555555,3.645444499243342,3.9873261452560076,0,0,0,0,0,0,0,0,0,1,0,0,0,0,0,0,0,1,4,3,1,20.0,2,1,1,1,0,0.0,0,0,0,0,20,1,malicious,scrapeasy-juhsdgfjs
scrappers-dev,2,0,False,False,False,1,3,0,3,0.03125,0,0,0,0,False,0,0,False,0,0,False,1,0,32,0.03125,3.188168853158556,3.7264741182543757,0,0,0,0,0,0,0,0,0,0,0,0,0,0,0,0,0,0,3,3,2,0.0,0,0,0,0,1,0.4,0,0,0,0,20,1,malicious,scrappers-dev
scrappers,2,1,False,True,False,1,2,0,2,0.03333333333333333,0,0,0,0,False,0,0,False,0,0,False,1,0,30,0.03333333333333333,3.709061902209305,4.021928094887363,0,0,0,0,0,0,0,0,0,0,1,0,0,0,0,1,0,0,2,2,1,0.0,0,0,0,0,0,0.0,0,0,0,0,0,1,malicious,scrappers
scrapyy,2,0,False,False,False,1,3,0,3,0.03125,0,0,0,0,False,0,0,False,0,0,False,1,0,32,0.03125,3.222540103292582,3.7264741182543757,0,0,0,0,0,0,0,0,0,0,0,0,0,0,0,0,0,0,3,3,2,0.0,0,0,0,0,1,0.4,0,0,0,0,20,1,malicious,scrapyy
scray,2,0,False,False,False,1,3,0,3,0.03125,0,0,0,0,False,0,0,False,0,0,False,1,0,32,0.03125,3.222540103292582,3.7264741182543757,0,0,0,0,0,0,0,0,0,0,0,0,0,0,0,0,0,0,3,3,2,0.0,0,0,0,0,1,0.4,0,0,0,0,20,1,malicious,scray
scrpay,2,0,False,False,False,1,4,0,4,0.03225806451612903,0,0,0,0,False,0,0,False,0,0,False,2,1,31,0.06451612903225806,3.7264741182543757,3.7264741182543757,0,0,0,0,0,0,0,0,0,0,0,0,0,0,0,0,0,0,4,4,2,0.0,0,0,1,1,1,0.4,0,0,0,0,20,1,malicious,scrpay
scrrapy,2,1,False,True,False,1,2,0,2,0.03333333333333333,0,0,0,0,False,0,0,False,0,0,False,1,0,30,0.03333333333333333,3.709061902209305,4.021928094887363,0,0,0,0,0,0,0,0,0,0,1,0,0,0,0,1,0,0,2,2,1,0.0,0,0,0,0,0,0.0,0,0,0,0,0,1,malicious,scrrapy
sdk-cli-v2-public,3,1,True,False,False,1,4,0,3,0.027777777777777776,0,3,0,0,False,0,0,False,0,0,False,2,0,36,0.05555555555555555,3.605062957711203,3.9873261452560076,0,0,0,0,0,0,0,0,0,1,0,0,0,0,0,0,0,1,4,3,1,20.0,2,1,1,1,0,0.0,0,0,0,0,20,1,malicious,sdk-cli-v2-public
sdk-cli-v2,2,0,False,False,False,0,3,2,3,0.0,0,0,0,2,False,0,1,False,0,0,False,1,0,29,0.034482758620689655,3.9945290990024414,5.135185083865586,1,0,0,0,0,1,0,2,0,0,1,1,0,0,0,2,0,0,3,3,3,0.0,0,0,0,0,0,0.0,0,0,0,0,0,1,malicious,sdk-cli-v2
seabron,2,0,False,False,False,0,3,2,3,0.0,0,0,0,2,False,0,1,False,0,0,False,1,0,29,0.034482758620689655,4.4308296010599815,5.135185083865586,1,0,0,0,0,1,0,2,0,0,1,1,0,0,0,2,0,0,3,3,3,0.0,0,0,0,0,0,0.0,0,0,0,0,0,1,malicious,seabron
secbg,2,1,False,True,False,1,2,0,2,0.03333333333333333,0,0,0,0,False,0,0,False,0,0,False,1,0,30,0.03333333333333333,3.709061902209305,4.021928094887363,0,0,0,0,0,0,0,0,0,0,1,0,0,0,0,1,0,0,2,2,1,0.0,0,0,0,0,0,0.0,0,0,0,0,0,1,malicious,secbg
secmeasure,2,1,False,True,False,1,2,0,2,0.03333333333333333,0,0,0,0,False,0,0,False,0,0,False,1,0,30,0.03333333333333333,3.4434062628247326,4.021928094887363,0,0,0,0,0,0,0,0,0,0,1,0,0,0,0,1,0,0,2,2,1,0.0,0,0,0,0,0,0.0,0,0,0,0,0,1,malicious,secmeasure
secretslib,2,1,True,False,False,1,2,0,2,0.03125,0,0,0,0,False,0,0,False,0,0,False,2,1,32,0.0625,3.1366176813001436,3.7264741182543757,0,0,0,0,0,0,0,0,0,0,0,0,0,0,0,0,0,0,2,2,2,0.0,0,0,1,1,0,0.0,0,0,0,0,0,1,malicious,secretslib
secrevthree,2,1,True,False,False,1,2,0,2,0.03125,0,0,0,0,False,0,0,False,0,0,False,2,1,32,0.0625,3.0437208349649003,3.7264741182543757,0,0,0,0,0,0,0,0,0,0,0,0,0,0,0,0,0,0,2,2,2,0.0,0,0,1,1,0,0.0,0,0,0,0,0,1,malicious,secrevthree
secrevtwo,2,2,False,True,True,1,1,0,1,0.03333333333333333,0,1,0,0,False,0,0,False,0,0,False,1,0,30,0.03333333333333333,3.7264741182543757,3.7264741182543757,0,0,0,0,0,0,0,0,0,0,0,1,0,0,0,0,0,0,1,1,1,0.0,0,0,0,0,0,0.0,0,0,0,0,0,1,malicious,secrevtwo
seelnium,2,0,False,False,False,1,4,0,4,0.03225806451612903,0,0,0,0,False,0,0,False,0,0,False,2,1,31,0.06451612903225806,3.7264741182543757,3.7264741182543757,0,0,0,0,0,0,0,0,0,0,0,0,0,0,0,0,0,0,4,4,2,0.0,0,0,1,1,1,0.4,0,0,0,0,20,1,malicious,seelnium
seleium,2,2,False,True,True,1,1,0,1,0.03333333333333333,0,1,0,0,False,0,0,False,0,0,False,1,0,30,0.03333333333333333,3.7264741182543757,3.7264741182543757,0,0,0,0,0,0,0,0,0,0,0,1,0,0,0,0,0,0,1,1,1,0.0,0,0,0,0,0,0.0,0,0,0,0,0,1,malicious,seleium
selenim,2,2,False,True,True,1,1,0,1,0.03333333333333333,0,1,0,0,False,0,0,False,0,0,False,1,0,30,0.03333333333333333,3.7264741182543757,3.7264741182543757,0,0,0,0,0,0,0,0,0,0,0,1,0,0,0,0,0,0,1,1,1,0.0,0,0,0,0,0,0.0,0,0,0,0,0,1,malicious,selenim
seleniun,2,1,True,False,False,1,2,0,2,0.03125,0,0,0,0,False,0,0,False,0,0,False,2,1,32,0.0625,3.2081808767710718,3.7264741182543757,0,0,0,0,0,0,0,0,0,0,0,0,0,0,0,0,0,0,2,2,2,0.0,0,0,1,1,0,0.0,0,0,0,0,0,1,malicious,seleniun
selenuim,2,1,True,False,False,1,2,0,2,0.03125,0,0,0,0,False,0,0,False,0,0,False,2,1,32,0.0625,3.2081808767710718,3.7264741182543757,0,0,0,0,0,0,0,0,0,0,0,0,0,0,0,0,0,0,2,2,2,0.0,0,0,1,1,0,0.0,0,0,0,0,0,1,malicious,selenuim
selfadcpu,2,0,False,False,False,1,4,0,4,0.03225806451612903,0,0,0,0,False,0,0,False,0,0,False,2,1,31,0.06451612903225806,3.7264741182543757,3.7264741182543757,0,0,0,0,0,0,0,0,0,0,0,0,0,0,0,0,0,0,4,4,2,0.0,0,0,1,1,1,0.4,0,0,0,0,20,1,malicious,selfadcpu
selfadintellgtb,2,1,True,False,False,1,2,0,2,0.03125,0,0,0,0,False,0,0,False,0,0,False,2,1,32,0.0625,3.2369435147777086,3.7264741182543757,0,0,0,0,0,0,0,0,0,0,0,0,0,0,0,0,0,0,2,2,2,0.0,0,0,1,1,0,0.0,0,0,0,0,0,1,malicious,selfadintellgtb
selfadmaskmask,2,1,False,True,False,1,2,0,2,0.03333333333333333,0,0,0,0,False,0,0,False,0,0,False,1,0,30,0.03333333333333333,3.492389174951256,4.021928094887363,0,0,0,0,0,0,0,0,0,0,1,0,0,0,0,1,0,0,2,2,1,0.0,0,0,0,0,0,0.0,0,0,0,0,0,1,malicious,selfadmaskmask
selfbot-api22,2,1,True,False,False,1,2,0,2,0.03125,0,0,0,0,False,0,0,False,0,0,False,2,1,32,0.0625,3.292784048652038,3.7264741182543757,0,0,0,0,0,0,0,0,0,0,0,0,0,0,0,0,0,0,2,2,2,0.0,0,0,1,1,0,0.0,0,0,0,0,0,1,malicious,selfbot-api22
selfcandyrand,3,1,True,False,False,1,4,0,3,0.027777777777777776,0,3,0,0,False,0,0,False,0,0,False,2,0,36,0.05555555555555555,3.5510826718752093,3.9873261452560076,0,0,0,0,0,0,0,0,0,1,0,0,0,0,0,0,0,1,4,3,1,20.0,2,1,1,1,0,0.0,0,0,0,0,20,1,malicious,selfcandyrand
selfccping,2,0,False,False,False,0,3,2,3,0.0,0,0,0,2,False,0,1,False,0,0,False,1,0,29,0.034482758620689655,3.9945290990024414,5.135185083865586,1,0,0,0,0,1,0,2,0,0,1,1,0,0,0,2,0,0,3,3,3,0.0,0,0,0,0,0,0.0,0,0,0,0,0,1,malicious,selfccping
selfccvirtualgame,2,0,False,False,False,0,3,2,3,0.0,0,0,0,2,False,0,1,False,0,0,False,1,0,29,0.034482758620689655,4.159511269358728,5.135185083865586,1,0,0,0,0,1,0,2,0,0,1,1,0,0,0,2,0,0,3,3,3,0.0,0,0,0,0,0,0.0,0,0,0,0,0,1,malicious,selfccvirtualgame
selfcontroledintel,2,1,True,False,False,1,2,0,2,0.03125,0,0,0,0,False,0,0,False,0,0,False,2,1,32,0.0625,3.233203366212118,3.7264741182543757,0,0,0,0,0,0,0,0,0,0,0,0,0,0,0,0,0,0,2,2,2,0.0,0,0,1,1,0,0.0,0,0,0,0,0,1,malicious,selfcontroledintel
selfcontroledreplace,2,0,False,False,False,1,4,0,4,0.03225806451612903,0,0,0,0,False,0,0,False,0,0,False,2,1,31,0.06451612903225806,3.555328919016782,3.7264741182543757,0,0,0,0,0,0,0,0,0,0,0,0,0,0,0,0,0,0,4,4,2,0.0,0,0,1,1,1,0.4,0,0,0,0,20,1,malicious,selfcontroledreplace
selfcontrolpy,3,1,True,False,False,1,4,0,3,0.027777777777777776,0,3,0,0,False,0,0,False,0,0,False,2,0,36,0.05555555555555555,3.5895442103367476,3.9873261452560076,0,0,0,0,0,0,0,0,0,1,0,0,0,0,0,0,0,1,4,3,1,20.0,2,1,1,1,0,0.0,0,0,0,0,20,1,malicious,selfcontrolpy
selfcontrolurlencode,3,1,True,False,False,1,4,0,3,0.027777777777777776,0,3,0,0,False,0,0,False,0,0,False,2,0,36,0.05555555555555555,3.568531100115262,3.9873261452560076,0,0,0,0,0,0,0,0,0,1,0,0,0,0,0,0,0,1,4,3,1,20.0,2,1,1,1,0,0.0,0,0,0,0,20,1,malicious,selfcontrolurlencode
selfcpupingcc,2,0,False,False,False,1,4,0,4,0.03225806451612903,0,0,0,0,False,0,0,False,0,0,False,2,1,31,0.06451612903225806,3.453653552729908,3.7264741182543757,0,0,0,0,0,0,0,0,0,0,0,0,0,0,0,0,0,0,4,4,2,0.0,0,0,1,1,1,0.4,0,0,0,0,20,1,malicious,selfcpupingcc
selfcpupongkill,2,0,False,False,False,1,4,0,4,0.03225806451612903,0,0,0,0,False,0,0,False,0,0,False,2,1,31,0.06451612903225806,3.5915194401926644,3.7264741182543757,0,0,0,0,0,0,0,0,0,0,0,0,0,0,0,0,0,0,4,4,2,0.0,0,0,1,1,1,0.4,0,0,0,0,20,1,malicious,selfcpupongkill
selfcraftcontrolload,2,0,False,False,False,1,3,0,3,0.03125,0,0,0,0,False,0,0,False,0,0,False,1,0,32,0.03125,3.2535149136371904,3.7264741182543757,0,0,0,0,0,0,0,0,0,0,0,0,0,0,0,0,0,0,3,3,2,0.0,0,0,0,0,1,0.4,0,0,0,0,20,1,malicious,selfcraftcontrolload
selfcraftvmultra,2,2,False,True,True,1,1,0,1,0.03333333333333333,0,1,0,0,False,0,0,False,0,0,False,1,0,30,0.03333333333333333,3.550737059127188,3.7264741182543757,0,0,0,0,0,0,0,0,0,0,0,1,0,0,0,0,0,0,1,1,1,0.0,0,0,0,0,0,0.0,0,0,0,0,0,1,malicious,selfcraftvmultra
selfcvinfoad,2,1,False,True,False,1,2,0,2,0.03333333333333333,0,0,0,0,False,0,0,False,0,0,False,1,0,30,0.03333333333333333,3.636370385170601,4.021928094887363,0,0,0,0,0,0,0,0,0,0,1,0,0,0,0,1,0,0,2,2,1,0.0,0,0,0,0,0,0.0,0,0,0,0,0,1,malicious,selfcvinfoad
selfededpy,2,0,False,False,False,0,3,2,3,0.0,0,0,0,2,False,0,1,False,0,0,False,1,0,29,0.034482758620689655,3.836032848930326,5.135185083865586,1,0,0,0,0,1,0,2,0,0,1,1,0,0,0,2,0,0,3,3,3,0.0,0,0,0,0,0,0.0,0,0,0,0,0,1,malicious,selfededpy
selfedgamestudy,2,0,False,False,False,0,3,2,3,0.0,0,0,0,2,False,0,1,False,0,0,False,1,0,29,0.034482758620689655,4.061630210305861,5.135185083865586,1,0,0,0,0,1,0,2,0,0,1,1,0,0,0,2,0,0,3,3,3,0.0,0,0,0,0,0,0.0,0,0,0,0,0,1,malicious,selfedgamestudy
selfencodecandy,2,1,False,True,False,1,2,0,2,0.03333333333333333,0,0,0,0,False,0,0,False,0,0,False,1,0,30,0.03333333333333333,3.5792709505230507,4.021928094887363,0,0,0,0,0,0,0,0,0,0,1,0,0,0,0,1,0,0,2,2,1,0.0,0,0,0,0,0,0.0,0,0,0,0,0,1,malicious,selfencodecandy
selfencodemaskpong,2,2,False,True,True,1,1,0,1,0.03333333333333333,0,1,0,0,False,0,0,False,0,0,False,1,0,30,0.03333333333333333,3.6494526847882476,3.7264741182543757,0,0,0,0,0,0,0,0,0,0,0,1,0,0,0,0,0,0,1,1,1,0.0,0,0,0,0,0,0.0,0,0,0,0,0,1,malicious,selfencodemaskpong
selfencodepostmc,2,0,False,False,False,0,3,2,3,0.0,0,0,0,2,False,0,1,False,0,0,False,1,0,29,0.034482758620689655,4.063159577744915,5.135185083865586,1,0,0,0,0,1,0,2,0,0,1,1,0,0,0,2,0,0,3,3,3,0.0,0,0,0,0,0,0.0,0,0,0,0,0,1,malicious,selfencodepostmc
selfgameencode,2,0,False,False,False,1,4,0,4,0.03225806451612903,0,0,0,0,False,0,0,False,0,0,False,2,1,31,0.06451612903225806,3.4812002344417046,3.7264741182543757,0,0,0,0,0,0,0,0,0,0,0,0,0,0,0,0,0,0,4,4,2,0.0,0,0,1,1,1,0.4,0,0,0,0,20,1,malicious,selfgameencode
selfgamepypost,2,0,False,False,False,0,3,2,3,0.0,0,0,0,2,False,0,1,False,0,0,False,1,0,29,0.034482758620689655,4.080147565202046,5.135185083865586,1,0,0,0,0,1,0,2,0,0,1,1,0,0,0,2,0,0,3,3,3,0.0,0,0,0,0,0,0.0,0,0,0,0,0,1,malicious,selfgamepypost
selfgametool,2,0,False,False,False,0,3,2,3,0.0,0,0,0,2,False,0,1,False,0,0,False,1,0,29,0.034482758620689655,3.9822072342803723,5.135185083865586,1,0,0,0,0,1,0,2,0,0,1,1,0,0,0,2,0,0,3,3,3,0.0,0,0,0,0,0,0.0,0,0,0,0,0,1,malicious,selfgametool
selfgamevirtualad,2,0,False,False,False,1,3,0,3,0.03125,0,0,0,0,False,0,0,False,0,0,False,1,0,32,0.03125,3.3100224421619706,3.7264741182543757,0,0,0,0,0,0,0,0,0,0,0,0,0,0,0,0,0,0,3,3,2,0.0,0,0,0,0,1,0.4,0,0,0,0,20,1,malicious,selfgamevirtualad
selfgetstudyram,2,0,False,False,False,1,3,0,3,0.03125,0,0,0,0,False,0,0,False,0,0,False,1,0,32,0.03125,3.2936277263715663,3.7264741182543757,0,0,0,0,0,0,0,0,0,0,0,0,0,0,0,0,0,0,3,3,2,0.0,0,0,0,0,1,0.4,0,0,0,0,20,1,malicious,selfgetstudyram
selfgetultrapong,3,1,True,False,False,1,4,0,3,0.027777777777777776,0,3,0,0,False,0,0,False,0,0,False,2,0,36,0.05555555555555555,3.6163573577245516,3.9873261452560076,0,0,0,0,0,0,0,0,0,1,0,0,0,0,0,0,0,1,4,3,1,20.0,2,1,1,1,0,0.0,0,0,0,0,20,1,malicious,selfgetultrapong
selfguiccproof,3,1,True,False,False,1,4,0,3,0.027777777777777776,0,3,0,0,False,0,0,False,0,0,False,2,0,36,0.05555555555555555,3.5860532310960953,3.9873261452560076,0,0,0,0,0,0,0,0,0,1,0,0,0,0,0,0,0,1,4,3,1,20.0,2,1,1,1,0,0.0,0,0,0,0,20,1,malicious,selfguiccproof
selfguilibrand,3,1,True,False,False,1,4,0,3,0.027777777777777776,0,3,0,0,False,0,0,False,0,0,False,2,0,36,0.05555555555555555,3.6217675168103813,3.9873261452560076,0,0,0,0,0,0,0,0,0,1,0,0,0,0,0,0,0,1,4,3,1,20.0,2,1,1,1,0,0.0,0,0,0,0,20,1,malicious,selfguilibrand
selfguiurlpush,3,1,True,False,False,1,4,0,3,0.027777777777777776,0,3,0,0,False,0,0,False,0,0,False,2,0,36,0.05555555555555555,3.536858811414605,3.9873261452560076,0,0,0,0,0,0,0,0,0,1,0,0,0,0,0,0,0,1,4,3,1,20.0,2,1,1,1,0,0.0,0,0,0,0,20,1,malicious,selfguiurlpush
selfhackedccmc,2,2,False,True,True,1,1,0,1,0.03333333333333333,0,1,0,0,False,0,0,False,0,0,False,1,0,30,0.03333333333333333,3.409771663013133,3.7264741182543757,0,0,0,0,0,0,0,0,0,0,0,1,0,0,0,0,0,0,1,1,1,0.0,0,0,0,0,0,0.0,0,0,0,0,0,1,malicious,selfhackedccmc
selfhackedccpull,2,0,False,False,False,0,3,2,3,0.0,0,0,0,2,False,0,1,False,0,0,False,1,0,29,0.034482758620689655,4.047432754783176,5.135185083865586,1,0,0,0,0,1,0,2,0,0,1,1,0,0,0,2,0,0,3,3,3,0.0,0,0,0,0,0,0.0,0,0,0,0,0,1,malicious,selfhackedccpull
selfhackedcpuvirtual,2,0,False,False,False,0,3,2,3,0.0,0,0,0,2,False,0,1,False,0,0,False,1,0,29,0.034482758620689655,4.227862432335775,5.135185083865586,1,0,0,0,0,1,0,2,0,0,1,1,0,0,0,2,0,0,3,3,3,0.0,0,0,0,0,0,0.0,0,0,0,0,0,1,malicious,selfhackedcpuvirtual
selfhackednvidiamc,2,0,False,False,False,1,3,0,3,0.03125,0,0,0,0,False,0,0,False,0,0,False,1,0,32,0.03125,3.3204974389411257,3.7264741182543757,0,0,0,0,0,0,0,0,0,0,0,0,0,0,0,0,0,0,3,3,2,0.0,0,0,0,0,1,0.4,0,0,0,0,20,1,malicious,selfhackednvidiamc
selfhackedramcc,2,1,False,True,False,1,2,0,2,0.03333333333333333,0,0,0,0,False,0,0,False,0,0,False,1,0,30,0.03333333333333333,3.612604283856384,4.021928094887363,0,0,0,0,0,0,0,0,0,0,1,0,0,0,0,1,0,0,2,2,1,0.0,0,0,0,0,0,0.0,0,0,0,0,0,1,malicious,selfhackedramcc
selfhackedrandomstudy,2,0,False,False,False,1,3,0,3,0.03125,0,0,0,0,False,0,0,False,0,0,False,1,0,32,0.03125,3.386950058138371,3.880179922675737,0,0,0,0,0,0,0,0,0,0,0,0,0,0,0,0,0,0,3,3,2,0.0,0,0,0,0,1,0.4,0,0,0,0,20,1,malicious,selfhackedrandomstudy
selfhackedrandvirtual,2,2,False,True,True,1,1,0,1,0.03333333333333333,0,1,0,0,False,0,0,False,0,0,False,1,0,30,0.03333333333333333,3.755707972846009,3.7849418274376423,0,0,0,0,0,0,0,0,0,0,0,1,0,0,0,0,0,0,1,1,1,0.0,0,0,0,0,0,0.0,0,0,0,0,0,1,malicious,selfhackedrandvirtual
selfhackedrepong,2,0,False,False,False,1,4,0,4,0.03225806451612903,0,0,0,0,False,0,0,False,0,0,False,2,1,31,0.06451612903225806,3.7146468246845794,3.7264741182543757,0,0,0,0,0,0,0,0,0,0,0,0,0,0,0,0,0,0,4,4,2,0.0,0,0,1,1,1,0.4,0,0,0,0,20,1,malicious,selfhackedrepong
selfhttpmcpush,2,2,False,True,True,1,1,0,1,0.03333333333333333,0,1,0,0,False,0,0,False,0,0,False,1,0,30,0.03333333333333333,3.4812002344417046,3.7264741182543757,0,0,0,0,0,0,0,0,0,0,0,1,0,0,0,0,0,0,1,1,1,0.0,0,0,0,0,0,0.0,0,0,0,0,0,1,malicious,selfhttpmcpush
selfhttppep,2,0,False,False,False,1,3,0,3,0.03125,0,0,0,0,False,0,0,False,0,0,False,1,0,32,0.03125,3.0827882661705006,3.7264741182543757,0,0,0,0,0,0,0,0,0,0,0,0,0,0,0,0,0,0,3,3,2,0.0,0,0,0,0,1,0.4,0,0,0,0,20,1,malicious,selfhttppep
selfhttppy,2,0,False,False,False,1,4,0,4,0.03225806451612903,0,0,0,0,False,0,0,False,0,0,False,2,1,31,0.06451612903225806,3.324201106570869,3.7264741182543757,0,0,0,0,0,0,0,0,0,0,0,0,0,0,0,0,0,0,4,4,2,0.0,0,0,1,1,1,0.4,0,0,0,0,20,1,malicious,selfhttppy
selfhttppyw,2,0,False,False,False,0,3,2,3,0.0,0,0,0,2,False,0,1,False,0,0,False,1,0,29,0.034482758620689655,3.985818152373632,5.135185083865586,1,0,0,0,0,1,0,2,0,0,1,1,0,0,0,2,0,0,3,3,3,0.0,0,0,0,0,0,0.0,0,0,0,0,0,1,malicious,selfhttppyw
selfhttpvmcontrol,2,1,True,False,False,1,2,0,2,0.03125,0,0,0,0,False,0,0,False,0,0,False,2,1,32,0.0625,3.299253022270837,3.7264741182543757,0,0,0,0,0,0,0,0,0,0,0,0,0,0,0,0,0,0,2,2,2,0.0,0,0,1,1,0,0.0,0,0,0,0,0,1,malicious,selfhttpvmcontrol
selfhydrainfoproof,2,1,False,True,False,1,2,0,2,0.03333333333333333,0,0,0,0,False,0,0,False,0,0,False,1,0,30,0.03333333333333333,3.6644196908463496,4.021928094887363,0,0,0,0,0,0,0,0,0,0,1,0,0,0,0,1,0,0,2,2,1,0.0,0,0,0,0,0,0.0,0,0,0,0,0,1,malicious,selfhydrainfoproof
selfhydrastudycc,2,2,False,True,True,1,1,0,1,0.03333333333333333,0,1,0,0,False,0,0,False,0,0,False,1,0,30,0.03333333333333333,3.613237059127188,3.7264741182543757,0,0,0,0,0,0,0,0,0,0,0,1,0,0,0,0,0,0,1,1,1,0.0,0,0,0,0,0,0.0,0,0,0,0,0,1,malicious,selfhydrastudycc
selfinfocraftlib,2,0,False,False,False,1,4,0,4,0.03225806451612903,0,0,0,0,False,0,0,False,0,0,False,2,1,31,0.06451612903225806,3.5896468246845794,3.7264741182543757,0,0,0,0,0,0,0,0,0,0,0,0,0,0,0,0,0,0,4,4,2,0.0,0,0,1,1,1,0.4,0,0,0,0,20,1,malicious,selfinfocraftlib
selfinfopaypalad,2,1,True,False,False,1,2,0,2,0.03125,0,0,0,0,False,0,0,False,0,0,False,2,1,32,0.0625,3.238090540356999,3.7264741182543757,0,0,0,0,0,0,0,0,0,0,0,0,0,0,0,0,0,0,2,2,2,0.0,0,0,1,1,0,0.0,0,0,0,0,0,1,malicious,selfinfopaypalad
selfinfopushpip,2,1,True,False,False,1,2,0,2,0.03125,0,0,0,0,False,0,0,False,0,0,False,2,1,32,0.0625,3.2036101814443754,3.7264741182543757,0,0,0,0,0,0,0,0,0,0,0,0,0,0,0,0,0,0,2,2,2,0.0,0,0,1,1,0,0.0,0,0,0,0,0,1,malicious,selfinfopushpip
selfinfovisakill,2,1,True,False,False,1,2,0,2,0.03125,0,0,0,0,False,0,0,False,0,0,False,2,1,32,0.0625,3.195045423135695,3.7264741182543757,0,0,0,0,0,0,0,0,0,0,0,0,0,0,0,0,0,0,2,2,2,0.0,0,0,1,1,0,0.0,0,0,0,0,0,1,malicious,selfinfovisakill
selfintcontrol,2,0,False,False,False,1,3,0,3,0.03125,0,0,0,0,False,0,0,False,0,0,False,1,0,32,0.03125,3.2258866651266946,3.7264741182543757,0,0,0,0,0,0,0,0,0,0,0,0,0,0,0,0,0,0,3,3,2,0.0,0,0,0,0,1,0.4,0,0,0,0,20,1,malicious,selfintcontrol
selfinteledreplace,3,1,True,False,False,1,4,0,3,0.027777777777777776,0,3,0,0,False,0,0,False,0,0,False,2,0,36,0.05555555555555555,3.5565534972990145,3.9873261452560076,0,0,0,0,0,0,0,0,0,1,0,0,0,0,0,0,0,1,4,3,1,20.0,2,1,1,1,0,0.0,0,0,0,0,20,1,malicious,selfinteledreplace
selfintelpullpost,2,0,False,False,False,1,3,0,3,0.03125,0,0,0,0,False,0,0,False,0,0,False,1,0,32,0.03125,3.203476670134963,3.7264741182543757,0,0,0,0,0,0,0,0,0,0,0,0,0,0,0,0,0,0,3,3,2,0.0,0,0,0,0,1,0.4,0,0,0,0,20,1,malicious,selfintelpullpost
selfintstringpong,2,0,False,False,False,1,3,0,3,0.03125,0,0,0,0,False,0,0,False,0,0,False,1,0,32,0.03125,3.251198912750206,3.7264741182543757,0,0,0,0,0,0,0,0,0,0,0,0,0,0,0,0,0,0,3,3,2,0.0,0,0,0,0,1,0.4,0,0,0,0,20,1,malicious,selfintstringpong
selfintsuper,2,0,False,False,False,0,3,2,3,0.0,0,0,0,2,False,0,1,False,0,0,False,1,0,29,0.034482758620689655,4.037762789835928,5.135185083865586,1,0,0,0,0,1,0,2,0,0,1,1,0,0,0,2,0,0,3,3,3,0.0,0,0,0,0,0,0.0,0,0,0,0,0,1,malicious,selfintsuper
selfinturlstudy,2,1,False,True,False,1,2,0,2,0.03333333333333333,0,0,0,0,False,0,0,False,0,0,False,1,0,30,0.03333333333333333,3.625185742225775,4.021928094887363,0,0,0,0,0,0,0,0,0,0,1,0,0,0,0,1,0,0,2,2,1,0.0,0,0,0,0,0,0.0,0,0,0,0,0,1,malicious,selfinturlstudy
selfintvisa,2,0,False,False,False,1,4,0,4,0.03225806451612903,0,0,0,0,False,0,0,False,0,0,False,2,1,31,0.06451612903225806,3.411134686627655,3.7264741182543757,0,0,0,0,0,0,0,0,0,0,0,0,0,0,0,0,0,0,4,4,2,0.0,0,0,1,1,1,0.4,0,0,0,0,20,1,malicious,selfintvisa
selfkillcontrol,3,1,True,False,False,1,4,0,3,0.027777777777777776,0,3,0,0,False,0,0,False,0,0,False,2,0,36,0.05555555555555555,3.5514133399600145,3.9873261452560076,0,0,0,0,0,0,0,0,0,1,0,0,0,0,0,0,0,1,4,3,1,20.0,2,1,1,1,0,0.0,0,0,0,0,20,1,malicious,selfkillcontrol
selfkillpinghydra,2,0,False,False,False,1,3,0,3,0.03125,0,0,0,0,False,0,0,False,0,0,False,1,0,32,0.03125,3.339434206867853,3.7264741182543757,0,0,0,0,0,0,0,0,0,0,0,0,0,0,0,0,0,0,3,3,2,0.0,0,0,0,0,1,0.4,0,0,0,0,20,1,malicious,selfkillpinghydra
selfkillsplitpy,2,0,False,False,False,1,4,0,4,0.03225806451612903,0,0,0,0,False,0,0,False,0,0,False,2,1,31,0.06451612903225806,3.3500156902647804,3.7264741182543757,0,0,0,0,0,0,0,0,0,0,0,0,0,0,0,0,0,0,4,4,2,0.0,0,0,1,1,1,0.4,0,0,0,0,20,1,malicious,selfkillsplitpy
selfkillvirtualhydra,2,1,True,False,False,1,2,0,2,0.03125,0,0,0,0,False,0,0,False,0,0,False,2,1,32,0.0625,3.3116176813001434,3.7264741182543757,0,0,0,0,0,0,0,0,0,0,0,0,0,0,0,0,0,0,2,2,2,0.0,0,0,1,1,0,0.0,0,0,0,0,0,1,malicious,selfkillvirtualhydra
selflgtbcontrolpyw,2,1,True,False,False,1,2,0,2,0.03125,0,0,0,0,False,0,0,False,0,0,False,2,1,32,0.0625,3.327021248186611,3.7264741182543757,0,0,0,0,0,0,0,0,0,0,0,0,0,0,0,0,0,0,2,2,2,0.0,0,0,1,1,0,0.0,0,0,0,0,0,1,malicious,selflgtbcontrolpyw
selflgtbpostrand,3,1,True,False,False,1,4,0,3,0.027777777777777776,0,3,0,0,False,0,0,False,0,0,False,2,0,36,0.05555555555555555,3.6476073577245516,3.9873261452560076,0,0,0,0,0,0,0,0,0,1,0,0,0,0,0,0,0,1,4,3,1,20.0,2,1,1,1,0,0.0,0,0,0,0,20,1,malicious,selflgtbpostrand
selflgtbproofgrand,2,0,False,False,False,1,4,0,4,0.03225806451612903,0,0,0,0,False,0,0,False,0,0,False,2,1,31,0.06451612903225806,3.670421782070566,3.7264741182543757,0,0,0,0,0,0,0,0,0,0,0,0,0,0,0,0,0,0,4,4,2,0.0,0,0,1,1,1,0.4,0,0,0,0,20,1,malicious,selflgtbproofgrand
selflibcv,2,0,False,False,False,1,4,0,4,0.03225806451612903,0,0,0,0,False,0,0,False,0,0,False,2,1,31,0.06451612903225806,3.7264741182543757,3.7264741182543757,0,0,0,0,0,0,0,0,0,0,0,0,0,0,0,0,0,0,4,4,2,0.0,0,0,1,1,1,0.4,0,0,0,0,20,1,malicious,selflibcv
selflibmineload,3,1,True,False,False,1,4,0,3,0.027777777777777776,0,3,0,0,False,0,0,False,0,0,False,2,0,36,0.05555555555555555,3.5721652149239564,3.9873261452560076,0,0,0,0,0,0,0,0,0,1,0,0,0,0,0,0,0,1,4,3,1,20.0,2,1,1,1,0,0.0,0,0,0,0,20,1,malicious,selflibmineload
selfloadcvhttp,3,1,True,False,False,1,4,0,3,0.027777777777777776,0,3,0,0,False,0,0,False,0,0,False,2,0,36,0.05555555555555555,3.6217675168103813,3.9873261452560076,0,0,0,0,0,0,0,0,0,1,0,0,0,0,0,0,0,1,4,3,1,20.0,2,1,1,1,0,0.0,0,0,0,0,20,1,malicious,selfloadcvhttp
selfloadedpy,2,2,False,True,True,1,1,0,1,0.03333333333333333,0,1,0,0,False,0,0,False,0,0,False,1,0,30,0.03333333333333333,3.405718309487766,3.7264741182543757,0,0,0,0,0,0,0,0,0,0,0,1,0,0,0,0,0,0,1,1,1,0.0,0,0,0,0,0,0.0,0,0,0,0,0,1,malicious,selfloadedpy
selfloadpywnvidia,2,0,False,False,False,1,3,0,3,0.03125,0,0,0,0,False,0,0,False,0,0,False,1,0,32,0.03125,3.3211237289584923,3.7264741182543757,0,0,0,0,0,0,0,0,0,0,0,0,0,0,0,0,0,0,3,3,2,0.0,0,0,0,0,1,0.4,0,0,0,0,20,1,malicious,selfloadpywnvidia
selfmaskcandyrandom,2,0,False,False,False,0,3,2,3,0.0,0,0,0,2,False,0,1,False,0,0,False,1,0,29,0.034482758620689655,4.146092282342876,5.135185083865586,1,0,0,0,0,1,0,2,0,0,1,1,0,0,0,2,0,0,3,3,3,0.0,0,0,0,0,0,0.0,0,0,0,0,0,1,malicious,selfmaskcandyrandom
selfmaskhydravm,2,1,False,True,False,1,2,0,2,0.03333333333333333,0,0,0,0,False,0,0,False,0,0,False,1,0,30,0.03333333333333333,3.6585190755591084,4.021928094887363,0,0,0,0,0,0,0,0,0,0,1,0,0,0,0,1,0,0,2,2,1,0.0,0,0,0,0,0,0.0,0,0,0,0,0,1,malicious,selfmaskhydravm
selfmasksuper,2,0,False,False,False,1,3,0,3,0.03125,0,0,0,0,False,0,0,False,0,0,False,1,0,32,0.03125,3.212113324270797,3.7264741182543757,0,0,0,0,0,0,0,0,0,0,0,0,0,0,0,0,0,0,3,3,2,0.0,0,0,0,0,1,0.4,0,0,0,0,20,1,malicious,selfmasksuper
selfmccontrolstudy,2,0,False,False,False,1,4,0,4,0.03225806451612903,0,0,0,0,False,0,0,False,0,0,False,2,1,31,0.06451612903225806,3.670421782070566,3.7264741182543757,0,0,0,0,0,0,0,0,0,0,0,0,0,0,0,0,0,0,4,4,2,0.0,0,0,1,1,1,0.4,0,0,0,0,20,1,malicious,selfmccontrolstudy
selfmcosintrandom,2,0,False,False,False,1,3,0,3,0.03125,0,0,0,0,False,0,0,False,0,0,False,1,0,32,0.03125,3.3211237289584923,3.7264741182543757,0,0,0,0,0,0,0,0,0,0,0,0,0,0,0,0,0,0,3,3,2,0.0,0,0,0,0,1,0.4,0,0,0,0,20,1,malicious,selfmcosintrandom
selfmcvisapy,2,2,False,True,True,1,1,0,1,0.03333333333333333,0,1,0,0,False,0,0,False,0,0,False,1,0,30,0.03333333333333333,3.5723849761544324,3.7264741182543757,0,0,0,0,0,0,0,0,0,0,0,1,0,0,0,0,0,0,1,1,1,0.0,0,0,0,0,0,0.0,0,0,0,0,0,1,malicious,selfmcvisapy
selfminegrandkill,2,0,False,False,False,1,3,0,3,0.03125,0,0,0,0,False,0,0,False,0,0,False,1,0,32,0.03125,3.2806106774560884,3.7264741182543757,0,0,0,0,0,0,0,0,0,0,0,0,0,0,0,0,0,0,3,3,2,0.0,0,0,0,0,1,0.4,0,0,0,0,20,1,malicious,selfminegrandkill
selfminemasknvidia,2,2,False,True,True,1,1,0,1,0.03333333333333333,0,1,0,0,False,0,0,False,0,0,False,1,0,30,0.03333333333333333,3.5383415736771364,3.7264741182543757,0,0,0,0,0,0,0,0,0,0,0,1,0,0,0,0,0,0,1,1,1,0.0,0,0,0,0,0,0.0,0,0,0,0,0,1,malicious,selfminemasknvidia
selfminepywurl,2,0,False,False,False,0,3,2,3,0.0,0,0,0,2,False,0,1,False,0,0,False,1,0,29,0.034482758620689655,4.127766612821094,5.135185083865586,1,0,0,0,0,1,0,2,0,0,1,1,0,0,0,2,0,0,3,3,3,0.0,0,0,0,0,0,0.0,0,0,0,0,0,1,malicious,selfminepywurl
selfosintcraftlib,2,0,False,False,False,1,3,0,3,0.03125,0,0,0,0,False,0,0,False,0,0,False,1,0,32,0.03125,3.29171196425261,3.7264741182543757,0,0,0,0,0,0,0,0,0,0,0,0,0,0,0,0,0,0,3,3,2,0.0,0,0,0,0,1,0.4,0,0,0,0,20,1,malicious,selfosintcraftlib
selfosintget,2,1,True,False,False,1,2,0,2,0.03125,0,0,0,0,False,0,0,False,0,0,False,2,1,32,0.0625,3.1773762827585923,3.7264741182543757,0,0,0,0,0,0,0,0,0,0,0,0,0,0,0,0,0,0,2,2,2,0.0,0,0,1,1,0,0.0,0,0,0,0,0,1,malicious,selfosintget
selfosintgrandrandom,3,1,True,False,False,1,4,0,3,0.027777777777777776,0,3,0,0,False,0,0,False,0,0,False,2,0,36,0.05555555555555555,3.6374032876693487,3.9873261452560076,0,0,0,0,0,0,0,0,0,1,0,0,0,0,0,0,0,1,4,3,1,20.0,2,1,1,1,0,0.0,0,0,0,0,20,1,malicious,selfosintgrandrandom
selfosintlgtbstr,2,0,False,False,False,0,3,2,3,0.0,0,0,0,2,False,0,1,False,0,0,False,1,0,29,0.034482758620689655,4.047432754783176,5.135185083865586,1,0,0,0,0,1,0,2,0,0,1,1,0,0,0,2,0,0,3,3,3,0.0,0,0,0,0,0,0.0,0,0,0,0,0,1,malicious,selfosintlgtbstr
selfosintstringcpu,2,1,True,False,False,1,2,0,2,0.03125,0,0,0,0,False,0,0,False,0,0,False,2,1,32,0.0625,3.2992434704088334,3.7264741182543757,0,0,0,0,0,0,0,0,0,0,0,0,0,0,0,0,0,0,2,2,2,0.0,0,0,1,1,0,0.0,0,0,0,0,0,1,malicious,selfosintstringcpu
selfosinturlre,3,1,True,False,False,1,4,0,3,0.027777777777777776,0,3,0,0,False,0,0,False,0,0,False,2,0,36,0.05555555555555555,3.5503389453818097,3.9873261452560076,0,0,0,0,0,0,0,0,0,1,0,0,0,0,0,0,0,1,4,3,1,20.0,2,1,1,1,0,0.0,0,0,0,0,20,1,malicious,selfosinturlre
selfpaypaladvm,2,2,False,True,True,1,1,0,1,0.03333333333333333,0,1,0,0,False,0,0,False,0,0,False,1,0,30,0.03333333333333333,3.454239966507295,3.7264741182543757,0,0,0,0,0,0,0,0,0,0,0,1,0,0,0,0,0,0,1,1,1,0.0,0,0,0,0,0,0.0,0,0,0,0,0,1,malicious,selfpaypaladvm
selfpaypalcontrolsuper,2,1,True,False,False,1,2,0,2,0.03125,0,0,0,0,False,0,0,False,0,0,False,2,1,32,0.0625,3.299291573552094,3.7264741182543757,0,0,0,0,0,0,0,0,0,0,0,0,0,0,0,0,0,0,2,2,2,0.0,0,0,1,1,0,0.0,0,0,0,0,0,1,malicious,selfpaypalcontrolsuper
selfpaypalvm,2,0,False,False,False,1,3,0,3,0.03125,0,0,0,0,False,0,0,False,0,0,False,1,0,32,0.03125,3.1881457026497255,3.7264741182543757,0,0,0,0,0,0,0,0,0,0,0,0,0,0,0,0,0,0,3,3,2,0.0,0,0,0,0,1,0.4,0,0,0,0,20,1,malicious,selfpaypalvm
selfpepintel,2,1,True,False,False,1,2,0,2,0.03125,0,0,0,0,False,0,0,False,0,0,False,2,1,32,0.0625,3.1199827931301867,3.7264741182543757,0,0,0,0,0,0,0,0,0,0,0,0,0,0,0,0,0,0,2,2,2,0.0,0,0,1,1,0,0.0,0,0,0,0,0,1,malicious,selfpepintel
selfpeppullram,2,1,False,True,False,1,2,0,2,0.03333333333333333,0,0,0,0,False,0,0,False,0,0,False,1,0,30,0.03333333333333333,3.528103460665542,4.021928094887363,0,0,0,0,0,0,0,0,0,0,1,0,0,0,0,1,0,0,2,2,1,0.0,0,0,0,0,0,0.0,0,0,0,0,0,1,malicious,selfpeppullram
selfpepstudylib,3,1,True,False,False,1,4,0,3,0.027777777777777776,0,3,0,0,False,0,0,False,0,0,False,2,0,36,0.05555555555555555,3.5847466732933477,3.9873261452560076,0,0,0,0,0,0,0,0,0,1,0,0,0,0,0,0,0,1,4,3,1,20.0,2,1,1,1,0,0.0,0,0,0,0,20,1,malicious,selfpepstudylib
selfpepvirtual,2,0,False,False,False,1,3,0,3,0.03125,0,0,0,0,False,0,0,False,0,0,False,1,0,32,0.03125,3.2616009508409807,3.7264741182543757,0,0,0,0,0,0,0,0,0,0,0,0,0,0,0,0,0,0,3,3,2,0.0,0,0,0,0,1,0.4,0,0,0,0,20,1,malicious,selfpepvirtual
selfpingcc,3,1,True,False,False,1,4,0,3,0.027777777777777776,0,3,0,0,False,0,0,False,0,0,False,2,0,36,0.05555555555555555,3.521839381446392,3.9873261452560076,0,0,0,0,0,0,0,0,0,1,0,0,0,0,0,0,0,1,4,3,1,20.0,2,1,1,1,0,0.0,0,0,0,0,20,1,malicious,selfpingcc
selfpingintelvm,2,0,False,False,False,1,4,0,4,0.03225806451612903,0,0,0,0,False,0,0,False,0,0,False,2,1,31,0.06451612903225806,3.5500156902647806,3.7264741182543757,0,0,0,0,0,0,0,0,0,0,0,0,0,0,0,0,0,0,4,4,2,0.0,0,0,1,1,1,0.4,0,0,0,0,20,1,malicious,selfpingintelvm
selfpingponggame,2,1,False,True,False,1,2,0,2,0.03333333333333333,0,0,0,0,False,0,0,False,0,0,False,1,0,30,0.03333333333333333,3.6137513094356746,4.021928094887363,0,0,0,0,0,0,0,0,0,0,1,0,0,0,0,1,0,0,2,2,1,0.0,0,0,0,0,0,0.0,0,0,0,0,0,1,malicious,selfpingponggame
selfpingrampep,2,0,False,False,False,0,3,2,3,0.0,0,0,0,2,False,0,1,False,0,0,False,1,0,29,0.034482758620689655,4.062174053245773,5.135185083865586,1,0,0,0,0,1,0,2,0,0,1,1,0,0,0,2,0,0,3,3,3,0.0,0,0,0,0,0,0.0,0,0,0,0,0,1,malicious,selfpingrampep
selfpingvisa,2,2,False,True,True,1,1,0,1,0.03333333333333333,0,1,0,0,False,0,0,False,0,0,False,1,0,30,0.03333333333333333,3.4890516428210994,3.7264741182543757,0,0,0,0,0,0,0,0,0,0,0,1,0,0,0,0,0,0,1,1,1,0.0,0,0,0,0,0,0.0,0,0,0,0,0,1,malicious,selfpingvisa
selfponggui,2,1,False,True,False,1,2,0,2,0.03333333333333333,0,0,0,0,False,0,0,False,0,0,False,1,0,30,0.03333333333333333,3.6011997858617577,4.021928094887363,0,0,0,0,0,0,0,0,0,0,1,0,0,0,0,1,0,0,2,2,1,0.0,0,0,0,0,0,0.0,0,0,0,0,0,1,malicious,selfponggui
selfpongnvidia,2,1,False,True,False,1,2,0,2,0.03333333333333333,0,0,0,0,False,0,0,False,0,0,False,1,0,30,0.03333333333333333,3.6622065857428088,4.021928094887363,0,0,0,0,0,0,0,0,0,0,1,0,0,0,0,1,0,0,2,2,1,0.0,0,0,0,0,0,0.0,0,0,0,0,0,1,malicious,selfpongnvidia
selfpongpull,2,1,False,True,False,1,2,0,2,0.03333333333333333,0,0,0,0,False,0,0,False,0,0,False,1,0,30,0.03333333333333333,3.537310228875529,4.021928094887363,0,0,0,0,0,0,0,0,0,0,1,0,0,0,0,1,0,0,2,2,1,0.0,0,0,0,0,0,0.0,0,0,0,0,0,1,malicious,selfpongpull
selfpostmc,2,1,True,False,False,1,2,0,2,0.03125,0,0,0,0,False,0,0,False,0,0,False,2,1,32,0.0625,3.1866176813001434,3.7264741182543757,0,0,0,0,0,0,0,0,0,0,0,0,0,0,0,0,0,0,2,2,2,0.0,0,0,1,1,0,0.0,0,0,0,0,0,1,malicious,selfpostmc
selfpostmcintel,3,1,True,False,False,1,4,0,3,0.027777777777777776,0,3,0,0,False,0,0,False,0,0,False,2,0,36,0.05555555555555555,3.5847466732933477,3.9873261452560076,0,0,0,0,0,0,0,0,0,1,0,0,0,0,0,0,0,1,4,3,1,20.0,2,1,1,1,0,0.0,0,0,0,0,20,1,malicious,selfpostmcintel
selfpostponghydra,2,2,False,True,True,1,1,0,1,0.03333333333333333,0,1,0,0,False,0,0,False,0,0,False,1,0,30,0.03333333333333333,3.730497891517064,3.734521664779752,0,0,0,0,0,0,0,0,0,0,0,1,0,0,0,0,0,0,1,1,1,0.0,0,0,0,0,0,0.0,0,0,0,0,0,1,malicious,selfpostponghydra
selfpoststringvm,2,1,False,True,False,1,2,0,2,0.03333333333333333,0,0,0,0,False,0,0,False,0,0,False,1,0,30,0.03333333333333333,3.6762513094356746,4.021928094887363,0,0,0,0,0,0,0,0,0,0,1,0,0,0,0,1,0,0,2,2,1,0.0,0,0,0,0,0,0.0,0,0,0,0,0,1,malicious,selfpoststringvm
selfproofgame,2,1,True,False,False,1,2,0,2,0.03125,0,0,0,0,False,0,0,False,0,0,False,2,1,32,0.0625,3.2158609717289615,3.7264741182543757,0,0,0,0,0,0,0,0,0,0,0,0,0,0,0,0,0,0,2,2,2,0.0,0,0,1,1,0,0.0,0,0,0,0,0,1,malicious,selfproofgame
selfproofint,2,0,False,False,False,1,4,0,4,0.03225806451612903,0,0,0,0,False,0,0,False,0,0,False,2,1,31,0.06451612903225806,3.4890516428210994,3.7264741182543757,0,0,0,0,0,0,0,0,0,0,0,0,0,0,0,0,0,0,4,4,2,0.0,0,0,1,1,1,0.4,0,0,0,0,20,1,malicious,selfproofint
selfproofkillcraft,2,2,False,True,True,1,1,0,1,0.03333333333333333,0,1,0,0,False,0,0,False,0,0,False,1,0,30,0.03333333333333333,3.572928031950373,3.7264741182543757,0,0,0,0,0,0,0,0,0,0,0,1,0,0,0,0,0,0,1,1,1,0.0,0,0,0,0,0,0.0,0,0,0,0,0,1,malicious,selfproofkillcraft
selfproofpipmine,2,2,False,True,True,1,1,0,1,0.03333333333333333,0,1,0,0,False,0,0,False,0,0,False,1,0,30,0.03333333333333333,3.4646468246845794,3.7264741182543757,0,0,0,0,0,0,0,0,0,0,0,1,0,0,0,0,0,0,1,1,1,0.0,0,0,0,0,0,0.0,0,0,0,0,0,1,malicious,selfproofpipmine
selfproofpullsplit,2,1,False,True,False,1,2,0,2,0.03333333333333333,0,0,0,0,False,0,0,False,0,0,False,1,0,30,0.03333333333333333,3.5637931283763975,4.021928094887363,0,0,0,0,0,0,0,0,0,0,1,0,0,0,0,1,0,0,2,2,1,0.0,0,0,0,0,0,0.0,0,0,0,0,0,1,malicious,selfproofpullsplit
selfproofstudyrand,2,2,False,True,True,1,1,0,1,0.03333333333333333,0,1,0,0,False,0,0,False,0,0,False,1,0,30,0.03333333333333333,3.670421782070566,3.7264741182543757,0,0,0,0,0,0,0,0,0,0,0,1,0,0,0,0,0,0,1,1,1,0.0,0,0,0,0,0,0.0,0,0,0,0,0,1,malicious,selfproofstudyrand
selfpullint,2,1,True,False,False,1,2,0,2,0.03125,0,0,0,0,False,0,0,False,0,0,False,2,1,32,0.0625,3.162927937188458,3.7264741182543757,0,0,0,0,0,0,0,0,0,0,0,0,0,0,0,0,0,0,2,2,2,0.0,0,0,1,1,0,0.0,0,0,0,0,0,1,malicious,selfpullint
selfpullsplitcraft,2,2,False,True,True,1,1,0,1,0.03333333333333333,0,1,0,0,False,0,0,False,0,0,False,1,0,30,0.03333333333333333,3.5037551154038997,3.7264741182543757,0,0,0,0,0,0,0,0,0,0,0,1,0,0,0,0,0,0,1,1,1,0.0,0,0,0,0,0,0.0,0,0,0,0,0,1,malicious,selfpullsplitcraft
selfpullstringver,2,0,False,False,False,1,3,0,3,0.03125,0,0,0,0,False,0,0,False,0,0,False,1,0,32,0.03125,3.2806106774560884,3.7264741182543757,0,0,0,0,0,0,0,0,0,0,0,0,0,0,0,0,0,0,3,3,2,0.0,0,0,0,0,1,0.4,0,0,0,0,20,1,malicious,selfpullstringver
selfpyosintmine,2,1,True,False,False,1,2,0,2,0.03125,0,0,0,0,False,0,0,False,0,0,False,2,1,32,0.0625,3.2495249731471,3.7264741182543757,0,0,0,0,0,0,0,0,0,0,0,0,0,0,0,0,0,0,2,2,2,0.0,0,0,1,1,0,0.0,0,0,0,0,0,1,malicious,selfpyosintmine
selfpyver,2,0,False,False,False,1,4,0,4,0.03225806451612903,0,0,0,0,False,0,0,False,0,0,False,2,1,31,0.06451612903225806,3.7264741182543757,3.7264741182543757,0,0,0,0,0,0,0,0,0,0,0,0,0,0,0,0,0,0,4,4,2,0.0,0,0,1,1,1,0.4,0,0,0,0,20,1,malicious,selfpyver
selfpyverint,3,1,True,False,False,1,4,0,3,0.027777777777777776,0,3,0,0,False,0,0,False,0,0,False,2,0,36,0.05555555555555555,3.5959313162381736,3.9873261452560076,0,0,0,0,0,0,0,0,0,1,0,0,0,0,0,0,0,1,4,3,1,20.0,2,1,1,1,0,0.0,0,0,0,0,20,1,malicious,selfpyverint
selfpywgetget,2,1,False,True,False,1,2,0,2,0.03333333333333333,0,0,0,0,False,0,0,False,0,0,False,1,0,30,0.03333333333333333,3.5385431349968006,4.021928094887363,0,0,0,0,0,0,0,0,0,0,1,0,0,0,0,1,0,0,2,2,1,0.0,0,0,0,0,0,0.0,0,0,0,0,0,1,malicious,selfpywgetget
selfpywhydragui,2,1,True,False,False,1,2,0,2,0.03125,0,0,0,0,False,0,0,False,0,0,False,2,1,32,0.0625,3.3495249731470995,3.7735572622751845,0,0,0,0,0,0,0,0,0,0,0,0,0,0,0,0,0,0,2,2,2,0.0,0,0,1,1,0,0.0,0,0,0,0,0,1,malicious,selfpywhydragui
selfpywloadpong,2,0,False,False,False,1,4,0,4,0.03225806451612903,0,0,0,0,False,0,0,False,0,0,False,2,1,31,0.06451612903225806,3.616682356931447,3.7264741182543757,0,0,0,0,0,0,0,0,0,0,0,0,0,0,0,0,0,0,4,4,2,0.0,0,0,1,1,1,0.4,0,0,0,0,20,1,malicious,selfpywloadpong
selfpywreplace,2,1,False,True,False,1,2,0,2,0.03333333333333333,0,0,0,0,False,0,0,False,0,0,False,1,0,30,0.03333333333333333,3.5772978803470323,4.021928094887363,0,0,0,0,0,0,0,0,0,0,1,0,0,0,0,1,0,0,2,2,1,0.0,0,0,0,0,0,0.0,0,0,0,0,0,1,malicious,selfpywreplace
selframstudyget,2,0,False,False,False,1,4,0,4,0.03225806451612903,0,0,0,0,False,0,0,False,0,0,False,2,1,31,0.06451612903225806,3.616682356931447,3.7264741182543757,0,0,0,0,0,0,0,0,0,0,0,0,0,0,0,0,0,0,4,4,2,0.0,0,0,1,1,1,0.4,0,0,0,0,20,1,malicious,selframstudyget
selfrandomhackedstudy,2,2,False,True,True,1,1,0,1,0.03333333333333333,0,1,0,0,False,0,0,False,0,0,False,1,0,30,0.03333333333333333,3.803327020465056,3.8801799226757367,0,0,0,0,0,0,0,0,0,0,0,1,0,0,0,0,0,0,1,1,1,0.0,0,0,0,0,0,0.0,0,0,0,0,0,1,malicious,selfrandomhackedstudy
selfrandompep,2,0,False,False,False,1,3,0,3,0.03125,0,0,0,0,False,0,0,False,0,0,False,1,0,32,0.03125,3.265091930081633,3.7264741182543757,0,0,0,0,0,0,0,0,0,0,0,0,0,0,0,0,0,0,3,3,2,0.0,0,0,0,0,1,0.4,0,0,0,0,20,1,malicious,selfrandompep
selfrandompiposint,2,0,False,False,False,1,3,0,3,0.03125,0,0,0,0,False,0,0,False,0,0,False,1,0,32,0.03125,3.3204974389411257,3.7264741182543757,0,0,0,0,0,0,0,0,0,0,0,0,0,0,0,0,0,0,3,3,2,0.0,0,0,0,0,1,0.4,0,0,0,0,20,1,malicious,selfrandompiposint
selfrandompullver,2,1,False,True,False,1,2,0,2,0.03333333333333333,0,0,0,0,False,0,0,False,0,0,False,1,0,30,0.03333333333333333,3.6749137913495127,4.021928094887363,0,0,0,0,0,0,0,0,0,0,1,0,0,0,0,1,0,0,2,2,1,0.0,0,0,0,0,0,0.0,0,0,0,0,0,1,malicious,selfrandompullver
selfrandomram,3,1,True,False,False,1,4,0,3,0.027777777777777776,0,3,0,0,False,0,0,False,0,0,False,2,0,36,0.05555555555555555,3.5510826718752093,3.9873261452560076,0,0,0,0,0,0,0,0,0,1,0,0,0,0,0,0,0,1,4,3,1,20.0,2,1,1,1,0,0.0,0,0,0,0,20,1,malicious,selfrandomram
selfrandreplacerand,3,1,True,False,False,1,4,0,3,0.027777777777777776,0,3,0,0,False,0,0,False,0,0,False,2,0,36,0.05555555555555555,3.536698939947416,3.9873261452560076,0,0,0,0,0,0,0,0,0,1,0,0,0,0,0,0,0,1,4,3,1,20.0,2,1,1,1,0,0.0,0,0,0,0,20,1,malicious,selfrandreplacerand
selfreplaceencodepush,2,1,True,False,False,1,2,0,2,0.03125,0,0,0,0,False,0,0,False,0,0,False,2,1,32,0.0625,3.270766912386841,3.7264741182543757,0,0,0,0,0,0,0,0,0,0,0,0,0,0,0,0,0,0,2,2,2,0.0,0,0,1,1,0,0.0,0,0,0,0,0,1,malicious,selfreplaceencodepush
selfreplacelib,2,0,False,False,False,0,3,2,3,0.0,0,0,0,2,False,0,1,False,0,0,False,1,0,29,0.034482758620689655,3.9965814936704525,5.135185083865586,1,0,0,0,0,1,0,2,0,0,1,1,0,0,0,2,0,0,3,3,3,0.0,0,0,0,0,0,0.0,0,0,0,0,0,1,malicious,selfreplacelib
selfreplacepong,2,0,False,False,False,1,4,0,4,0.03225806451612903,0,0,0,0,False,0,0,False,0,0,False,2,1,31,0.06451612903225806,3.524852773525998,3.7264741182543757,0,0,0,0,0,0,0,0,0,0,0,0,0,0,0,0,0,0,4,4,2,0.0,0,0,1,1,1,0.4,0,0,0,0,20,1,malicious,selfreplacepong
selfstringkill,2,1,True,False,False,1,2,0,2,0.03125,0,0,0,0,False,0,0,False,0,0,False,2,1,32,0.0625,3.201637111268357,3.7264741182543757,0,0,0,0,0,0,0,0,0,0,0,0,0,0,0,0,0,0,2,2,2,0.0,0,0,1,1,0,0.0,0,0,0,0,0,1,malicious,selfstringkill
selfstringpullpush,2,0,False,False,False,1,4,0,4,0.03225806451612903,0,0,0,0,False,0,0,False,0,0,False,2,1,31,0.06451612903225806,3.572928031950373,3.7264741182543757,0,0,0,0,0,0,0,0,0,0,0,0,0,0,0,0,0,0,4,4,2,0.0,0,0,1,1,1,0.4,0,0,0,0,20,1,malicious,selfstringpullpush
selfstudycontrolpush,2,0,False,False,False,1,3,0,3,0.03125,0,0,0,0,False,0,0,False,0,0,False,1,0,32,0.03125,3.337951007414234,3.7264741182543757,0,0,0,0,0,0,0,0,0,0,0,0,0,0,0,0,0,0,3,3,2,0.0,0,0,0,0,1,0.4,0,0,0,0,20,1,malicious,selfstudycontrolpush
selfstudygrand,2,0,False,False,False,1,3,0,3,0.03125,0,0,0,0,False,0,0,False,0,0,False,1,0,32,0.03125,3.2973152365552663,3.7264741182543757,0,0,0,0,0,0,0,0,0,0,0,0,0,0,0,0,0,0,3,3,2,0.0,0,0,0,0,1,0.4,0,0,0,0,20,1,malicious,selfstudygrand
selfstudyhydra,2,0,False,False,False,0,3,2,3,0.0,0,0,0,2,False,0,1,False,0,0,False,1,0,29,0.034482758620689655,4.080147565202046,5.135185083865586,1,0,0,0,0,1,0,2,0,0,1,1,0,0,0,2,0,0,3,3,3,0.0,0,0,0,0,0,0.0,0,0,0,0,0,1,malicious,selfstudyhydra
selfstudytool,2,0,False,False,False,1,3,0,3,0.03125,0,0,0,0,False,0,0,False,0,0,False,1,0,32,0.03125,3.188168853158556,3.7264741182543757,0,0,0,0,0,0,0,0,0,0,0,0,0,0,0,0,0,0,3,3,2,0.0,0,0,0,0,1,0.4,0,0,0,0,20,1,malicious,selfstudytool
selfstudytoolrandom,2,0,False,False,False,1,4,0,4,0.03225806451612903,0,0,0,0,False,0,0,False,0,0,False,2,1,31,0.06451612903225806,3.6515458815815203,3.7264741182543757,0,0,0,0,0,0,0,0,0,0,0,0,0,0,0,0,0,0,4,4,2,0.0,0,0,1,1,1,0.4,0,0,0,0,20,1,malicious,selfstudytoolrandom
selfsuperaded,2,2,False,True,True,1,1,0,1,0.03333333333333333,0,1,0,0,False,0,0,False,0,0,False,1,0,30,0.03333333333333333,3.3767304758068315,3.7264741182543757,0,0,0,0,0,0,0,0,0,0,0,1,0,0,0,0,0,0,1,1,1,0.0,0,0,0,0,0,0.0,0,0,0,0,0,1,malicious,selfsuperaded
selfsupered,2,0,False,False,False,1,4,0,4,0.03225806451612903,0,0,0,0,False,0,0,False,0,0,False,2,1,31,0.06451612903225806,3.2859125274384064,3.7264741182543757,0,0,0,0,0,0,0,0,0,0,0,0,0,0,0,0,0,0,4,4,2,0.0,0,0,1,1,1,0.4,0,0,0,0,20,1,malicious,selfsupered
selfsupergameencode,2,0,False,False,False,0,3,2,3,0.0,0,0,0,2,False,0,1,False,0,0,False,1,0,29,0.034482758620689655,4.131096616162641,5.135185083865586,1,0,0,0,0,1,0,2,0,0,1,1,0,0,0,2,0,0,3,3,3,0.0,0,0,0,0,0,0.0,0,0,0,0,0,1,malicious,selfsupergameencode
selfsuperstrpaypal,2,1,False,True,False,1,2,0,2,0.03333333333333333,0,0,0,0,False,0,0,False,0,0,False,1,0,30,0.03333333333333333,3.581086357513016,4.021928094887363,0,0,0,0,0,0,0,0,0,0,1,0,0,0,0,1,0,0,2,2,1,0.0,0,0,0,0,0,0.0,0,0,0,0,0,1,malicious,selfsuperstrpaypal
selfsupervisa,2,0,False,False,False,1,3,0,3,0.03125,0,0,0,0,False,0,0,False,0,0,False,1,0,32,0.03125,3.212113324270797,3.7264741182543757,0,0,0,0,0,0,0,0,0,0,0,0,0,0,0,0,0,0,3,3,2,0.0,0,0,0,0,1,0.4,0,0,0,0,20,1,malicious,selfsupervisa
selftoolguihttp,2,1,True,False,False,1,2,0,2,0.03125,0,0,0,0,False,0,0,False,0,0,False,2,1,32,0.0625,3.2369435147777086,3.7264741182543757,0,0,0,0,0,0,0,0,0,0,0,0,0,0,0,0,0,0,2,2,2,0.0,0,0,1,1,0,0.0,0,0,0,0,0,1,malicious,selftoolguihttp
selfultracraft,3,1,True,False,False,1,4,0,3,0.027777777777777776,0,3,0,0,False,0,0,False,0,0,False,2,0,36,0.05555555555555555,3.514624659667524,3.9873261452560076,0,0,0,0,0,0,0,0,0,1,0,0,0,0,0,0,0,1,4,3,1,20.0,2,1,1,1,0,0.0,0,0,0,0,20,1,malicious,selfultracraft
selfultrainfocraft,3,1,True,False,False,1,4,0,3,0.027777777777777776,0,3,0,0,False,0,0,False,0,0,False,2,0,36,0.05555555555555555,3.6066873927773035,3.9873261452560076,0,0,0,0,0,0,0,0,0,1,0,0,0,0,0,0,0,1,4,3,1,20.0,2,1,1,1,0,0.0,0,0,0,0,20,1,malicious,selfultrainfocraft
selfultramc,2,1,True,False,False,1,2,0,2,0.03125,0,0,0,0,False,0,0,False,0,0,False,2,1,32,0.0625,3.225539016783082,3.7264741182543757,0,0,0,0,0,0,0,0,0,0,0,0,0,0,0,0,0,0,2,2,2,0.0,0,0,1,1,0,0.0,0,0,0,0,0,1,malicious,selfultramc
selfultrapaypalencode,2,0,False,False,False,1,4,0,4,0.03225806451612903,0,0,0,0,False,0,0,False,0,0,False,2,1,31,0.06451612903225806,3.6721419013144154,3.7264741182543757,0,0,0,0,0,0,0,0,0,0,0,0,0,0,0,0,0,0,4,4,2,0.0,0,0,1,1,1,0.4,0,0,0,0,20,1,malicious,selfultrapaypalencode
selfultrapingpush,2,0,False,False,False,0,3,2,3,0.0,0,0,0,2,False,0,1,False,0,0,False,1,0,29,0.034482758620689655,4.159511269358728,5.135185083865586,1,0,0,0,0,1,0,2,0,0,1,1,0,0,0,2,0,0,3,3,3,0.0,0,0,0,0,0,0.0,0,0,0,0,0,1,malicious,selfultrapingpush
selfultrapyw,2,1,True,False,False,1,2,0,2,0.03125,0,0,0,0,False,0,0,False,0,0,False,2,1,32,0.0625,3.2607096160919253,3.7264741182543757,0,0,0,0,0,0,0,0,0,0,0,0,0,0,0,0,0,0,2,2,2,0.0,0,0,1,1,0,0.0,0,0,0,0,0,1,malicious,selfultrapyw
selfultraver,2,1,False,True,False,1,2,0,2,0.03333333333333333,0,0,0,0,False,0,0,False,0,0,False,1,0,30,0.03333333333333333,3.553037051837268,4.021928094887363,0,0,0,0,0,0,0,0,0,0,1,0,0,0,0,1,0,0,2,2,1,0.0,0,0,0,0,0,0.0,0,0,0,0,0,1,malicious,selfultraver
selfultravirtual,3,1,True,False,False,1,4,0,3,0.027777777777777776,0,3,0,0,False,0,0,False,0,0,False,2,0,36,0.05555555555555555,3.542062240503247,3.9873261452560076,0,0,0,0,0,0,0,0,0,1,0,0,0,0,0,0,0,1,4,3,1,20.0,2,1,1,1,0,0.0,0,0,0,0,20,1,malicious,selfultravirtual
selfvergame,3,1,True,False,False,1,4,0,3,0.027777777777777776,0,3,0,0,False,0,0,False,0,0,False,2,0,36,0.05555555555555555,3.498149637334706,3.9873261452560076,0,0,0,0,0,0,0,0,0,1,0,0,0,0,0,0,0,1,4,3,1,20.0,2,1,1,1,0,0.0,0,0,0,0,20,1,malicious,selfvergame
selfvergui,2,1,False,True,False,1,2,0,2,0.03333333333333333,0,0,0,0,False,0,0,False,0,0,False,1,0,30,0.03333333333333333,3.562278450378819,4.021928094887363,0,0,0,0,0,0,0,0,0,0,1,0,0,0,0,1,0,0,2,2,1,0.0,0,0,0,0,0,0.0,0,0,0,0,0,1,malicious,selfvergui
selfverkill,2,0,False,False,False,1,3,0,3,0.03125,0,0,0,0,False,0,0,False,0,0,False,1,0,32,0.03125,3.128242811625046,3.7264741182543757,0,0,0,0,0,0,0,0,0,0,0,0,0,0,0,0,0,0,3,3,2,0.0,0,0,0,0,1,0.4,0,0,0,0,20,1,malicious,selfverkill
selfvermaskpush,2,0,False,False,False,1,4,0,4,0.03225806451612903,0,0,0,0,False,0,0,False,0,0,False,2,1,31,0.06451612903225806,3.5915194401926644,3.7264741182543757,0,0,0,0,0,0,0,0,0,0,0,0,0,0,0,0,0,0,4,4,2,0.0,0,0,1,1,1,0.4,0,0,0,0,20,1,malicious,selfvermaskpush
selfverrand,2,1,False,True,False,1,2,0,2,0.03333333333333333,0,0,0,0,False,0,0,False,0,0,False,1,0,30,0.03333333333333333,3.5557452404072123,4.021928094887363,0,0,0,0,0,0,0,0,0,0,1,0,0,0,0,1,0,0,2,2,1,0.0,0,0,0,0,0,0.0,0,0,0,0,0,1,malicious,selfverrand
selfvirtualhackedhttp,2,1,True,False,False,1,2,0,2,0.03125,0,0,0,0,False,0,0,False,0,0,False,2,1,32,0.0625,3.352371114437714,3.7849418274376423,0,0,0,0,0,0,0,0,0,0,0,0,0,0,0,0,0,0,2,2,2,0.0,0,0,1,1,0,0.0,0,0,0,0,0,1,malicious,selfvirtualhackedhttp
selfvirtualinfoencode,2,1,False,True,False,1,2,0,2,0.03333333333333333,0,0,0,0,False,0,0,False,0,0,False,1,0,30,0.03333333333333333,3.7042223597068658,4.021928094887363,0,0,0,0,0,0,0,0,0,0,1,0,0,0,0,1,0,0,2,2,1,0.0,0,0,0,0,0,0.0,0,0,0,0,0,1,malicious,selfvirtualinfoencode
selfvisapaypalmine,3,1,True,False,False,1,4,0,3,0.027777777777777776,0,3,0,0,False,0,0,False,0,0,False,2,0,36,0.05555555555555555,3.578909614999526,3.9873261452560076,0,0,0,0,0,0,0,0,0,1,0,0,0,0,0,0,0,1,4,3,1,20.0,2,1,1,1,0,0.0,0,0,0,0,20,1,malicious,selfvisapaypalmine
selfvisapostosint,2,1,False,True,False,1,2,0,2,0.03333333333333333,0,0,0,0,False,0,0,False,0,0,False,1,0,30,0.03333333333333333,3.5977797840283876,4.021928094887363,0,0,0,0,0,0,0,0,0,0,1,0,0,0,0,1,0,0,2,2,1,0.0,0,0,0,0,0,0.0,0,0,0,0,0,1,malicious,selfvisapostosint
selfvisavmgame,2,0,False,False,False,1,4,0,4,0.03225806451612903,0,0,0,0,False,0,0,False,0,0,False,2,1,31,0.06451612903225806,3.409771663013133,3.7264741182543757,0,0,0,0,0,0,0,0,0,0,0,0,0,0,0,0,0,0,4,4,2,0.0,0,0,1,1,1,0.4,0,0,0,0,20,1,malicious,selfvisavmgame
selfvmad,2,0,False,False,False,1,3,0,3,0.03125,0,0,0,0,False,0,0,False,0,0,False,1,0,32,0.03125,3.222540103292582,3.7264741182543757,0,0,0,0,0,0,0,0,0,0,0,0,0,0,0,0,0,0,3,3,2,0.0,0,0,0,0,1,0.4,0,0,0,0,20,1,malicious,selfvmad
selfvmedram,2,1,False,True,False,1,2,0,2,0.03333333333333333,0,0,0,0,False,0,0,False,0,0,False,1,0,30,0.03333333333333333,3.5557452404072123,4.021928094887363,0,0,0,0,0,0,0,0,0,0,1,0,0,0,0,1,0,0,2,2,1,0.0,0,0,0,0,0,0.0,0,0,0,0,0,1,malicious,selfvmedram
selfvmload,2,0,False,False,False,1,4,0,4,0.03225806451612903,0,0,0,0,False,0,0,False,0,0,False,2,1,31,0.06451612903225806,3.4242011065708686,3.7264741182543757,0,0,0,0,0,0,0,0,0,0,0,0,0,0,0,0,0,0,4,4,2,0.0,0,0,1,1,1,0.4,0,0,0,0,20,1,malicious,selfvmload
selfvmproofgui,3,1,True,False,False,1,4,0,3,0.027777777777777776,0,3,0,0,False,0,0,False,0,0,False,2,0,36,0.05555555555555555,3.6217675168103813,3.9873261452560076,0,0,0,0,0,0,0,0,0,1,0,0,0,0,0,0,0,1,4,3,1,20.0,2,1,1,1,0,0.0,0,0,0,0,20,1,malicious,selfvmproofgui
selneium,3,1,True,False,False,1,4,0,3,0.027777777777777776,0,3,0,0,False,0,0,False,0,0,False,2,0,36,0.05555555555555555,3.6551431436327353,3.9873261452560076,0,0,0,0,0,0,0,0,0,1,0,0,0,0,0,0,0,1,4,3,1,20.0,2,1,1,1,0,0.0,0,0,0,0,20,1,malicious,selneium
sentinelone-sdk,2,0,False,False,False,1,4,0,4,0.03225806451612903,0,0,0,0,False,0,0,False,0,0,False,2,1,31,0.06451612903225806,3.433023190120549,3.7264741182543757,0,0,0,0,0,0,0,0,0,0,0,0,0,0,0,0,0,0,4,4,2,0.0,0,0,1,1,1,0.4,0,0,0,0,20,1,malicious,sentinelone-sdk
sentinelone,2,0,False,False,False,1,4,0,4,0.03225806451612903,0,0,0,0,False,0,0,False,0,0,False,2,1,31,0.06451612903225806,3.160690368249158,3.7264741182543757,0,0,0,0,0,0,0,0,0,0,0,0,0,0,0,0,0,0,4,4,2,0.0,0,0,1,1,1,0.4,0,0,0,0,20,1,malicious,sentinelone
sentinelonesdk,3,1,True,False,False,1,4,0,3,0.027777777777777776,0,3,0,0,False,0,0,False,0,0,False,2,0,36,0.05555555555555555,3.4876643917331145,3.9873261452560076,0,0,0,0,0,0,0,0,0,1,0,0,0,0,0,0,0,1,4,3,1,20.0,2,1,1,1,0,0.0,0,0,0,0,20,1,malicious,sentinelonesdk
set7,2,0,False,False,False,1,3,0,3,0.03125,0,0,0,0,False,0,0,False,0,0,False,1,0,32,0.03125,3.222540103292582,3.7264741182543757,0,0,0,0,0,0,0,0,0,0,0,0,0,0,0,0,0,0,3,3,2,0.0,0,0,0,0,1,0.4,0,0,0,0,20,1,malicious,set7
setnetwork,2,1,True,False,False,1,2,0,2,0.03125,0,0,0,0,False,0,0,False,0,0,False,2,1,32,0.0625,3.1366176813001436,3.7264741182543757,0,0,0,0,0,0,0,0,0,0,0,0,0,0,0,0,0,0,2,2,2,0.0,0,0,1,1,0,0.0,0,0,0,0,0,1,malicious,setnetwork
settinginmaass,2,0,False,False,False,1,4,0,4,0.03225806451612903,0,0,0,0,False,0,0,False,0,0,False,2,1,31,0.06451612903225806,3.311382823650152,3.7264741182543757,0,0,0,0,0,0,0,0,0,0,0,0,0,0,0,0,0,0,4,4,2,0.0,0,0,1,1,1,0.4,0,0,0,0,20,1,malicious,settinginmaass
setup-tools,3,1,True,False,False,1,4,0,3,0.027777777777777776,0,3,0,0,False,0,0,False,0,0,False,2,0,36,0.05555555555555555,3.4698516260202394,3.9873261452560076,0,0,0,0,0,0,0,0,0,1,0,0,0,0,0,0,0,1,4,3,1,20.0,2,1,1,1,0,0.0,0,0,0,0,20,1,malicious,setup-tools
setuptool,2,1,True,False,False,1,2,0,2,0.03125,0,0,0,0,False,0,0,False,0,0,False,2,1,32,0.0625,3.2081808767710718,3.7264741182543757,0,0,0,0,0,0,0,0,0,0,0,0,0,0,0,0,0,0,2,2,2,0.0,0,0,1,1,0,0.0,0,0,0,0,0,1,malicious,setuptool
set_utils,2,1,False,True,False,1,2,0,2,0.03333333333333333,0,0,0,0,False,0,0,False,0,0,False,1,0,30,0.03333333333333333,3.709061902209305,4.021928094887363,0,0,0,0,0,0,0,0,0,0,1,0,0,0,0,1,0,0,2,2,1,0.0,0,0,0,0,0,0.0,0,0,0,0,0,1,malicious,set_utils
sfox-ecdsa,2,0,False,False,False,0,3,2,3,0.0,0,0,0,2,False,0,1,False,0,0,False,1,0,29,0.034482758620689655,3.9945290990024414,5.135185083865586,1,0,0,0,0,1,0,2,0,0,1,1,0,0,0,2,0,0,3,3,3,0.0,0,0,0,0,0,0.0,0,0,0,0,0,1,malicious,sfox-ecdsa
shaasigma,2,1,True,False,False,1,2,0,2,0.03125,0,0,0,0,False,0,0,False,0,0,False,2,1,32,0.0625,3.2081808767710718,3.7264741182543757,0,0,0,0,0,0,0,0,0,0,0,0,0,0,0,0,0,0,2,2,2,0.0,0,0,1,1,0,0.0,0,0,0,0,0,1,malicious,shaasigma
shaderz,2,1,True,False,False,1,2,0,2,0.03125,0,0,0,0,False,0,0,False,0,0,False,2,1,32,0.0625,3.2081808767710718,3.7264741182543757,0,0,0,0,0,0,0,0,0,0,0,0,0,0,0,0,0,0,2,2,2,0.0,0,0,1,1,0,0.0,0,0,0,0,0,1,malicious,shaderz
siamrahman,3,1,True,False,False,1,4,0,3,0.027777777777777776,0,3,0,0,False,0,0,False,0,0,False,2,0,36,0.05555555555555555,3.402967193892305,3.9873261452560076,0,0,0,0,0,0,0,0,0,1,0,0,0,0,0,0,0,1,4,3,1,20.0,2,1,1,1,0,0.0,0,0,0,0,20,1,malicious,siamrahman
siamttviews,2,0,False,False,False,0,3,2,3,0.0,0,0,0,2,False,0,1,False,0,0,False,1,0,29,0.034482758620689655,3.9252120917675715,5.135185083865586,1,0,0,0,0,1,0,2,0,0,1,1,0,0,0,2,0,0,3,3,3,0.0,0,0,0,0,0,0.0,0,0,0,0,0,1,malicious,siamttviews
sickit-learn,2,1,False,True,False,1,2,0,2,0.03333333333333333,0,0,0,0,False,0,0,False,0,0,False,1,0,30,0.03333333333333333,3.636370385170601,4.021928094887363,0,0,0,0,0,0,0,0,0,0,1,0,0,0,0,1,0,0,2,2,1,0.0,0,0,0,0,0,0.0,0,0,0,0,0,1,malicious,sickit-learn
siimplejson,3,1,True,False,False,1,4,0,3,0.027777777777777776,0,3,0,0,False,0,0,False,0,0,False,2,0,36,0.05555555555555555,3.515306171474785,3.9873261452560076,0,0,0,0,0,0,0,0,0,1,0,0,0,0,0,0,0,1,4,3,1,20.0,2,1,1,1,0,0.0,0,0,0,0,20,1,malicious,siimplejson
sikit-learn,2,1,False,True,False,1,2,0,2,0.03333333333333333,0,0,0,0,False,0,0,False,0,0,False,1,0,30,0.03333333333333333,3.6011997858617577,4.021928094887363,0,0,0,0,0,0,0,0,0,0,1,0,0,0,0,1,0,0,2,2,1,0.0,0,0,0,0,0,0.0,0,0,0,0,0,1,malicious,sikit-learn
simlejson,2,0,False,False,False,1,3,0,3,0.03125,0,0,0,0,False,0,0,False,0,0,False,1,0,32,0.03125,3.222540103292582,3.7264741182543757,0,0,0,0,0,0,0,0,0,0,0,0,0,0,0,0,0,0,3,3,2,0.0,0,0,0,0,1,0.4,0,0,0,0,20,1,malicious,simlejson
simlpejson,2,0,False,False,False,1,4,0,4,0.03225806451612903,0,0,0,0,False,0,0,False,0,0,False,2,1,31,0.06451612903225806,3.4242011065708686,3.7264741182543757,0,0,0,0,0,0,0,0,0,0,0,0,0,0,0,0,0,0,4,4,2,0.0,0,0,1,1,1,0.4,0,0,0,0,20,1,malicious,simlpejson
simmplejson,2,0,False,False,False,1,4,0,4,0.03225806451612903,0,0,0,0,False,0,0,False,0,0,False,2,1,31,0.06451612903225806,3.411134686627655,3.7264741182543757,0,0,0,0,0,0,0,0,0,0,0,0,0,0,0,0,0,0,4,4,2,0.0,0,0,1,1,1,0.4,0,0,0,0,20,1,malicious,simmplejson
simpeljson,2,2,False,True,True,1,1,0,1,0.03333333333333333,0,1,0,0,False,0,0,False,0,0,False,1,0,30,0.03333333333333333,3.4242011065708686,3.7264741182543757,0,0,0,0,0,0,0,0,0,0,0,1,0,0,0,0,0,0,1,1,1,0.0,0,0,0,0,0,0.0,0,0,0,0,0,1,malicious,simpeljson
simplecalc-2022,2,2,False,True,True,1,1,0,1,0.03333333333333333,0,1,0,0,False,0,0,False,0,0,False,1,0,30,0.03333333333333333,3.524852773525998,3.7264741182543757,0,0,0,0,0,0,0,0,0,0,0,1,0,0,0,0,0,0,1,1,1,0.0,0,0,0,0,0,0.0,0,0,0,0,0,1,malicious,simplecalc-2022
simpleejson,3,1,True,False,False,1,4,0,3,0.027777777777777776,0,3,0,0,False,0,0,False,0,0,False,2,0,36,0.05555555555555555,3.515306171474785,3.9873261452560076,0,0,0,0,0,0,0,0,0,1,0,0,0,0,0,0,0,1,4,3,1,20.0,2,1,1,1,0,0.0,0,0,0,0,20,1,malicious,simpleejson
simplejjson,3,1,True,False,False,1,4,0,3,0.027777777777777776,0,3,0,0,False,0,0,False,0,0,False,2,0,36,0.05555555555555555,3.515306171474785,3.9873261452560076,0,0,0,0,0,0,0,0,0,1,0,0,0,0,0,0,0,1,4,3,1,20.0,2,1,1,1,0,0.0,0,0,0,0,20,1,malicious,simplejjson
simplejon,2,1,False,True,False,1,2,0,2,0.03333333333333333,0,0,0,0,False,0,0,False,0,0,False,1,0,30,0.03333333333333333,3.709061902209305,4.021928094887363,0,0,0,0,0,0,0,0,0,0,1,0,0,0,0,1,0,0,2,2,1,0.0,0,0,0,0,0,0.0,0,0,0,0,0,1,malicious,simplejon
simplejosn,2,1,False,True,False,1,2,0,2,0.03333333333333333,0,0,0,0,False,0,0,False,0,0,False,1,0,30,0.03333333333333333,3.562278450378819,4.021928094887363,0,0,0,0,0,0,0,0,0,0,1,0,0,0,0,1,0,0,2,2,1,0.0,0,0,0,0,0,0.0,0,0,0,0,0,1,malicious,simplejosn
simplejsn,2,0,False,False,False,1,4,0,4,0.03225806451612903,0,0,0,0,False,0,0,False,0,0,False,2,1,31,0.06451612903225806,3.7264741182543757,3.7264741182543757,0,0,0,0,0,0,0,0,0,0,0,0,0,0,0,0,0,0,4,4,2,0.0,0,0,1,1,1,0.4,0,0,0,0,20,1,malicious,simplejsn
simplejsno,2,0,False,False,False,1,3,0,3,0.03125,0,0,0,0,False,0,0,False,0,0,False,1,0,32,0.03125,3.197387101191277,3.7264741182543757,0,0,0,0,0,0,0,0,0,0,0,0,0,0,0,0,0,0,3,3,2,0.0,0,0,0,0,1,0.4,0,0,0,0,20,1,malicious,simplejsno
simplejso,3,1,True,False,False,1,4,0,3,0.027777777777777776,0,3,0,0,False,0,0,False,0,0,False,2,0,36,0.05555555555555555,3.6551431436327353,3.9873261452560076,0,0,0,0,0,0,0,0,0,1,0,0,0,0,0,0,0,1,4,3,1,20.0,2,1,1,1,0,0.0,0,0,0,0,20,1,malicious,simplejso
simplejsonn,3,1,True,False,False,1,4,0,3,0.027777777777777776,0,3,0,0,False,0,0,False,0,0,False,2,0,36,0.05555555555555555,3.515306171474785,3.9873261452560076,0,0,0,0,0,0,0,0,0,1,0,0,0,0,0,0,0,1,4,3,1,20.0,2,1,1,1,0,0.0,0,0,0,0,20,1,malicious,simplejsonn
simplejsoon,2,0,False,False,False,1,3,0,3,0.03125,0,0,0,0,False,0,0,False,0,0,False,1,0,32,0.03125,3.1908538912196702,3.7264741182543757,0,0,0,0,0,0,0,0,0,0,0,0,0,0,0,0,0,0,3,3,2,0.0,0,0,0,0,1,0.4,0,0,0,0,20,1,malicious,simplejsoon
simplejsson,3,1,True,False,False,1,4,0,3,0.027777777777777776,0,3,0,0,False,0,0,False,0,0,False,2,0,36,0.05555555555555555,3.498149637334706,3.9873261452560076,0,0,0,0,0,0,0,0,0,1,0,0,0,0,0,0,0,1,4,3,1,20.0,2,1,1,1,0,0.0,0,0,0,0,20,1,malicious,simplejsson
simplesjon,2,0,False,False,False,0,3,2,3,0.0,0,0,0,2,False,0,1,False,0,0,False,1,0,29,0.034482758620689655,3.9945290990024414,5.135185083865586,1,0,0,0,0,1,0,2,0,0,1,1,0,0,0,2,0,0,3,3,3,0.0,0,0,0,0,0,0.0,0,0,0,0,0,1,malicious,simplesjon
simpleson,2,0,False,False,False,1,3,0,3,0.03125,0,0,0,0,False,0,0,False,0,0,False,1,0,32,0.03125,3.222540103292582,3.7264741182543757,0,0,0,0,0,0,0,0,0,0,0,0,0,0,0,0,0,0,3,3,2,0.0,0,0,0,0,1,0.4,0,0,0,0,20,1,malicious,simpleson
simpllejson,2,2,False,True,True,1,1,0,1,0.03333333333333333,0,1,0,0,False,0,0,False,0,0,False,1,0,30,0.03333333333333333,3.411134686627655,3.7264741182543757,0,0,0,0,0,0,0,0,0,0,0,1,0,0,0,0,0,0,1,1,1,0.0,0,0,0,0,0,0.0,0,0,0,0,0,1,malicious,simpllejson
simplyjson,3,1,True,False,False,1,4,0,3,0.027777777777777776,0,3,0,0,False,0,0,False,0,0,False,2,0,36,0.05555555555555555,3.5218393814463917,3.9873261452560076,0,0,0,0,0,0,0,0,0,1,0,0,0,0,0,0,0,1,4,3,1,20.0,2,1,1,1,0,0.0,0,0,0,0,20,1,malicious,simplyjson
simpplejson,2,0,False,False,False,1,3,0,3,0.03125,0,0,0,0,False,0,0,False,0,0,False,1,0,32,0.03125,3.1908538912196702,3.7264741182543757,0,0,0,0,0,0,0,0,0,0,0,0,0,0,0,0,0,0,3,3,2,0.0,0,0,0,0,1,0.4,0,0,0,0,20,1,malicious,simpplejson
sintaxisoyyo,2,0,False,False,False,1,4,0,4,0.03225806451612903,0,0,0,0,False,0,0,False,0,0,False,2,1,31,0.06451612903225806,3.3223849761544324,3.7264741182543757,0,0,0,0,0,0,0,0,0,0,0,0,0,0,0,0,0,0,4,4,2,0.0,0,0,1,1,1,0.4,0,0,0,0,20,1,malicious,sintaxisoyyo
siplejson,2,2,False,True,True,1,1,0,1,0.03333333333333333,0,1,0,0,False,0,0,False,0,0,False,1,0,30,0.03333333333333333,3.7264741182543757,3.7264741182543757,0,0,0,0,0,0,0,0,0,0,0,1,0,0,0,0,0,0,1,1,1,0.0,0,0,0,0,0,0.0,0,0,0,0,0,1,malicious,siplejson
sisaws,2,1,False,True,False,1,2,0,2,0.03333333333333333,0,0,0,0,False,0,0,False,0,0,False,1,0,30,0.03333333333333333,3.709061902209305,4.021928094887363,0,0,0,0,0,0,0,0,0,0,1,0,0,0,0,1,0,0,2,2,1,0.0,0,0,0,0,0,0.0,0,0,0,0,0,1,malicious,sisaws
sitechdemo100,2,1,False,True,False,1,2,0,2,0.03333333333333333,0,0,0,0,False,0,0,False,0,0,False,1,0,30,0.03333333333333333,3.629983279269175,4.021928094887363,0,0,0,0,0,0,0,0,0,0,1,0,0,0,0,1,0,0,2,2,1,0.0,0,0,0,0,0,0.0,0,0,0,0,0,1,malicious,sitechdemo100
skd64,2,0,False,False,False,1,3,0,3,0.03125,0,0,0,0,False,0,0,False,0,0,False,1,0,32,0.03125,3.222540103292582,3.7264741182543757,0,0,0,0,0,0,0,0,0,0,0,0,0,0,0,0,0,0,3,3,2,0.0,0,0,0,0,1,0.4,0,0,0,0,20,1,malicious,skd64
slana,3,1,True,False,False,1,4,0,3,0.027777777777777776,0,3,0,0,False,0,0,False,0,0,False,2,0,36,0.05555555555555555,3.6551431436327353,3.9873261452560076,0,0,0,0,0,0,0,0,0,1,0,0,0,0,0,0,0,1,4,3,1,20.0,2,1,1,1,0,0.0,0,0,0,0,20,1,malicious,slana
slenium,2,1,False,True,False,1,2,0,2,0.03333333333333333,0,0,0,0,False,0,0,False,0,0,False,1,0,30,0.03333333333333333,3.709061902209305,4.021928094887363,0,0,0,0,0,0,0,0,0,0,1,0,0,0,0,1,0,0,2,2,1,0.0,0,0,0,0,0,0.0,0,0,0,0,0,1,malicious,slenium
sloana,2,1,False,True,False,1,2,0,2,0.03333333333333333,0,0,0,0,False,0,0,False,0,0,False,1,0,30,0.03333333333333333,3.709061902209305,4.021928094887363,0,0,0,0,0,0,0,0,0,0,1,0,0,0,0,1,0,0,2,2,1,0.0,0,0,0,0,0,0.0,0,0,0,0,0,1,malicious,sloana
sluheczo,2,0,False,False,False,1,4,0,4,0.03225806451612903,0,0,0,0,False,0,0,False,0,0,False,2,1,31,0.06451612903225806,3.7264741182543757,3.7264741182543757,0,0,0,0,0,0,0,0,0,0,0,0,0,0,0,0,0,0,4,4,2,0.0,0,0,1,1,1,0.4,0,0,0,0,20,1,malicious,sluheczo
smb,3,1,True,False,False,1,4,0,3,0.027777777777777776,0,3,0,0,False,0,0,False,0,0,False,2,0,36,0.05555555555555555,3.6551431436327353,3.9873261452560076,0,0,0,0,0,0,0,0,0,1,0,0,0,0,0,0,0,1,4,3,1,20.0,2,1,1,1,0,0.0,0,0,0,0,20,1,malicious,smb
smplejson,2,0,False,False,False,1,3,0,3,0.03125,0,0,0,0,False,0,0,False,0,0,False,1,0,32,0.03125,3.222540103292582,3.7264741182543757,0,0,0,0,0,0,0,0,0,0,0,0,0,0,0,0,0,0,3,3,2,0.0,0,0,0,0,1,0.4,0,0,0,0,20,1,malicious,smplejson
snwproxies,2,2,False,True,True,1,1,0,1,0.03333333333333333,0,1,0,0,False,0,0,False,0,0,False,1,0,30,0.03333333333333333,3.4242011065708686,3.7264741182543757,0,0,0,0,0,0,0,0,0,0,0,1,0,0,0,0,0,0,1,1,1,0.0,0,0,0,0,0,0.0,0,0,0,0,0,1,malicious,snwproxies
soalna,2,1,False,True,False,1,2,0,2,0.03333333333333333,0,0,0,0,False,0,0,False,0,0,False,1,0,30,0.03333333333333333,3.709061902209305,4.021928094887363,0,0,0,0,0,0,0,0,0,0,1,0,0,0,0,1,0,0,2,2,1,0.0,0,0,0,0,0,0.0,0,0,0,0,0,1,malicious,soalna
soana,2,1,True,False,False,1,2,0,2,0.03125,0,0,0,0,False,0,0,False,0,0,False,2,1,32,0.0625,3.2081808767710718,3.7264741182543757,0,0,0,0,0,0,0,0,0,0,0,0,0,0,0,0,0,0,2,2,2,0.0,0,0,1,1,0,0.0,0,0,0,0,0,1,malicious,soana
social-checker,2,0,False,False,False,0,3,2,3,0.0,0,0,0,2,False,0,1,False,0,0,False,1,0,29,0.034482758620689655,4.062174053245773,5.135185083865586,1,0,0,0,0,1,0,2,0,0,1,1,0,0,0,2,0,0,3,3,3,0.0,0,0,0,0,0,0.0,0,0,0,0,0,1,malicious,social-checker
social-scrapper,2,0,False,False,False,1,3,0,3,0.03125,0,0,0,0,False,0,0,False,0,0,False,1,0,32,0.03125,3.2269610597049,3.7264741182543757,0,0,0,0,0,0,0,0,0,0,0,0,0,0,0,0,0,0,3,3,2,0.0,0,0,0,0,1,0.4,0,0,0,0,20,1,malicious,social-scrapper
socksproxies,2,1,True,False,False,1,2,0,2,0.03125,0,0,0,0,False,0,0,False,0,0,False,2,1,32,0.0625,3.1616494597968536,3.7264741182543757,0,0,0,0,0,0,0,0,0,0,0,0,0,0,0,0,0,0,2,2,2,0.0,0,0,1,1,0,0.0,0,0,0,0,0,1,malicious,socksproxies
solaa,2,2,False,True,True,1,1,0,1,0.03333333333333333,0,1,0,0,False,0,0,False,0,0,False,1,0,30,0.03333333333333333,3.7264741182543757,3.7264741182543757,0,0,0,0,0,0,0,0,0,0,0,1,0,0,0,0,0,0,1,1,1,0.0,0,0,0,0,0,0.0,0,0,0,0,0,1,malicious,solaa
solaan,3,1,True,False,False,1,4,0,3,0.027777777777777776,0,3,0,0,False,0,0,False,0,0,False,2,0,36,0.05555555555555555,3.6551431436327353,3.9873261452560076,0,0,0,0,0,0,0,0,0,1,0,0,0,0,0,0,0,1,4,3,1,20.0,2,1,1,1,0,0.0,0,0,0,0,20,1,malicious,solaan
solaana,2,0,False,False,False,1,3,0,3,0.03125,0,0,0,0,False,0,0,False,0,0,False,1,0,32,0.03125,3.222540103292582,3.7264741182543757,0,0,0,0,0,0,0,0,0,0,0,0,0,0,0,0,0,0,3,3,2,0.0,0,0,0,0,1,0.4,0,0,0,0,20,1,malicious,solaana
solanaa,2,0,False,False,False,1,4,0,4,0.03225806451612903,0,0,0,0,False,0,0,False,0,0,False,2,1,31,0.06451612903225806,3.7264741182543757,3.7264741182543757,0,0,0,0,0,0,0,0,0,0,0,0,0,0,0,0,0,0,4,4,2,0.0,0,0,1,1,1,0.4,0,0,0,0,20,1,malicious,solanaa
solanna,2,0,False,False,False,1,3,0,3,0.03125,0,0,0,0,False,0,0,False,0,0,False,1,0,32,0.03125,3.222540103292582,3.7264741182543757,0,0,0,0,0,0,0,0,0,0,0,0,0,0,0,0,0,0,3,3,2,0.0,0,0,0,0,1,0.4,0,0,0,0,20,1,malicious,solanna
sollana,2,0,False,False,False,1,4,0,4,0.03225806451612903,0,0,0,0,False,0,0,False,0,0,False,2,1,31,0.06451612903225806,3.7264741182543757,3.7264741182543757,0,0,0,0,0,0,0,0,0,0,0,0,0,0,0,0,0,0,4,4,2,0.0,0,0,1,1,1,0.4,0,0,0,0,20,1,malicious,sollana
solna,2,0,False,False,False,0,3,2,3,0.0,0,0,0,2,False,0,1,False,0,0,False,1,0,29,0.034482758620689655,4.4308296010599815,5.135185083865586,1,0,0,0,0,1,0,2,0,0,1,1,0,0,0,2,0,0,3,3,3,0.0,0,0,0,0,0,0.0,0,0,0,0,0,1,malicious,solna
solnaa,3,1,True,False,False,1,4,0,3,0.027777777777777776,0,3,0,0,False,0,0,False,0,0,False,2,0,36,0.05555555555555555,3.6551431436327353,3.9873261452560076,0,0,0,0,0,0,0,0,0,1,0,0,0,0,0,0,0,1,4,3,1,20.0,2,1,1,1,0,0.0,0,0,0,0,20,1,malicious,solnaa
someeebbb,2,1,False,True,False,1,2,0,2,0.03333333333333333,0,0,0,0,False,0,0,False,0,0,False,1,0,30,0.03333333333333333,3.709061902209305,4.021928094887363,0,0,0,0,0,0,0,0,0,0,1,0,0,0,0,1,0,0,2,2,1,0.0,0,0,0,0,0,0.0,0,0,0,0,0,1,malicious,someeebbb
sonic-py-common,2,1,True,False,False,1,2,0,2,0.03125,0,0,0,0,False,0,0,False,0,0,False,2,1,32,0.0625,3.170276848111042,3.7264741182543757,0,0,0,0,0,0,0,0,0,0,0,0,0,0,0,0,0,0,2,2,2,0.0,0,0,1,1,0,0.0,0,0,0,0,0,1,malicious,sonic-py-common
soolana,2,1,True,False,False,1,2,0,2,0.03125,0,0,0,0,False,0,0,False,0,0,False,2,1,32,0.0625,3.2081808767710718,3.7264741182543757,0,0,0,0,0,0,0,0,0,0,0,0,0,0,0,0,0,0,2,2,2,0.0,0,0,1,1,0,0.0,0,0,0,0,0,1,malicious,soolana
spacefilterapi,2,1,True,False,False,1,2,0,2,0.03125,0,0,0,0,False,0,0,False,0,0,False,2,1,32,0.0625,3.215117245235562,3.7264741182543757,0,0,0,0,0,0,0,0,0,0,0,0,0,0,0,0,0,0,2,2,2,0.0,0,0,1,1,0,0.0,0,0,0,0,0,1,malicious,spacefilterapi
speechrecongition,2,1,True,False,False,1,2,0,2,0.03125,0,0,0,0,False,0,0,False,0,0,False,2,1,32,0.0625,3.2404294928590724,3.7264741182543757,0,0,0,0,0,0,0,0,0,0,0,0,0,0,0,0,0,0,2,2,2,0.0,0,0,1,1,0,0.0,0,0,0,0,0,1,malicious,speechrecongition
splitmask,2,0,False,False,False,1,4,0,4,0.03225806451612903,0,0,0,0,False,0,0,False,0,0,False,2,1,31,0.06451612903225806,3.7264741182543757,3.7264741182543757,0,0,0,0,0,0,0,0,0,0,0,0,0,0,0,0,0,0,4,4,2,0.0,0,0,1,1,1,0.4,0,0,0,0,20,1,malicious,splitmask
spookyimagelogger,2,0,False,False,False,1,3,0,3,0.03125,0,0,0,0,False,0,0,False,0,0,False,1,0,32,0.03125,3.2695093906595667,3.7264741182543757,0,0,0,0,0,0,0,0,0,0,0,0,0,0,0,0,0,0,3,3,2,0.0,0,0,0,0,1,0.4,0,0,0,0,20,1,malicious,spookyimagelogger
spyme,2,0,False,False,False,0,3,2,3,0.0,0,0,0,2,False,0,1,False,0,0,False,1,0,29,0.034482758620689655,4.4308296010599815,5.135185083865586,1,0,0,0,0,1,0,2,0,0,1,1,0,0,0,2,0,0,3,3,3,0.0,0,0,0,0,0,0.0,0,0,0,0,0,1,malicious,spyme
sqlachemy,2,2,False,True,True,1,1,0,1,0.03333333333333333,0,1,0,0,False,0,0,False,0,0,False,1,0,30,0.03333333333333333,3.7264741182543757,3.7264741182543757,0,0,0,0,0,0,0,0,0,0,0,1,0,0,0,0,0,0,1,1,1,0.0,0,0,0,0,0,0.0,0,0,0,0,0,1,malicious,sqlachemy
sqlalcemy,2,0,False,False,False,1,3,0,3,0.03125,0,0,0,0,False,0,0,False,0,0,False,1,0,32,0.03125,3.222540103292582,3.7264741182543757,0,0,0,0,0,0,0,0,0,0,0,0,0,0,0,0,0,0,3,3,2,0.0,0,0,0,0,1,0.4,0,0,0,0,20,1,malicious,sqlalcemy
srcapy,2,1,False,True,False,1,2,0,2,0.03333333333333333,0,0,0,0,False,0,0,False,0,0,False,1,0,30,0.03333333333333333,3.709061902209305,4.021928094887363,0,0,0,0,0,0,0,0,0,0,1,0,0,0,0,1,0,0,2,2,1,0.0,0,0,0,0,0,0.0,0,0,0,0,0,1,malicious,srcapy
srv-configs,2,1,True,False,False,1,2,0,2,0.03125,0,0,0,0,False,0,0,False,0,0,False,2,1,32,0.0625,3.225539016783083,3.7264741182543757,0,0,0,0,0,0,0,0,0,0,0,0,0,0,0,0,0,0,2,2,2,0.0,0,0,1,1,0,0.0,0,0,0,0,0,1,malicious,srv-configs
sscikit-learn,2,1,False,True,False,1,2,0,2,0.03333333333333333,0,0,0,0,False,0,0,False,0,0,False,1,0,30,0.03333333333333333,3.629983279269175,4.021928094887363,0,0,0,0,0,0,0,0,0,0,1,0,0,0,0,1,0,0,2,2,1,0.0,0,0,0,0,0,0.0,0,0,0,0,0,1,malicious,sscikit-learn
sscrapy,2,0,False,False,False,1,3,0,3,0.03125,0,0,0,0,False,0,0,False,0,0,False,1,0,32,0.03125,3.222540103292582,3.7264741182543757,0,0,0,0,0,0,0,0,0,0,0,0,0,0,0,0,0,0,3,3,2,0.0,0,0,0,0,1,0.4,0,0,0,0,20,1,malicious,sscrapy
ssh-decorate,2,2,False,True,True,1,1,0,1,0.03333333333333333,0,1,0,0,False,0,0,False,0,0,False,1,0,30,0.03333333333333333,3.4890516428210994,3.7264741182543757,0,0,0,0,0,0,0,0,0,0,0,1,0,0,0,0,0,0,1,1,1,0.0,0,0,0,0,0,0.0,0,0,0,0,0,1,malicious,ssh-decorate
ssimplejson,2,0,False,False,False,1,4,0,4,0.03225806451612903,0,0,0,0,False,0,0,False,0,0,False,2,1,31,0.06451612903225806,3.3768216183474973,3.7264741182543757,0,0,0,0,0,0,0,0,0,0,0,0,0,0,0,0,0,0,4,4,2,0.0,0,0,1,1,1,0.4,0,0,0,0,20,1,malicious,ssimplejson
ssolana,2,0,False,False,False,1,3,0,3,0.03125,0,0,0,0,False,0,0,False,0,0,False,1,0,32,0.03125,3.222540103292582,3.7264741182543757,0,0,0,0,0,0,0,0,0,0,0,0,0,0,0,0,0,0,3,3,2,0.0,0,0,0,0,1,0.4,0,0,0,0,20,1,malicious,ssolana
st-py-de-cli,2,0,False,False,False,1,3,0,3,0.03125,0,0,0,0,False,0,0,False,0,0,False,1,0,32,0.03125,3.2140855463546534,3.7264741182543757,0,0,0,0,0,0,0,0,0,0,0,0,0,0,0,0,0,0,3,3,2,0.0,0,0,0,0,1,0.4,0,0,0,0,20,1,malicious,st-py-de-cli
statmodel,2,0,False,False,False,0,3,2,3,0.0,0,0,0,2,False,0,1,False,0,0,False,1,0,29,0.034482758620689655,4.4308296010599815,5.135185083865586,1,0,0,0,0,1,0,2,0,0,1,1,0,0,0,2,0,0,3,3,3,0.0,0,0,0,0,0,0.0,0,0,0,0,0,1,malicious,statmodel
statmodels,2,1,True,False,False,1,2,0,2,0.03125,0,0,0,0,False,0,0,False,0,0,False,2,1,32,0.0625,3.1366176813001436,3.7264741182543757,0,0,0,0,0,0,0,0,0,0,0,0,0,0,0,0,0,0,2,2,2,0.0,0,0,1,1,0,0.0,0,0,0,0,0,1,malicious,statmodels
statsmodel,2,0,False,False,False,0,3,2,3,0.0,0,0,0,2,False,0,1,False,0,0,False,1,0,29,0.034482758620689655,3.927862432335775,5.135185083865586,1,0,0,0,0,1,0,2,0,0,1,1,0,0,0,2,0,0,3,3,3,0.0,0,0,0,0,0,0.0,0,0,0,0,0,1,malicious,statsmodel
stealthpy,2,0,False,False,False,0,3,2,3,0.0,0,0,0,2,False,0,1,False,0,0,False,1,0,29,0.034482758620689655,4.4308296010599815,5.135185083865586,1,0,0,0,0,1,0,2,0,0,1,1,0,0,0,2,0,0,3,3,3,0.0,0,0,0,0,0,0.0,0,0,0,0,0,1,malicious,stealthpy
strgrand,2,0,False,False,False,0,3,2,3,0.0,0,0,0,2,False,0,1,False,0,0,False,1,0,29,0.034482758620689655,4.4308296010599815,5.135185083865586,1,0,0,0,0,1,0,2,0,0,1,1,0,0,0,2,0,0,3,3,3,0.0,0,0,0,0,0,0.0,0,0,0,0,0,1,malicious,strgrand
strhydra,2,0,False,False,False,0,3,2,3,0.0,0,0,0,2,False,0,1,False,0,0,False,1,0,29,0.034482758620689655,4.4308296010599815,5.135185083865586,1,0,0,0,0,1,0,2,0,0,1,1,0,0,0,2,0,0,3,3,3,0.0,0,0,0,0,0,0.0,0,0,0,0,0,1,malicious,strhydra
strinfer,2,1,False,True,False,1,2,0,2,0.03333333333333333,0,0,0,0,False,0,0,False,0,0,False,1,0,30,0.03333333333333333,3.709061902209305,4.021928094887363,0,0,0,0,0,0,0,0,0,0,1,0,0,0,0,1,0,0,2,2,1,0.0,0,0,0,0,0,0.0,0,0,0,0,0,1,malicious,strinfer
stringe,2,0,False,False,False,1,3,0,3,0.03125,0,0,0,0,False,0,0,False,0,0,False,1,0,32,0.03125,3.222540103292582,3.7264741182543757,0,0,0,0,0,0,0,0,0,0,0,0,0,0,0,0,0,0,3,3,2,0.0,0,0,0,0,1,0.4,0,0,0,0,20,1,malicious,stringe
stringintel,2,0,False,False,False,1,3,0,3,0.03125,0,0,0,0,False,0,0,False,0,0,False,1,0,32,0.03125,3.145399345765125,3.7264741182543757,0,0,0,0,0,0,0,0,0,0,0,0,0,0,0,0,0,0,3,3,2,0.0,0,0,0,0,1,0.4,0,0,0,0,20,1,malicious,stringintel
stringrand,2,0,False,False,False,1,4,0,4,0.03225806451612903,0,0,0,0,False,0,0,False,0,0,False,2,1,31,0.06451612903225806,3.324201106570869,3.7264741182543757,0,0,0,0,0,0,0,0,0,0,0,0,0,0,0,0,0,0,4,4,2,0.0,0,0,1,1,1,0.4,0,0,0,0,20,1,malicious,stringrand
stringultra,2,0,False,False,False,0,3,2,3,0.0,0,0,0,2,False,0,1,False,0,0,False,1,0,29,0.034482758620689655,3.985818152373632,5.135185083865586,1,0,0,0,0,1,0,2,0,0,1,1,0,0,0,2,0,0,3,3,3,0.0,0,0,0,0,0,0.0,0,0,0,0,0,1,malicious,stringultra
strpull,2,0,False,False,False,1,4,0,4,0.03225806451612903,0,0,0,0,False,0,0,False,0,0,False,2,1,31,0.06451612903225806,3.7264741182543757,3.7264741182543757,0,0,0,0,0,0,0,0,0,0,0,0,0,0,0,0,0,0,4,4,2,0.0,0,0,1,1,1,0.4,0,0,0,0,20,1,malicious,strpull
strreplace,2,0,False,False,False,0,3,2,3,0.0,0,0,0,2,False,0,1,False,0,0,False,1,0,29,0.034482758620689655,3.927862432335775,5.135185083865586,1,0,0,0,0,1,0,2,0,0,1,1,0,0,0,2,0,0,3,3,3,0.0,0,0,0,0,0,0.0,0,0,0,0,0,1,malicious,strreplace
studyhydra,2,2,False,True,True,1,1,0,1,0.03333333333333333,0,1,0,0,False,0,0,False,0,0,False,1,0,30,0.03333333333333333,3.324201106570869,3.7264741182543757,0,0,0,0,0,0,0,0,0,0,0,1,0,0,0,0,0,0,1,1,1,0.0,0,0,0,0,0,0.0,0,0,0,0,0,1,malicious,studyhydra
sudo2,3,1,True,False,False,1,4,0,3,0.027777777777777776,0,3,0,0,False,0,0,False,0,0,False,2,0,36,0.05555555555555555,3.6551431436327353,3.9873261452560076,0,0,0,0,0,0,0,0,0,1,0,0,0,0,0,0,0,1,4,3,1,20.0,2,1,1,1,0,0.0,0,0,0,0,20,1,malicious,sudo2
suffer,3,1,True,False,False,1,4,0,3,0.027777777777777776,0,3,0,0,False,0,0,False,0,0,False,2,0,36,0.05555555555555555,3.6551431436327353,3.9873261452560076,0,0,0,0,0,0,0,0,0,1,0,0,0,0,0,0,0,1,4,3,1,20.0,2,1,1,1,0,0.0,0,0,0,0,20,1,malicious,suffer
supersafepackage,2,0,False,False,False,1,3,0,3,0.03125,0,0,0,0,False,0,0,False,0,0,False,1,0,32,0.03125,3.205814843026828,3.7264741182543757,0,0,0,0,0,0,0,0,0,0,0,0,0,0,0,0,0,0,3,3,2,0.0,0,0,0,0,1,0.4,0,0,0,0,20,1,malicious,supersafepackage
supertest9188,2,0,False,False,False,1,4,0,4,0.03225806451612903,0,0,0,0,False,0,0,False,0,0,False,2,1,31,0.06451612903225806,3.4057646105054262,3.7264741182543757,0,0,0,0,0,0,0,0,0,0,0,0,0,0,0,0,0,0,4,4,2,0.0,0,0,1,1,1,0.4,0,0,0,0,20,1,malicious,supertest9188
support-dev,3,1,True,False,False,1,4,0,3,0.027777777777777776,0,3,0,0,False,0,0,False,0,0,False,2,0,36,0.05555555555555555,3.5607607169293303,3.9873261452560076,0,0,0,0,0,0,0,0,0,1,0,0,0,0,0,0,0,1,4,3,1,20.0,2,1,1,1,0,0.0,0,0,0,0,20,1,malicious,support-dev
support-hub,2,0,False,False,False,1,4,0,4,0.03225806451612903,0,0,0,0,False,0,0,False,0,0,False,2,1,31,0.06451612903225806,3.411134686627655,3.7264741182543757,0,0,0,0,0,0,0,0,0,0,0,0,0,0,0,0,0,0,4,4,2,0.0,0,0,1,1,1,0.4,0,0,0,0,20,1,malicious,support-hub
sutiltype,2,0,False,False,False,1,3,0,3,0.03125,0,0,0,0,False,0,0,False,0,0,False,1,0,32,0.03125,3.222540103292582,3.7264741182543757,0,0,0,0,0,0,0,0,0,0,0,0,0,0,0,0,0,0,3,3,2,0.0,0,0,0,0,1,0.4,0,0,0,0,20,1,malicious,sutiltype
suyo,2,1,True,False,False,1,2,0,2,0.03125,0,0,0,0,False,0,0,False,0,0,False,2,1,32,0.0625,3.2081808767710718,3.7264741182543757,0,0,0,0,0,0,0,0,0,0,0,0,0,0,0,0,0,0,2,2,2,0.0,0,0,1,1,0,0.0,0,0,0,0,0,1,malicious,suyo
svcmanagement,2,0,False,False,False,1,4,0,4,0.03225806451612903,0,0,0,0,False,0,0,False,0,0,False,2,1,31,0.06451612903225806,3.4057646105054262,3.7264741182543757,0,0,0,0,0,0,0,0,0,0,0,0,0,0,0,0,0,0,4,4,2,0.0,0,0,1,1,1,0.4,0,0,0,0,20,1,malicious,svcmanagement
swiv,2,1,True,False,False,1,2,0,2,0.03125,0,0,0,0,False,0,0,False,0,0,False,2,1,32,0.0625,3.2081808767710718,3.7264741182543757,0,0,0,0,0,0,0,0,0,0,0,0,0,0,0,0,0,0,2,2,2,0.0,0,0,1,1,0,0.0,0,0,0,0,0,1,malicious,swiv
sylex-syntax,2,1,True,False,False,1,2,0,2,0.03125,0,0,0,0,False,0,0,False,0,0,False,2,1,32,0.0625,3.1773762827585923,3.7264741182543757,0,0,0,0,0,0,0,0,0,0,0,0,0,0,0,0,0,0,2,2,2,0.0,0,0,1,1,0,0.0,0,0,0,0,0,1,malicious,sylex-syntax
sylexnaranjoo,2,2,False,True,True,1,1,0,1,0.03333333333333333,0,1,0,0,False,0,0,False,0,0,False,1,0,30,0.03333333333333333,3.4826876874285033,3.7264741182543757,0,0,0,0,0,0,0,0,0,0,0,1,0,0,0,0,0,0,1,1,1,0.0,0,0,0,0,0,0.0,0,0,0,0,0,1,malicious,sylexnaranjoo
synthetictest,2,0,False,False,False,1,4,0,4,0.03225806451612903,0,0,0,0,False,0,0,False,0,0,False,2,1,31,0.06451612903225806,3.2519184566592725,3.7264741182543757,0,0,0,0,0,0,0,0,0,0,0,0,0,0,0,0,0,0,4,4,2,0.0,0,0,1,1,1,0.4,0,0,0,0,20,1,malicious,synthetictest
synthetictest1,2,1,False,True,False,1,2,0,2,0.03333333333333333,0,0,0,0,False,0,0,False,0,0,False,1,0,30,0.03333333333333333,3.5193494428856655,4.021928094887363,0,0,0,0,0,0,0,0,0,0,1,0,0,0,0,1,0,0,2,2,1,0.0,0,0,0,0,0,0.0,0,0,0,0,0,1,malicious,synthetictest1
tcalendar,3,1,True,False,False,1,4,0,3,0.027777777777777776,0,3,0,0,False,0,0,False,0,0,False,2,0,36,0.05555555555555555,3.6551431436327353,3.9873261452560076,0,0,0,0,0,0,0,0,0,1,0,0,0,0,0,0,0,1,4,3,1,20.0,2,1,1,1,0,0.0,0,0,0,0,20,1,malicious,tcalendar
tckalendar,2,1,True,False,False,1,2,0,2,0.03125,0,0,0,0,False,0,0,False,0,0,False,2,1,32,0.0625,3.1866176813001434,3.7264741182543757,0,0,0,0,0,0,0,0,0,0,0,0,0,0,0,0,0,0,2,2,2,0.0,0,0,1,1,0,0.0,0,0,0,0,0,1,malicious,tckalendar
telegrampremiumfix,2,2,False,True,True,1,1,0,1,0.03333333333333333,0,1,0,0,False,0,0,False,0,0,False,1,0,30,0.03333333333333333,3.572928031950373,3.7264741182543757,0,0,0,0,0,0,0,0,0,0,0,1,0,0,0,0,0,0,1,1,1,0.0,0,0,0,0,0,0.0,0,0,0,0,0,1,malicious,telegrampremiumfix
telemaster,2,1,True,False,False,1,2,0,2,0.03125,0,0,0,0,False,0,0,False,0,0,False,2,1,32,0.0625,3.067745493746057,3.7264741182543757,0,0,0,0,0,0,0,0,0,0,0,0,0,0,0,0,0,0,2,2,2,0.0,0,0,1,1,0,0.0,0,0,0,0,0,1,malicious,telemaster
teleport-client,2,0,False,False,False,1,4,0,4,0.03225806451612903,0,0,0,0,False,0,0,False,0,0,False,2,1,31,0.06451612903225806,3.433023190120549,3.7264741182543757,0,0,0,0,0,0,0,0,0,0,0,0,0,0,0,0,0,0,4,4,2,0.0,0,0,1,1,1,0.4,0,0,0,0,20,1,malicious,teleport-client
telnet,2,0,False,False,False,1,3,0,3,0.03125,0,0,0,0,False,0,0,False,0,0,False,1,0,32,0.03125,3.222540103292582,3.7264741182543757,0,0,0,0,0,0,0,0,0,0,0,0,0,0,0,0,0,0,3,3,2,0.0,0,0,0,0,1,0.4,0,0,0,0,20,1,malicious,telnet
telthi,2,2,False,True,True,1,1,0,1,0.03333333333333333,0,1,0,0,False,0,0,False,0,0,False,1,0,30,0.03333333333333333,3.7264741182543757,3.7264741182543757,0,0,0,0,0,0,0,0,0,0,0,1,0,0,0,0,0,0,1,1,1,0.0,0,0,0,0,0,0.0,0,0,0,0,0,1,malicious,telthi
tennsorflow,2,2,False,True,True,1,1,0,1,0.03333333333333333,0,1,0,0,False,0,0,False,0,0,False,1,0,30,0.03333333333333333,3.411134686627655,3.7264741182543757,0,0,0,0,0,0,0,0,0,0,0,1,0,0,0,0,0,0,1,1,1,0.0,0,0,0,0,0,0.0,0,0,0,0,0,1,malicious,tennsorflow
tenorflow,2,0,False,False,False,0,3,2,3,0.0,0,0,0,2,False,0,1,False,0,0,False,1,0,29,0.034482758620689655,4.4308296010599815,5.135185083865586,1,0,0,0,0,1,0,2,0,0,1,1,0,0,0,2,0,0,3,3,3,0.0,0,0,0,0,0,0.0,0,0,0,0,0,1,malicious,tenorflow
tenosrflow,2,1,False,True,False,1,2,0,2,0.03333333333333333,0,0,0,0,False,0,0,False,0,0,False,1,0,30,0.03333333333333333,3.562278450378819,4.021928094887363,0,0,0,0,0,0,0,0,0,0,1,0,0,0,0,1,0,0,2,2,1,0.0,0,0,0,0,0,0.0,0,0,0,0,0,1,malicious,tenosrflow
tensofrlow,3,1,True,False,False,1,4,0,3,0.027777777777777776,0,3,0,0,False,0,0,False,0,0,False,2,0,36,0.05555555555555555,3.5218393814463917,3.9873261452560076,0,0,0,0,0,0,0,0,0,1,0,0,0,0,0,0,0,1,4,3,1,20.0,2,1,1,1,0,0.0,0,0,0,0,20,1,malicious,tensofrlow
tensorfflow,2,2,False,True,True,1,1,0,1,0.03333333333333333,0,1,0,0,False,0,0,False,0,0,False,1,0,30,0.03333333333333333,3.411134686627655,3.7264741182543757,0,0,0,0,0,0,0,0,0,0,0,1,0,0,0,0,0,0,1,1,1,0.0,0,0,0,0,0,0.0,0,0,0,0,0,1,malicious,tensorfflow
tensorfloww,2,2,False,True,True,1,1,0,1,0.03333333333333333,0,1,0,0,False,0,0,False,0,0,False,1,0,30,0.03333333333333333,3.411134686627655,3.7264741182543757,0,0,0,0,0,0,0,0,0,0,0,1,0,0,0,0,0,0,1,1,1,0.0,0,0,0,0,0,0.0,0,0,0,0,0,1,malicious,tensorfloww
tensorflw,3,1,True,False,False,1,4,0,3,0.027777777777777776,0,3,0,0,False,0,0,False,0,0,False,2,0,36,0.05555555555555555,3.6551431436327353,3.9873261452560076,0,0,0,0,0,0,0,0,0,1,0,0,0,0,0,0,0,1,4,3,1,20.0,2,1,1,1,0,0.0,0,0,0,0,20,1,malicious,tensorflw
tensorflwo,2,1,True,False,False,1,2,0,2,0.03125,0,0,0,0,False,0,0,False,0,0,False,2,1,32,0.0625,3.1866176813001434,3.7264741182543757,0,0,0,0,0,0,0,0,0,0,0,0,0,0,0,0,0,0,2,2,2,0.0,0,0,1,1,0,0.0,0,0,0,0,0,1,malicious,tensorflwo
tensorfolw,3,1,True,False,False,1,4,0,3,0.027777777777777776,0,3,0,0,False,0,0,False,0,0,False,2,0,36,0.05555555555555555,3.5218393814463917,3.9873261452560076,0,0,0,0,0,0,0,0,0,1,0,0,0,0,0,0,0,1,4,3,1,20.0,2,1,1,1,0,0.0,0,0,0,0,20,1,malicious,tensorfolw
tensorrflow,2,2,False,True,True,1,1,0,1,0.03333333333333333,0,1,0,0,False,0,0,False,0,0,False,1,0,30,0.03333333333333333,3.411134686627655,3.7264741182543757,0,0,0,0,0,0,0,0,0,0,0,1,0,0,0,0,0,0,1,1,1,0.0,0,0,0,0,0,0.0,0,0,0,0,0,1,malicious,tensorrflow
tensroflow,2,0,False,False,False,0,3,2,3,0.0,0,0,0,2,False,0,1,False,0,0,False,1,0,29,0.034482758620689655,3.9945290990024414,5.135185083865586,1,0,0,0,0,1,0,2,0,0,1,1,0,0,0,2,0,0,3,3,3,0.0,0,0,0,0,0,0.0,0,0,0,0,0,1,malicious,tensroflow
tenssorflow,2,0,False,False,False,0,3,2,3,0.0,0,0,0,2,False,0,1,False,0,0,False,1,0,29,0.034482758620689655,3.985818152373632,5.135185083865586,1,0,0,0,0,1,0,2,0,0,1,1,0,0,0,2,0,0,3,3,3,0.0,0,0,0,0,0,0.0,0,0,0,0,0,1,malicious,tenssorflow
tequests,3,1,True,False,False,1,4,0,3,0.027777777777777776,0,3,0,0,False,0,0,False,0,0,False,2,0,36,0.05555555555555555,3.6551431436327353,3.9873261452560076,0,0,0,0,0,0,0,0,0,1,0,0,0,0,0,0,0,1,4,3,1,20.0,2,1,1,1,0,0.0,0,0,0,0,20,1,malicious,tequests
termncolor,2,0,False,False,False,0,3,2,3,0.0,0,0,0,2,False,0,1,False,0,0,False,1,0,29,0.034482758620689655,3.927862432335775,5.135185083865586,1,0,0,0,0,1,0,2,0,0,1,1,0,0,0,2,0,0,3,3,3,0.0,0,0,0,0,0,0.0,0,0,0,0,0,1,malicious,termncolor
tesla-faas2,2,1,True,False,False,1,2,0,2,0.03125,0,0,0,0,False,0,0,False,0,0,False,2,1,32,0.0625,3.1174733917339124,3.7264741182543757,0,0,0,0,0,0,0,0,0,0,0,0,0,0,0,0,0,0,2,2,2,0.0,0,0,1,1,0,0.0,0,0,0,0,0,1,malicious,tesla-faas2
tesnorflow,2,1,True,False,False,1,2,0,2,0.03125,0,0,0,0,False,0,0,False,0,0,False,2,1,32,0.0625,3.1866176813001434,3.7264741182543757,0,0,0,0,0,0,0,0,0,0,0,0,0,0,0,0,0,0,2,2,2,0.0,0,0,1,1,0,0.0,0,0,0,0,0,1,malicious,tesnorflow
tesoaoerm,2,0,False,False,False,1,3,0,3,0.03125,0,0,0,0,False,0,0,False,0,0,False,1,0,32,0.03125,3.222540103292582,3.7264741182543757,0,0,0,0,0,0,0,0,0,0,0,0,0,0,0,0,0,0,3,3,2,0.0,0,0,0,0,1,0.4,0,0,0,0,20,1,malicious,tesoaoerm
tessssssssss,2,0,False,False,False,1,3,0,3,0.03125,0,0,0,0,False,0,0,False,0,0,False,1,0,32,0.03125,2.621077349548192,3.7264741182543757,0,0,0,0,0,0,0,0,0,0,0,0,0,0,0,0,0,0,3,3,2,0.0,0,0,0,0,1,0.4,0,0,0,0,20,1,malicious,tessssssssss
test-23234231,2,0,False,False,False,0,3,2,3,0.0,0,0,0,2,False,0,1,False,0,0,False,1,0,29,0.034482758620689655,3.8922438707453018,5.135185083865586,1,0,0,0,0,1,0,2,0,0,1,1,0,0,0,2,0,0,3,3,3,0.0,0,0,0,0,0,0.0,0,0,0,0,0,1,malicious,test-23234231
test-async,2,1,False,True,False,1,2,0,2,0.03333333333333333,0,0,0,0,False,0,0,False,0,0,False,1,0,30,0.03333333333333333,3.5122784503788194,4.021928094887363,0,0,0,0,0,0,0,0,0,0,1,0,0,0,0,1,0,0,2,2,1,0.0,0,0,0,0,0,0.0,0,0,0,0,0,1,malicious,test-async
test-package-avinav,3,1,True,False,False,1,4,0,3,0.027777777777777776,0,3,0,0,False,0,0,False,0,0,False,2,0,36,0.05555555555555555,3.592812920295974,3.9873261452560076,0,0,0,0,0,0,0,0,0,1,0,0,0,0,0,0,0,1,4,3,1,20.0,2,1,1,1,0,0.0,0,0,0,0,20,1,malicious,test-package-avinav
test23414234234,2,0,False,False,False,0,3,2,3,0.0,0,0,0,2,False,0,1,False,0,0,False,1,0,29,0.034482758620689655,3.8226327102577837,5.135185083865586,1,0,0,0,0,1,0,2,0,0,1,1,0,0,0,2,0,0,3,3,3,0.0,0,0,0,0,0,0.0,0,0,0,0,0,1,malicious,test23414234234
test24234,3,1,True,False,False,1,4,0,3,0.027777777777777776,0,3,0,0,False,0,0,False,0,0,False,2,0,36,0.05555555555555555,3.6551431436327353,3.9873261452560076,0,0,0,0,0,0,0,0,0,1,0,0,0,0,0,0,0,1,4,3,1,20.0,2,1,1,1,0,0.0,0,0,0,0,20,1,malicious,test24234
testing123kk,2,2,False,True,True,1,1,0,1,0.03333333333333333,0,1,0,0,False,0,0,False,0,0,False,1,0,30,0.03333333333333333,3.4890516428210994,3.7264741182543757,0,0,0,0,0,0,0,0,0,0,0,1,0,0,0,0,0,0,1,1,1,0.0,0,0,0,0,0,0.0,0,0,0,0,0,1,malicious,testing123kk
testingbrooasqa,2,1,True,False,False,1,2,0,2,0.03125,0,0,0,0,False,0,0,False,0,0,False,2,1,32,0.0625,3.2495249731471,3.7264741182543757,0,0,0,0,0,0,0,0,0,0,0,0,0,0,0,0,0,0,2,2,2,0.0,0,0,1,1,0,0.0,0,0,0,0,0,1,malicious,testingbrooasqa
testinghelloma,2,1,True,False,False,1,2,0,2,0.03125,0,0,0,0,False,0,0,False,0,0,False,2,1,32,0.0625,3.2508315309498474,3.7264741182543757,0,0,0,0,0,0,0,0,0,0,0,0,0,0,0,0,0,0,2,2,2,0.0,0,0,1,1,0,0.0,0,0,0,0,0,1,malicious,testinghelloma
testingijijwdaijdwa,2,0,False,False,False,1,4,0,4,0.03225806451612903,0,0,0,0,False,0,0,False,0,0,False,2,1,31,0.06451612903225806,3.4410195657920477,3.7264741182543757,0,0,0,0,0,0,0,0,0,0,0,0,0,0,0,0,0,0,4,4,2,0.0,0,0,1,1,1,0.4,0,0,0,0,20,1,malicious,testingijijwdaijdwa
testinglmao123,2,0,False,False,False,0,3,2,3,0.0,0,0,0,2,False,0,1,False,0,0,False,1,0,29,0.034482758620689655,4.175385660440141,5.135185083865586,1,0,0,0,0,1,0,2,0,0,1,1,0,0,0,2,0,0,3,3,3,0.0,0,0,0,0,0,0.0,0,0,0,0,0,1,malicious,testinglmao123
testinglmao1234,3,1,True,False,False,1,4,0,3,0.027777777777777776,0,3,0,0,False,0,0,False,0,0,False,2,0,36,0.05555555555555555,3.684746673293348,3.9873261452560076,0,0,0,0,0,0,0,0,0,1,0,0,0,0,0,0,0,1,4,3,1,20.0,2,1,1,1,0,0.0,0,0,0,0,20,1,malicious,testinglmao1234
testomadaoto,2,1,False,True,False,1,2,0,2,0.03333333333333333,0,0,0,0,False,0,0,False,0,0,False,1,0,30,0.03333333333333333,3.438250072580457,4.021928094887363,0,0,0,0,0,0,0,0,0,0,1,0,0,0,0,1,0,0,2,2,1,0.0,0,0,0,0,0,0.0,0,0,0,0,0,1,malicious,testomadaoto
testpackage-hello,2,0,False,False,False,1,3,0,3,0.03125,0,0,0,0,False,0,0,False,0,0,False,1,0,32,0.03125,3.2806106774560884,3.7264741182543757,0,0,0,0,0,0,0,0,0,0,0,0,0,0,0,0,0,0,3,3,2,0.0,0,0,0,0,1,0.4,0,0,0,0,20,1,malicious,testpackage-hello
testpackageroietest2,2,0,False,False,False,1,4,0,4,0.03225806451612903,0,0,0,0,False,0,0,False,0,0,False,2,1,31,0.06451612903225806,3.524201106570869,3.7264741182543757,0,0,0,0,0,0,0,0,0,0,0,0,0,0,0,0,0,0,4,4,2,0.0,0,0,1,1,1,0.4,0,0,0,0,20,1,malicious,testpackageroietest2
testpackageroietest3,2,0,False,False,False,0,3,2,3,0.0,0,0,0,2,False,0,1,False,0,0,False,1,0,29,0.034482758620689655,4.061195765669108,5.135185083865586,1,0,0,0,0,1,0,2,0,0,1,1,0,0,0,2,0,0,3,3,3,0.0,0,0,0,0,0,0.0,0,0,0,0,0,1,malicious,testpackageroietest3
testpackageroietest4,2,0,False,False,False,0,3,2,3,0.0,0,0,0,2,False,0,1,False,0,0,False,1,0,29,0.034482758620689655,4.061195765669108,5.135185083865586,1,0,0,0,0,1,0,2,0,0,1,1,0,0,0,2,0,0,3,3,3,0.0,0,0,0,0,0,0.0,0,0,0,0,0,1,malicious,testpackageroietest4
testpipper,2,1,False,True,False,1,2,0,2,0.03333333333333333,0,0,0,0,False,0,0,False,0,0,False,1,0,30,0.03333333333333333,3.393406262824733,4.021928094887363,0,0,0,0,0,0,0,0,0,0,1,0,0,0,0,1,0,0,2,2,1,0.0,0,0,0,0,0,0.0,0,0,0,0,0,1,malicious,testpipper
testpipperz,2,2,False,True,True,1,1,0,1,0.03333333333333333,0,1,0,0,False,0,0,False,0,0,False,1,0,30,0.03333333333333333,3.1950034365293156,3.7264741182543757,0,0,0,0,0,0,0,0,0,0,0,1,0,0,0,0,0,0,1,1,1,0.0,0,0,0,0,0,0.0,0,0,0,0,0,1,malicious,testpipperz
testt-test,2,2,False,True,True,1,1,0,1,0.03333333333333333,0,1,0,0,False,0,0,False,0,0,False,1,0,30,0.03333333333333333,2.7437190828490285,3.7264741182543757,0,0,0,0,0,0,0,0,0,0,0,1,0,0,0,0,0,0,1,1,1,0.0,0,0,0,0,0,0.0,0,0,0,0,0,1,malicious,testt-test
testwhitesnake,2,0,False,False,False,1,3,0,3,0.03125,0,0,0,0,False,0,0,False,0,0,False,1,0,32,0.03125,3.163212111478,3.7264741182543757,0,0,0,0,0,0,0,0,0,0,0,0,0,0,0,0,0,0,3,3,2,0.0,0,0,0,0,1,0.4,0,0,0,0,20,1,malicious,testwhitesnake
testwhitesnake123a,2,0,False,False,False,1,3,0,3,0.03125,0,0,0,0,False,0,0,False,0,0,False,1,0,32,0.03125,3.2717505638810294,3.7264741182543757,0,0,0,0,0,0,0,0,0,0,0,0,0,0,0,0,0,0,3,3,2,0.0,0,0,0,0,1,0.4,0,0,0,0,20,1,malicious,testwhitesnake123a
testwhitesnakemodule,2,0,False,False,False,1,4,0,4,0.03225806451612903,0,0,0,0,False,0,0,False,0,0,False,2,1,31,0.06451612903225806,3.655328919016782,3.7264741182543757,0,0,0,0,0,0,0,0,0,0,0,0,0,0,0,0,0,0,4,4,2,0.0,0,0,1,1,1,0.4,0,0,0,0,20,1,malicious,testwhitesnakemodule
tg-bulk-sender,2,1,True,False,False,1,2,0,2,0.03125,0,0,0,0,False,0,0,False,0,0,False,2,1,32,0.0625,3.286545816664133,3.7264741182543757,0,0,0,0,0,0,0,0,0,0,0,0,0,0,0,0,0,0,2,2,2,0.0,0,0,1,1,0,0.0,0,0,0,0,0,1,malicious,tg-bulk-sender
the-batman-2022-watch-online-free-streaming-at-home,2,1,False,True,False,1,2,0,2,0.03333333333333333,0,0,0,0,False,0,0,False,0,0,False,1,0,30,0.03333333333333333,3.7538551226415637,4.021928094887363,0,0,0,0,0,0,0,0,0,0,1,0,0,0,0,1,0,0,2,2,1,0.0,0,0,0,0,0,0.0,0,0,0,0,0,1,malicious,the-batman-2022-watch-online-free-streaming-at-home
thebypasstool,2,1,False,True,False,1,2,0,2,0.03333333333333333,0,0,0,0,False,0,0,False,0,0,False,1,0,30,0.03333333333333333,3.5915217408076363,4.021928094887363,0,0,0,0,0,0,0,0,0,0,1,0,0,0,0,1,0,0,2,2,1,0.0,0,0,0,0,0,0.0,0,0,0,0,0,1,malicious,thebypasstool
this-is-vvvv,2,1,False,True,False,1,2,0,2,0.03333333333333333,0,0,0,0,False,0,0,False,0,0,False,1,0,30,0.03333333333333333,3.386370385170601,4.021928094887363,0,0,0,0,0,0,0,0,0,0,1,0,0,0,0,1,0,0,2,2,1,0.0,0,0,0,0,0,0.0,0,0,0,0,0,1,malicious,this-is-vvvv
thisisthedaventest,2,0,False,False,False,1,3,0,3,0.03125,0,0,0,0,False,0,0,False,0,0,False,1,0,32,0.03125,3.160639452769918,3.7264741182543757,0,0,0,0,0,0,0,0,0,0,0,0,0,0,0,0,0,0,3,3,2,0.0,0,0,0,0,1,0.4,0,0,0,0,20,1,malicious,thisisthedaventest
thisisthedaventestz,2,0,False,False,False,1,4,0,4,0.03225806451612903,0,0,0,0,False,0,0,False,0,0,False,2,1,31,0.06451612903225806,3.4211541052087977,3.7264741182543757,0,0,0,0,0,0,0,0,0,0,0,0,0,0,0,0,0,0,4,4,2,0.0,0,0,1,1,1,0.4,0,0,0,0,20,1,malicious,thisisthedaventestz
threadin,2,1,True,False,False,1,2,0,2,0.03125,0,0,0,0,False,0,0,False,0,0,False,2,1,32,0.0625,3.2081808767710718,3.7264741182543757,0,0,0,0,0,0,0,0,0,0,0,0,0,0,0,0,0,0,2,2,2,0.0,0,0,1,1,0,0.0,0,0,0,0,0,1,malicious,threadin
threeding,2,1,True,False,False,1,2,0,2,0.03125,0,0,0,0,False,0,0,False,0,0,False,2,1,32,0.0625,3.2081808767710718,3.7264741182543757,0,0,0,0,0,0,0,0,0,0,0,0,0,0,0,0,0,0,2,2,2,0.0,0,0,1,1,0,0.0,0,0,0,0,0,1,malicious,threeding
tiktok-bots,2,1,True,False,False,1,2,0,2,0.03125,0,0,0,0,False,0,0,False,0,0,False,2,1,32,0.0625,3.0720188462793674,3.7264741182543757,0,0,0,0,0,0,0,0,0,0,0,0,0,0,0,0,0,0,2,2,2,0.0,0,0,1,1,0,0.0,0,0,0,0,0,1,malicious,tiktok-bots
tiktok-filter-api,2,1,True,False,False,1,2,0,2,0.03125,0,0,0,0,False,0,0,False,0,0,False,2,1,32,0.0625,3.2293282060625508,3.7264741182543757,0,0,0,0,0,0,0,0,0,0,0,0,0,0,0,0,0,0,2,2,2,0.0,0,0,1,1,0,0.0,0,0,0,0,0,1,malicious,tiktok-filter-api
tiktok-phone-cheker,3,1,True,False,False,1,4,0,3,0.027777777777777776,0,3,0,0,False,0,0,False,0,0,False,2,0,36,0.05555555555555555,3.572947459712725,3.9873261452560076,0,0,0,0,0,0,0,0,0,1,0,0,0,0,0,0,0,1,4,3,1,20.0,2,1,1,1,0,0.0,0,0,0,0,20,1,malicious,tiktok-phone-cheker
tiktokthon,3,1,True,False,False,1,4,0,3,0.027777777777777776,0,3,0,0,False,0,0,False,0,0,False,2,0,36,0.05555555555555555,3.3529671938923054,3.9873261452560076,0,0,0,0,0,0,0,0,0,1,0,0,0,0,0,0,0,1,4,3,1,20.0,2,1,1,1,0,0.0,0,0,0,0,20,1,malicious,tiktokthon
tikweb,2,1,True,False,False,1,2,0,2,0.03125,0,0,0,0,False,0,0,False,0,0,False,2,1,32,0.0625,3.2081808767710718,3.7264741182543757,0,0,0,0,0,0,0,0,0,0,0,0,0,0,0,0,0,0,2,2,2,0.0,0,0,1,1,0,0.0,0,0,0,0,0,1,malicious,tikweb
timeit,2,1,False,True,False,1,2,0,2,0.03333333333333333,0,0,0,0,False,0,0,False,0,0,False,1,0,30,0.03333333333333333,3.709061902209305,4.021928094887363,0,0,0,0,0,0,0,0,0,0,1,0,0,0,0,1,0,0,2,2,1,0.0,0,0,0,0,0,0.0,0,0,0,0,0,1,malicious,timeit
tiny423,2,2,False,True,True,1,1,0,1,0.03333333333333333,0,1,0,0,False,0,0,False,0,0,False,1,0,30,0.03333333333333333,3.7264741182543757,3.7264741182543757,0,0,0,0,0,0,0,0,0,0,0,1,0,0,0,0,0,0,1,1,1,0.0,0,0,0,0,0,0.0,0,0,0,0,0,1,malicious,tiny423
tiny43,2,2,False,True,True,1,1,0,1,0.03333333333333333,0,1,0,0,False,0,0,False,0,0,False,1,0,30,0.03333333333333333,3.7264741182543757,3.7264741182543757,0,0,0,0,0,0,0,0,0,0,0,1,0,0,0,0,0,0,1,1,1,0.0,0,0,0,0,0,0.0,0,0,0,0,0,1,malicious,tiny43
tiny433,2,2,False,True,True,1,1,0,1,0.03333333333333333,0,1,0,0,False,0,0,False,0,0,False,1,0,30,0.03333333333333333,3.7264741182543757,3.7264741182543757,0,0,0,0,0,0,0,0,0,0,0,1,0,0,0,0,0,0,1,1,1,0.0,0,0,0,0,0,0.0,0,0,0,0,0,1,malicious,tiny433
tinyad1,2,2,False,True,True,1,1,0,1,0.03333333333333333,0,1,0,0,False,0,0,False,0,0,False,1,0,30,0.03333333333333333,3.7264741182543757,3.7264741182543757,0,0,0,0,0,0,0,0,0,0,0,1,0,0,0,0,0,0,1,1,1,0.0,0,0,0,0,0,0.0,0,0,0,0,0,1,malicious,tinyad1
tinyad2,2,2,False,True,True,1,1,0,1,0.03333333333333333,0,1,0,0,False,0,0,False,0,0,False,1,0,30,0.03333333333333333,3.7264741182543757,3.7264741182543757,0,0,0,0,0,0,0,0,0,0,0,1,0,0,0,0,0,0,1,1,1,0.0,0,0,0,0,0,0.0,0,0,0,0,0,1,malicious,tinyad2
titifel-pyip,2,1,False,True,False,1,2,0,2,0.03333333333333333,0,0,0,0,False,0,0,False,0,0,False,1,0,30,0.03333333333333333,3.4956435622088624,4.021928094887363,0,0,0,0,0,0,0,0,0,0,1,0,0,0,0,1,0,0,2,2,1,0.0,0,0,0,0,0,0.0,0,0,0,0,0,1,malicious,titifel-pyip
titifel-pypi,2,0,False,False,False,1,4,0,4,0.03225806451612903,0,0,0,0,False,0,0,False,0,0,False,2,1,31,0.06451612903225806,3.2909313302309546,3.7264741182543757,0,0,0,0,0,0,0,0,0,0,0,0,0,0,0,0,0,0,4,4,2,0.0,0,0,1,1,1,0.4,0,0,0,0,20,1,malicious,titifel-pypi
tkaclendar,2,1,False,True,False,1,2,0,2,0.03333333333333333,0,0,0,0,False,0,0,False,0,0,False,1,0,30,0.03333333333333333,3.562278450378819,4.021928094887363,0,0,0,0,0,0,0,0,0,0,1,0,0,0,0,1,0,0,2,2,1,0.0,0,0,0,0,0,0.0,0,0,0,0,0,1,malicious,tkaclendar
tkalendar,2,0,False,False,False,1,3,0,3,0.03125,0,0,0,0,False,0,0,False,0,0,False,1,0,32,0.03125,3.222540103292582,3.7264741182543757,0,0,0,0,0,0,0,0,0,0,0,0,0,0,0,0,0,0,3,3,2,0.0,0,0,0,0,1,0.4,0,0,0,0,20,1,malicious,tkalendar
tkcaalendar,2,0,False,False,False,1,3,0,3,0.03125,0,0,0,0,False,0,0,False,0,0,False,1,0,32,0.03125,3.1736973570795914,3.7264741182543757,0,0,0,0,0,0,0,0,0,0,0,0,0,0,0,0,0,0,3,3,2,0.0,0,0,0,0,1,0.4,0,0,0,0,20,1,malicious,tkcaalendar
tkcaelndar,2,2,False,True,True,1,1,0,1,0.03333333333333333,0,1,0,0,False,0,0,False,0,0,False,1,0,30,0.03333333333333333,3.4242011065708686,3.7264741182543757,0,0,0,0,0,0,0,0,0,0,0,1,0,0,0,0,0,0,1,1,1,0.0,0,0,0,0,0,0.0,0,0,0,0,0,1,malicious,tkcaelndar
tkcaendar,2,1,False,True,False,1,2,0,2,0.03333333333333333,0,0,0,0,False,0,0,False,0,0,False,1,0,30,0.03333333333333333,3.709061902209305,4.021928094887363,0,0,0,0,0,0,0,0,0,0,1,0,0,0,0,1,0,0,2,2,1,0.0,0,0,0,0,0,0.0,0,0,0,0,0,1,malicious,tkcaendar
tkcalednar,2,2,False,True,True,1,1,0,1,0.03333333333333333,0,1,0,0,False,0,0,False,0,0,False,1,0,30,0.03333333333333333,3.4242011065708686,3.7264741182543757,0,0,0,0,0,0,0,0,0,0,0,1,0,0,0,0,0,0,1,1,1,0.0,0,0,0,0,0,0.0,0,0,0,0,0,1,malicious,tkcalednar
tkcalenadr,2,2,False,True,True,1,1,0,1,0.03333333333333333,0,1,0,0,False,0,0,False,0,0,False,1,0,30,0.03333333333333333,3.4242011065708686,3.7264741182543757,0,0,0,0,0,0,0,0,0,0,0,1,0,0,0,0,0,0,1,1,1,0.0,0,0,0,0,0,0.0,0,0,0,0,0,1,malicious,tkcalenadr
tkcalenda,2,0,False,False,False,0,3,2,3,0.0,0,0,0,2,False,0,1,False,0,0,False,1,0,29,0.034482758620689655,4.4308296010599815,5.135185083865586,1,0,0,0,0,1,0,2,0,0,1,1,0,0,0,2,0,0,3,3,3,0.0,0,0,0,0,0,0.0,0,0,0,0,0,1,malicious,tkcalenda
tkcalendaar,3,1,True,False,False,1,4,0,3,0.027777777777777776,0,3,0,0,False,0,0,False,0,0,False,2,0,36,0.05555555555555555,3.498149637334706,3.9873261452560076,0,0,0,0,0,0,0,0,0,1,0,0,0,0,0,0,0,1,4,3,1,20.0,2,1,1,1,0,0.0,0,0,0,0,20,1,malicious,tkcalendaar
tkcalendarr,3,1,True,False,False,1,4,0,3,0.027777777777777776,0,3,0,0,False,0,0,False,0,0,False,2,0,36,0.05555555555555555,3.515306171474785,3.9873261452560076,0,0,0,0,0,0,0,0,0,1,0,0,0,0,0,0,0,1,4,3,1,20.0,2,1,1,1,0,0.0,0,0,0,0,20,1,malicious,tkcalendarr
tkcalenddar,2,0,False,False,False,1,3,0,3,0.03125,0,0,0,0,False,0,0,False,0,0,False,1,0,32,0.03125,3.1908538912196702,3.7264741182543757,0,0,0,0,0,0,0,0,0,0,0,0,0,0,0,0,0,0,3,3,2,0.0,0,0,0,0,1,0.4,0,0,0,0,20,1,malicious,tkcalenddar
tkcalendr,2,0,False,False,False,1,4,0,4,0.03225806451612903,0,0,0,0,False,0,0,False,0,0,False,2,1,31,0.06451612903225806,3.7264741182543757,3.7264741182543757,0,0,0,0,0,0,0,0,0,0,0,0,0,0,0,0,0,0,4,4,2,0.0,0,0,1,1,1,0.4,0,0,0,0,20,1,malicious,tkcalendr
tkcalendra,2,1,True,False,False,1,2,0,2,0.03125,0,0,0,0,False,0,0,False,0,0,False,2,1,32,0.0625,3.1866176813001434,3.7264741182543757,0,0,0,0,0,0,0,0,0,0,0,0,0,0,0,0,0,0,2,2,2,0.0,0,0,1,1,0,0.0,0,0,0,0,0,1,malicious,tkcalendra
tkcalenndar,2,1,True,False,False,1,2,0,2,0.03125,0,0,0,0,False,0,0,False,0,0,False,2,1,32,0.0625,3.180084471328537,3.7264741182543757,0,0,0,0,0,0,0,0,0,0,0,0,0,0,0,0,0,0,2,2,2,0.0,0,0,1,1,0,0.0,0,0,0,0,0,1,malicious,tkcalenndar
tkcallendar,2,0,False,False,False,0,3,2,3,0.0,0,0,0,2,False,0,1,False,0,0,False,1,0,29,0.034482758620689655,3.985818152373632,5.135185083865586,1,0,0,0,0,1,0,2,0,0,1,1,0,0,0,2,0,0,3,3,3,0.0,0,0,0,0,0,0.0,0,0,0,0,0,1,malicious,tkcallendar
tkcalndar,2,1,True,False,False,1,2,0,2,0.03125,0,0,0,0,False,0,0,False,0,0,False,2,1,32,0.0625,3.2081808767710718,3.7264741182543757,0,0,0,0,0,0,0,0,0,0,0,0,0,0,0,0,0,0,2,2,2,0.0,0,0,1,1,0,0.0,0,0,0,0,0,1,malicious,tkcalndar
tkcalnedar,3,1,True,False,False,1,4,0,3,0.027777777777777776,0,3,0,0,False,0,0,False,0,0,False,2,0,36,0.05555555555555555,3.5218393814463917,3.9873261452560076,0,0,0,0,0,0,0,0,0,1,0,0,0,0,0,0,0,1,4,3,1,20.0,2,1,1,1,0,0.0,0,0,0,0,20,1,malicious,tkcalnedar
tkccalendar,2,0,False,False,False,1,3,0,3,0.03125,0,0,0,0,False,0,0,False,0,0,False,1,0,32,0.03125,3.1908538912196702,3.7264741182543757,0,0,0,0,0,0,0,0,0,0,0,0,0,0,0,0,0,0,3,3,2,0.0,0,0,0,0,1,0.4,0,0,0,0,20,1,malicious,tkccalendar
tkclaendar,2,2,False,True,True,1,1,0,1,0.03333333333333333,0,1,0,0,False,0,0,False,0,0,False,1,0,30,0.03333333333333333,3.4242011065708686,3.7264741182543757,0,0,0,0,0,0,0,0,0,0,0,1,0,0,0,0,0,0,1,1,1,0.0,0,0,0,0,0,0.0,0,0,0,0,0,1,malicious,tkclaendar
tkclendar,2,0,False,False,False,1,3,0,3,0.03125,0,0,0,0,False,0,0,False,0,0,False,1,0,32,0.03125,3.222540103292582,3.7264741182543757,0,0,0,0,0,0,0,0,0,0,0,0,0,0,0,0,0,0,3,3,2,0.0,0,0,0,0,1,0.4,0,0,0,0,20,1,malicious,tkclendar
tkinter-message-box,2,0,False,False,False,1,3,0,3,0.03125,0,0,0,0,False,0,0,False,0,0,False,1,0,32,0.03125,3.337375278170287,3.7264741182543757,0,0,0,0,0,0,0,0,0,0,0,0,0,0,0,0,0,0,3,3,2,0.0,0,0,0,0,1,0.4,0,0,0,0,20,1,malicious,tkinter-message-box
tkkcalendar,2,0,False,False,False,0,3,2,3,0.0,0,0,0,2,False,0,1,False,0,0,False,1,0,29,0.034482758620689655,3.985818152373632,5.135185083865586,1,0,0,0,0,1,0,2,0,0,1,1,0,0,0,2,0,0,3,3,3,0.0,0,0,0,0,0,0.0,0,0,0,0,0,1,malicious,tkkcalendar
tkniter,2,1,True,False,False,1,2,0,2,0.03125,0,0,0,0,False,0,0,False,0,0,False,2,1,32,0.0625,3.2081808767710718,3.7264741182543757,0,0,0,0,0,0,0,0,0,0,0,0,0,0,0,0,0,0,2,2,2,0.0,0,0,1,1,0,0.0,0,0,0,0,0,1,malicious,tkniter
tls-bypass,2,0,False,False,False,1,3,0,3,0.03125,0,0,0,0,False,0,0,False,0,0,False,1,0,32,0.03125,3.1285149136371904,3.7264741182543757,0,0,0,0,0,0,0,0,0,0,0,0,0,0,0,0,0,0,3,3,2,0.0,0,0,0,0,1,0.4,0,0,0,0,20,1,malicious,tls-bypass
tls-python,2,0,False,False,False,1,3,0,3,0.03125,0,0,0,0,False,0,0,False,0,0,False,1,0,32,0.03125,3.197387101191277,3.7264741182543757,0,0,0,0,0,0,0,0,0,0,0,0,0,0,0,0,0,0,3,3,2,0.0,0,0,0,0,1,0.4,0,0,0,0,20,1,malicious,tls-python
tnesorflow,2,0,False,False,False,1,3,0,3,0.03125,0,0,0,0,False,0,0,False,0,0,False,1,0,32,0.03125,3.197387101191277,3.7264741182543757,0,0,0,0,0,0,0,0,0,0,0,0,0,0,0,0,0,0,3,3,2,0.0,0,0,0,0,1,0.4,0,0,0,0,20,1,malicious,tnesorflow
tnsorflow,2,1,True,False,False,1,2,0,2,0.03125,0,0,0,0,False,0,0,False,0,0,False,2,1,32,0.0625,3.2081808767710718,3.7264741182543757,0,0,0,0,0,0,0,0,0,0,0,0,0,0,0,0,0,0,2,2,2,0.0,0,0,1,1,0,0.0,0,0,0,0,0,1,malicious,tnsorflow
tooled,2,0,False,False,False,0,3,2,3,0.0,0,0,0,2,False,0,1,False,0,0,False,1,0,29,0.034482758620689655,4.4308296010599815,5.135185083865586,1,0,0,0,0,1,0,2,0,0,1,1,0,0,0,2,0,0,3,3,3,0.0,0,0,0,0,0,0.0,0,0,0,0,0,1,malicious,tooled
toolhydra,2,0,False,False,False,1,3,0,3,0.03125,0,0,0,0,False,0,0,False,0,0,False,1,0,32,0.03125,3.222540103292582,3.7264741182543757,0,0,0,0,0,0,0,0,0,0,0,0,0,0,0,0,0,0,3,3,2,0.0,0,0,0,0,1,0.4,0,0,0,0,20,1,malicious,toolhydra
toolpip,2,0,False,False,False,0,3,2,3,0.0,0,0,0,2,False,0,1,False,0,0,False,1,0,29,0.034482758620689655,4.4308296010599815,5.135185083865586,1,0,0,0,0,1,0,2,0,0,1,1,0,0,0,2,0,0,3,3,3,0.0,0,0,0,0,0,0.0,0,0,0,0,0,1,malicious,toolpip
torchtriton,2,0,False,False,False,1,4,0,4,0.03225806451612903,0,0,0,0,False,0,0,False,0,0,False,2,1,31,0.06451612903225806,3.1950034365293156,3.7264741182543757,0,0,0,0,0,0,0,0,0,0,0,0,0,0,0,0,0,0,4,4,2,0.0,0,0,1,1,1,0.4,0,0,0,0,20,1,malicious,torchtriton
tpadvmpip,2,0,False,False,False,1,4,0,4,0.03225806451612903,0,0,0,0,False,0,0,False,0,0,False,2,1,31,0.06451612903225806,3.7264741182543757,3.7264741182543757,0,0,0,0,0,0,0,0,0,0,0,0,0,0,0,0,0,0,4,4,2,0.0,0,0,1,1,1,0.4,0,0,0,0,20,1,malicious,tpadvmpip
tpcandycontrolrand,3,1,True,False,False,1,4,0,3,0.027777777777777776,0,3,0,0,False,0,0,False,0,0,False,2,0,36,0.05555555555555555,3.5511318372217477,3.9873261452560076,0,0,0,0,0,0,0,0,0,1,0,0,0,0,0,0,0,1,4,3,1,20.0,2,1,1,1,0,0.0,0,0,0,0,20,1,malicious,tpcandycontrolrand
tpcandyloadvisa,2,1,True,False,False,1,2,0,2,0.03125,0,0,0,0,False,0,0,False,0,0,False,2,1,32,0.0625,3.270276848111042,3.7264741182543757,0,0,0,0,0,0,0,0,0,0,0,0,0,0,0,0,0,0,2,2,2,0.0,0,0,1,1,0,0.0,0,0,0,0,0,1,malicious,tpcandyloadvisa
tpcandypong,2,0,False,False,False,0,3,2,3,0.0,0,0,0,2,False,0,1,False,0,0,False,1,0,29,0.034482758620689655,3.985818152373632,5.135185083865586,1,0,0,0,0,1,0,2,0,0,1,1,0,0,0,2,0,0,3,3,3,0.0,0,0,0,0,0,0.0,0,0,0,0,0,1,malicious,tpcandypong
tpcandyreed,2,2,False,True,True,1,1,0,1,0.03333333333333333,0,1,0,0,False,0,0,False,0,0,False,1,0,30,0.03333333333333333,3.411134686627655,3.7264741182543757,0,0,0,0,0,0,0,0,0,0,0,1,0,0,0,0,0,0,1,1,1,0.0,0,0,0,0,0,0.0,0,0,0,0,0,1,malicious,tpcandyreed
tpccpinghacked,3,1,True,False,False,1,4,0,3,0.027777777777777776,0,3,0,0,False,0,0,False,0,0,False,2,0,36,0.05555555555555555,3.572573097128891,3.9873261452560076,0,0,0,0,0,0,0,0,0,1,0,0,0,0,0,0,0,1,4,3,1,20.0,2,1,1,1,0,0.0,0,0,0,0,20,1,malicious,tpccpinghacked
tpcontrolkillrandom,2,1,True,False,False,1,2,0,2,0.03125,0,0,0,0,False,0,0,False,0,0,False,2,1,32,0.0625,3.2640415490401606,3.7264741182543757,0,0,0,0,0,0,0,0,0,0,0,0,0,0,0,0,0,0,2,2,2,0.0,0,0,1,1,0,0.0,0,0,0,0,0,1,malicious,tpcontrolkillrandom
tpcontrolsplit,2,2,False,True,True,1,1,0,1,0.03333333333333333,0,1,0,0,False,0,0,False,0,0,False,1,0,30,0.03333333333333333,3.3828113950787233,3.7264741182543757,0,0,0,0,0,0,0,0,0,0,0,1,0,0,0,0,0,0,1,1,1,0.0,0,0,0,0,0,0.0,0,0,0,0,0,1,malicious,tpcontrolsplit
tpcontrolvmpost,2,0,False,False,False,1,3,0,3,0.03125,0,0,0,0,False,0,0,False,0,0,False,1,0,32,0.03125,3.2017981429661173,3.7264741182543757,0,0,0,0,0,0,0,0,0,0,0,0,0,0,0,0,0,0,3,3,2,0.0,0,0,0,0,1,0.4,0,0,0,0,20,1,malicious,tpcontrolvmpost
tpcpuedosint,2,2,False,True,True,1,1,0,1,0.03333333333333333,0,1,0,0,False,0,0,False,0,0,False,1,0,30,0.03333333333333333,3.4890516428210994,3.7264741182543757,0,0,0,0,0,0,0,0,0,0,0,1,0,0,0,0,0,0,1,1,1,0.0,0,0,0,0,0,0.0,0,0,0,0,0,1,malicious,tpcpuedosint
tpcpupingreplace,2,0,False,False,False,1,3,0,3,0.03125,0,0,0,0,False,0,0,False,0,0,False,1,0,32,0.03125,3.2294050774694365,3.7264741182543757,0,0,0,0,0,0,0,0,0,0,0,0,0,0,0,0,0,0,3,3,2,0.0,0,0,0,0,1,0.4,0,0,0,0,20,1,malicious,tpcpupingreplace
tpcraftad,2,1,False,True,False,1,2,0,2,0.03333333333333333,0,0,0,0,False,0,0,False,0,0,False,1,0,30,0.03333333333333333,3.709061902209305,4.021928094887363,0,0,0,0,0,0,0,0,0,0,1,0,0,0,0,1,0,0,2,2,1,0.0,0,0,0,0,0,0.0,0,0,0,0,0,1,malicious,tpcraftad
tpcraftcandy,2,2,False,True,True,1,1,0,1,0.03333333333333333,0,1,0,0,False,0,0,False,0,0,False,1,0,30,0.03333333333333333,3.4057183094877654,3.7264741182543757,0,0,0,0,0,0,0,0,0,0,0,1,0,0,0,0,0,0,1,1,1,0.0,0,0,0,0,0,0.0,0,0,0,0,0,1,malicious,tpcraftcandy
tpcraftcandypyw,2,2,False,True,True,1,1,0,1,0.03333333333333333,0,1,0,0,False,0,0,False,0,0,False,1,0,30,0.03333333333333333,3.4833490235981137,3.7264741182543757,0,0,0,0,0,0,0,0,0,0,0,1,0,0,0,0,0,0,1,1,1,0.0,0,0,0,0,0,0.0,0,0,0,0,0,1,malicious,tpcraftcandypyw
tpcraftcraftencode,2,0,False,False,False,1,3,0,3,0.03125,0,0,0,0,False,0,0,False,0,0,False,1,0,32,0.03125,3.216195008325474,3.7264741182543757,0,0,0,0,0,0,0,0,0,0,0,0,0,0,0,0,0,0,3,3,2,0.0,0,0,0,0,1,0.4,0,0,0,0,20,1,malicious,tpcraftcraftencode
tpcvadlib,2,0,False,False,False,1,3,0,3,0.03125,0,0,0,0,False,0,0,False,0,0,False,1,0,32,0.03125,3.222540103292582,3.7264741182543757,0,0,0,0,0,0,0,0,0,0,0,0,0,0,0,0,0,0,3,3,2,0.0,0,0,0,0,1,0.4,0,0,0,0,20,1,malicious,tpcvadlib
tpcvgrandhacked,2,1,True,False,False,1,2,0,2,0.03125,0,0,0,0,False,0,0,False,0,0,False,2,1,32,0.0625,3.282858306480433,3.7264741182543757,0,0,0,0,0,0,0,0,0,0,0,0,0,0,0,0,0,0,2,2,2,0.0,0,0,1,1,0,0.0,0,0,0,0,0,1,malicious,tpcvgrandhacked
tpcvpygui,3,1,True,False,False,1,4,0,3,0.027777777777777776,0,3,0,0,False,0,0,False,0,0,False,2,0,36,0.05555555555555555,3.6551431436327353,3.9873261452560076,0,0,0,0,0,0,0,0,0,1,0,0,0,0,0,0,0,1,4,3,1,20.0,2,1,1,1,0,0.0,0,0,0,0,20,1,malicious,tpcvpygui
tpcvultrainfo,2,0,False,False,False,0,3,2,3,0.0,0,0,0,2,False,0,1,False,0,0,False,1,0,29,0.034482758620689655,4.1360842554716335,5.135185083865586,1,0,0,0,0,1,0,2,0,0,1,1,0,0,0,2,0,0,3,3,3,0.0,0,0,0,0,0,0.0,0,0,0,0,0,1,malicious,tpcvultrainfo
tpcvurlpong,2,1,False,True,False,1,2,0,2,0.03333333333333333,0,0,0,0,False,0,0,False,0,0,False,1,0,30,0.03333333333333333,3.6011997858617577,4.021928094887363,0,0,0,0,0,0,0,0,0,0,1,0,0,0,0,1,0,0,2,2,1,0.0,0,0,0,0,0,0.0,0,0,0,0,0,1,malicious,tpcvurlpong
tpedcpulib,2,2,False,True,True,1,1,0,1,0.03333333333333333,0,1,0,0,False,0,0,False,0,0,False,1,0,30,0.03333333333333333,3.4242011065708686,3.7264741182543757,0,0,0,0,0,0,0,0,0,0,0,1,0,0,0,0,0,0,1,1,1,0.0,0,0,0,0,0,0.0,0,0,0,0,0,1,malicious,tpedcpulib
tpedintload,2,0,False,False,False,0,3,2,3,0.0,0,0,0,2,False,0,1,False,0,0,False,1,0,29,0.034482758620689655,3.985818152373632,5.135185083865586,1,0,0,0,0,1,0,2,0,0,1,1,0,0,0,2,0,0,3,3,3,0.0,0,0,0,0,0,0.0,0,0,0,0,0,1,malicious,tpedintload
tpedstrproof,2,0,False,False,False,0,3,2,3,0.0,0,0,0,2,False,0,1,False,0,0,False,1,0,29,0.034482758620689655,3.926651678724817,5.135185083865586,1,0,0,0,0,1,0,2,0,0,1,1,0,0,0,2,0,0,3,3,3,0.0,0,0,0,0,0,0.0,0,0,0,0,0,1,malicious,tpedstrproof
tpedultraintel,2,1,False,True,False,1,2,0,2,0.03333333333333333,0,0,0,0,False,0,0,False,0,0,False,1,0,30,0.03333333333333333,3.5772978803470323,4.021928094887363,0,0,0,0,0,0,0,0,0,0,1,0,0,0,0,1,0,0,2,2,1,0.0,0,0,0,0,0,0.0,0,0,0,0,0,1,malicious,tpedultraintel
tpgamehacked,2,0,False,False,False,0,3,2,3,0.0,0,0,0,2,False,0,1,False,0,0,False,1,0,29,0.034482758620689655,4.037762789835928,5.135185083865586,1,0,0,0,0,1,0,2,0,0,1,1,0,0,0,2,0,0,3,3,3,0.0,0,0,0,0,0,0.0,0,0,0,0,0,1,malicious,tpgamehacked
tpgamestr,2,1,False,True,False,1,2,0,2,0.03333333333333333,0,0,0,0,False,0,0,False,0,0,False,1,0,30,0.03333333333333333,3.709061902209305,4.021928094887363,0,0,0,0,0,0,0,0,0,0,1,0,0,0,0,1,0,0,2,2,1,0.0,0,0,0,0,0,0.0,0,0,0,0,0,1,malicious,tpgamestr
tpgrandencodever,2,1,True,False,False,1,2,0,2,0.03125,0,0,0,0,False,0,0,False,0,0,False,2,1,32,0.0625,3.238090540356999,3.7264741182543757,0,0,0,0,0,0,0,0,0,0,0,0,0,0,0,0,0,0,2,2,2,0.0,0,0,1,1,0,0.0,0,0,0,0,0,1,malicious,tpgrandencodever
tpgrandkillhydra,2,0,False,False,False,1,4,0,4,0.03225806451612903,0,0,0,0,False,0,0,False,0,0,False,2,1,31,0.06451612903225806,3.613237059127188,3.7264741182543757,0,0,0,0,0,0,0,0,0,0,0,0,0,0,0,0,0,0,4,4,2,0.0,0,0,1,1,1,0.4,0,0,0,0,20,1,malicious,tpgrandkillhydra
tpguicontrolcv,2,2,False,True,True,1,1,0,1,0.03333333333333333,0,1,0,0,False,0,0,False,0,0,False,1,0,30,0.03333333333333333,3.5526288058702757,3.7264741182543757,0,0,0,0,0,0,0,0,0,0,0,1,0,0,0,0,0,0,1,1,1,0.0,0,0,0,0,0,0.0,0,0,0,0,0,1,malicious,tpguicontrolcv
tpguistring,2,0,False,False,False,1,3,0,3,0.03125,0,0,0,0,False,0,0,False,0,0,False,1,0,32,0.03125,3.145399345765125,3.7264741182543757,0,0,0,0,0,0,0,0,0,0,0,0,0,0,0,0,0,0,3,3,2,0.0,0,0,0,0,1,0.4,0,0,0,0,20,1,malicious,tpguistring
tphackedcontroled,3,1,True,False,False,1,4,0,3,0.027777777777777776,0,3,0,0,False,0,0,False,0,0,False,2,0,36,0.05555555555555555,3.6161642445077247,3.9873261452560076,0,0,0,0,0,0,0,0,0,1,0,0,0,0,0,0,0,1,4,3,1,20.0,2,1,1,1,0,0.0,0,0,0,0,20,1,malicious,tphackedcontroled
tphackedcraftnvidia,2,0,False,False,False,0,3,2,3,0.0,0,0,0,2,False,0,1,False,0,0,False,1,0,29,0.034482758620689655,4.146092282342876,5.135185083865586,1,0,0,0,0,1,0,2,0,0,1,1,0,0,0,2,0,0,3,3,3,0.0,0,0,0,0,0,0.0,0,0,0,0,0,1,malicious,tphackedcraftnvidia
tphackeded,2,0,False,False,False,1,4,0,4,0.03225806451612903,0,0,0,0,False,0,0,False,0,0,False,2,1,31,0.06451612903225806,3.324201106570869,3.7264741182543757,0,0,0,0,0,0,0,0,0,0,0,0,0,0,0,0,0,0,4,4,2,0.0,0,0,1,1,1,0.4,0,0,0,0,20,1,malicious,tphackeded
tphackedsplitcraft,2,0,False,False,False,0,3,2,3,0.0,0,0,0,2,False,0,1,False,0,0,False,1,0,29,0.034482758620689655,4.144696817814027,5.135185083865586,1,0,0,0,0,1,0,2,0,0,1,1,0,0,0,2,0,0,3,3,3,0.0,0,0,0,0,0,0.0,0,0,0,0,0,1,malicious,tphackedsplitcraft
tphydraencode,2,1,False,True,False,1,2,0,2,0.03333333333333333,0,0,0,0,False,0,0,False,0,0,False,1,0,30,0.03333333333333333,3.629983279269175,4.021928094887363,0,0,0,0,0,0,0,0,0,0,1,0,0,0,0,1,0,0,2,2,1,0.0,0,0,0,0,0,0.0,0,0,0,0,0,1,malicious,tphydraencode
tphydramask,2,0,False,False,False,1,3,0,3,0.03125,0,0,0,0,False,0,0,False,0,0,False,1,0,32,0.03125,3.2363084366742156,3.7264741182543757,0,0,0,0,0,0,0,0,0,0,0,0,0,0,0,0,0,0,3,3,2,0.0,0,0,0,0,1,0.4,0,0,0,0,20,1,malicious,tphydramask
tphydratoolsplit,2,2,False,True,True,1,1,0,1,0.03333333333333333,0,1,0,0,False,0,0,False,0,0,False,1,0,30,0.03333333333333333,3.5271468246845794,3.7264741182543757,0,0,0,0,0,0,0,0,0,0,0,1,0,0,0,0,0,0,1,1,1,0.0,0,0,0,0,0,0.0,0,0,0,0,0,1,malicious,tphydratoolsplit
tpinfourllgtb,2,0,False,False,False,0,3,2,3,0.0,0,0,0,2,False,0,1,False,0,0,False,1,0,29,0.034482758620689655,4.084802204189582,5.135185083865586,1,0,0,0,0,1,0,2,0,0,1,1,0,0,0,2,0,0,3,3,3,0.0,0,0,0,0,0,0.0,0,0,0,0,0,1,malicious,tpinfourllgtb
tpinfovirtualre,2,1,True,False,False,1,2,0,2,0.03125,0,0,0,0,False,0,0,False,0,0,False,2,1,32,0.0625,3.282858306480433,3.7264741182543757,0,0,0,0,0,0,0,0,0,0,0,0,0,0,0,0,0,0,2,2,2,0.0,0,0,1,1,0,0.0,0,0,0,0,0,1,malicious,tpinfovirtualre
tpintelcpuver,2,1,False,True,False,1,2,0,2,0.03333333333333333,0,0,0,0,False,0,0,False,0,0,False,1,0,30,0.03333333333333333,3.5915217408076363,4.021928094887363,0,0,0,0,0,0,0,0,0,0,1,0,0,0,0,1,0,0,2,2,1,0.0,0,0,0,0,0,0.0,0,0,0,0,0,1,malicious,tpintelcpuver
tpintelpullcpu,2,2,False,True,True,1,1,0,1,0.03333333333333333,0,1,0,0,False,0,0,False,0,0,False,1,0,30,0.03333333333333333,3.2844225557157425,3.7264741182543757,0,0,0,0,0,0,0,0,0,0,0,1,0,0,0,0,0,0,1,1,1,0.0,0,0,0,0,0,0.0,0,0,0,0,0,1,malicious,tpintelpullcpu
tpintgrandre,2,0,False,False,False,0,3,2,3,0.0,0,0,0,2,False,0,1,False,0,0,False,1,0,29,0.034482758620689655,3.9822072342803723,5.135185083865586,1,0,0,0,0,1,0,2,0,0,1,1,0,0,0,2,0,0,3,3,3,0.0,0,0,0,0,0,0.0,0,0,0,0,0,1,malicious,tpintgrandre
tpintinfohacked,2,1,False,True,False,1,2,0,2,0.03333333333333333,0,0,0,0,False,0,0,False,0,0,False,1,0,30,0.03333333333333333,3.6585190755591084,4.021928094887363,0,0,0,0,0,0,0,0,0,0,1,0,0,0,0,1,0,0,2,2,1,0.0,0,0,0,0,0,0.0,0,0,0,0,0,1,malicious,tpintinfohacked
tpkillkillsplit,2,0,False,False,False,0,3,2,3,0.0,0,0,0,2,False,0,1,False,0,0,False,1,0,29,0.034482758620689655,3.759193755318376,5.135185083865586,1,0,0,0,0,1,0,2,0,0,1,1,0,0,0,2,0,0,3,3,3,0.0,0,0,0,0,0,0.0,0,0,0,0,0,1,malicious,tpkillkillsplit
tpkillpeppep,2,0,False,False,False,0,3,2,3,0.0,0,0,0,2,False,0,1,False,0,0,False,1,0,29,0.034482758620689655,3.715272776657128,5.135185083865586,1,0,0,0,0,1,0,2,0,0,1,1,0,0,0,2,0,0,3,3,3,0.0,0,0,0,0,0,0.0,0,0,0,0,0,1,malicious,tpkillpeppep
tpkillproofpip,2,0,False,False,False,0,3,2,3,0.0,0,0,0,2,False,0,1,False,0,0,False,1,0,29,0.034482758620689655,3.8896713747258556,5.135185083865586,1,0,0,0,0,1,0,2,0,0,1,1,0,0,0,2,0,0,3,3,3,0.0,0,0,0,0,0,0.0,0,0,0,0,0,1,malicious,tpkillproofpip
tplibinfo,2,0,False,False,False,1,3,0,3,0.03125,0,0,0,0,False,0,0,False,0,0,False,1,0,32,0.03125,3.222540103292582,3.7264741182543757,0,0,0,0,0,0,0,0,0,0,0,0,0,0,0,0,0,0,3,3,2,0.0,0,0,0,0,1,0.4,0,0,0,0,20,1,malicious,tplibinfo
tpliburlver,3,1,True,False,False,1,4,0,3,0.027777777777777776,0,3,0,0,False,0,0,False,0,0,False,2,0,36,0.05555555555555555,3.515306171474785,3.9873261452560076,0,0,0,0,0,0,0,0,0,1,0,0,0,0,0,0,0,1,4,3,1,20.0,2,1,1,1,0,0.0,0,0,0,0,20,1,malicious,tpliburlver
tploadget,2,2,False,True,True,1,1,0,1,0.03333333333333333,0,1,0,0,False,0,0,False,0,0,False,1,0,30,0.03333333333333333,3.7264741182543757,3.7264741182543757,0,0,0,0,0,0,0,0,0,0,0,1,0,0,0,0,0,0,1,1,1,0.0,0,0,0,0,0,0.0,0,0,0,0,0,1,malicious,tploadget
tploadkillping,2,0,False,False,False,1,3,0,3,0.03125,0,0,0,0,False,0,0,False,0,0,False,1,0,32,0.03125,3.2124065311594903,3.7264741182543757,0,0,0,0,0,0,0,0,0,0,0,0,0,0,0,0,0,0,3,3,2,0.0,0,0,0,0,1,0.4,0,0,0,0,20,1,malicious,tploadkillping
tploadpep,2,0,False,False,False,1,4,0,4,0.03225806451612903,0,0,0,0,False,0,0,False,0,0,False,2,1,31,0.06451612903225806,3.7264741182543757,3.7264741182543757,0,0,0,0,0,0,0,0,0,0,0,0,0,0,0,0,0,0,4,4,2,0.0,0,0,1,1,1,0.4,0,0,0,0,20,1,malicious,tploadpep
tploadpulllgtb,2,1,False,True,False,1,2,0,2,0.03333333333333333,0,0,0,0,False,0,0,False,0,0,False,1,0,30,0.03333333333333333,3.5193494428856655,4.021928094887363,0,0,0,0,0,0,0,0,0,0,1,0,0,0,0,1,0,0,2,2,1,0.0,0,0,0,0,0,0.0,0,0,0,0,0,1,malicious,tploadpulllgtb
tploadreplace,2,1,True,False,False,1,2,0,2,0.03125,0,0,0,0,False,0,0,False,0,0,False,2,1,32,0.0625,3.1773994332674222,3.7264741182543757,0,0,0,0,0,0,0,0,0,0,0,0,0,0,0,0,0,0,2,2,2,0.0,0,0,1,1,0,0.0,0,0,0,0,0,1,malicious,tploadreplace
tploadreplacestring,2,0,False,False,False,0,3,2,3,0.0,0,0,0,2,False,0,1,False,0,0,False,1,0,29,0.034482758620689655,4.159335922731708,5.135185083865586,1,0,0,0,0,1,0,2,0,0,1,1,0,0,0,2,0,0,3,3,3,0.0,0,0,0,0,0,0.0,0,0,0,0,0,1,malicious,tploadreplacestring
tpmaskcontrolhydra,3,1,True,False,False,1,4,0,3,0.027777777777777776,0,3,0,0,False,0,0,False,0,0,False,2,0,36,0.05555555555555555,3.6727274969740185,3.9873261452560076,0,0,0,0,0,0,0,0,0,1,0,0,0,0,0,0,0,1,4,3,1,20.0,2,1,1,1,0,0.0,0,0,0,0,20,1,malicious,tpmaskcontrolhydra
tpmaskintelpull,2,0,False,False,False,1,3,0,3,0.03125,0,0,0,0,False,0,0,False,0,0,False,1,0,32,0.03125,3.247712934668842,3.7264741182543757,0,0,0,0,0,0,0,0,0,0,0,0,0,0,0,0,0,0,3,3,2,0.0,0,0,0,0,1,0.4,0,0,0,0,20,1,malicious,tpmaskintelpull
tpmaskvisacontrol,2,1,False,True,False,1,2,0,2,0.03333333333333333,0,0,0,0,False,0,0,False,0,0,False,1,0,30,0.03333333333333333,3.6860150781460344,4.021928094887363,0,0,0,0,0,0,0,0,0,0,1,0,0,0,0,1,0,0,2,2,1,0.0,0,0,0,0,0,0.0,0,0,0,0,0,1,malicious,tpmaskvisacontrol
tpmcpongpaypal,2,1,True,False,False,1,2,0,2,0.03125,0,0,0,0,False,0,0,False,0,0,False,2,1,32,0.0625,3.1794029595212763,3.7264741182543757,0,0,0,0,0,0,0,0,0,0,0,0,0,0,0,0,0,0,2,2,2,0.0,0,0,1,1,0,0.0,0,0,0,0,0,1,malicious,tpmcpongpaypal
tpminekill,2,0,False,False,False,1,3,0,3,0.03125,0,0,0,0,False,0,0,False,0,0,False,1,0,32,0.03125,3.1473871011912773,3.7264741182543757,0,0,0,0,0,0,0,0,0,0,0,0,0,0,0,0,0,0,3,3,2,0.0,0,0,0,0,1,0.4,0,0,0,0,20,1,malicious,tpminekill
tpminesuperpip,2,2,False,True,True,1,1,0,1,0.03333333333333333,0,1,0,0,False,0,0,False,0,0,False,1,0,30,0.03333333333333333,3.3383430915845613,3.7264741182543757,0,0,0,0,0,0,0,0,0,0,0,1,0,0,0,0,0,0,1,1,1,0.0,0,0,0,0,0,0.0,0,0,0,0,0,1,malicious,tpminesuperpip
tpminever,3,1,True,False,False,1,4,0,3,0.027777777777777776,0,3,0,0,False,0,0,False,0,0,False,2,0,36,0.05555555555555555,3.6551431436327353,3.9873261452560076,0,0,0,0,0,0,0,0,0,1,0,0,0,0,0,0,0,1,4,3,1,20.0,2,1,1,1,0,0.0,0,0,0,0,20,1,malicious,tpminever
tpnvidiaintelpush,2,0,False,False,False,0,3,2,3,0.0,0,0,0,2,False,0,1,False,0,0,False,1,0,29,0.034482758620689655,4.105493867355523,5.135185083865586,1,0,0,0,0,1,0,2,0,0,1,1,0,0,0,2,0,0,3,3,3,0.0,0,0,0,0,0,0.0,0,0,0,0,0,1,malicious,tpnvidiaintelpush
tpnvidiareurl,2,0,False,False,False,0,3,2,3,0.0,0,0,0,2,False,0,1,False,0,0,False,1,0,29,0.034482758620689655,4.084802204189582,5.135185083865586,1,0,0,0,0,1,0,2,0,0,1,1,0,0,0,2,0,0,3,3,3,0.0,0,0,0,0,0,0.0,0,0,0,0,0,1,malicious,tpnvidiareurl
tposintpywcraft,3,1,True,False,False,1,4,0,3,0.027777777777777776,0,3,0,0,False,0,0,False,0,0,False,2,0,36,0.05555555555555555,3.6054985482572897,3.9873261452560076,0,0,0,0,0,0,0,0,0,1,0,0,0,0,0,0,0,1,4,3,1,20.0,2,1,1,1,0,0.0,0,0,0,0,20,1,malicious,tposintpywcraft
tppaypalmine,2,2,False,True,True,1,1,0,1,0.03333333333333333,0,1,0,0,False,0,0,False,0,0,False,1,0,30,0.03333333333333333,3.374264663564288,3.7264741182543757,0,0,0,0,0,0,0,0,0,0,0,1,0,0,0,0,0,0,1,1,1,0.0,0,0,0,0,0,0.0,0,0,0,0,0,1,malicious,tppaypalmine
tppaypalpytool,2,0,False,False,False,1,4,0,4,0.03225806451612903,0,0,0,0,False,0,0,False,0,0,False,2,1,31,0.06451612903225806,3.124057377298847,3.7264741182543757,0,0,0,0,0,0,0,0,0,0,0,0,0,0,0,0,0,0,4,4,2,0.0,0,0,1,1,1,0.4,0,0,0,0,20,1,malicious,tppaypalpytool
tppaypalver,2,1,False,True,False,1,2,0,2,0.03333333333333333,0,0,0,0,False,0,0,False,0,0,False,1,0,30,0.03333333333333333,3.493134160812588,4.021928094887363,0,0,0,0,0,0,0,0,0,0,1,0,0,0,0,1,0,0,2,2,1,0.0,0,0,0,0,0,0.0,0,0,0,0,0,1,malicious,tppaypalver
tppepcontrolstring,2,1,False,True,False,1,2,0,2,0.03333333333333333,0,0,0,0,False,0,0,False,0,0,False,1,0,30,0.03333333333333333,3.6088641352907938,4.021928094887363,0,0,0,0,0,0,0,0,0,0,1,0,0,0,0,1,0,0,2,2,1,0.0,0,0,0,0,0,0.0,0,0,0,0,0,1,malicious,tppepcontrolstring
tppeppushpyw,3,1,True,False,False,1,4,0,3,0.027777777777777776,0,3,0,0,False,0,0,False,0,0,False,2,0,36,0.05555555555555555,3.3957304730207403,3.9873261452560076,0,0,0,0,0,0,0,0,0,1,0,0,0,0,0,0,0,1,4,3,1,20.0,2,1,1,1,0,0.0,0,0,0,0,20,1,malicious,tppeppushpyw
tppinghackedpaypal,2,2,False,True,True,1,1,0,1,0.03333333333333333,0,1,0,0,False,0,0,False,0,0,False,1,0,30,0.03333333333333333,3.5938971292326922,3.7264741182543757,0,0,0,0,0,0,0,0,0,0,0,1,0,0,0,0,0,0,1,1,1,0.0,0,0,0,0,0,0.0,0,0,0,0,0,1,malicious,tppinghackedpaypal
tppingstring,2,0,False,False,False,0,3,2,3,0.0,0,0,0,2,False,0,1,False,0,0,False,1,0,29,0.034482758620689655,3.8710961231692615,5.135185083865586,1,0,0,0,0,1,0,2,0,0,1,1,0,0,0,2,0,0,3,3,3,0.0,0,0,0,0,0,0.0,0,0,0,0,0,1,malicious,tppingstring
tppingvirtualrand,3,1,True,False,False,1,4,0,3,0.027777777777777776,0,3,0,0,False,0,0,False,0,0,False,2,0,36,0.05555555555555555,3.5867524798018424,3.9873261452560076,0,0,0,0,0,0,0,0,0,1,0,0,0,0,0,0,0,1,4,3,1,20.0,2,1,1,1,0,0.0,0,0,0,0,20,1,malicious,tppingvirtualrand
tppongadultra,2,0,False,False,False,1,3,0,3,0.03125,0,0,0,0,False,0,0,False,0,0,False,1,0,32,0.03125,3.2266303916200942,3.7264741182543757,0,0,0,0,0,0,0,0,0,0,0,0,0,0,0,0,0,0,3,3,2,0.0,0,0,0,0,1,0.4,0,0,0,0,20,1,malicious,tppongadultra
tppongsplitrandom,2,0,False,False,False,0,3,2,3,0.0,0,0,0,2,False,0,1,False,0,0,False,1,0,29,0.034482758620689655,4.105493867355523,5.135185083865586,1,0,0,0,0,1,0,2,0,0,1,1,0,0,0,2,0,0,3,3,3,0.0,0,0,0,0,0,0.0,0,0,0,0,0,1,malicious,tppongsplitrandom
tppongvisapip,2,1,False,True,False,1,2,0,2,0.03333333333333333,0,0,0,0,False,0,0,False,0,0,False,1,0,30,0.03333333333333333,3.5145986638845597,4.021928094887363,0,0,0,0,0,0,0,0,0,0,1,0,0,0,0,1,0,0,2,2,1,0.0,0,0,0,0,0,0.0,0,0,0,0,0,1,malicious,tppongvisapip
tpproofpip,3,1,True,False,False,1,4,0,3,0.027777777777777776,0,3,0,0,False,0,0,False,0,0,False,2,0,36,0.05555555555555555,3.321839381446392,3.9873261452560076,0,0,0,0,0,0,0,0,0,1,0,0,0,0,0,0,0,1,4,3,1,20.0,2,1,1,1,0,0.0,0,0,0,0,20,1,malicious,tpproofpip
tpprooftool,3,1,True,False,False,1,4,0,3,0.027777777777777776,0,3,0,0,False,0,0,False,0,0,False,2,0,36,0.05555555555555555,3.333487989656603,3.9873261452560076,0,0,0,0,0,0,0,0,0,1,0,0,0,0,0,0,0,1,4,3,1,20.0,2,1,1,1,0,0.0,0,0,0,0,20,1,malicious,tpprooftool
tppyhttprand,2,0,False,False,False,1,3,0,3,0.03125,0,0,0,0,False,0,0,False,0,0,False,1,0,32,0.03125,3.1150253900595812,3.7264741182543757,0,0,0,0,0,0,0,0,0,0,0,0,0,0,0,0,0,0,3,3,2,0.0,0,0,0,0,1,0.4,0,0,0,0,20,1,malicious,tppyhttprand
tppyintgame,2,1,True,False,False,1,2,0,2,0.03125,0,0,0,0,False,0,0,False,0,0,False,2,1,32,0.0625,3.180084471328537,3.7264741182543757,0,0,0,0,0,0,0,0,0,0,0,0,0,0,0,0,0,0,2,2,2,0.0,0,0,1,1,0,0.0,0,0,0,0,0,1,malicious,tppyintgame
tppylgtbnvidia,2,1,True,False,False,1,2,0,2,0.03125,0,0,0,0,False,0,0,False,0,0,False,2,1,32,0.0625,3.2508315309498474,3.7264741182543757,0,0,0,0,0,0,0,0,0,0,0,0,0,0,0,0,0,0,2,2,2,0.0,0,0,1,1,0,0.0,0,0,0,0,0,1,malicious,tppylgtbnvidia
tppyosintrand,3,1,True,False,False,1,4,0,3,0.027777777777777776,0,3,0,0,False,0,0,False,0,0,False,2,0,36,0.05555555555555555,3.5510826718752093,3.9873261452560076,0,0,0,0,0,0,0,0,0,1,0,0,0,0,0,0,0,1,4,3,1,20.0,2,1,1,1,0,0.0,0,0,0,0,20,1,malicious,tppyosintrand
tppyrandomed,3,1,True,False,False,1,4,0,3,0.027777777777777776,0,3,0,0,False,0,0,False,0,0,False,2,0,36,0.05555555555555555,3.554264649571507,3.9873261452560076,0,0,0,0,0,0,0,0,0,1,0,0,0,0,0,0,0,1,4,3,1,20.0,2,1,1,1,0,0.0,0,0,0,0,20,1,malicious,tppyrandomed
tppyreplacestr,2,2,False,True,True,1,1,0,1,0.03333333333333333,0,1,0,0,False,0,0,False,0,0,False,1,0,30,0.03333333333333333,3.3828113950787237,3.7264741182543757,0,0,0,0,0,0,0,0,0,0,0,1,0,0,0,0,0,0,1,1,1,0.0,0,0,0,0,0,0.0,0,0,0,0,0,1,malicious,tppyreplacestr
tppywgetload,2,0,False,False,False,1,3,0,3,0.03125,0,0,0,0,False,0,0,False,0,0,False,1,0,32,0.03125,3.2298123693163925,3.7264741182543757,0,0,0,0,0,0,0,0,0,0,0,0,0,0,0,0,0,0,3,3,2,0.0,0,0,0,0,1,0.4,0,0,0,0,20,1,malicious,tppywgetload
tppywloadhydra,2,1,True,False,False,1,2,0,2,0.03125,0,0,0,0,False,0,0,False,0,0,False,2,1,32,0.0625,3.215117245235562,3.7264741182543757,0,0,0,0,0,0,0,0,0,0,0,0,0,0,0,0,0,0,2,2,2,0.0,0,0,1,1,0,0.0,0,0,0,0,0,1,malicious,tppywloadhydra
tppywpostram,3,1,True,False,False,1,4,0,3,0.027777777777777776,0,3,0,0,False,0,0,False,0,0,False,2,0,36,0.05555555555555555,3.4968711599431015,3.9873261452560076,0,0,0,0,0,0,0,0,0,1,0,0,0,0,0,0,0,1,4,3,1,20.0,2,1,1,1,0,0.0,0,0,0,0,20,1,malicious,tppywpostram
tppywproofstr,2,0,False,False,False,1,3,0,3,0.03125,0,0,0,0,False,0,0,False,0,0,False,1,0,32,0.03125,3.13519024734772,3.7264741182543757,0,0,0,0,0,0,0,0,0,0,0,0,0,0,0,0,0,0,3,3,2,0.0,0,0,0,0,1,0.4,0,0,0,0,20,1,malicious,tppywproofstr
tppywpullstr,3,1,True,False,False,1,4,0,3,0.027777777777777776,0,3,0,0,False,0,0,False,0,0,False,2,0,36,0.05555555555555555,3.455204493276435,3.9873261452560076,0,0,0,0,0,0,0,0,0,1,0,0,0,0,0,0,0,1,4,3,1,20.0,2,1,1,1,0,0.0,0,0,0,0,20,1,malicious,tppywpullstr
tpramgrandcontrol,2,0,False,False,False,0,3,2,3,0.0,0,0,0,2,False,0,1,False,0,0,False,1,0,29,0.034482758620689655,4.066278181081013,5.135185083865586,1,0,0,0,0,1,0,2,0,0,1,1,0,0,0,2,0,0,3,3,3,0.0,0,0,0,0,0,0.0,0,0,0,0,0,1,malicious,tpramgrandcontrol
tprampingload,2,0,False,False,False,0,3,2,3,0.0,0,0,0,2,False,0,1,False,0,0,False,1,0,29,0.034482758620689655,4.084802204189582,5.135185083865586,1,0,0,0,0,1,0,2,0,0,1,1,0,0,0,2,0,0,3,3,3,0.0,0,0,0,0,0,0.0,0,0,0,0,0,1,malicious,tprampingload
tpramvisa,3,1,True,False,False,1,4,0,3,0.027777777777777776,0,3,0,0,False,0,0,False,0,0,False,2,0,36,0.05555555555555555,3.6551431436327353,3.9873261452560076,0,0,0,0,0,0,0,0,0,1,0,0,0,0,0,0,0,1,4,3,1,20.0,2,1,1,1,0,0.0,0,0,0,0,20,1,malicious,tpramvisa
tprandcandy,2,0,False,False,False,1,4,0,4,0.03225806451612903,0,0,0,0,False,0,0,False,0,0,False,2,1,31,0.06451612903225806,3.320225595718564,3.7264741182543757,0,0,0,0,0,0,0,0,0,0,0,0,0,0,0,0,0,0,4,4,2,0.0,0,0,1,1,1,0.4,0,0,0,0,20,1,malicious,tprandcandy
tprandpull,2,2,False,True,True,1,1,0,1,0.03333333333333333,0,1,0,0,False,0,0,False,0,0,False,1,0,30,0.03333333333333333,3.324201106570869,3.7264741182543757,0,0,0,0,0,0,0,0,0,0,0,1,0,0,0,0,0,0,1,1,1,0.0,0,0,0,0,0,0.0,0,0,0,0,0,1,malicious,tprandpull
tprandrehttp,2,0,False,False,False,1,3,0,3,0.03125,0,0,0,0,False,0,0,False,0,0,False,1,0,32,0.03125,3.13075221302132,3.7264741182543757,0,0,0,0,0,0,0,0,0,0,0,0,0,0,0,0,0,0,3,3,2,0.0,0,0,0,0,1,0.4,0,0,0,0,20,1,malicious,tprandrehttp
tprecandy,3,1,True,False,False,1,4,0,3,0.027777777777777776,0,3,0,0,False,0,0,False,0,0,False,2,0,36,0.05555555555555555,3.6551431436327353,3.9873261452560076,0,0,0,0,0,0,0,0,0,1,0,0,0,0,0,0,0,1,4,3,1,20.0,2,1,1,1,0,0.0,0,0,0,0,20,1,malicious,tprecandy
tprelibcpu,3,1,True,False,False,1,4,0,3,0.027777777777777776,0,3,0,0,False,0,0,False,0,0,False,2,0,36,0.05555555555555555,3.5218393814463917,3.9873261452560076,0,0,0,0,0,0,0,0,0,1,0,0,0,0,0,0,0,1,4,3,1,20.0,2,1,1,1,0,0.0,0,0,0,0,20,1,malicious,tprelibcpu
tpreloadad,2,0,False,False,False,0,3,2,3,0.0,0,0,0,2,False,0,1,False,0,0,False,1,0,29,0.034482758620689655,3.927862432335775,5.135185083865586,1,0,0,0,0,1,0,2,0,0,1,1,0,0,0,2,0,0,3,3,3,0.0,0,0,0,0,0,0.0,0,0,0,0,0,1,malicious,tpreloadad
tpremineosint,2,0,False,False,False,0,3,2,3,0.0,0,0,0,2,False,0,1,False,0,0,False,1,0,29,0.034482758620689655,3.9822381016254798,5.135185083865586,1,0,0,0,0,1,0,2,0,0,1,1,0,0,0,2,0,0,3,3,3,0.0,0,0,0,0,0,0.0,0,0,0,0,0,1,malicious,tpremineosint
tprepaypalpull,2,2,False,True,True,1,1,0,1,0.03333333333333333,0,1,0,0,False,0,0,False,0,0,False,1,0,30,0.03333333333333333,3.23995425222158,3.7264741182543757,0,0,0,0,0,0,0,0,0,0,0,1,0,0,0,0,0,0,1,1,1,0.0,0,0,0,0,0,0.0,0,0,0,0,0,1,malicious,tprepaypalpull
tpreplacegrandrandom,2,0,False,False,False,1,3,0,3,0.03125,0,0,0,0,False,0,0,False,0,0,False,1,0,32,0.03125,3.2785149136371903,3.7264741182543757,0,0,0,0,0,0,0,0,0,0,0,0,0,0,0,0,0,0,3,3,2,0.0,0,0,0,0,1,0.4,0,0,0,0,20,1,malicious,tpreplacegrandrandom
tpreplacelib,2,0,False,False,False,1,3,0,3,0.03125,0,0,0,0,False,0,0,False,0,0,False,1,0,32,0.03125,3.1881457026497255,3.7264741182543757,0,0,0,0,0,0,0,0,0,0,0,0,0,0,0,0,0,0,3,3,2,0.0,0,0,0,0,1,0.4,0,0,0,0,20,1,malicious,tpreplacelib
tpreplacepush,2,0,False,False,False,1,4,0,4,0.03225806451612903,0,0,0,0,False,0,0,False,0,0,False,2,1,31,0.06451612903225806,3.453653552729908,3.7264741182543757,0,0,0,0,0,0,0,0,0,0,0,0,0,0,0,0,0,0,4,4,2,0.0,0,0,1,1,1,0.4,0,0,0,0,20,1,malicious,tpreplacepush
tprepullpush,3,1,True,False,False,1,4,0,3,0.027777777777777776,0,3,0,0,False,0,0,False,0,0,False,2,0,36,0.05555555555555555,3.455204493276435,3.9873261452560076,0,0,0,0,0,0,0,0,0,1,0,0,0,0,0,0,0,1,4,3,1,20.0,2,1,1,1,0,0.0,0,0,0,0,20,1,malicious,tprepullpush
tpsplitlgtb,2,0,False,False,False,0,3,2,3,0.0,0,0,0,2,False,0,1,False,0,0,False,1,0,29,0.034482758620689655,3.8417306523080725,5.135185083865586,1,0,0,0,0,1,0,2,0,0,1,1,0,0,0,2,0,0,3,3,3,0.0,0,0,0,0,0,0.0,0,0,0,0,0,1,malicious,tpsplitlgtb
tpsplitrandcv,2,0,False,False,False,1,4,0,4,0.03225806451612903,0,0,0,0,False,0,0,False,0,0,False,2,1,31,0.06451612903225806,3.5596107643515804,3.7264741182543757,0,0,0,0,0,0,0,0,0,0,0,0,0,0,0,0,0,0,4,4,2,0.0,0,0,1,1,1,0.4,0,0,0,0,20,1,malicious,tpsplitrandcv
tpstringcraftget,2,0,False,False,False,1,3,0,3,0.03125,0,0,0,0,False,0,0,False,0,0,False,1,0,32,0.03125,3.2294050774694365,3.7264741182543757,0,0,0,0,0,0,0,0,0,0,0,0,0,0,0,0,0,0,3,3,2,0.0,0,0,0,0,1,0.4,0,0,0,0,20,1,malicious,tpstringcraftget
tpstringintpong,2,0,False,False,False,0,3,2,3,0.0,0,0,0,2,False,0,1,False,0,0,False,1,0,29,0.034482758620689655,3.9115215991466727,5.135185083865586,1,0,0,0,0,1,0,2,0,0,1,1,0,0,0,2,0,0,3,3,3,0.0,0,0,0,0,0,0.0,0,0,0,0,0,1,malicious,tpstringintpong
tpstringmask,2,2,False,True,True,1,1,0,1,0.03333333333333333,0,1,0,0,False,0,0,False,0,0,False,1,0,30,0.03333333333333333,3.4890516428210994,3.7264741182543757,0,0,0,0,0,0,0,0,0,0,0,1,0,0,0,0,0,0,1,1,1,0.0,0,0,0,0,0,0.0,0,0,0,0,0,1,malicious,tpstringmask
tpstringpep,2,2,False,True,True,1,1,0,1,0.03333333333333333,0,1,0,0,False,0,0,False,0,0,False,1,0,30,0.03333333333333333,3.2859125274384064,3.7264741182543757,0,0,0,0,0,0,0,0,0,0,0,1,0,0,0,0,0,0,1,1,1,0.0,0,0,0,0,0,0.0,0,0,0,0,0,1,malicious,tpstringpep
tpstringverstudy,2,1,True,False,False,1,2,0,2,0.03125,0,0,0,0,False,0,0,False,0,0,False,2,1,32,0.0625,3.269340540356999,3.7264741182543757,0,0,0,0,0,0,0,0,0,0,0,0,0,0,0,0,0,0,2,2,2,0.0,0,0,1,1,0,0.0,0,0,0,0,0,1,malicious,tpstringverstudy
tpstrmask,3,1,True,False,False,1,4,0,3,0.027777777777777776,0,3,0,0,False,0,0,False,0,0,False,2,0,36,0.05555555555555555,3.6551431436327353,3.9873261452560076,0,0,0,0,0,0,0,0,0,1,0,0,0,0,0,0,0,1,4,3,1,20.0,2,1,1,1,0,0.0,0,0,0,0,20,1,malicious,tpstrmask
tpstrmaskpy,2,2,False,True,True,1,1,0,1,0.03333333333333333,0,1,0,0,False,0,0,False,0,0,False,1,0,30,0.03333333333333333,3.320225595718564,3.7264741182543757,0,0,0,0,0,0,0,0,0,0,0,1,0,0,0,0,0,0,1,1,1,0.0,0,0,0,0,0,0.0,0,0,0,0,0,1,malicious,tpstrmaskpy
tpstudygetreplace,2,1,False,True,False,1,2,0,2,0.03333333333333333,0,0,0,0,False,0,0,False,0,0,False,1,0,30,0.03333333333333333,3.6344007398471088,4.021928094887363,0,0,0,0,0,0,0,0,0,0,1,0,0,0,0,1,0,0,2,2,1,0.0,0,0,0,0,0,0.0,0,0,0,0,0,1,malicious,tpstudygetreplace
tpstudypingrand,3,1,True,False,False,1,4,0,3,0.027777777777777776,0,3,0,0,False,0,0,False,0,0,False,2,0,36,0.05555555555555555,3.5847466732933477,3.9873261452560076,0,0,0,0,0,0,0,0,0,1,0,0,0,0,0,0,0,1,4,3,1,20.0,2,1,1,1,0,0.0,0,0,0,0,20,1,malicious,tpstudypingrand
tpstudyproofhttp,2,1,False,True,False,1,2,0,2,0.03333333333333333,0,0,0,0,False,0,0,False,0,0,False,1,0,30,0.03333333333333333,3.5512513094356746,4.021928094887363,0,0,0,0,0,0,0,0,0,0,1,0,0,0,0,1,0,0,2,2,1,0.0,0,0,0,0,0,0.0,0,0,0,0,0,1,malicious,tpstudyproofhttp
tpstudyvirtual,2,2,False,True,True,1,1,0,1,0.03333333333333333,0,1,0,0,False,0,0,False,0,0,False,1,0,30,0.03333333333333333,3.5256685379358665,3.7264741182543757,0,0,0,0,0,0,0,0,0,0,0,1,0,0,0,0,0,0,1,1,1,0.0,0,0,0,0,0,0.0,0,0,0,0,0,1,malicious,tpstudyvirtual
tpsupermcmc,2,0,False,False,False,1,4,0,4,0.03225806451612903,0,0,0,0,False,0,0,False,0,0,False,2,1,31,0.06451612903225806,3.320225595718564,3.7264741182543757,0,0,0,0,0,0,0,0,0,0,0,0,0,0,0,0,0,0,4,4,2,0.0,0,0,1,1,1,0.4,0,0,0,0,20,1,malicious,tpsupermcmc
tpsuperosintmask,2,0,False,False,False,0,3,2,3,0.0,0,0,0,2,False,0,1,False,0,0,False,1,0,29,0.034482758620689655,4.104826244411582,5.135185083865586,1,0,0,0,0,1,0,2,0,0,1,1,0,0,0,2,0,0,3,3,3,0.0,0,0,0,0,0,0.0,0,0,0,0,0,1,malicious,tpsuperosintmask
tptoolpywgui,2,0,False,False,False,1,3,0,3,0.03125,0,0,0,0,False,0,0,False,0,0,False,1,0,32,0.03125,3.1881457026497255,3.7264741182543757,0,0,0,0,0,0,0,0,0,0,0,0,0,0,0,0,0,0,3,3,2,0.0,0,0,0,0,1,0.4,0,0,0,0,20,1,malicious,tptoolpywgui
tpultraencode,2,0,False,False,False,1,3,0,3,0.03125,0,0,0,0,False,0,0,False,0,0,False,1,0,32,0.03125,3.265091930081633,3.7264741182543757,0,0,0,0,0,0,0,0,0,0,0,0,0,0,0,0,0,0,3,3,2,0.0,0,0,0,0,1,0.4,0,0,0,0,20,1,malicious,tpultraencode
tpultraintel,2,1,False,True,False,1,2,0,2,0.03333333333333333,0,0,0,0,False,0,0,False,0,0,False,1,0,30,0.03333333333333333,3.537310228875529,4.021928094887363,0,0,0,0,0,0,0,0,0,0,1,0,0,0,0,1,0,0,2,2,1,0.0,0,0,0,0,0,0.0,0,0,0,0,0,1,malicious,tpultraintel
tpultralgtbcandy,2,1,True,False,False,1,2,0,2,0.03125,0,0,0,0,False,0,0,False,0,0,False,2,1,32,0.0625,3.269340540356999,3.7264741182543757,0,0,0,0,0,0,0,0,0,0,0,0,0,0,0,0,0,0,2,2,2,0.0,0,0,1,1,0,0.0,0,0,0,0,0,1,malicious,tpultralgtbcandy
tpultravmpy,2,0,False,False,False,1,3,0,3,0.03125,0,0,0,0,False,0,0,False,0,0,False,1,0,32,0.03125,3.1908538912196702,3.7264741182543757,0,0,0,0,0,0,0,0,0,0,0,0,0,0,0,0,0,0,3,3,2,0.0,0,0,0,0,1,0.4,0,0,0,0,20,1,malicious,tpultravmpy
tpurladpy,2,1,True,False,False,1,2,0,2,0.03125,0,0,0,0,False,0,0,False,0,0,False,2,1,32,0.0625,3.2081808767710718,3.7264741182543757,0,0,0,0,0,0,0,0,0,0,0,0,0,0,0,0,0,0,2,2,2,0.0,0,0,1,1,0,0.0,0,0,0,0,0,1,malicious,tpurladpy
tpurlguiint,2,0,False,False,False,0,3,2,3,0.0,0,0,0,2,False,0,1,False,0,0,False,1,0,29,0.034482758620689655,3.9252120917675715,5.135185083865586,1,0,0,0,0,1,0,2,0,0,1,1,0,0,0,2,0,0,3,3,3,0.0,0,0,0,0,0,0.0,0,0,0,0,0,1,malicious,tpurlguiint
tpvercontrol,3,1,True,False,False,1,4,0,3,0.027777777777777776,0,3,0,0,False,0,0,False,0,0,False,2,0,36,0.05555555555555555,3.5125979829048406,3.9873261452560076,0,0,0,0,0,0,0,0,0,1,0,0,0,0,0,0,0,1,4,3,1,20.0,2,1,1,1,0,0.0,0,0,0,0,20,1,malicious,tpvercontrol
tpverguipost,2,0,False,False,False,1,3,0,3,0.03125,0,0,0,0,False,0,0,False,0,0,False,1,0,32,0.03125,3.2298123693163925,3.7264741182543757,0,0,0,0,0,0,0,0,0,0,0,0,0,0,0,0,0,0,3,3,2,0.0,0,0,0,0,1,0.4,0,0,0,0,20,1,malicious,tpverguipost
tpvirtualhttp,2,0,False,False,False,1,4,0,4,0.03225806451612903,0,0,0,0,False,0,0,False,0,0,False,2,1,31,0.06451612903225806,3.3288415335823496,3.7264741182543757,0,0,0,0,0,0,0,0,0,0,0,0,0,0,0,0,0,0,4,4,2,0.0,0,0,1,1,1,0.4,0,0,0,0,20,1,malicious,tpvirtualhttp
tpvirtualpywproof,3,1,True,False,False,1,4,0,3,0.027777777777777776,0,3,0,0,False,0,0,False,0,0,False,2,0,36,0.05555555555555555,3.605062957711203,3.9873261452560076,0,0,0,0,0,0,0,0,0,1,0,0,0,0,0,0,0,1,4,3,1,20.0,2,1,1,1,0,0.0,0,0,0,0,20,1,malicious,tpvirtualpywproof
tpvisalgtbcv,2,0,False,False,False,1,3,0,3,0.03125,0,0,0,0,False,0,0,False,0,0,False,1,0,32,0.03125,3.2298123693163925,3.7264741182543757,0,0,0,0,0,0,0,0,0,0,0,0,0,0,0,0,0,0,3,3,2,0.0,0,0,0,0,1,0.4,0,0,0,0,20,1,malicious,tpvisalgtbcv
tpvisaosint,2,2,False,True,True,1,1,0,1,0.03333333333333333,0,1,0,0,False,0,0,False,0,0,False,1,0,30,0.03333333333333333,3.320225595718564,3.7264741182543757,0,0,0,0,0,0,0,0,0,0,0,1,0,0,0,0,0,0,1,1,1,0.0,0,0,0,0,0,0.0,0,0,0,0,0,1,malicious,tpvisaosint
tpvmcpustudy,3,1,True,False,False,1,4,0,3,0.027777777777777776,0,3,0,0,False,0,0,False,0,0,False,2,0,36,0.05555555555555555,3.5125979829048406,3.9873261452560076,0,0,0,0,0,0,0,0,0,1,0,0,0,0,0,0,0,1,4,3,1,20.0,2,1,1,1,0,0.0,0,0,0,0,20,1,malicious,tpvmcpustudy
tpvmpipsplit,2,1,False,True,False,1,2,0,2,0.03333333333333333,0,0,0,0,False,0,0,False,0,0,False,1,0,30,0.03333333333333333,3.428037051837268,4.021928094887363,0,0,0,0,0,0,0,0,0,0,1,0,0,0,0,1,0,0,2,2,1,0.0,0,0,0,0,0,0.0,0,0,0,0,0,1,malicious,tpvmpipsplit
tpvmpy,2,0,False,False,False,0,3,2,3,0.0,0,0,0,2,False,0,1,False,0,0,False,1,0,29,0.034482758620689655,4.4308296010599815,5.135185083865586,1,0,0,0,0,1,0,2,0,0,1,1,0,0,0,2,0,0,3,3,3,0.0,0,0,0,0,0,0.0,0,0,0,0,0,1,malicious,tpvmpy
tpvmstringgrand,2,2,False,True,True,1,1,0,1,0.03333333333333333,0,1,0,0,False,0,0,False,0,0,False,1,0,30,0.03333333333333333,3.5500156902647806,3.7264741182543757,0,0,0,0,0,0,0,0,0,0,0,1,0,0,0,0,0,0,1,1,1,0.0,0,0,0,0,0,0.0,0,0,0,0,0,1,malicious,tpvmstringgrand
tqmd,3,1,True,False,False,1,4,0,3,0.027777777777777776,0,3,0,0,False,0,0,False,0,0,False,2,0,36,0.05555555555555555,3.6551431436327353,3.9873261452560076,0,0,0,0,0,0,0,0,0,1,0,0,0,0,0,0,0,1,4,3,1,20.0,2,1,1,1,0,0.0,0,0,0,0,20,1,malicious,tqmd
trc20-unlocker,2,1,True,False,False,1,2,0,2,0.03125,0,0,0,0,False,0,0,False,0,0,False,2,1,32,0.0625,3.286545816664133,3.7264741182543757,0,0,0,0,0,0,0,0,0,0,0,0,0,0,0,0,0,0,2,2,2,0.0,0,0,1,1,0,0.0,0,0,0,0,0,1,malicious,trc20-unlocker
trejklfffffffffgdjg,2,0,False,False,False,1,3,0,3,0.03125,0,0,0,0,False,0,0,False,0,0,False,1,0,32,0.03125,3.0508695214490067,3.7264741182543757,0,0,0,0,0,0,0,0,0,0,0,0,0,0,0,0,0,0,3,3,2,0.0,0,0,0,0,1,0.4,0,0,0,0,20,1,malicious,trejklfffffffffgdjg
trexcolors,2,1,False,True,False,1,2,0,2,0.03333333333333333,0,0,0,0,False,0,0,False,0,0,False,1,0,30,0.03333333333333333,3.5122784503788194,4.021928094887363,0,0,0,0,0,0,0,0,0,0,1,0,0,0,0,1,0,0,2,2,1,0.0,0,0,0,0,0,0.0,0,0,0,0,0,1,malicious,trexcolors
triple-equal,2,1,False,True,False,1,2,0,2,0.03333333333333333,0,0,0,0,False,0,0,False,0,0,False,1,0,30,0.03333333333333333,3.5947037185039346,4.021928094887363,0,0,0,0,0,0,0,0,0,0,1,0,0,0,0,1,0,0,2,2,1,0.0,0,0,0,0,0,0.0,0,0,0,0,0,1,malicious,triple-equal
triple-equals,2,0,False,False,False,1,3,0,3,0.03125,0,0,0,0,False,0,0,False,0,0,False,1,0,32,0.03125,3.265091930081633,3.7264741182543757,0,0,0,0,0,0,0,0,0,0,0,0,0,0,0,0,0,0,3,3,2,0.0,0,0,0,0,1,0.4,0,0,0,0,20,1,malicious,triple-equals
tronapisync,2,0,False,False,False,1,3,0,3,0.03125,0,0,0,0,False,0,0,False,0,0,False,1,0,32,0.03125,3.2363084366742156,3.7264741182543757,0,0,0,0,0,0,0,0,0,0,0,0,0,0,0,0,0,0,3,3,2,0.0,0,0,0,0,1,0.4,0,0,0,0,20,1,malicious,tronapisync
trongithpy,2,1,True,False,False,1,2,0,2,0.03125,0,0,0,0,False,0,0,False,0,0,False,2,1,32,0.0625,3.1866176813001434,3.7264741182543757,0,0,0,0,0,0,0,0,0,0,0,0,0,0,0,0,0,0,2,2,2,0.0,0,0,1,1,0,0.0,0,0,0,0,0,1,malicious,trongithpy
trongitpy,2,0,False,False,False,1,4,0,4,0.03225806451612903,0,0,0,0,False,0,0,False,0,0,False,2,1,31,0.06451612903225806,3.7264741182543757,3.7264741182543757,0,0,0,0,0,0,0,0,0,0,0,0,0,0,0,0,0,0,4,4,2,0.0,0,0,1,1,1,0.4,0,0,0,0,20,1,malicious,trongitpy
trongridapi,2,0,False,False,False,0,3,2,3,0.0,0,0,0,2,False,0,1,False,0,0,False,1,0,29,0.034482758620689655,3.985818152373632,5.135185083865586,1,0,0,0,0,1,0,2,0,0,1,1,0,0,0,2,0,0,3,3,3,0.0,0,0,0,0,0,0.0,0,0,0,0,0,1,malicious,trongridapi
trongridperm,3,1,True,False,False,1,4,0,3,0.027777777777777776,0,3,0,0,False,0,0,False,0,0,False,2,0,36,0.05555555555555555,3.538537826609768,3.9873261452560076,0,0,0,0,0,0,0,0,0,1,0,0,0,0,0,0,0,1,4,3,1,20.0,2,1,1,1,0,0.0,0,0,0,0,20,1,malicious,trongridperm
tronhex,3,1,True,False,False,1,4,0,3,0.027777777777777776,0,3,0,0,False,0,0,False,0,0,False,2,0,36,0.05555555555555555,3.6551431436327353,3.9873261452560076,0,0,0,0,0,0,0,0,0,1,0,0,0,0,0,0,0,1,4,3,1,20.0,2,1,1,1,0,0.0,0,0,0,0,20,1,malicious,tronhex
tronhexpy,3,1,True,False,False,1,4,0,3,0.027777777777777776,0,3,0,0,False,0,0,False,0,0,False,2,0,36,0.05555555555555555,3.6551431436327353,3.9873261452560076,0,0,0,0,0,0,0,0,0,1,0,0,0,0,0,0,0,1,4,3,1,20.0,2,1,1,1,0,0.0,0,0,0,0,20,1,malicious,tronhexpy
tronkeep,2,1,True,False,False,1,2,0,2,0.03125,0,0,0,0,False,0,0,False,0,0,False,2,1,32,0.0625,3.2081808767710718,3.7264741182543757,0,0,0,0,0,0,0,0,0,0,0,0,0,0,0,0,0,0,2,2,2,0.0,0,0,1,1,0,0.0,0,0,0,0,0,1,malicious,tronkeep
tronkeeppy,3,1,True,False,False,1,4,0,3,0.027777777777777776,0,3,0,0,False,0,0,False,0,0,False,2,0,36,0.05555555555555555,3.471839381446392,3.9873261452560076,0,0,0,0,0,0,0,0,0,1,0,0,0,0,0,0,0,1,4,3,1,20.0,2,1,1,1,0,0.0,0,0,0,0,20,1,malicious,tronkeeppy
tronkeypy,2,0,False,False,False,1,3,0,3,0.03125,0,0,0,0,False,0,0,False,0,0,False,1,0,32,0.03125,3.222540103292582,3.7264741182543757,0,0,0,0,0,0,0,0,0,0,0,0,0,0,0,0,0,0,3,3,2,0.0,0,0,0,0,1,0.4,0,0,0,0,20,1,malicious,tronkeypy
tronkeyspy,2,1,True,False,False,1,2,0,2,0.03125,0,0,0,0,False,0,0,False,0,0,False,2,1,32,0.0625,3.1866176813001443,3.7264741182543757,0,0,0,0,0,0,0,0,0,0,0,0,0,0,0,0,0,0,2,2,2,0.0,0,0,1,1,0,0.0,0,0,0,0,0,1,malicious,tronkeyspy
tronlast,2,0,False,False,False,0,3,2,3,0.0,0,0,0,2,False,0,1,False,0,0,False,1,0,29,0.034482758620689655,4.4308296010599815,5.135185083865586,1,0,0,0,0,1,0,2,0,0,1,1,0,0,0,2,0,0,3,3,3,0.0,0,0,0,0,0,0.0,0,0,0,0,0,1,malicious,tronlast
tronlastpy,2,2,False,True,True,1,1,0,1,0.03333333333333333,0,1,0,0,False,0,0,False,0,0,False,1,0,30,0.03333333333333333,3.4242011065708686,3.7264741182543757,0,0,0,0,0,0,0,0,0,0,0,1,0,0,0,0,0,0,1,1,1,0.0,0,0,0,0,0,0.0,0,0,0,0,0,1,malicious,tronlastpy
tronpyapi,2,2,False,True,True,1,1,0,1,0.03333333333333333,0,1,0,0,False,0,0,False,0,0,False,1,0,30,0.03333333333333333,3.7264741182543757,3.7264741182543757,0,0,0,0,0,0,0,0,0,0,0,1,0,0,0,0,0,0,1,1,1,0.0,0,0,0,0,0,0.0,0,0,0,0,0,1,malicious,tronpyapi
tronwalletpy,3,1,True,False,False,1,4,0,3,0.027777777777777776,0,3,0,0,False,0,0,False,0,0,False,2,0,36,0.05555555555555555,3.554264649571507,3.9873261452560076,0,0,0,0,0,0,0,0,0,1,0,0,0,0,0,0,0,1,4,3,1,20.0,2,1,1,1,0,0.0,0,0,0,0,20,1,malicious,tronwalletpy
tronwebwpy,2,1,True,False,False,1,2,0,2,0.03125,0,0,0,0,False,0,0,False,0,0,False,2,1,32,0.0625,3.1866176813001434,3.7264741182543757,0,0,0,0,0,0,0,0,0,0,0,0,0,0,0,0,0,0,2,2,2,0.0,0,0,1,1,0,0.0,0,0,0,0,0,1,malicious,tronwebwpy
trrfab,2,1,False,True,False,1,2,0,2,0.03333333333333333,0,0,0,0,False,0,0,False,0,0,False,1,0,30,0.03333333333333333,3.709061902209305,4.021928094887363,0,0,0,0,0,0,0,0,0,0,1,0,0,0,0,1,0,0,2,2,1,0.0,0,0,0,0,0,0.0,0,0,0,0,0,1,malicious,trrfab
trustpiphuh,2,1,True,False,False,1,2,0,2,0.03125,0,0,0,0,False,0,0,False,0,0,False,2,1,32,0.0625,3.089175380419446,3.7264741182543757,0,0,0,0,0,0,0,0,0,0,0,0,0,0,0,0,0,0,2,2,2,0.0,0,0,1,1,0,0.0,0,0,0,0,0,1,malicious,trustpiphuh
trustpiphuh1,2,1,True,False,False,1,2,0,2,0.03125,0,0,0,0,False,0,0,False,0,0,False,2,1,32,0.0625,3.1357096160919253,3.7264741182543757,0,0,0,0,0,0,0,0,0,0,0,0,0,0,0,0,0,0,2,2,2,0.0,0,0,1,1,0,0.0,0,0,0,0,0,1,malicious,trustpiphuh1
trustypip,2,1,False,True,False,1,2,0,2,0.03333333333333333,0,0,0,0,False,0,0,False,0,0,False,1,0,30,0.03333333333333333,3.709061902209305,4.021928094887363,0,0,0,0,0,0,0,0,0,0,1,0,0,0,0,1,0,0,2,2,1,0.0,0,0,0,0,0,0.0,0,0,0,0,0,1,malicious,trustypip
tsesyx,2,0,False,False,False,1,3,0,3,0.03125,0,0,0,0,False,0,0,False,0,0,False,1,0,32,0.03125,3.222540103292582,3.7264741182543757,0,0,0,0,0,0,0,0,0,0,0,0,0,0,0,0,0,0,3,3,2,0.0,0,0,0,0,1,0.4,0,0,0,0,20,1,malicious,tsesyx
tshawn-wrce,2,0,False,False,False,1,4,0,4,0.03225806451612903,0,0,0,0,False,0,0,False,0,0,False,2,1,31,0.06451612903225806,3.5020437775367457,3.7264741182543757,0,0,0,0,0,0,0,0,0,0,0,0,0,0,0,0,0,0,4,4,2,0.0,0,0,1,1,1,0.4,0,0,0,0,20,1,malicious,tshawn-wrce
tshawn_lrce,2,0,False,False,False,1,3,0,3,0.03125,0,0,0,0,False,0,0,False,0,0,False,1,0,32,0.03125,3.281762982128761,3.7264741182543757,0,0,0,0,0,0,0,0,0,0,0,0,0,0,0,0,0,0,3,3,2,0.0,0,0,0,0,1,0.4,0,0,0,0,20,1,malicious,tshawn_lrce
tshawn_wrce,2,1,True,False,False,1,2,0,2,0.03125,0,0,0,0,False,0,0,False,0,0,False,2,1,32,0.0625,3.225539016783082,3.7264741182543757,0,0,0,0,0,0,0,0,0,0,0,0,0,0,0,0,0,0,2,2,2,0.0,0,0,1,1,0,0.0,0,0,0,0,0,1,malicious,tshawn_wrce
ttensorflow-gpu,2,0,False,False,False,0,3,2,3,0.0,0,0,0,2,False,0,1,False,0,0,False,1,0,29,0.034482758620689655,4.167294377020604,5.135185083865586,1,0,0,0,0,1,0,2,0,0,1,1,0,0,0,2,0,0,3,3,3,0.0,0,0,0,0,0,0.0,0,0,0,0,0,1,malicious,ttensorflow-gpu
ttkcalendar,2,0,False,False,False,0,3,2,3,0.0,0,0,0,2,False,0,1,False,0,0,False,1,0,29,0.034482758620689655,3.985818152373632,5.135185083865586,1,0,0,0,0,1,0,2,0,0,1,1,0,0,0,2,0,0,3,3,3,0.0,0,0,0,0,0,0.0,0,0,0,0,0,1,malicious,ttkcalendar
ttlo,3,1,True,False,False,1,4,0,3,0.027777777777777776,0,3,0,0,False,0,0,False,0,0,False,2,0,36,0.05555555555555555,3.6551431436327353,3.9873261452560076,0,0,0,0,0,0,0,0,0,1,0,0,0,0,0,0,0,1,4,3,1,20.0,2,1,1,1,0,0.0,0,0,0,0,20,1,malicious,ttlo
twien,2,1,True,False,False,1,2,0,2,0.03125,0,0,0,0,False,0,0,False,0,0,False,2,1,32,0.0625,3.2081808767710718,3.7264741182543757,0,0,0,0,0,0,0,0,0,0,0,0,0,0,0,0,0,0,2,2,2,0.0,0,0,1,1,0,0.0,0,0,0,0,0,1,malicious,twien
twyne,2,0,False,False,False,1,3,0,3,0.03125,0,0,0,0,False,0,0,False,0,0,False,1,0,32,0.03125,3.222540103292582,3.7264741182543757,0,0,0,0,0,0,0,0,0,0,0,0,0,0,0,0,0,0,3,3,2,0.0,0,0,0,0,1,0.4,0,0,0,0,20,1,malicious,twyne
type-a-own-package-name,2,0,False,False,False,1,4,0,4,0.03225806451612903,0,0,0,0,False,0,0,False,0,0,False,2,1,31,0.06451612903225806,3.586868308847793,3.7264741182543757,0,0,0,0,0,0,0,0,0,0,0,0,0,0,0,0,0,0,4,4,2,0.0,0,0,1,1,1,0.4,0,0,0,0,20,1,malicious,type-a-own-package-name
type-color,3,1,True,False,False,1,4,0,3,0.027777777777777776,0,3,0,0,False,0,0,False,0,0,False,2,0,36,0.05555555555555555,3.521839381446392,3.9873261452560076,0,0,0,0,0,0,0,0,0,1,0,0,0,0,0,0,0,1,4,3,1,20.0,2,1,1,1,0,0.0,0,0,0,0,20,1,malicious,type-color
typestring,2,1,True,False,False,1,2,0,2,0.03125,0,0,0,0,False,0,0,False,0,0,False,2,1,32,0.0625,3.1866176813001434,3.7264741182543757,0,0,0,0,0,0,0,0,0,0,0,0,0,0,0,0,0,0,2,2,2,0.0,0,0,1,1,0,0.0,0,0,0,0,0,1,malicious,typestring
typesutil,2,2,False,True,True,1,1,0,1,0.03333333333333333,0,1,0,0,False,0,0,False,0,0,False,1,0,30,0.03333333333333333,3.7264741182543757,3.7264741182543757,0,0,0,0,0,0,0,0,0,0,0,1,0,0,0,0,0,0,1,1,1,0.0,0,0,0,0,0,0.0,0,0,0,0,0,1,malicious,typesutil
typing-extnesions,2,1,False,True,False,1,2,0,2,0.03333333333333333,0,0,0,0,False,0,0,False,0,0,False,1,0,30,0.03333333333333333,3.616090261937748,4.021928094887363,0,0,0,0,0,0,0,0,0,0,1,0,0,0,0,1,0,0,2,2,1,0.0,0,0,0,0,0,0.0,0,0,0,0,0,1,malicious,typing-extnesions
u283udsfru,2,2,False,True,True,1,1,0,1,0.03333333333333333,0,1,0,0,False,0,0,False,0,0,False,1,0,30,0.03333333333333333,3.2864567314626956,3.7264741182543757,0,0,0,0,0,0,0,0,0,0,0,1,0,0,0,0,0,0,1,1,1,0.0,0,0,0,0,0,0.0,0,0,0,0,0,1,malicious,u283udsfru
ulibasset,3,1,True,False,False,1,4,0,3,0.027777777777777776,0,3,0,0,False,0,0,False,0,0,False,2,0,36,0.05555555555555555,3.6551431436327353,3.9873261452560076,0,0,0,0,0,0,0,0,0,1,0,0,0,0,0,0,0,1,4,3,1,20.0,2,1,1,1,0,0.0,0,0,0,0,20,1,malicious,ulibasset
ulrlib3,3,1,True,False,False,1,4,0,3,0.027777777777777776,0,3,0,0,False,0,0,False,0,0,False,2,0,36,0.05555555555555555,3.6551431436327353,3.9873261452560076,0,0,0,0,0,0,0,0,0,1,0,0,0,0,0,0,0,1,4,3,1,20.0,2,1,1,1,0,0.0,0,0,0,0,20,1,malicious,ulrlib3
ultracv,2,1,False,True,False,1,2,0,2,0.03333333333333333,0,0,0,0,False,0,0,False,0,0,False,1,0,30,0.03333333333333333,3.709061902209305,4.021928094887363,0,0,0,0,0,0,0,0,0,0,1,0,0,0,0,1,0,0,2,2,1,0.0,0,0,0,0,0,0.0,0,0,0,0,0,1,malicious,ultracv
ultralytics,2,0,False,False,False,1,4,0,4,0.03225806451612903,0,0,0,0,False,0,0,False,0,0,False,2,1,31,0.06451612903225806,3.411134686627655,3.7264741182543757,0,0,0,0,0,0,0,0,0,0,0,0,0,0,0,0,0,0,4,4,2,0.0,0,0,1,1,1,0.4,0,0,0,0,20,1,malicious,ultralytics
ultraobfuscator,3,1,True,False,False,1,4,0,3,0.027777777777777776,0,3,0,0,False,0,0,False,0,0,False,2,0,36,0.05555555555555555,3.551413339960014,3.9873261452560076,0,0,0,0,0,0,0,0,0,1,0,0,0,0,0,0,0,1,4,3,1,20.0,2,1,1,1,0,0.0,0,0,0,0,20,1,malicious,ultraobfuscator
ultraproof,2,0,False,False,False,1,4,0,4,0.03225806451612903,0,0,0,0,False,0,0,False,0,0,False,2,1,31,0.06451612903225806,3.324201106570869,3.7264741182543757,0,0,0,0,0,0,0,0,0,0,0,0,0,0,0,0,0,0,4,4,2,0.0,0,0,1,1,1,0.4,0,0,0,0,20,1,malicious,ultraproof
ultrarequests,2,0,False,False,False,1,3,0,3,0.03125,0,0,0,0,False,0,0,False,0,0,False,1,0,32,0.03125,3.1497073146970176,3.7264741182543757,0,0,0,0,0,0,0,0,0,0,0,0,0,0,0,0,0,0,3,3,2,0.0,0,0,0,0,1,0.4,0,0,0,0,20,1,malicious,ultrarequests
updated-requests,2,0,False,False,False,1,3,0,3,0.03125,0,0,0,0,False,0,0,False,0,0,False,1,0,32,0.03125,3.2176099602481325,3.7264741182543757,0,0,0,0,0,0,0,0,0,0,0,0,0,0,0,0,0,0,3,3,2,0.0,0,0,0,0,1,0.4,0,0,0,0,20,1,malicious,updated-requests
updlibupload,2,0,False,False,False,0,3,2,3,0.0,0,0,0,2,False,0,1,False,0,0,False,1,0,29,0.034482758620689655,3.926651678724817,5.135185083865586,1,0,0,0,0,1,0,2,0,0,1,1,0,0,0,2,0,0,3,3,3,0.0,0,0,0,0,0,0.0,0,0,0,0,0,1,malicious,updlibupload
upgrade-requests,2,1,True,False,False,1,2,0,2,0.03125,0,0,0,0,False,0,0,False,0,0,False,2,1,32,0.0625,3.238090540356999,3.7264741182543757,0,0,0,0,0,0,0,0,0,0,0,0,0,0,0,0,0,0,2,2,2,0.0,0,0,1,1,0,0.0,0,0,0,0,0,1,malicious,upgrade-requests
url-requests,2,0,False,False,False,0,3,2,3,0.0,0,0,0,2,False,0,1,False,0,0,False,1,0,29,0.034482758620689655,3.926651678724817,5.135185083865586,1,0,0,0,0,1,0,2,0,0,1,1,0,0,0,2,0,0,3,3,3,0.0,0,0,0,0,0,0.0,0,0,0,0,0,1,malicious,url-requests
urlib3,2,1,False,True,False,1,2,0,2,0.03333333333333333,0,0,0,0,False,0,0,False,0,0,False,1,0,30,0.03333333333333333,3.709061902209305,4.021928094887363,0,0,0,0,0,0,0,0,0,0,1,0,0,0,0,1,0,0,2,2,1,0.0,0,0,0,0,0,0.0,0,0,0,0,0,1,malicious,urlib3
urllbi3,2,1,True,False,False,1,2,0,2,0.03125,0,0,0,0,False,0,0,False,0,0,False,2,1,32,0.0625,3.2081808767710718,3.7264741182543757,0,0,0,0,0,0,0,0,0,0,0,0,0,0,0,0,0,0,2,2,2,0.0,0,0,1,1,0,0.0,0,0,0,0,0,1,malicious,urllbi3
urlli3,2,1,False,True,False,1,2,0,2,0.03333333333333333,0,0,0,0,False,0,0,False,0,0,False,1,0,30,0.03333333333333333,3.709061902209305,4.021928094887363,0,0,0,0,0,0,0,0,0,0,1,0,0,0,0,1,0,0,2,2,1,0.0,0,0,0,0,0,0.0,0,0,0,0,0,1,malicious,urlli3
urlli3b,2,2,False,True,True,1,1,0,1,0.03333333333333333,0,1,0,0,False,0,0,False,0,0,False,1,0,30,0.03333333333333333,3.7264741182543757,3.7264741182543757,0,0,0,0,0,0,0,0,0,0,0,1,0,0,0,0,0,0,1,1,1,0.0,0,0,0,0,0,0.0,0,0,0,0,0,1,malicious,urlli3b
urllib,2,1,True,False,False,1,2,0,2,0.03125,0,0,0,0,False,0,0,False,0,0,False,2,1,32,0.0625,3.2081808767710718,3.7264741182543757,0,0,0,0,0,0,0,0,0,0,0,0,0,0,0,0,0,0,2,2,2,0.0,0,0,1,1,0,0.0,0,0,0,0,0,1,malicious,urllib
urllib3installer,2,2,False,True,True,1,1,0,1,0.03333333333333333,0,1,0,0,False,0,0,False,0,0,False,1,0,30,0.03333333333333333,3.488237059127188,3.7264741182543757,0,0,0,0,0,0,0,0,0,0,0,1,0,0,0,0,0,0,1,1,1,0.0,0,0,0,0,0,0.0,0,0,0,0,0,1,malicious,urllib3installer
urllib3loader,2,0,False,False,False,0,3,2,3,0.0,0,0,0,2,False,0,1,False,0,0,False,1,0,29,0.034482758620689655,4.014164063108468,5.135185083865586,1,0,0,0,0,1,0,2,0,0,1,1,0,0,0,2,0,0,3,3,3,0.0,0,0,0,0,0,0.0,0,0,0,0,0,1,malicious,urllib3loader
urllibb3,2,0,False,False,False,0,3,2,3,0.0,0,0,0,2,False,0,1,False,0,0,False,1,0,29,0.034482758620689655,4.4308296010599815,5.135185083865586,1,0,0,0,0,1,0,2,0,0,1,1,0,0,0,2,0,0,3,3,3,0.0,0,0,0,0,0,0.0,0,0,0,0,0,1,malicious,urllibb3
urllibdownloader,3,1,True,False,False,1,4,0,3,0.027777777777777776,0,3,0,0,False,0,0,False,0,0,False,2,0,36,0.05555555555555555,3.573312240503247,3.9873261452560076,0,0,0,0,0,0,0,0,0,1,0,0,0,0,0,0,0,1,4,3,1,20.0,2,1,1,1,0,0.0,0,0,0,0,20,1,malicious,urllibdownloader
urllibinstaller,2,0,False,False,False,0,3,2,3,0.0,0,0,0,2,False,0,1,False,0,0,False,1,0,29,0.034482758620689655,3.9895165992428265,5.135185083865586,1,0,0,0,0,1,0,2,0,0,1,1,0,0,0,2,0,0,3,3,3,0.0,0,0,0,0,0,0.0,0,0,0,0,0,1,malicious,urllibinstaller
urllibloader,2,1,True,False,False,1,2,0,2,0.03125,0,0,0,0,False,0,0,False,0,0,False,2,1,32,0.0625,3.1616494597968536,3.7264741182543757,0,0,0,0,0,0,0,0,0,0,0,0,0,0,0,0,0,0,2,2,2,0.0,0,0,1,1,0,0.0,0,0,0,0,0,1,malicious,urllibloader
urlliib3,2,1,True,False,False,1,2,0,2,0.03125,0,0,0,0,False,0,0,False,0,0,False,2,1,32,0.0625,3.2081808767710718,3.7264741182543757,0,0,0,0,0,0,0,0,0,0,0,0,0,0,0,0,0,0,2,2,2,0.0,0,0,1,1,0,0.0,0,0,0,0,0,1,malicious,urlliib3
urlllib,2,2,False,True,True,1,1,0,1,0.03333333333333333,0,1,0,0,False,0,0,False,0,0,False,1,0,30,0.03333333333333333,3.7264741182543757,3.7264741182543757,0,0,0,0,0,0,0,0,0,0,0,1,0,0,0,0,0,0,1,1,1,0.0,0,0,0,0,0,0.0,0,0,0,0,0,1,malicious,urlllib
urlsplit,3,1,True,False,False,1,4,0,3,0.027777777777777776,0,3,0,0,False,0,0,False,0,0,False,2,0,36,0.05555555555555555,3.6551431436327353,3.9873261452560076,0,0,0,0,0,0,0,0,0,1,0,0,0,0,0,0,0,1,4,3,1,20.0,2,1,1,1,0,0.0,0,0,0,0,20,1,malicious,urlsplit
urrllib3,3,1,True,False,False,1,4,0,3,0.027777777777777776,0,3,0,0,False,0,0,False,0,0,False,2,0,36,0.05555555555555555,3.6551431436327353,3.9873261452560076,0,0,0,0,0,0,0,0,0,1,0,0,0,0,0,0,0,1,4,3,1,20.0,2,1,1,1,0,0.0,0,0,0,0,20,1,malicious,urrllib3
useragentclient,2,0,False,False,False,0,3,2,3,0.0,0,0,0,2,False,0,1,False,0,0,False,1,0,29,0.034482758620689655,4.061630210305861,5.135185083865586,1,0,0,0,0,1,0,2,0,0,1,1,0,0,0,2,0,0,3,3,3,0.0,0,0,0,0,0,0.0,0,0,0,0,0,1,malicious,useragentclient
utf-cleaner,2,1,True,False,False,1,2,0,2,0.03125,0,0,0,0,False,0,0,False,0,0,False,2,1,32,0.0625,3.225539016783082,3.7264741182543757,0,0,0,0,0,0,0,0,0,0,0,0,0,0,0,0,0,0,2,2,2,0.0,0,0,1,1,0,0.0,0,0,0,0,0,1,malicious,utf-cleaner
uurllib3,3,1,True,False,False,1,4,0,3,0.027777777777777776,0,3,0,0,False,0,0,False,0,0,False,2,0,36,0.05555555555555555,3.6551431436327353,3.9873261452560076,0,0,0,0,0,0,0,0,0,1,0,0,0,0,0,0,0,1,4,3,1,20.0,2,1,1,1,0,0.0,0,0,0,0,20,1,malicious,uurllib3
uzzywuzzy,2,0,False,False,False,0,3,2,3,0.0,0,0,0,2,False,0,1,False,0,0,False,1,0,29,0.034482758620689655,4.4308296010599815,5.135185083865586,1,0,0,0,0,1,0,2,0,0,1,1,0,0,0,2,0,0,3,3,3,0.0,0,0,0,0,0,0.0,0,0,0,0,0,1,malicious,uzzywuzzy
v4pe,2,0,False,False,False,1,4,0,4,0.03225806451612903,0,0,0,0,False,0,0,False,0,0,False,2,1,31,0.06451612903225806,3.7264741182543757,3.7264741182543757,0,0,0,0,0,0,0,0,0,0,0,0,0,0,0,0,0,0,4,4,2,0.0,0,0,1,1,1,0.4,0,0,0,0,20,1,malicious,v4pe
value2,2,1,False,True,False,1,2,0,2,0.03333333333333333,0,0,0,0,False,0,0,False,0,0,False,1,0,30,0.03333333333333333,3.709061902209305,4.021928094887363,0,0,0,0,0,0,0,0,0,0,1,0,0,0,0,1,0,0,2,2,1,0.0,0,0,0,0,0,0.0,0,0,0,0,0,1,malicious,value2
value3,2,0,False,False,False,1,4,0,4,0.03225806451612903,0,0,0,0,False,0,0,False,0,0,False,2,1,31,0.06451612903225806,3.7264741182543757,3.7264741182543757,0,0,0,0,0,0,0,0,0,0,0,0,0,0,0,0,0,0,4,4,2,0.0,0,0,1,1,1,0.4,0,0,0,0,20,1,malicious,value3
valyrian-debug,2,1,False,True,False,1,2,0,2,0.03333333333333333,0,0,0,0,False,0,0,False,0,0,False,1,0,30,0.03333333333333333,3.6979208714570944,4.021928094887363,0,0,0,0,0,0,0,0,0,0,1,0,0,0,0,1,0,0,2,2,1,0.0,0,0,0,0,0,0.0,0,0,0,0,0,1,malicious,valyrian-debug
vcdiff-py,2,1,False,True,False,1,2,0,2,0.03333333333333333,0,0,0,0,False,0,0,False,0,0,False,1,0,30,0.03333333333333333,3.709061902209305,4.021928094887363,0,0,0,0,0,0,0,0,0,0,1,0,0,0,0,1,0,0,2,2,1,0.0,0,0,0,0,0,0.0,0,0,0,0,0,1,malicious,vcdiff-py
veilcord-tls,2,1,False,True,False,1,2,0,2,0.03333333333333333,0,0,0,0,False,0,0,False,0,0,False,1,0,30,0.03333333333333333,3.636370385170601,4.021928094887363,0,0,0,0,0,0,0,0,0,0,1,0,0,0,0,1,0,0,2,2,1,0.0,0,0,0,0,0,0.0,0,0,0,0,0,1,malicious,veilcord-tls
verad,2,0,False,False,False,1,4,0,4,0.03225806451612903,0,0,0,0,False,0,0,False,0,0,False,2,1,31,0.06451612903225806,3.7264741182543757,3.7264741182543757,0,0,0,0,0,0,0,0,0,0,0,0,0,0,0,0,0,0,4,4,2,0.0,0,0,1,1,1,0.4,0,0,0,0,20,1,malicious,verad
vercc,2,0,False,False,False,1,4,0,4,0.03225806451612903,0,0,0,0,False,0,0,False,0,0,False,2,1,31,0.06451612903225806,3.7264741182543757,3.7264741182543757,0,0,0,0,0,0,0,0,0,0,0,0,0,0,0,0,0,0,4,4,2,0.0,0,0,1,1,1,0.4,0,0,0,0,20,1,malicious,vercc
verpy,2,2,False,True,True,1,1,0,1,0.03333333333333333,0,1,0,0,False,0,0,False,0,0,False,1,0,30,0.03333333333333333,3.7264741182543757,3.7264741182543757,0,0,0,0,0,0,0,0,0,0,0,1,0,0,0,0,0,0,1,1,1,0.0,0,0,0,0,0,0.0,0,0,0,0,0,1,malicious,verpy
vervisa,2,0,False,False,False,0,3,2,3,0.0,0,0,0,2,False,0,1,False,0,0,False,1,0,29,0.034482758620689655,4.4308296010599815,5.135185083865586,1,0,0,0,0,1,0,2,0,0,1,1,0,0,0,2,0,0,3,3,3,0.0,0,0,0,0,0,0.0,0,0,0,0,0,1,malicious,vervisa
very-hackerman,2,1,False,True,False,1,2,0,2,0.03333333333333333,0,0,0,0,False,0,0,False,0,0,False,1,0,30,0.03333333333333333,3.6264923000285227,4.021928094887363,0,0,0,0,0,0,0,0,0,0,1,0,0,0,0,1,0,0,2,2,1,0.0,0,0,0,0,0,0.0,0,0,0,0,0,1,malicious,very-hackerman
vielcord,2,2,False,True,True,1,1,0,1,0.03333333333333333,0,1,0,0,False,0,0,False,0,0,False,1,0,30,0.03333333333333333,3.7264741182543757,3.7264741182543757,0,0,0,0,0,0,0,0,0,0,0,1,0,0,0,0,0,0,1,1,1,0.0,0,0,0,0,0,0.0,0,0,0,0,0,1,malicious,vielcord
virtualhydra,2,0,False,False,False,1,4,0,4,0.03225806451612903,0,0,0,0,False,0,0,False,0,0,False,2,1,31,0.06451612903225806,3.4890516428210994,3.7264741182543757,0,0,0,0,0,0,0,0,0,0,0,0,0,0,0,0,0,0,4,4,2,0.0,0,0,1,1,1,0.4,0,0,0,0,20,1,malicious,virtualhydra
virtualnv,2,2,False,True,True,1,1,0,1,0.03333333333333333,0,1,0,0,False,0,0,False,0,0,False,1,0,30,0.03333333333333333,3.7264741182543757,3.7264741182543757,0,0,0,0,0,0,0,0,0,0,0,1,0,0,0,0,0,0,1,1,1,0.0,0,0,0,0,0,0.0,0,0,0,0,0,1,malicious,virtualnv
virtualvirtual,2,0,False,False,False,0,3,2,3,0.0,0,0,0,2,False,0,1,False,0,0,False,1,0,29,0.034482758620689655,3.8896713747258556,5.135185083865586,1,0,0,0,0,1,0,2,0,0,1,1,0,0,0,2,0,0,3,3,3,0.0,0,0,0,0,0,0.0,0,0,0,0,0,1,malicious,virtualvirtual
visapull,2,2,False,True,True,1,1,0,1,0.03333333333333333,0,1,0,0,False,0,0,False,0,0,False,1,0,30,0.03333333333333333,3.7264741182543757,3.7264741182543757,0,0,0,0,0,0,0,0,0,0,0,1,0,0,0,0,0,0,1,1,1,0.0,0,0,0,0,0,0.0,0,0,0,0,0,1,malicious,visapull
visatool,2,0,False,False,False,1,4,0,4,0.03225806451612903,0,0,0,0,False,0,0,False,0,0,False,2,1,31,0.06451612903225806,3.7264741182543757,3.7264741182543757,0,0,0,0,0,0,0,0,0,0,0,0,0,0,0,0,0,0,4,4,2,0.0,0,0,1,1,1,0.4,0,0,0,0,20,1,malicious,visatool
visavirtual,2,1,True,False,False,1,2,0,2,0.03125,0,0,0,0,False,0,0,False,0,0,False,2,1,32,0.0625,3.134629925873991,3.7264741182543757,0,0,0,0,0,0,0,0,0,0,0,0,0,0,0,0,0,0,2,2,2,0.0,0,0,1,1,0,0.0,0,0,0,0,0,1,malicious,visavirtual
vmconnect,2,0,False,False,False,0,3,2,3,0.0,0,0,0,2,False,0,1,False,0,0,False,1,0,29,0.034482758620689655,4.4308296010599815,5.135185083865586,1,0,0,0,0,1,0,2,0,0,1,1,0,0,0,2,0,0,3,3,3,0.0,0,0,0,0,0,0.0,0,0,0,0,0,1,malicious,vmconnect
vper,2,1,False,True,False,1,2,0,2,0.03333333333333333,0,0,0,0,False,0,0,False,0,0,False,1,0,30,0.03333333333333333,3.709061902209305,4.021928094887363,0,0,0,0,0,0,0,0,0,0,1,0,0,0,0,1,0,0,2,2,1,0.0,0,0,0,0,0,0.0,0,0,0,0,0,1,malicious,vper
vpyer,2,0,False,False,False,1,4,0,4,0.03225806451612903,0,0,0,0,False,0,0,False,0,0,False,2,1,31,0.06451612903225806,3.7264741182543757,3.7264741182543757,0,0,0,0,0,0,0,0,0,0,0,0,0,0,0,0,0,0,4,4,2,0.0,0,0,1,1,1,0.4,0,0,0,0,20,1,malicious,vpyer
vramx,2,0,False,False,False,1,3,0,3,0.03125,0,0,0,0,False,0,0,False,0,0,False,1,0,32,0.03125,3.222540103292582,3.7264741182543757,0,0,0,0,0,0,0,0,0,0,0,0,0,0,0,0,0,0,3,3,2,0.0,0,0,0,0,1,0.4,0,0,0,0,20,1,malicious,vramx
vyepr,2,1,True,False,False,1,2,0,2,0.03125,0,0,0,0,False,0,0,False,0,0,False,2,1,32,0.0625,3.2081808767710718,3.7264741182543757,0,0,0,0,0,0,0,0,0,0,0,0,0,0,0,0,0,0,2,2,2,0.0,0,0,1,1,0,0.0,0,0,0,0,0,1,malicious,vyepr
vyperr,2,1,True,False,False,1,2,0,2,0.03125,0,0,0,0,False,0,0,False,0,0,False,2,1,32,0.0625,3.2081808767710718,3.7264741182543757,0,0,0,0,0,0,0,0,0,0,0,0,0,0,0,0,0,0,2,2,2,0.0,0,0,1,1,0,0.0,0,0,0,0,0,1,malicious,vyperr
vypper,2,1,False,True,False,1,2,0,2,0.03333333333333333,0,0,0,0,False,0,0,False,0,0,False,1,0,30,0.03333333333333333,3.709061902209305,4.021928094887363,0,0,0,0,0,0,0,0,0,0,1,0,0,0,0,1,0,0,2,2,1,0.0,0,0,0,0,0,0.0,0,0,0,0,0,1,malicious,vypper
vypre,3,1,True,False,False,1,4,0,3,0.027777777777777776,0,3,0,0,False,0,0,False,0,0,False,2,0,36,0.05555555555555555,3.6551431436327353,3.9873261452560076,0,0,0,0,0,0,0,0,0,1,0,0,0,0,0,0,0,1,4,3,1,20.0,2,1,1,1,0,0.0,0,0,0,0,20,1,malicious,vypre
vyyper,2,0,False,False,False,1,4,0,4,0.03225806451612903,0,0,0,0,False,0,0,False,0,0,False,2,1,31,0.06451612903225806,3.7264741182543757,3.7264741182543757,0,0,0,0,0,0,0,0,0,0,0,0,0,0,0,0,0,0,4,4,2,0.0,0,0,1,1,1,0.4,0,0,0,0,20,1,malicious,vyyper
wadokwaokda,2,2,False,True,True,1,1,0,1,0.03333333333333333,0,1,0,0,False,0,0,False,0,0,False,1,0,30,0.03333333333333333,3.013185254711133,3.7264741182543757,0,0,0,0,0,0,0,0,0,0,0,1,0,0,0,0,0,0,1,1,1,0.0,0,0,0,0,0,0.0,0,0,0,0,0,1,malicious,wadokwaokda
warprnnt-pytorch,2,0,False,False,False,0,3,2,3,0.0,0,0,0,2,False,0,1,False,0,0,False,1,0,29,0.034482758620689655,4.063159577744915,5.135185083865586,1,0,0,0,0,1,0,2,0,0,1,1,0,0,0,2,0,0,3,3,3,0.0,0,0,0,0,0,0.0,0,0,0,0,0,1,malicious,warprnnt-pytorch
wbesocket-client,3,1,True,False,False,1,4,0,3,0.027777777777777776,0,3,0,0,False,0,0,False,0,0,False,2,0,36,0.05555555555555555,3.604562240503247,3.9873261452560076,0,0,0,0,0,0,0,0,0,1,0,0,0,0,0,0,0,1,4,3,1,20.0,2,1,1,1,0,0.0,0,0,0,0,20,1,malicious,wbesocket-client
wbesockets,2,2,False,True,True,1,1,0,1,0.03333333333333333,0,1,0,0,False,0,0,False,0,0,False,1,0,30,0.03333333333333333,3.324201106570869,3.7264741182543757,0,0,0,0,0,0,0,0,0,0,0,1,0,0,0,0,0,0,1,1,1,0.0,0,0,0,0,0,0.0,0,0,0,0,0,1,malicious,wbesockets
wbsocket-client,2,2,False,True,True,1,1,0,1,0.03333333333333333,0,1,0,0,False,0,0,False,0,0,False,1,0,30,0.03333333333333333,3.616682356931447,3.7264741182543757,0,0,0,0,0,0,0,0,0,0,0,1,0,0,0,0,0,0,1,1,1,0.0,0,0,0,0,0,0.0,0,0,0,0,0,1,malicious,wbsocket-client
we3,2,1,True,False,False,1,2,0,2,0.03125,0,0,0,0,False,0,0,False,0,0,False,2,1,32,0.0625,3.2081808767710718,3.7264741182543757,0,0,0,0,0,0,0,0,0,0,0,0,0,0,0,0,0,0,2,2,2,0.0,0,0,1,1,0,0.0,0,0,0,0,0,1,malicious,we3
web-requests-autmoation,2,1,True,False,False,1,2,0,2,0.03125,0,0,0,0,False,0,0,False,0,0,False,2,1,32,0.0625,3.3249633748063943,3.7264741182543757,0,0,0,0,0,0,0,0,0,0,0,0,0,0,0,0,0,0,2,2,2,0.0,0,0,1,1,0,0.0,0,0,0,0,0,1,malicious,web-requests-autmoation
web3toolkit-base,2,0,False,False,False,1,3,0,3,0.03125,0,0,0,0,False,0,0,False,0,0,False,1,0,32,0.03125,3.2919050774694365,3.7264741182543757,0,0,0,0,0,0,0,0,0,0,0,0,0,0,0,0,0,0,3,3,2,0.0,0,0,0,0,1,0.4,0,0,0,0,20,1,malicious,web3toolkit-base
web3toolz,2,2,False,True,True,1,1,0,1,0.03333333333333333,0,1,0,0,False,0,0,False,0,0,False,1,0,30,0.03333333333333333,3.7264741182543757,3.7264741182543757,0,0,0,0,0,0,0,0,0,0,0,1,0,0,0,0,0,0,1,1,1,0.0,0,0,0,0,0,0.0,0,0,0,0,0,1,malicious,web3toolz
webbsocket-client,2,2,False,True,True,1,1,0,1,0.03333333333333333,0,1,0,0,False,0,0,False,0,0,False,1,0,30,0.03333333333333333,3.590648259100491,3.7264741182543757,0,0,0,0,0,0,0,0,0,0,0,1,0,0,0,0,0,0,1,1,1,0.0,0,0,0,0,0,0.0,0,0,0,0,0,1,malicious,webbsocket-client
webbsockets,2,0,False,False,False,0,3,2,3,0.0,0,0,0,2,False,0,1,False,0,0,False,1,0,29,0.034482758620689655,3.9252120917675715,5.135185083865586,1,0,0,0,0,1,0,2,0,0,1,1,0,0,0,2,0,0,3,3,3,0.0,0,0,0,0,0,0.0,0,0,0,0,0,1,malicious,webbsockets
webocket-client,2,1,True,False,False,1,2,0,2,0.03125,0,0,0,0,False,0,0,False,0,0,False,2,1,32,0.0625,3.2369435147777086,3.7264741182543757,0,0,0,0,0,0,0,0,0,0,0,0,0,0,0,0,0,0,2,2,2,0.0,0,0,1,1,0,0.0,0,0,0,0,0,1,malicious,webocket-client
webosckets,3,1,True,False,False,1,4,0,3,0.027777777777777776,0,3,0,0,False,0,0,False,0,0,False,2,0,36,0.05555555555555555,3.471839381446392,3.9873261452560076,0,0,0,0,0,0,0,0,0,1,0,0,0,0,0,0,0,1,4,3,1,20.0,2,1,1,1,0,0.0,0,0,0,0,20,1,malicious,webosckets
webscket-client,2,0,False,False,False,0,3,2,3,0.0,0,0,0,2,False,0,1,False,0,0,False,1,0,29,0.034482758620689655,4.061630210305861,5.135185083865586,1,0,0,0,0,1,0,2,0,0,1,1,0,0,0,2,0,0,3,3,3,0.0,0,0,0,0,0,0.0,0,0,0,0,0,1,malicious,webscket-client
websckets,2,1,True,False,False,1,2,0,2,0.03125,0,0,0,0,False,0,0,False,0,0,False,2,1,32,0.0625,3.2081808767710718,3.7264741182543757,0,0,0,0,0,0,0,0,0,0,0,0,0,0,0,0,0,0,2,2,2,0.0,0,0,1,1,0,0.0,0,0,0,0,0,1,malicious,websckets
webscoket-client,2,0,False,False,False,1,3,0,3,0.03125,0,0,0,0,False,0,0,False,0,0,False,1,0,32,0.03125,3.2801099602481325,3.7264741182543757,0,0,0,0,0,0,0,0,0,0,0,0,0,0,0,0,0,0,3,3,2,0.0,0,0,0,0,1,0.4,0,0,0,0,20,1,malicious,webscoket-client
webscokets,2,0,False,False,False,1,4,0,4,0.03225806451612903,0,0,0,0,False,0,0,False,0,0,False,2,1,31,0.06451612903225806,3.324201106570869,3.7264741182543757,0,0,0,0,0,0,0,0,0,0,0,0,0,0,0,0,0,0,4,4,2,0.0,0,0,1,1,1,0.4,0,0,0,0,20,1,malicious,webscokets
websoccket-client,2,0,False,False,False,1,4,0,4,0.03225806451612903,0,0,0,0,False,0,0,False,0,0,False,2,1,31,0.06451612903225806,3.568445685507448,3.7264741182543757,0,0,0,0,0,0,0,0,0,0,0,0,0,0,0,0,0,0,4,4,2,0.0,0,0,1,1,1,0.4,0,0,0,0,20,1,malicious,websoccket-client
websocckets,2,2,False,True,True,1,1,0,1,0.03333333333333333,0,1,0,0,False,0,0,False,0,0,False,1,0,30,0.03333333333333333,3.320225595718564,3.7264741182543757,0,0,0,0,0,0,0,0,0,0,0,1,0,0,0,0,0,0,1,1,1,0.0,0,0,0,0,0,0.0,0,0,0,0,0,1,malicious,websocckets
websocekt-client,2,2,False,True,True,1,1,0,1,0.03333333333333333,0,1,0,0,False,0,0,False,0,0,False,1,0,30,0.03333333333333333,3.5896468246845794,3.7264741182543757,0,0,0,0,0,0,0,0,0,0,0,1,0,0,0,0,0,0,1,1,1,0.0,0,0,0,0,0,0.0,0,0,0,0,0,1,malicious,websocekt-client
websocet-client,2,2,False,True,True,1,1,0,1,0.03333333333333333,0,1,0,0,False,0,0,False,0,0,False,1,0,30,0.03333333333333333,3.524852773525998,3.7264741182543757,0,0,0,0,0,0,0,0,0,0,0,1,0,0,0,0,0,0,1,1,1,0.0,0,0,0,0,0,0.0,0,0,0,0,0,1,malicious,websocet-client
websockeet-client,2,0,False,False,False,1,3,0,3,0.03125,0,0,0,0,False,0,0,False,0,0,False,1,0,32,0.03125,3.262300199546728,3.7264741182543757,0,0,0,0,0,0,0,0,0,0,0,0,0,0,0,0,0,0,3,3,2,0.0,0,0,0,0,1,0.4,0,0,0,0,20,1,malicious,websockeet-client
websockeets,2,1,True,False,False,1,2,0,2,0.03125,0,0,0,0,False,0,0,False,0,0,False,2,1,32,0.0625,3.1174733917339124,3.7264741182543757,0,0,0,0,0,0,0,0,0,0,0,0,0,0,0,0,0,0,2,2,2,0.0,0,0,1,1,0,0.0,0,0,0,0,0,1,malicious,websockeets
websockes,2,2,False,True,True,1,1,0,1,0.03333333333333333,0,1,0,0,False,0,0,False,0,0,False,1,0,30,0.03333333333333333,3.7264741182543757,3.7264741182543757,0,0,0,0,0,0,0,0,0,0,0,1,0,0,0,0,0,0,1,1,1,0.0,0,0,0,0,0,0.0,0,0,0,0,0,1,malicious,websockes
websocket-cclient,3,1,True,False,False,1,4,0,3,0.027777777777777776,0,3,0,0,False,0,0,False,0,0,False,2,0,36,0.05555555555555555,3.5939616709146813,3.9873261452560076,0,0,0,0,0,0,0,0,0,1,0,0,0,0,0,0,0,1,4,3,1,20.0,2,1,1,1,0,0.0,0,0,0,0,20,1,malicious,websocket-cclient
websocket-cient,2,1,True,False,False,1,2,0,2,0.03125,0,0,0,0,False,0,0,False,0,0,False,2,1,32,0.0625,3.2369435147777086,3.7264741182543757,0,0,0,0,0,0,0,0,0,0,0,0,0,0,0,0,0,0,2,2,2,0.0,0,0,1,1,0,0.0,0,0,0,0,0,1,malicious,websocket-cient
websocket-cleint,2,1,True,False,False,1,2,0,2,0.03125,0,0,0,0,False,0,0,False,0,0,False,2,1,32,0.0625,3.269340540356999,3.7264741182543757,0,0,0,0,0,0,0,0,0,0,0,0,0,0,0,0,0,0,2,2,2,0.0,0,0,1,1,0,0.0,0,0,0,0,0,1,malicious,websocket-cleint
websocket-clien,2,0,False,False,False,1,3,0,3,0.03125,0,0,0,0,False,0,0,False,0,0,False,1,0,32,0.03125,3.281046268002175,3.7264741182543757,0,0,0,0,0,0,0,0,0,0,0,0,0,0,0,0,0,0,3,3,2,0.0,0,0,0,0,1,0.4,0,0,0,0,20,1,malicious,websocket-clien
websocket-cliennt,3,1,True,False,False,1,4,0,3,0.027777777777777776,0,3,0,0,False,0,0,False,0,0,False,2,0,36,0.05555555555555555,3.605062957711203,3.9873261452560076,0,0,0,0,0,0,0,0,0,1,0,0,0,0,0,0,0,1,4,3,1,20.0,2,1,1,1,0,0.0,0,0,0,0,20,1,malicious,websocket-cliennt
websocket-cliet,3,1,True,False,False,1,4,0,3,0.027777777777777776,0,3,0,0,False,0,0,False,0,0,False,2,0,36,0.05555555555555555,3.5721652149239564,3.9873261452560076,0,0,0,0,0,0,0,0,0,1,0,0,0,0,0,0,0,1,4,3,1,20.0,2,1,1,1,0,0.0,0,0,0,0,20,1,malicious,websocket-cliet
websocket-clietn,2,0,False,False,False,1,3,0,3,0.03125,0,0,0,0,False,0,0,False,0,0,False,1,0,32,0.03125,3.2801099602481325,3.7264741182543757,0,0,0,0,0,0,0,0,0,0,0,0,0,0,0,0,0,0,3,3,2,0.0,0,0,0,0,1,0.4,0,0,0,0,20,1,malicious,websocket-clietn
websocket-clinet,2,0,False,False,False,0,3,2,3,0.0,0,0,0,2,False,0,1,False,0,0,False,1,0,29,0.034482758620689655,4.104826244411582,5.135185083865586,1,0,0,0,0,1,0,2,0,0,1,1,0,0,0,2,0,0,3,3,3,0.0,0,0,0,0,0,0.0,0,0,0,0,0,1,malicious,websocket-clinet
websocket-clint,2,0,False,False,False,1,4,0,4,0.03225806451612903,0,0,0,0,False,0,0,False,0,0,False,2,1,31,0.06451612903225806,3.616682356931447,3.7264741182543757,0,0,0,0,0,0,0,0,0,0,0,0,0,0,0,0,0,0,4,4,2,0.0,0,0,1,1,1,0.4,0,0,0,0,20,1,malicious,websocket-clint
websocket-cllient,2,0,False,False,False,0,3,2,3,0.0,0,0,0,2,False,0,1,False,0,0,False,1,0,29,0.034482758620689655,4.105493867355523,5.135185083865586,1,0,0,0,0,1,0,2,0,0,1,1,0,0,0,2,0,0,3,3,3,0.0,0,0,0,0,0,0.0,0,0,0,0,0,1,malicious,websocket-cllient
websocket-lcient,2,1,False,True,False,1,2,0,2,0.03333333333333333,0,0,0,0,False,0,0,False,0,0,False,1,0,30,0.03333333333333333,3.6450013094356746,4.021928094887363,0,0,0,0,0,0,0,0,0,0,1,0,0,0,0,1,0,0,2,2,1,0.0,0,0,0,0,0,0.0,0,0,0,0,0,1,malicious,websocket-lcient
websocket-lient,3,1,True,False,False,1,4,0,3,0.027777777777777776,0,3,0,0,False,0,0,False,0,0,False,2,0,36,0.05555555555555555,3.60549854825729,3.9873261452560076,0,0,0,0,0,0,0,0,0,1,0,0,0,0,0,0,0,1,4,3,1,20.0,2,1,1,1,0,0.0,0,0,0,0,20,1,malicious,websocket-lient
websockett-client,3,1,True,False,False,1,4,0,3,0.027777777777777776,0,3,0,0,False,0,0,False,0,0,False,2,0,36,0.05555555555555555,3.5939616709146813,3.9873261452560076,0,0,0,0,0,0,0,0,0,1,0,0,0,0,0,0,0,1,4,3,1,20.0,2,1,1,1,0,0.0,0,0,0,0,20,1,malicious,websockett-client
websockket-client,2,0,False,False,False,0,3,2,3,0.0,0,0,0,2,False,0,1,False,0,0,False,1,0,29,0.034482758620689655,4.105493867355523,5.135185083865586,1,0,0,0,0,1,0,2,0,0,1,1,0,0,0,2,0,0,3,3,3,0.0,0,0,0,0,0,0.0,0,0,0,0,0,1,malicious,websockket-client
websockkets,2,1,True,False,False,1,2,0,2,0.03125,0,0,0,0,False,0,0,False,0,0,False,2,1,32,0.0625,3.134629925873991,3.7264741182543757,0,0,0,0,0,0,0,0,0,0,0,0,0,0,0,0,0,0,2,2,2,0.0,0,0,1,1,0,0.0,0,0,0,0,0,1,malicious,websockkets
websockte-client,2,1,False,True,False,1,2,0,2,0.03333333333333333,0,0,0,0,False,0,0,False,0,0,False,1,0,30,0.03333333333333333,3.6450013094356746,4.021928094887363,0,0,0,0,0,0,0,0,0,0,1,0,0,0,0,1,0,0,2,2,1,0.0,0,0,0,0,0,0.0,0,0,0,0,0,1,malicious,websockte-client
websocktes,2,0,False,False,False,1,3,0,3,0.03125,0,0,0,0,False,0,0,False,0,0,False,1,0,32,0.03125,3.1473871011912773,3.7264741182543757,0,0,0,0,0,0,0,0,0,0,0,0,0,0,0,0,0,0,3,3,2,0.0,0,0,0,0,1,0.4,0,0,0,0,20,1,malicious,websocktes
websockts,2,0,False,False,False,0,3,2,3,0.0,0,0,0,2,False,0,1,False,0,0,False,1,0,29,0.034482758620689655,4.4308296010599815,5.135185083865586,1,0,0,0,0,1,0,2,0,0,1,1,0,0,0,2,0,0,3,3,3,0.0,0,0,0,0,0,0.0,0,0,0,0,0,1,malicious,websockts
websokcet-client,2,0,False,False,False,1,4,0,4,0.03225806451612903,0,0,0,0,False,0,0,False,0,0,False,2,1,31,0.06451612903225806,3.5896468246845794,3.7264741182543757,0,0,0,0,0,0,0,0,0,0,0,0,0,0,0,0,0,0,4,4,2,0.0,0,0,1,1,1,0.4,0,0,0,0,20,1,malicious,websokcet-client
websoket-client,2,0,False,False,False,1,3,0,3,0.03125,0,0,0,0,False,0,0,False,0,0,False,1,0,32,0.03125,3.281046268002175,3.7264741182543757,0,0,0,0,0,0,0,0,0,0,0,0,0,0,0,0,0,0,3,3,2,0.0,0,0,0,0,1,0.4,0,0,0,0,20,1,malicious,websoket-client
websokets,2,1,True,False,False,1,2,0,2,0.03125,0,0,0,0,False,0,0,False,0,0,False,2,1,32,0.0625,3.2081808767710718,3.7264741182543757,0,0,0,0,0,0,0,0,0,0,0,0,0,0,0,0,0,0,2,2,2,0.0,0,0,1,1,0,0.0,0,0,0,0,0,1,malicious,websokets
websoocket-client,2,0,False,False,False,1,3,0,3,0.03125,0,0,0,0,False,0,0,False,0,0,False,1,0,32,0.03125,3.2806106774560884,3.7264741182543757,0,0,0,0,0,0,0,0,0,0,0,0,0,0,0,0,0,0,3,3,2,0.0,0,0,0,0,1,0.4,0,0,0,0,20,1,malicious,websoocket-client
websoockets,2,0,False,False,False,0,3,2,3,0.0,0,0,0,2,False,0,1,False,0,0,False,1,0,29,0.034482758620689655,3.9252120917675715,5.135185083865586,1,0,0,0,0,1,0,2,0,0,1,1,0,0,0,2,0,0,3,3,3,0.0,0,0,0,0,0,0.0,0,0,0,0,0,1,malicious,websoockets
webssocket-client,3,1,True,False,False,1,4,0,3,0.027777777777777776,0,3,0,0,False,0,0,False,0,0,False,2,0,36,0.05555555555555555,3.605062957711203,3.9873261452560076,0,0,0,0,0,0,0,0,0,1,0,0,0,0,0,0,0,1,4,3,1,20.0,2,1,1,1,0,0.0,0,0,0,0,20,1,malicious,webssocket-client
wec3,2,2,False,True,True,1,1,0,1,0.03333333333333333,0,1,0,0,False,0,0,False,0,0,False,1,0,30,0.03333333333333333,3.7264741182543757,3.7264741182543757,0,0,0,0,0,0,0,0,0,0,0,1,0,0,0,0,0,0,1,1,1,0.0,0,0,0,0,0,0.0,0,0,0,0,0,1,malicious,wec3
weebsocket-client,2,0,False,False,False,1,3,0,3,0.03125,0,0,0,0,False,0,0,False,0,0,False,1,0,32,0.03125,3.262300199546728,3.7264741182543757,0,0,0,0,0,0,0,0,0,0,0,0,0,0,0,0,0,0,3,3,2,0.0,0,0,0,0,1,0.4,0,0,0,0,20,1,malicious,weebsocket-client
weg3,2,1,False,True,False,1,2,0,2,0.03333333333333333,0,0,0,0,False,0,0,False,0,0,False,1,0,30,0.03333333333333333,3.709061902209305,4.021928094887363,0,0,0,0,0,0,0,0,0,0,1,0,0,0,0,1,0,0,2,2,1,0.0,0,0,0,0,0,0.0,0,0,0,0,0,1,malicious,weg3
wesbocket-client,2,1,True,False,False,1,2,0,2,0.03125,0,0,0,0,False,0,0,False,0,0,False,2,1,32,0.0625,3.269340540356999,3.7264741182543757,0,0,0,0,0,0,0,0,0,0,0,0,0,0,0,0,0,0,2,2,2,0.0,0,0,1,1,0,0.0,0,0,0,0,0,1,malicious,wesbocket-client
wesbockets,2,2,False,True,True,1,1,0,1,0.03333333333333333,0,1,0,0,False,0,0,False,0,0,False,1,0,30,0.03333333333333333,3.324201106570869,3.7264741182543757,0,0,0,0,0,0,0,0,0,0,0,1,0,0,0,0,0,0,1,1,1,0.0,0,0,0,0,0,0.0,0,0,0,0,0,1,malicious,wesbockets
wesocket-client,2,0,False,False,False,1,3,0,3,0.03125,0,0,0,0,False,0,0,False,0,0,False,1,0,32,0.03125,3.247712934668842,3.7264741182543757,0,0,0,0,0,0,0,0,0,0,0,0,0,0,0,0,0,0,3,3,2,0.0,0,0,0,0,1,0.4,0,0,0,0,20,1,malicious,wesocket-client
wesockets,2,1,False,True,False,1,2,0,2,0.03333333333333333,0,0,0,0,False,0,0,False,0,0,False,1,0,30,0.03333333333333333,3.709061902209305,4.021928094887363,0,0,0,0,0,0,0,0,0,0,1,0,0,0,0,1,0,0,2,2,1,0.0,0,0,0,0,0,0.0,0,0,0,0,0,1,malicious,wesockets
whoisbuild,2,1,True,False,False,1,2,0,2,0.03125,0,0,0,0,False,0,0,False,0,0,False,2,1,32,0.0625,3.1866176813001434,3.7264741182543757,0,0,0,0,0,0,0,0,0,0,0,0,0,0,0,0,0,0,2,2,2,0.0,0,0,1,1,0,0.0,0,0,0,0,0,1,malicious,whoisbuild
winrpcexploit,3,1,True,False,False,1,4,0,3,0.027777777777777776,0,3,0,0,False,0,0,False,0,0,False,2,0,36,0.05555555555555555,3.5895442103367476,3.9873261452560076,0,0,0,0,0,0,0,0,0,1,0,0,0,0,0,0,0,1,4,3,1,20.0,2,1,1,1,0,0.0,0,0,0,0,20,1,malicious,winrpcexploit
woowoowo,2,0,False,False,False,1,4,0,4,0.03225806451612903,0,0,0,0,False,0,0,False,0,0,False,2,1,31,0.06451612903225806,3.7264741182543757,3.7264741182543757,0,0,0,0,0,0,0,0,0,0,0,0,0,0,0,0,0,0,4,4,2,0.0,0,0,1,1,1,0.4,0,0,0,0,20,1,malicious,woowoowo
wordsdict,2,1,False,True,False,1,2,0,2,0.03333333333333333,0,0,0,0,False,0,0,False,0,0,False,1,0,30,0.03333333333333333,3.709061902209305,4.021928094887363,0,0,0,0,0,0,0,0,0,0,1,0,0,0,0,1,0,0,2,2,1,0.0,0,0,0,0,0,0.0,0,0,0,0,0,1,malicious,wordsdict
worldnex,2,2,False,True,True,1,1,0,1,0.03333333333333333,0,1,0,0,False,0,0,False,0,0,False,1,0,30,0.03333333333333333,3.7264741182543757,3.7264741182543757,0,0,0,0,0,0,0,0,0,0,0,1,0,0,0,0,0,0,1,1,1,0.0,0,0,0,0,0,0.0,0,0,0,0,0,1,malicious,worldnex
wwebsocket-client,2,0,False,False,False,1,3,0,3,0.03125,0,0,0,0,False,0,0,False,0,0,False,1,0,32,0.03125,3.2806106774560884,3.7264741182543757,0,0,0,0,0,0,0,0,0,0,0,0,0,0,0,0,0,0,3,3,2,0.0,0,0,0,0,1,0.4,0,0,0,0,20,1,malicious,wwebsocket-client
xamp,2,1,False,True,False,1,2,0,2,0.03333333333333333,0,0,0,0,False,0,0,False,0,0,False,1,0,30,0.03333333333333333,3.709061902209305,4.021928094887363,0,0,0,0,0,0,0,0,0,0,1,0,0,0,0,1,0,0,2,2,1,0.0,0,0,0,0,0,0.0,0,0,0,0,0,1,malicious,xamp
xboxkeyauth,3,1,True,False,False,1,4,0,3,0.027777777777777776,0,3,0,0,False,0,0,False,0,0,False,2,0,36,0.05555555555555555,3.5607607169293307,3.9873261452560076,0,0,0,0,0,0,0,0,0,1,0,0,0,0,0,0,0,1,4,3,1,20.0,2,1,1,1,0,0.0,0,0,0,0,20,1,malicious,xboxkeyauth
xboxlivepy,2,0,False,False,False,1,3,0,3,0.03125,0,0,0,0,False,0,0,False,0,0,False,1,0,32,0.03125,3.197387101191277,3.7264741182543757,0,0,0,0,0,0,0,0,0,0,0,0,0,0,0,0,0,0,3,3,2,0.0,0,0,0,0,1,0.4,0,0,0,0,20,1,malicious,xboxlivepy
xboxredeemer,2,1,True,False,False,1,2,0,2,0.03125,0,0,0,0,False,0,0,False,0,0,False,2,1,32,0.0625,3.0523762827585923,3.7264741182543757,0,0,0,0,0,0,0,0,0,0,0,0,0,0,0,0,0,0,2,2,2,0.0,0,0,1,1,0,0.0,0,0,0,0,0,1,malicious,xboxredeemer
xcryptography,2,1,True,False,False,1,2,0,2,0.03125,0,0,0,0,False,0,0,False,0,0,False,2,1,32,0.0625,3.2158609717289615,3.7264741182543757,0,0,0,0,0,0,0,0,0,0,0,0,0,0,0,0,0,0,2,2,2,0.0,0,0,1,1,0,0.0,0,0,0,0,0,1,malicious,xcryptography
xgoogle-cloud-core,2,0,False,False,False,0,3,2,3,0.0,0,0,0,2,False,0,1,False,0,0,False,1,0,29,0.034482758620689655,4.010528067854092,5.135185083865586,1,0,0,0,0,1,0,2,0,0,1,1,0,0,0,2,0,0,3,3,3,0.0,0,0,0,0,0,0.0,0,0,0,0,0,1,malicious,xgoogle-cloud-core
xgoogle-cloud-storage,2,0,False,False,False,1,4,0,4,0.03225806451612903,0,0,0,0,False,0,0,False,0,0,False,2,1,31,0.06451612903225806,3.612850829988866,3.7264741182543757,0,0,0,0,0,0,0,0,0,0,0,0,0,0,0,0,0,0,4,4,2,0.0,0,0,1,1,1,0.4,0,0,0,0,20,1,malicious,xgoogle-cloud-storage
xhttpsp,2,0,False,False,False,1,4,0,4,0.03225806451612903,0,0,0,0,False,0,0,False,0,0,False,2,1,31,0.06451612903225806,3.7264741182543757,3.7264741182543757,0,0,0,0,0,0,0,0,0,0,0,0,0,0,0,0,0,0,4,4,2,0.0,0,0,1,1,1,0.4,0,0,0,0,20,1,malicious,xhttpsp
xlibrary,2,1,True,False,False,1,2,0,2,0.03125,0,0,0,0,False,0,0,False,0,0,False,2,1,32,0.0625,3.2081808767710718,3.7264741182543757,0,0,0,0,0,0,0,0,0,0,0,0,0,0,0,0,0,0,2,2,2,0.0,0,0,1,1,0,0.0,0,0,0,0,0,1,malicious,xlibrary
xllsxwriter,2,1,True,False,False,1,2,0,2,0.03125,0,0,0,0,False,0,0,False,0,0,False,2,1,32,0.0625,3.134629925873991,3.7264741182543757,0,0,0,0,0,0,0,0,0,0,0,0,0,0,0,0,0,0,2,2,2,0.0,0,0,1,1,0,0.0,0,0,0,0,0,1,malicious,xllsxwriter
xlssxwriter,2,0,False,False,False,1,3,0,3,0.03125,0,0,0,0,False,0,0,False,0,0,False,1,0,32,0.03125,3.145399345765125,3.7264741182543757,0,0,0,0,0,0,0,0,0,0,0,0,0,0,0,0,0,0,3,3,2,0.0,0,0,0,0,1,0.4,0,0,0,0,20,1,malicious,xlssxwriter
xlswxriter,2,1,True,False,False,1,2,0,2,0.03125,0,0,0,0,False,0,0,False,0,0,False,2,1,32,0.0625,3.1366176813001436,3.7264741182543757,0,0,0,0,0,0,0,0,0,0,0,0,0,0,0,0,0,0,2,2,2,0.0,0,0,1,1,0,0.0,0,0,0,0,0,1,malicious,xlswxriter
xlsxriter,2,1,False,True,False,1,2,0,2,0.03333333333333333,0,0,0,0,False,0,0,False,0,0,False,1,0,30,0.03333333333333333,3.709061902209305,4.021928094887363,0,0,0,0,0,0,0,0,0,0,1,0,0,0,0,1,0,0,2,2,1,0.0,0,0,0,0,0,0.0,0,0,0,0,0,1,malicious,xlsxriter
xlsxrwiter,2,2,False,True,True,1,1,0,1,0.03333333333333333,0,1,0,0,False,0,0,False,0,0,False,1,0,30,0.03333333333333333,3.324201106570869,3.7264741182543757,0,0,0,0,0,0,0,0,0,0,0,1,0,0,0,0,0,0,1,1,1,0.0,0,0,0,0,0,0.0,0,0,0,0,0,1,malicious,xlsxrwiter
xlsxwiter,2,0,False,False,False,0,3,2,3,0.0,0,0,0,2,False,0,1,False,0,0,False,1,0,29,0.034482758620689655,4.4308296010599815,5.135185083865586,1,0,0,0,0,1,0,2,0,0,1,1,0,0,0,2,0,0,3,3,3,0.0,0,0,0,0,0,0.0,0,0,0,0,0,1,malicious,xlsxwiter
xlsxwrier,2,0,False,False,False,1,3,0,3,0.03125,0,0,0,0,False,0,0,False,0,0,False,1,0,32,0.03125,3.222540103292582,3.7264741182543757,0,0,0,0,0,0,0,0,0,0,0,0,0,0,0,0,0,0,3,3,2,0.0,0,0,0,0,1,0.4,0,0,0,0,20,1,malicious,xlsxwrier
xlsxwrietr,3,1,True,False,False,1,4,0,3,0.027777777777777776,0,3,0,0,False,0,0,False,0,0,False,2,0,36,0.05555555555555555,3.471839381446392,3.9873261452560076,0,0,0,0,0,0,0,0,0,1,0,0,0,0,0,0,0,1,4,3,1,20.0,2,1,1,1,0,0.0,0,0,0,0,20,1,malicious,xlsxwrietr
xlsxwriiter,2,0,False,False,False,0,3,2,3,0.0,0,0,0,2,False,0,1,False,0,0,False,1,0,29,0.034482758620689655,3.9252120917675715,5.135185083865586,1,0,0,0,0,1,0,2,0,0,1,1,0,0,0,2,0,0,3,3,3,0.0,0,0,0,0,0,0.0,0,0,0,0,0,1,malicious,xlsxwriiter
xlsxwrite,2,0,False,False,False,0,3,2,3,0.0,0,0,0,2,False,0,1,False,0,0,False,1,0,29,0.034482758620689655,4.4308296010599815,5.135185083865586,1,0,0,0,0,1,0,2,0,0,1,1,0,0,0,2,0,0,3,3,3,0.0,0,0,0,0,0,0.0,0,0,0,0,0,1,malicious,xlsxwrite
xlsxwriteer,2,1,False,True,False,1,2,0,2,0.03333333333333333,0,0,0,0,False,0,0,False,0,0,False,1,0,30,0.03333333333333333,3.510290694952667,4.021928094887363,0,0,0,0,0,0,0,0,0,0,1,0,0,0,0,1,0,0,2,2,1,0.0,0,0,0,0,0,0.0,0,0,0,0,0,1,malicious,xlsxwriteer
xlsxwriterr,3,1,True,False,False,1,4,0,3,0.027777777777777776,0,3,0,0,False,0,0,False,0,0,False,2,0,36,0.05555555555555555,3.4526950918801607,3.9873261452560076,0,0,0,0,0,0,0,0,0,1,0,0,0,0,0,0,0,1,4,3,1,20.0,2,1,1,1,0,0.0,0,0,0,0,20,1,malicious,xlsxwriterr
xlsxwritr,2,1,False,True,False,1,2,0,2,0.03333333333333333,0,0,0,0,False,0,0,False,0,0,False,1,0,30,0.03333333333333333,3.709061902209305,4.021928094887363,0,0,0,0,0,0,0,0,0,0,1,0,0,0,0,1,0,0,2,2,1,0.0,0,0,0,0,0,0.0,0,0,0,0,0,1,malicious,xlsxwritr
xlsxwritre,2,2,False,True,True,1,1,0,1,0.03333333333333333,0,1,0,0,False,0,0,False,0,0,False,1,0,30,0.03333333333333333,3.324201106570869,3.7264741182543757,0,0,0,0,0,0,0,0,0,0,0,1,0,0,0,0,0,0,1,1,1,0.0,0,0,0,0,0,0.0,0,0,0,0,0,1,malicious,xlsxwritre
xlsxwritter,2,0,False,False,False,1,4,0,4,0.03225806451612903,0,0,0,0,False,0,0,False,0,0,False,2,1,31,0.06451612903225806,3.320225595718564,3.7264741182543757,0,0,0,0,0,0,0,0,0,0,0,0,0,0,0,0,0,0,4,4,2,0.0,0,0,1,1,1,0.4,0,0,0,0,20,1,malicious,xlsxwritter
xlsxwrter,2,1,True,False,False,1,2,0,2,0.03125,0,0,0,0,False,0,0,False,0,0,False,2,1,32,0.0625,3.2081808767710718,3.7264741182543757,0,0,0,0,0,0,0,0,0,0,0,0,0,0,0,0,0,0,2,2,2,0.0,0,0,1,1,0,0.0,0,0,0,0,0,1,malicious,xlsxwrter
xlsxwrtier,2,0,False,False,False,1,4,0,4,0.03225806451612903,0,0,0,0,False,0,0,False,0,0,False,2,1,31,0.06451612903225806,3.324201106570869,3.7264741182543757,0,0,0,0,0,0,0,0,0,0,0,0,0,0,0,0,0,0,4,4,2,0.0,0,0,1,1,1,0.4,0,0,0,0,20,1,malicious,xlsxwrtier
xlsxxwriter,2,0,False,False,False,1,4,0,4,0.03225806451612903,0,0,0,0,False,0,0,False,0,0,False,2,1,31,0.06451612903225806,3.2859125274384064,3.7264741182543757,0,0,0,0,0,0,0,0,0,0,0,0,0,0,0,0,0,0,4,4,2,0.0,0,0,1,1,1,0.4,0,0,0,0,20,1,malicious,xlsxxwriter
xlxswriter,2,0,False,False,False,1,3,0,3,0.03125,0,0,0,0,False,0,0,False,0,0,False,1,0,32,0.03125,3.1473871011912773,3.7264741182543757,0,0,0,0,0,0,0,0,0,0,0,0,0,0,0,0,0,0,3,3,2,0.0,0,0,0,0,1,0.4,0,0,0,0,20,1,malicious,xlxswriter
xlxwriter,2,1,True,False,False,1,2,0,2,0.03125,0,0,0,0,False,0,0,False,0,0,False,2,1,32,0.0625,3.2081808767710718,3.7264741182543757,0,0,0,0,0,0,0,0,0,0,0,0,0,0,0,0,0,0,2,2,2,0.0,0,0,1,1,0,0.0,0,0,0,0,0,1,malicious,xlxwriter
xoloaelvcsjwnt,3,1,True,False,False,1,4,0,3,0.027777777777777776,0,3,0,0,False,0,0,False,0,0,False,2,0,36,0.05555555555555555,3.6217675168103813,3.9873261452560076,0,0,0,0,0,0,0,0,0,1,0,0,0,0,0,0,0,1,4,3,1,20.0,2,1,1,1,0,0.0,0,0,0,0,20,1,malicious,xoloaelvcsjwnt
xoloaghvurilnh,2,0,False,False,False,1,3,0,3,0.03125,0,0,0,0,False,0,0,False,0,0,False,1,0,32,0.03125,3.2616009508409807,3.7264741182543757,0,0,0,0,0,0,0,0,0,0,0,0,0,0,0,0,0,0,3,3,2,0.0,0,0,0,0,1,0.4,0,0,0,0,20,1,malicious,xoloaghvurilnh
xoloaoqcjnreyc,3,1,True,False,False,1,4,0,3,0.027777777777777776,0,3,0,0,False,0,0,False,0,0,False,2,0,36,0.05555555555555555,3.572573097128891,3.9873261452560076,0,0,0,0,0,0,0,0,0,1,0,0,0,0,0,0,0,1,4,3,1,20.0,2,1,1,1,0,0.0,0,0,0,0,20,1,malicious,xoloaoqcjnreyc
xoloarmmonwkmr,2,1,False,True,False,1,2,0,2,0.03333333333333333,0,0,0,0,False,0,0,False,0,0,False,1,0,30,0.03333333333333333,3.528103460665542,4.021928094887363,0,0,0,0,0,0,0,0,0,0,1,0,0,0,0,1,0,0,2,2,1,0.0,0,0,0,0,0,0.0,0,0,0,0,0,1,malicious,xoloarmmonwkmr
xolobgcbdndabm,2,0,False,False,False,1,3,0,3,0.03125,0,0,0,0,False,0,0,False,0,0,False,1,0,32,0.03125,3.2124065311594903,3.7264741182543757,0,0,0,0,0,0,0,0,0,0,0,0,0,0,0,0,0,0,3,3,2,0.0,0,0,0,0,1,0.4,0,0,0,0,20,1,malicious,xolobgcbdndabm
xoloctwuaywkna,2,0,False,False,False,0,3,2,3,0.0,0,0,0,2,False,0,1,False,0,0,False,1,0,29,0.034482758620689655,4.080147565202046,5.135185083865586,1,0,0,0,0,1,0,2,0,0,1,1,0,0,0,2,0,0,3,3,3,0.0,0,0,0,0,0,0.0,0,0,0,0,0,1,malicious,xoloctwuaywkna
xolocyawkmylds,2,1,True,False,False,1,2,0,2,0.03125,0,0,0,0,False,0,0,False,0,0,False,2,1,32,0.0625,3.2508315309498474,3.7264741182543757,0,0,0,0,0,0,0,0,0,0,0,0,0,0,0,0,0,0,2,2,2,0.0,0,0,1,1,0,0.0,0,0,0,0,0,1,malicious,xolocyawkmylds
xolodevcceglww,2,1,True,False,False,1,2,0,2,0.03125,0,0,0,0,False,0,0,False,0,0,False,2,1,32,0.0625,3.1794029595212763,3.7264741182543757,0,0,0,0,0,0,0,0,0,0,0,0,0,0,0,0,0,0,2,2,2,0.0,0,0,1,1,0,0.0,0,0,0,0,0,1,malicious,xolodevcceglww
xolodqijhnjgte,3,1,True,False,False,1,4,0,3,0.027777777777777776,0,3,0,0,False,0,0,False,0,0,False,2,0,36,0.05555555555555555,3.6217675168103813,3.9873261452560076,0,0,0,0,0,0,0,0,0,1,0,0,0,0,0,0,0,1,4,3,1,20.0,2,1,1,1,0,0.0,0,0,0,0,20,1,malicious,xolodqijhnjgte
xolodvbqgrfohn,2,0,False,False,False,0,3,2,3,0.0,0,0,0,2,False,0,1,False,0,0,False,1,0,29,0.034482758620689655,4.109793100864821,5.135185083865586,1,0,0,0,0,1,0,2,0,0,1,1,0,0,0,2,0,0,3,3,3,0.0,0,0,0,0,0,0.0,0,0,0,0,0,1,malicious,xolodvbqgrfohn
xolodxhrsnrxai,3,1,True,False,False,1,4,0,3,0.027777777777777776,0,3,0,0,False,0,0,False,0,0,False,2,0,36,0.05555555555555555,3.536858811414605,3.9873261452560076,0,0,0,0,0,0,0,0,0,1,0,0,0,0,0,0,0,1,4,3,1,20.0,2,1,1,1,0,0.0,0,0,0,0,20,1,malicious,xolodxhrsnrxai
xoloewndmzvlqe,2,1,False,True,False,1,2,0,2,0.03333333333333333,0,0,0,0,False,0,0,False,0,0,False,1,0,30,0.03333333333333333,3.626492300028523,4.021928094887363,0,0,0,0,0,0,0,0,0,0,1,0,0,0,0,1,0,0,2,2,1,0.0,0,0,0,0,0,0.0,0,0,0,0,0,1,malicious,xoloewndmzvlqe
xolofucxlcmyke,3,1,True,False,False,1,4,0,3,0.027777777777777776,0,3,0,0,False,0,0,False,0,0,False,2,0,36,0.05555555555555555,3.5503389453818097,3.9873261452560076,0,0,0,0,0,0,0,0,0,1,0,0,0,0,0,0,0,1,4,3,1,20.0,2,1,1,1,0,0.0,0,0,0,0,20,1,malicious,xolofucxlcmyke
xologpbhyminnv,2,1,True,False,False,1,2,0,2,0.03125,0,0,0,0,False,0,0,False,0,0,False,2,1,32,0.0625,3.286545816664133,3.7264741182543757,0,0,0,0,0,0,0,0,0,0,0,0,0,0,0,0,0,0,2,2,2,0.0,0,0,1,1,0,0.0,0,0,0,0,0,1,malicious,xologpbhyminnv
xolohnetekcjdz,2,1,True,False,False,1,2,0,2,0.03125,0,0,0,0,False,0,0,False,0,0,False,2,1,32,0.0625,3.286545816664133,3.7264741182543757,0,0,0,0,0,0,0,0,0,0,0,0,0,0,0,0,0,0,2,2,2,0.0,0,0,1,1,0,0.0,0,0,0,0,0,1,malicious,xolohnetekcjdz
xolokadyqehtbs,3,1,True,False,False,1,4,0,3,0.027777777777777776,0,3,0,0,False,0,0,False,0,0,False,2,0,36,0.05555555555555555,3.657481802524667,3.9873261452560076,0,0,0,0,0,0,0,0,0,1,0,0,0,0,0,0,0,1,4,3,1,20.0,2,1,1,1,0,0.0,0,0,0,0,20,1,malicious,xolokadyqehtbs
xolokqhufyiwyq,2,0,False,False,False,1,3,0,3,0.03125,0,0,0,0,False,0,0,False,0,0,False,1,0,32,0.03125,3.2616009508409807,3.7264741182543757,0,0,0,0,0,0,0,0,0,0,0,0,0,0,0,0,0,0,3,3,2,0.0,0,0,0,0,1,0.4,0,0,0,0,20,1,malicious,xolokqhufyiwyq
xolokvhcqvifyf,2,0,False,False,False,0,3,2,3,0.0,0,0,0,2,False,0,1,False,0,0,False,1,0,29,0.034482758620689655,4.080147565202046,5.135185083865586,1,0,0,0,0,1,0,2,0,0,1,1,0,0,0,2,0,0,3,3,3,0.0,0,0,0,0,0,0.0,0,0,0,0,0,1,malicious,xolokvhcqvifyf
xolomayflwnfmy,2,0,False,False,False,0,3,2,3,0.0,0,0,0,2,False,0,1,False,0,0,False,1,0,29,0.034482758620689655,3.984909469963951,5.135185083865586,1,0,0,0,0,1,0,2,0,0,1,1,0,0,0,2,0,0,3,3,3,0.0,0,0,0,0,0,0.0,0,0,0,0,0,1,malicious,xolomayflwnfmy
xolomdabxhhrue,2,2,False,True,True,1,1,0,1,0.03333333333333333,0,1,0,0,False,0,0,False,0,0,False,1,0,30,0.03333333333333333,3.5526288058702757,3.7264741182543757,0,0,0,0,0,0,0,0,0,0,0,1,0,0,0,0,0,0,1,1,1,0.0,0,0,0,0,0,0.0,0,0,0,0,0,1,malicious,xolomdabxhhrue
xolommyjlqlhsw,2,0,False,False,False,0,3,2,3,0.0,0,0,0,2,False,0,1,False,0,0,False,1,0,29,0.034482758620689655,4.014555005626725,5.135185083865586,1,0,0,0,0,1,0,2,0,0,1,1,0,0,0,2,0,0,3,3,3,0.0,0,0,0,0,0,0.0,0,0,0,0,0,1,malicious,xolommyjlqlhsw
xolonjucebiwfa,3,1,True,False,False,1,4,0,3,0.027777777777777776,0,3,0,0,False,0,0,False,0,0,False,2,0,36,0.05555555555555555,3.657481802524667,3.9873261452560076,0,0,0,0,0,0,0,0,0,1,0,0,0,0,0,0,0,1,4,3,1,20.0,2,1,1,1,0,0.0,0,0,0,0,20,1,malicious,xolonjucebiwfa
xolookvryqetgd,2,1,False,True,False,1,2,0,2,0.03333333333333333,0,0,0,0,False,0,0,False,0,0,False,1,0,30,0.03333333333333333,3.648726451775604,4.021928094887363,0,0,0,0,0,0,0,0,0,0,1,0,0,0,0,1,0,0,2,2,1,0.0,0,0,0,0,0,0.0,0,0,0,0,0,1,malicious,xolookvryqetgd
xolopfydnuxyfh,3,1,True,False,False,1,4,0,3,0.027777777777777776,0,3,0,0,False,0,0,False,0,0,False,2,0,36,0.05555555555555555,3.5503389453818097,3.9873261452560076,0,0,0,0,0,0,0,0,0,1,0,0,0,0,0,0,0,1,4,3,1,20.0,2,1,1,1,0,0.0,0,0,0,0,20,1,malicious,xolopfydnuxyfh
xolopwjaansvnd,2,1,False,True,False,1,2,0,2,0.03333333333333333,0,0,0,0,False,0,0,False,0,0,False,1,0,30,0.03333333333333333,3.6264923000285227,4.021928094887363,0,0,0,0,0,0,0,0,0,0,1,0,0,0,0,1,0,0,2,2,1,0.0,0,0,0,0,0,0.0,0,0,0,0,0,1,malicious,xolopwjaansvnd
xoloqgavocbfcd,2,2,False,True,True,1,1,0,1,0.03333333333333333,0,1,0,0,False,0,0,False,0,0,False,1,0,30,0.03333333333333333,3.5256685379358665,3.7264741182543757,0,0,0,0,0,0,0,0,0,0,0,1,0,0,0,0,0,0,1,1,1,0.0,0,0,0,0,0,0.0,0,0,0,0,0,1,malicious,xoloqgavocbfcd
xoloqiyrnnqwll,2,0,False,False,False,1,3,0,3,0.03125,0,0,0,0,False,0,0,False,0,0,False,1,0,32,0.03125,3.1766922454452042,3.7264741182543757,0,0,0,0,0,0,0,0,0,0,0,0,0,0,0,0,0,0,3,3,2,0.0,0,0,0,0,1,0.4,0,0,0,0,20,1,malicious,xoloqiyrnnqwll
xoloqvqexetcqo,2,0,False,False,False,1,4,0,4,0.03225806451612903,0,0,0,0,False,0,0,False,0,0,False,2,1,31,0.06451612903225806,3.2844225557157425,3.7264741182543757,0,0,0,0,0,0,0,0,0,0,0,0,0,0,0,0,0,0,4,4,2,0.0,0,0,1,1,1,0.4,0,0,0,0,20,1,malicious,xoloqvqexetcqo
xoloqyrmkojrfm,2,0,False,False,False,1,3,0,3,0.03125,0,0,0,0,False,0,0,False,0,0,False,1,0,32,0.03125,3.2124065311594903,3.7264741182543757,0,0,0,0,0,0,0,0,0,0,0,0,0,0,0,0,0,0,3,3,2,0.0,0,0,0,0,1,0.4,0,0,0,0,20,1,malicious,xoloqyrmkojrfm
xolortpdcanegu,2,0,False,False,False,1,3,0,3,0.03125,0,0,0,0,False,0,0,False,0,0,False,1,0,32,0.03125,3.3330295222695523,3.7264741182543757,0,0,0,0,0,0,0,0,0,0,0,0,0,0,0,0,0,0,3,3,2,0.0,0,0,0,0,1,0.4,0,0,0,0,20,1,malicious,xolortpdcanegu
xolosbmgfnvgzi,2,0,False,False,False,1,3,0,3,0.03125,0,0,0,0,False,0,0,False,0,0,False,1,0,32,0.03125,3.2973152365552663,3.7264741182543757,0,0,0,0,0,0,0,0,0,0,0,0,0,0,0,0,0,0,3,3,2,0.0,0,0,0,0,1,0.4,0,0,0,0,20,1,malicious,xolosbmgfnvgzi
xolostfqwqiaxe,3,1,True,False,False,1,4,0,3,0.027777777777777776,0,3,0,0,False,0,0,False,0,0,False,2,0,36,0.05555555555555555,3.5860532310960953,3.9873261452560076,0,0,0,0,0,0,0,0,0,1,0,0,0,0,0,0,0,1,4,3,1,20.0,2,1,1,1,0,0.0,0,0,0,0,20,1,malicious,xolostfqwqiaxe
xolosybevwfsny,2,2,False,True,True,1,1,0,1,0.03333333333333333,0,1,0,0,False,0,0,False,0,0,False,1,0,30,0.03333333333333333,3.552628805870276,3.7264741182543757,0,0,0,0,0,0,0,0,0,0,0,1,0,0,0,0,0,0,1,1,1,0.0,0,0,0,0,0,0.0,0,0,0,0,0,1,malicious,xolosybevwfsny
xolotabiamysla,2,0,False,False,False,1,3,0,3,0.03125,0,0,0,0,False,0,0,False,0,0,False,1,0,32,0.03125,3.2124065311594903,3.7264741182543757,0,0,0,0,0,0,0,0,0,0,0,0,0,0,0,0,0,0,3,3,2,0.0,0,0,0,0,1,0.4,0,0,0,0,20,1,malicious,xolotabiamysla
xolotestomegone,2,1,False,True,False,1,2,0,2,0.03333333333333333,0,0,0,0,False,0,0,False,0,0,False,1,0,30,0.03333333333333333,3.512604283856384,4.021928094887363,0,0,0,0,0,0,0,0,0,0,1,0,0,0,0,1,0,0,2,2,1,0.0,0,0,0,0,0,0.0,0,0,0,0,0,1,malicious,xolotestomegone
xolotopgrabber,2,0,False,False,False,0,3,2,3,0.0,0,0,0,2,False,0,1,False,0,0,False,1,0,29,0.034482758620689655,4.014555005626725,5.135185083865586,1,0,0,0,0,1,0,2,0,0,1,1,0,0,0,2,0,0,3,3,3,0.0,0,0,0,0,0,0.0,0,0,0,0,0,1,malicious,xolotopgrabber
xolotxobrzatpu,2,1,True,False,False,1,2,0,2,0.03125,0,0,0,0,False,0,0,False,0,0,False,2,1,32,0.0625,3.201637111268357,3.7264741182543757,0,0,0,0,0,0,0,0,0,0,0,0,0,0,0,0,0,0,2,2,2,0.0,0,0,1,1,0,0.0,0,0,0,0,0,1,malicious,xolotxobrzatpu
xolouwdmgbgkvr,2,0,False,False,False,1,4,0,4,0.03225806451612903,0,0,0,0,False,0,0,False,0,0,False,2,1,31,0.06451612903225806,3.6240573772988474,3.7264741182543757,0,0,0,0,0,0,0,0,0,0,0,0,0,0,0,0,0,0,4,4,2,0.0,0,0,1,1,1,0.4,0,0,0,0,20,1,malicious,xolouwdmgbgkvr
xolovzgfkdamoj,2,2,False,True,True,1,1,0,1,0.03333333333333333,0,1,0,0,False,0,0,False,0,0,False,1,0,30,0.03333333333333333,3.597097109364438,3.7264741182543757,0,0,0,0,0,0,0,0,0,0,0,1,0,0,0,0,0,0,1,1,1,0.0,0,0,0,0,0,0.0,0,0,0,0,0,1,malicious,xolovzgfkdamoj
xolowgdmsxvuwm,2,2,False,True,True,1,1,0,1,0.03333333333333333,0,1,0,0,False,0,0,False,0,0,False,1,0,30,0.03333333333333333,3.4812002344417046,3.7264741182543757,0,0,0,0,0,0,0,0,0,0,0,1,0,0,0,0,0,0,1,1,1,0.0,0,0,0,0,0,0.0,0,0,0,0,0,1,malicious,xolowgdmsxvuwm
xoloxrxcxfywtm,2,1,False,True,False,1,2,0,2,0.03333333333333333,0,0,0,0,False,0,0,False,0,0,False,1,0,30,0.03333333333333333,3.555063728599951,4.021928094887363,0,0,0,0,0,0,0,0,0,0,1,0,0,0,0,1,0,0,2,2,1,0.0,0,0,0,0,0,0.0,0,0,0,0,0,1,malicious,xoloxrxcxfywtm
xoloxygjidhpoo,2,0,False,False,False,0,3,2,3,0.0,0,0,0,2,False,0,1,False,0,0,False,1,0,29,0.034482758620689655,3.984909469963951,5.135185083865586,1,0,0,0,0,1,0,2,0,0,1,1,0,0,0,2,0,0,3,3,3,0.0,0,0,0,0,0,0.0,0,0,0,0,0,1,malicious,xoloxygjidhpoo
xoloyfczocogra,2,0,False,False,False,0,3,2,3,0.0,0,0,0,2,False,0,1,False,0,0,False,1,0,29,0.034482758620689655,3.984909469963951,5.135185083865586,1,0,0,0,0,1,0,2,0,0,1,1,0,0,0,2,0,0,3,3,3,0.0,0,0,0,0,0,0.0,0,0,0,0,0,1,malicious,xoloyfczocogra
xoloytubfihhsa,2,0,False,False,False,1,4,0,4,0.03225806451612903,0,0,0,0,False,0,0,False,0,0,False,2,1,31,0.06451612903225806,3.6240573772988474,3.7264741182543757,0,0,0,0,0,0,0,0,0,0,0,0,0,0,0,0,0,0,4,4,2,0.0,0,0,1,1,1,0.4,0,0,0,0,20,1,malicious,xoloytubfihhsa
xolozamdgbxywf,3,1,True,False,False,1,4,0,3,0.027777777777777776,0,3,0,0,False,0,0,False,0,0,False,2,0,36,0.05555555555555555,3.6217675168103813,3.9873261452560076,0,0,0,0,0,0,0,0,0,1,0,0,0,0,0,0,0,1,4,3,1,20.0,2,1,1,1,0,0.0,0,0,0,0,20,1,malicious,xolozamdgbxywf
xolozpnyeyhirx,2,0,False,False,False,0,3,2,3,0.0,0,0,0,2,False,0,1,False,0,0,False,1,0,29,0.034482758620689655,4.080147565202046,5.135185083865586,1,0,0,0,0,1,0,2,0,0,1,1,0,0,0,2,0,0,3,3,3,0.0,0,0,0,0,0,0.0,0,0,0,0,0,1,malicious,xolozpnyeyhirx
xpip,2,1,False,True,False,1,2,0,2,0.03333333333333333,0,0,0,0,False,0,0,False,0,0,False,1,0,30,0.03333333333333333,3.709061902209305,4.021928094887363,0,0,0,0,0,0,0,0,0,0,1,0,0,0,0,1,0,0,2,2,1,0.0,0,0,0,0,0,0.0,0,0,0,0,0,1,malicious,xpip
xsetuptools,2,1,False,True,False,1,2,0,2,0.03333333333333333,0,0,0,0,False,0,0,False,0,0,False,1,0,30,0.03333333333333333,3.510290694952667,4.021928094887363,0,0,0,0,0,0,0,0,0,0,1,0,0,0,0,1,0,0,2,2,1,0.0,0,0,0,0,0,0.0,0,0,0,0,0,1,malicious,xsetuptools
xss,3,1,True,False,False,1,4,0,3,0.027777777777777776,0,3,0,0,False,0,0,False,0,0,False,2,0,36,0.05555555555555555,3.6551431436327353,3.9873261452560076,0,0,0,0,0,0,0,0,0,1,0,0,0,0,0,0,0,1,4,3,1,20.0,2,1,1,1,0,0.0,0,0,0,0,20,1,malicious,xss
xsxwriter,2,1,True,False,False,1,2,0,2,0.03125,0,0,0,0,False,0,0,False,0,0,False,2,1,32,0.0625,3.2081808767710718,3.7264741182543757,0,0,0,0,0,0,0,0,0,0,0,0,0,0,0,0,0,0,2,2,2,0.0,0,0,1,1,0,0.0,0,0,0,0,0,1,malicious,xsxwriter
xxlsxwriter,2,0,False,False,False,1,4,0,4,0.03225806451612903,0,0,0,0,False,0,0,False,0,0,False,2,1,31,0.06451612903225806,3.2859125274384064,3.7264741182543757,0,0,0,0,0,0,0,0,0,0,0,0,0,0,0,0,0,0,4,4,2,0.0,0,0,1,1,1,0.4,0,0,0,0,20,1,malicious,xxlsxwriter
yandex-map,2,0,False,False,False,1,3,0,3,0.03125,0,0,0,0,False,0,0,False,0,0,False,1,0,32,0.03125,3.197387101191277,3.7264741182543757,0,0,0,0,0,0,0,0,0,0,0,0,0,0,0,0,0,0,3,3,2,0.0,0,0,0,0,1,0.4,0,0,0,0,20,1,malicious,yandex-map
yandex-yt,2,0,False,False,False,0,3,2,3,0.0,0,0,0,2,False,0,1,False,0,0,False,1,0,29,0.034482758620689655,4.4308296010599815,5.135185083865586,1,0,0,0,0,1,0,2,0,0,1,1,0,0,0,2,0,0,3,3,3,0.0,0,0,0,0,0,0.0,0,0,0,0,0,1,malicious,yandex-yt
yaudio,3,1,True,False,False,1,4,0,3,0.027777777777777776,0,3,0,0,False,0,0,False,0,0,False,2,0,36,0.05555555555555555,3.6551431436327353,3.9873261452560076,0,0,0,0,0,0,0,0,0,1,0,0,0,0,0,0,0,1,4,3,1,20.0,2,1,1,1,0,0.0,0,0,0,0,20,1,malicious,yaudio
yautogui,2,1,True,False,False,1,2,0,2,0.03125,0,0,0,0,False,0,0,False,0,0,False,2,1,32,0.0625,3.2081808767710718,3.7264741182543757,0,0,0,0,0,0,0,0,0,0,0,0,0,0,0,0,0,0,2,2,2,0.0,0,0,1,1,0,0.0,0,0,0,0,0,1,malicious,yautogui
ycodestyle,2,1,True,False,False,1,2,0,2,0.03125,0,0,0,0,False,0,0,False,0,0,False,2,1,32,0.0625,3.1366176813001436,3.7264741182543757,0,0,0,0,0,0,0,0,0,0,0,0,0,0,0,0,0,0,2,2,2,0.0,0,0,1,1,0,0.0,0,0,0,0,0,1,malicious,ycodestyle
ycrypto,2,0,False,False,False,1,4,0,4,0.03225806451612903,0,0,0,0,False,0,0,False,0,0,False,2,1,31,0.06451612903225806,3.7264741182543757,3.7264741182543757,0,0,0,0,0,0,0,0,0,0,0,0,0,0,0,0,0,0,4,4,2,0.0,0,0,1,1,1,0.4,0,0,0,0,20,1,malicious,ycrypto
ycryptodome,2,0,False,False,False,1,3,0,3,0.03125,0,0,0,0,False,0,0,False,0,0,False,1,0,32,0.03125,3.1908538912196702,3.7264741182543757,0,0,0,0,0,0,0,0,0,0,0,0,0,0,0,0,0,0,3,3,2,0.0,0,0,0,0,1,0.4,0,0,0,0,20,1,malicious,ycryptodome
yessirmian,2,1,True,False,False,1,2,0,2,0.03125,0,0,0,0,False,0,0,False,0,0,False,2,1,32,0.0625,3.1366176813001436,3.7264741182543757,0,0,0,0,0,0,0,0,0,0,0,0,0,0,0,0,0,0,2,2,2,0.0,0,0,1,1,0,0.0,0,0,0,0,0,1,malicious,yessirmian
yffinance,2,0,False,False,False,0,3,2,3,0.0,0,0,0,2,False,0,1,False,0,0,False,1,0,29,0.034482758620689655,4.4308296010599815,5.135185083865586,1,0,0,0,0,1,0,2,0,0,1,1,0,0,0,2,0,0,3,3,3,0.0,0,0,0,0,0,0.0,0,0,0,0,0,1,malicious,yffinance
yfiance,2,0,False,False,False,1,3,0,3,0.03125,0,0,0,0,False,0,0,False,0,0,False,1,0,32,0.03125,3.222540103292582,3.7264741182543757,0,0,0,0,0,0,0,0,0,0,0,0,0,0,0,0,0,0,3,3,2,0.0,0,0,0,0,1,0.4,0,0,0,0,20,1,malicious,yfiance
yfiannce,2,0,False,False,False,1,4,0,4,0.03225806451612903,0,0,0,0,False,0,0,False,0,0,False,2,1,31,0.06451612903225806,3.7264741182543757,3.7264741182543757,0,0,0,0,0,0,0,0,0,0,0,0,0,0,0,0,0,0,4,4,2,0.0,0,0,1,1,1,0.4,0,0,0,0,20,1,malicious,yfiannce
yfiinance,2,1,False,True,False,1,2,0,2,0.03333333333333333,0,0,0,0,False,0,0,False,0,0,False,1,0,30,0.03333333333333333,3.709061902209305,4.021928094887363,0,0,0,0,0,0,0,0,0,0,1,0,0,0,0,1,0,0,2,2,1,0.0,0,0,0,0,0,0.0,0,0,0,0,0,1,malicious,yfiinance
yfinaance,3,1,True,False,False,1,4,0,3,0.027777777777777776,0,3,0,0,False,0,0,False,0,0,False,2,0,36,0.05555555555555555,3.6551431436327353,3.9873261452560076,0,0,0,0,0,0,0,0,0,1,0,0,0,0,0,0,0,1,4,3,1,20.0,2,1,1,1,0,0.0,0,0,0,0,20,1,malicious,yfinaance
yfinace,2,0,False,False,False,0,3,2,3,0.0,0,0,0,2,False,0,1,False,0,0,False,1,0,29,0.034482758620689655,4.4308296010599815,5.135185083865586,1,0,0,0,0,1,0,2,0,0,1,1,0,0,0,2,0,0,3,3,3,0.0,0,0,0,0,0,0.0,0,0,0,0,0,1,malicious,yfinace
yfinacne,2,0,False,False,False,0,3,2,3,0.0,0,0,0,2,False,0,1,False,0,0,False,1,0,29,0.034482758620689655,4.4308296010599815,5.135185083865586,1,0,0,0,0,1,0,2,0,0,1,1,0,0,0,2,0,0,3,3,3,0.0,0,0,0,0,0,0.0,0,0,0,0,0,1,malicious,yfinacne
yfinancce,2,2,False,True,True,1,1,0,1,0.03333333333333333,0,1,0,0,False,0,0,False,0,0,False,1,0,30,0.03333333333333333,3.7264741182543757,3.7264741182543757,0,0,0,0,0,0,0,0,0,0,0,1,0,0,0,0,0,0,1,1,1,0.0,0,0,0,0,0,0.0,0,0,0,0,0,1,malicious,yfinancce
yfinancee,2,0,False,False,False,0,3,2,3,0.0,0,0,0,2,False,0,1,False,0,0,False,1,0,29,0.034482758620689655,4.4308296010599815,5.135185083865586,1,0,0,0,0,1,0,2,0,0,1,1,0,0,0,2,0,0,3,3,3,0.0,0,0,0,0,0,0.0,0,0,0,0,0,1,malicious,yfinancee
yfinane,2,0,False,False,False,1,4,0,4,0.03225806451612903,0,0,0,0,False,0,0,False,0,0,False,2,1,31,0.06451612903225806,3.7264741182543757,3.7264741182543757,0,0,0,0,0,0,0,0,0,0,0,0,0,0,0,0,0,0,4,4,2,0.0,0,0,1,1,1,0.4,0,0,0,0,20,1,malicious,yfinane
yfinanec,3,1,True,False,False,1,4,0,3,0.027777777777777776,0,3,0,0,False,0,0,False,0,0,False,2,0,36,0.05555555555555555,3.6551431436327353,3.9873261452560076,0,0,0,0,0,0,0,0,0,1,0,0,0,0,0,0,0,1,4,3,1,20.0,2,1,1,1,0,0.0,0,0,0,0,20,1,malicious,yfinanec
yfinannce,2,0,False,False,False,1,3,0,3,0.03125,0,0,0,0,False,0,0,False,0,0,False,1,0,32,0.03125,3.222540103292582,3.7264741182543757,0,0,0,0,0,0,0,0,0,0,0,0,0,0,0,0,0,0,3,3,2,0.0,0,0,0,0,1,0.4,0,0,0,0,20,1,malicious,yfinannce
yfinnace,2,1,False,True,False,1,2,0,2,0.03333333333333333,0,0,0,0,False,0,0,False,0,0,False,1,0,30,0.03333333333333333,3.709061902209305,4.021928094887363,0,0,0,0,0,0,0,0,0,0,1,0,0,0,0,1,0,0,2,2,1,0.0,0,0,0,0,0,0.0,0,0,0,0,0,1,malicious,yfinnace
yfinnance,2,0,False,False,False,1,4,0,4,0.03225806451612903,0,0,0,0,False,0,0,False,0,0,False,2,1,31,0.06451612903225806,3.7264741182543757,3.7264741182543757,0,0,0,0,0,0,0,0,0,0,0,0,0,0,0,0,0,0,4,4,2,0.0,0,0,1,1,1,0.4,0,0,0,0,20,1,malicious,yfinnance
yfinnce,2,0,False,False,False,1,4,0,4,0.03225806451612903,0,0,0,0,False,0,0,False,0,0,False,2,1,31,0.06451612903225806,3.7264741182543757,3.7264741182543757,0,0,0,0,0,0,0,0,0,0,0,0,0,0,0,0,0,0,4,4,2,0.0,0,0,1,1,1,0.4,0,0,0,0,20,1,malicious,yfinnce
yfnance,2,2,False,True,True,1,1,0,1,0.03333333333333333,0,1,0,0,False,0,0,False,0,0,False,1,0,30,0.03333333333333333,3.7264741182543757,3.7264741182543757,0,0,0,0,0,0,0,0,0,0,0,1,0,0,0,0,0,0,1,1,1,0.0,0,0,0,0,0,0.0,0,0,0,0,0,1,malicious,yfnance
yfniance,2,0,False,False,False,1,4,0,4,0.03225806451612903,0,0,0,0,False,0,0,False,0,0,False,2,1,31,0.06451612903225806,3.7264741182543757,3.7264741182543757,0,0,0,0,0,0,0,0,0,0,0,0,0,0,0,0,0,0,4,4,2,0.0,0,0,1,1,1,0.4,0,0,0,0,20,1,malicious,yfniance
ygame,2,1,True,False,False,1,2,0,2,0.03125,0,0,0,0,False,0,0,False,0,0,False,2,1,32,0.0625,3.2081808767710718,3.7264741182543757,0,0,0,0,0,0,0,0,0,0,0,0,0,0,0,0,0,0,2,2,2,0.0,0,0,1,1,0,0.0,0,0,0,0,0,1,malicious,ygame
yiffparty,2,0,False,False,False,1,4,0,4,0.03225806451612903,0,0,0,0,False,0,0,False,0,0,False,2,1,31,0.06451612903225806,3.7264741182543757,3.7264741182543757,0,0,0,0,0,0,0,0,0,0,0,0,0,0,0,0,0,0,4,4,2,0.0,0,0,1,1,1,0.4,0,0,0,0,20,1,malicious,yiffparty
yinance,3,1,True,False,False,1,4,0,3,0.027777777777777776,0,3,0,0,False,0,0,False,0,0,False,2,0,36,0.05555555555555555,3.6551431436327353,3.9873261452560076,0,0,0,0,0,0,0,0,0,1,0,0,0,0,0,0,0,1,4,3,1,20.0,2,1,1,1,0,0.0,0,0,0,0,20,1,malicious,yinance
yinstaller,2,0,False,False,False,0,3,2,3,0.0,0,0,0,2,False,0,1,False,0,0,False,1,0,29,0.034482758620689655,3.994529099002442,5.135185083865586,1,0,0,0,0,1,0,2,0,0,1,1,0,0,0,2,0,0,3,3,3,0.0,0,0,0,0,0,0.0,0,0,0,0,0,1,malicious,yinstaller
ymongo,2,1,False,True,False,1,2,0,2,0.03333333333333333,0,0,0,0,False,0,0,False,0,0,False,1,0,30,0.03333333333333333,3.709061902209305,4.021928094887363,0,0,0,0,0,0,0,0,0,0,1,0,0,0,0,1,0,0,2,2,1,0.0,0,0,0,0,0,0.0,0,0,0,0,0,1,malicious,ymongo
yohewoasaw,2,0,False,False,False,0,3,2,3,0.0,0,0,0,2,False,0,1,False,0,0,False,1,0,29,0.034482758620689655,3.8611957656691085,5.135185083865586,1,0,0,0,0,1,0,2,0,0,1,1,0,0,0,2,0,0,3,3,3,0.0,0,0,0,0,0,0.0,0,0,0,0,0,1,malicious,yohewoasaw
youtube-new,2,0,False,False,False,0,3,2,3,0.0,0,0,0,2,False,0,1,False,0,0,False,1,0,29,0.034482758620689655,3.985818152373632,5.135185083865586,1,0,0,0,0,1,0,2,0,0,1,1,0,0,0,2,0,0,3,3,3,0.0,0,0,0,0,0,0.0,0,0,0,0,0,1,malicious,youtube-new
ypcodestyle,2,0,False,False,False,0,3,2,3,0.0,0,0,0,2,False,0,1,False,0,0,False,1,0,29,0.034482758620689655,3.985818152373632,5.135185083865586,1,0,0,0,0,1,0,2,0,0,1,1,0,0,0,2,0,0,3,3,3,0.0,0,0,0,0,0,0.0,0,0,0,0,0,1,malicious,ypcodestyle
ypinstaller,2,0,False,False,False,1,4,0,4,0.03225806451612903,0,0,0,0,False,0,0,False,0,0,False,2,1,31,0.06451612903225806,3.5020437775367457,3.7264741182543757,0,0,0,0,0,0,0,0,0,0,0,0,0,0,0,0,0,0,4,4,2,0.0,0,0,1,1,1,0.4,0,0,0,0,20,1,malicious,ypinstaller
ypthon-binance,2,0,False,False,False,1,3,0,3,0.03125,0,0,0,0,False,0,0,False,0,0,False,1,0,32,0.03125,3.283835102588062,3.7264741182543757,0,0,0,0,0,0,0,0,0,0,0,0,0,0,0,0,0,0,3,3,2,0.0,0,0,0,0,1,0.4,0,0,0,0,20,1,malicious,ypthon-binance
yptt,3,1,True,False,False,1,4,0,3,0.027777777777777776,0,3,0,0,False,0,0,False,0,0,False,2,0,36,0.05555555555555555,3.6551431436327353,3.9873261452560076,0,0,0,0,0,0,0,0,0,1,0,0,0,0,0,0,0,1,4,3,1,20.0,2,1,1,1,0,0.0,0,0,0,0,20,1,malicious,yptt
ysocks,2,2,False,True,True,1,1,0,1,0.03333333333333333,0,1,0,0,False,0,0,False,0,0,False,1,0,30,0.03333333333333333,3.7264741182543757,3.7264741182543757,0,0,0,0,0,0,0,0,0,0,0,1,0,0,0,0,0,0,1,1,1,0.0,0,0,0,0,0,0.0,0,0,0,0,0,1,malicious,ysocks
ython-binance,3,1,True,False,False,1,4,0,3,0.027777777777777776,0,3,0,0,False,0,0,False,0,0,False,2,0,36,0.05555555555555555,3.5750271429874503,3.9873261452560076,0,0,0,0,0,0,0,0,0,1,0,0,0,0,0,0,0,1,4,3,1,20.0,2,1,1,1,0,0.0,0,0,0,0,20,1,malicious,ython-binance
ytorch,2,0,False,False,False,1,4,0,4,0.03225806451612903,0,0,0,0,False,0,0,False,0,0,False,2,1,31,0.06451612903225806,3.7264741182543757,3.7264741182543757,0,0,0,0,0,0,0,0,0,0,0,0,0,0,0,0,0,0,4,4,2,0.0,0,0,1,1,1,0.4,0,0,0,0,20,1,malicious,ytorch
yuzo,2,1,True,False,False,1,2,0,2,0.03125,0,0,0,0,False,0,0,False,0,0,False,2,1,32,0.0625,3.2081808767710718,3.7264741182543757,0,0,0,0,0,0,0,0,0,0,0,0,0,0,0,0,0,0,2,2,2,0.0,0,0,1,1,0,0.0,0,0,0,0,0,1,malicious,yuzo
yvper,2,1,True,False,False,1,2,0,2,0.03125,0,0,0,0,False,0,0,False,0,0,False,2,1,32,0.0625,3.2081808767710718,3.7264741182543757,0,0,0,0,0,0,0,0,0,0,0,0,0,0,0,0,0,0,2,2,2,0.0,0,0,1,1,0,0.0,0,0,0,0,0,1,malicious,yvper
ywin32,2,0,False,False,False,1,4,0,4,0.03225806451612903,0,0,0,0,False,0,0,False,0,0,False,2,1,31,0.06451612903225806,3.7264741182543757,3.7264741182543757,0,0,0,0,0,0,0,0,0,0,0,0,0,0,0,0,0,0,4,4,2,0.0,0,0,1,1,1,0.4,0,0,0,0,20,1,malicious,ywin32
yyfinance,2,1,False,True,False,1,2,0,2,0.03333333333333333,0,0,0,0,False,0,0,False,0,0,False,1,0,30,0.03333333333333333,3.709061902209305,4.021928094887363,0,0,0,0,0,0,0,0,0,0,1,0,0,0,0,1,0,0,2,2,1,0.0,0,0,0,0,0,0.0,0,0,0,0,0,1,malicious,yyfinance
zenomenallib,2,1,True,False,False,1,2,0,2,0.03125,0,0,0,0,False,0,0,False,0,0,False,2,1,32,0.0625,3.1773762827585923,3.7264741182543757,0,0,0,0,0,0,0,0,0,0,0,0,0,0,0,0,0,0,2,2,2,0.0,0,0,1,1,0,0.0,0,0,0,0,0,1,malicious,zenomenallib
zhopaorlaaato,2,1,False,True,False,1,2,0,2,0.03333333333333333,0,0,0,0,False,0,0,False,0,0,False,1,0,30,0.03333333333333333,3.4616200580737235,4.021928094887363,0,0,0,0,0,0,0,0,0,0,1,0,0,0,0,1,0,0,2,2,1,0.0,0,0,0,0,0,0.0,0,0,0,0,0,1,malicious,zhopaorlaaato
zlibsrc,2,1,True,False,False,1,2,0,2,0.03125,0,0,0,0,False,0,0,False,0,0,False,2,1,32,0.0625,3.2081808767710718,3.7264741182543757,0,0,0,0,0,0,0,0,0,0,0,0,0,0,0,0,0,0,2,2,2,0.0,0,0,1,1,0,0.0,0,0,0,0,0,1,malicious,zlibsrc
zlibxjson,2,0,False,False,False,1,3,0,3,0.03125,0,0,0,0,False,0,0,False,0,0,False,1,0,32,0.03125,3.222540103292582,3.7264741182543757,0,0,0,0,0,0,0,0,0,0,0,0,0,0,0,0,0,0,3,3,2,0.0,0,0,0,0,1,0.4,0,0,0,0,20,1,malicious,zlibxjson
zproxy,2,2,False,True,True,1,1,0,1,0.03333333333333333,0,1,0,0,False,0,0,False,0,0,False,1,0,30,0.03333333333333333,3.7264741182543757,3.7264741182543757,0,0,0,0,0,0,0,0,0,0,0,1,0,0,0,0,0,0,1,1,1,0.0,0,0,0,0,0,0.0,0,0,0,0,0,1,malicious,zproxy
zproxy2,2,0,False,False,False,0,3,2,3,0.0,0,0,0,2,False,0,1,False,0,0,False,1,0,29,0.034482758620689655,4.4308296010599815,5.135185083865586,1,0,0,0,0,1,0,2,0,0,1,1,0,0,0,2,0,0,3,3,3,0.0,0,0,0,0,0,0.0,0,0,0,0,0,1,malicious,zproxy2
